utterance_id,group_id,column,sql_references_column,column_lexicalized,status
1_0,1,idcase,False,,NA
1_0,1,activity,True,True,lexicalized
1_0,1,resource,False,,NA
1_0,1,timestamp,False,,NA
1_0,1,cost,False,,NA
1_1,1,idcase,False,,NA
1_1,1,activity,True,True,lexicalized
1_1,1,resource,False,,NA
1_1,1,timestamp,False,,NA
1_1,1,cost,False,,NA
1_2,1,idcase,False,,NA
1_2,1,activity,True,True,lexicalized
1_2,1,resource,False,,NA
1_2,1,timestamp,False,,NA
1_2,1,cost,False,,NA
1_3,1,idcase,False,,NA
1_3,1,activity,True,True,lexicalized
1_3,1,resource,False,,NA
1_3,1,timestamp,False,,NA
1_3,1,cost,False,,NA
1_4,1,idcase,False,,NA
1_4,1,activity,True,True,lexicalized
1_4,1,resource,False,,NA
1_4,1,timestamp,False,,NA
1_4,1,cost,False,,NA
1_5,1,idcase,False,,NA
1_5,1,activity,True,True,lexicalized
1_5,1,resource,False,,NA
1_5,1,timestamp,False,,NA
1_5,1,cost,False,,NA
1_6,1,idcase,False,,NA
1_6,1,activity,True,True,lexicalized
1_6,1,resource,False,,NA
1_6,1,timestamp,False,,NA
1_6,1,cost,False,,NA
1_7,1,idcase,False,,NA
1_7,1,activity,True,True,lexicalized
1_7,1,resource,False,,NA
1_7,1,timestamp,False,,NA
1_7,1,cost,False,,NA
1_8,1,idcase,False,,NA
1_8,1,activity,True,True,lexicalized
1_8,1,resource,False,,NA
1_8,1,timestamp,False,,NA
1_8,1,cost,False,,NA
1_9,1,idcase,False,,NA
1_9,1,activity,True,True,lexicalized
1_9,1,resource,False,,NA
1_9,1,timestamp,False,,NA
1_9,1,cost,False,,NA
1_10,1,idcase,False,,NA
1_10,1,activity,True,False,not_lexicalized
1_10,1,resource,False,,NA
1_10,1,timestamp,False,,NA
1_10,1,cost,False,,NA
2_0,2,idcase,False,,NA
2_0,2,activity,True,True,lexicalized
2_0,2,resource,True,True,lexicalized
2_0,2,timestamp,False,,NA
2_0,2,cost,False,,NA
2_1,2,idcase,False,,NA
2_1,2,activity,True,True,lexicalized
2_1,2,resource,True,True,lexicalized
2_1,2,timestamp,False,,NA
2_1,2,cost,False,,NA
2_2,2,idcase,False,,NA
2_2,2,activity,True,True,lexicalized
2_2,2,resource,True,True,lexicalized
2_2,2,timestamp,False,,NA
2_2,2,cost,False,,NA
2_3,2,idcase,False,,NA
2_3,2,activity,True,True,lexicalized
2_3,2,resource,True,True,lexicalized
2_3,2,timestamp,False,,NA
2_3,2,cost,False,,NA
2_4,2,idcase,False,,NA
2_4,2,activity,True,True,lexicalized
2_4,2,resource,True,True,lexicalized
2_4,2,timestamp,False,,NA
2_4,2,cost,False,,NA
2_5,2,idcase,False,,NA
2_5,2,activity,True,True,lexicalized
2_5,2,resource,True,True,lexicalized
2_5,2,timestamp,False,,NA
2_5,2,cost,False,,NA
2_6,2,idcase,False,,NA
2_6,2,activity,True,True,lexicalized
2_6,2,resource,True,True,lexicalized
2_6,2,timestamp,False,,NA
2_6,2,cost,False,,NA
2_7,2,idcase,False,,NA
2_7,2,activity,True,True,lexicalized
2_7,2,resource,True,True,lexicalized
2_7,2,timestamp,False,,NA
2_7,2,cost,False,,NA
2_8,2,idcase,False,,NA
2_8,2,activity,True,True,lexicalized
2_8,2,resource,True,True,lexicalized
2_8,2,timestamp,False,,NA
2_8,2,cost,False,,NA
2_9,2,idcase,False,,NA
2_9,2,activity,True,False,not_lexicalized
2_9,2,resource,True,True,lexicalized
2_9,2,timestamp,False,,NA
2_9,2,cost,False,,NA
2_10,2,idcase,False,,NA
2_10,2,activity,True,True,lexicalized
2_10,2,resource,True,False,not_lexicalized
2_10,2,timestamp,False,,NA
2_10,2,cost,False,,NA
3_0,3,idcase,False,,NA
3_0,3,activity,False,,NA
3_0,3,resource,True,True,lexicalized
3_0,3,timestamp,False,,NA
3_0,3,cost,False,,NA
3_1,3,idcase,False,,NA
3_1,3,activity,False,,NA
3_1,3,resource,True,True,lexicalized
3_1,3,timestamp,False,,NA
3_1,3,cost,False,,NA
3_2,3,idcase,False,,NA
3_2,3,activity,False,,NA
3_2,3,resource,True,True,lexicalized
3_2,3,timestamp,False,,NA
3_2,3,cost,False,,NA
3_3,3,idcase,False,,NA
3_3,3,activity,False,,NA
3_3,3,resource,True,True,lexicalized
3_3,3,timestamp,False,,NA
3_3,3,cost,False,,NA
3_4,3,idcase,False,,NA
3_4,3,activity,False,,NA
3_4,3,resource,True,True,lexicalized
3_4,3,timestamp,False,,NA
3_4,3,cost,False,,NA
3_5,3,idcase,False,,NA
3_5,3,activity,False,,NA
3_5,3,resource,True,True,lexicalized
3_5,3,timestamp,False,,NA
3_5,3,cost,False,,NA
3_6,3,idcase,False,,NA
3_6,3,activity,False,,NA
3_6,3,resource,True,True,lexicalized
3_6,3,timestamp,False,,NA
3_6,3,cost,False,,NA
3_7,3,idcase,False,,NA
3_7,3,activity,False,,NA
3_7,3,resource,True,True,lexicalized
3_7,3,timestamp,False,,NA
3_7,3,cost,False,,NA
3_8,3,idcase,False,,NA
3_8,3,activity,False,,NA
3_8,3,resource,True,True,lexicalized
3_8,3,timestamp,False,,NA
3_8,3,cost,False,,NA
3_9,3,idcase,False,,NA
3_9,3,activity,False,,NA
3_9,3,resource,True,True,lexicalized
3_9,3,timestamp,False,,NA
3_9,3,cost,False,,NA
3_10,3,idcase,False,,NA
3_10,3,activity,False,,NA
3_10,3,resource,True,True,lexicalized
3_10,3,timestamp,False,,NA
3_10,3,cost,False,,NA
4_0,4,idcase,False,,NA
4_0,4,activity,False,,NA
4_0,4,resource,True,True,lexicalized
4_0,4,timestamp,False,,NA
4_0,4,cost,False,,NA
4_1,4,idcase,False,,NA
4_1,4,activity,False,,NA
4_1,4,resource,True,True,lexicalized
4_1,4,timestamp,False,,NA
4_1,4,cost,False,,NA
4_2,4,idcase,False,,NA
4_2,4,activity,False,,NA
4_2,4,resource,True,True,lexicalized
4_2,4,timestamp,False,,NA
4_2,4,cost,False,,NA
4_3,4,idcase,False,,NA
4_3,4,activity,False,,NA
4_3,4,resource,True,True,lexicalized
4_3,4,timestamp,False,,NA
4_3,4,cost,False,,NA
4_4,4,idcase,False,,NA
4_4,4,activity,False,,NA
4_4,4,resource,True,True,lexicalized
4_4,4,timestamp,False,,NA
4_4,4,cost,False,,NA
4_5,4,idcase,False,,NA
4_5,4,activity,False,,NA
4_5,4,resource,True,True,lexicalized
4_5,4,timestamp,False,,NA
4_5,4,cost,False,,NA
4_6,4,idcase,False,,NA
4_6,4,activity,False,,NA
4_6,4,resource,True,True,lexicalized
4_6,4,timestamp,False,,NA
4_6,4,cost,False,,NA
5_0,5,idcase,True,False,not_lexicalized
5_0,5,activity,False,,NA
5_0,5,resource,False,,NA
5_0,5,timestamp,True,False,not_lexicalized
5_0,5,cost,False,,NA
5_1,5,idcase,True,False,not_lexicalized
5_1,5,activity,False,,NA
5_1,5,resource,False,,NA
5_1,5,timestamp,True,False,not_lexicalized
5_1,5,cost,False,,NA
5_2,5,idcase,True,True,lexicalized
5_2,5,activity,False,,NA
5_2,5,resource,False,,NA
5_2,5,timestamp,True,False,not_lexicalized
5_2,5,cost,False,,NA
5_3,5,idcase,True,True,lexicalized
5_3,5,activity,False,,NA
5_3,5,resource,False,,NA
5_3,5,timestamp,True,False,not_lexicalized
5_3,5,cost,False,,NA
5_4,5,idcase,True,True,lexicalized
5_4,5,activity,False,,NA
5_4,5,resource,False,,NA
5_4,5,timestamp,True,False,not_lexicalized
5_4,5,cost,False,,NA
5_5,5,idcase,True,False,not_lexicalized
5_5,5,activity,False,,NA
5_5,5,resource,False,,NA
5_5,5,timestamp,True,False,not_lexicalized
5_5,5,cost,False,,NA
5_6,5,idcase,True,False,not_lexicalized
5_6,5,activity,False,,NA
5_6,5,resource,False,,NA
5_6,5,timestamp,True,False,not_lexicalized
5_6,5,cost,False,,NA
5_7,5,idcase,True,False,not_lexicalized
5_7,5,activity,False,,NA
5_7,5,resource,False,,NA
5_7,5,timestamp,True,False,not_lexicalized
5_7,5,cost,False,,NA
6_0,6,idcase,True,True,lexicalized
6_0,6,activity,True,True,lexicalized
6_0,6,resource,True,True,lexicalized
6_0,6,timestamp,False,,NA
6_0,6,cost,False,,NA
6_1,6,idcase,True,True,lexicalized
6_1,6,activity,True,True,lexicalized
6_1,6,resource,True,True,lexicalized
6_1,6,timestamp,False,,NA
6_1,6,cost,False,,NA
6_2,6,idcase,True,True,lexicalized
6_2,6,activity,True,True,lexicalized
6_2,6,resource,True,True,lexicalized
6_2,6,timestamp,False,,NA
6_2,6,cost,False,,NA
6_3,6,idcase,True,True,lexicalized
6_3,6,activity,True,True,lexicalized
6_3,6,resource,True,True,lexicalized
6_3,6,timestamp,False,,NA
6_3,6,cost,False,,NA
6_4,6,idcase,True,True,lexicalized
6_4,6,activity,True,True,lexicalized
6_4,6,resource,True,True,lexicalized
6_4,6,timestamp,False,,NA
6_4,6,cost,False,,NA
6_5,6,idcase,True,True,lexicalized
6_5,6,activity,True,True,lexicalized
6_5,6,resource,True,True,lexicalized
6_5,6,timestamp,False,,NA
6_5,6,cost,False,,NA
6_6,6,idcase,True,True,lexicalized
6_6,6,activity,True,True,lexicalized
6_6,6,resource,True,True,lexicalized
6_6,6,timestamp,False,,NA
6_6,6,cost,False,,NA
6_7,6,idcase,True,True,lexicalized
6_7,6,activity,True,True,lexicalized
6_7,6,resource,True,True,lexicalized
6_7,6,timestamp,False,,NA
6_7,6,cost,False,,NA
6_8,6,idcase,True,True,lexicalized
6_8,6,activity,True,True,lexicalized
6_8,6,resource,True,True,lexicalized
6_8,6,timestamp,False,,NA
6_8,6,cost,False,,NA
6_9,6,idcase,True,True,lexicalized
6_9,6,activity,True,True,lexicalized
6_9,6,resource,True,True,lexicalized
6_9,6,timestamp,False,,NA
6_9,6,cost,False,,NA
6_10,6,idcase,True,True,lexicalized
6_10,6,activity,True,True,lexicalized
6_10,6,resource,True,True,lexicalized
6_10,6,timestamp,False,,NA
6_10,6,cost,False,,NA
6_11,6,idcase,True,False,not_lexicalized
6_11,6,activity,True,False,not_lexicalized
6_11,6,resource,True,False,not_lexicalized
6_11,6,timestamp,False,,NA
6_11,6,cost,False,,NA
6_12,6,idcase,True,False,not_lexicalized
6_12,6,activity,True,False,not_lexicalized
6_12,6,resource,True,False,not_lexicalized
6_12,6,timestamp,False,,NA
6_12,6,cost,False,,NA
7_0,7,idcase,False,,NA
7_0,7,activity,False,,NA
7_0,7,resource,True,True,lexicalized
7_0,7,timestamp,False,,NA
7_0,7,cost,False,,NA
7_1,7,idcase,False,,NA
7_1,7,activity,False,,NA
7_1,7,resource,True,True,lexicalized
7_1,7,timestamp,False,,NA
7_1,7,cost,False,,NA
7_2,7,idcase,False,,NA
7_2,7,activity,False,,NA
7_2,7,resource,True,True,lexicalized
7_2,7,timestamp,False,,NA
7_2,7,cost,False,,NA
7_3,7,idcase,False,,NA
7_3,7,activity,False,,NA
7_3,7,resource,True,True,lexicalized
7_3,7,timestamp,False,,NA
7_3,7,cost,False,,NA
7_4,7,idcase,False,,NA
7_4,7,activity,False,,NA
7_4,7,resource,True,True,lexicalized
7_4,7,timestamp,False,,NA
7_4,7,cost,False,,NA
7_5,7,idcase,False,,NA
7_5,7,activity,False,,NA
7_5,7,resource,True,True,lexicalized
7_5,7,timestamp,False,,NA
7_5,7,cost,False,,NA
7_6,7,idcase,False,,NA
7_6,7,activity,False,,NA
7_6,7,resource,True,True,lexicalized
7_6,7,timestamp,False,,NA
7_6,7,cost,False,,NA
7_7,7,idcase,False,,NA
7_7,7,activity,False,,NA
7_7,7,resource,True,True,lexicalized
7_7,7,timestamp,False,,NA
7_7,7,cost,False,,NA
7_8,7,idcase,False,,NA
7_8,7,activity,False,,NA
7_8,7,resource,True,True,lexicalized
7_8,7,timestamp,False,,NA
7_8,7,cost,False,,NA
7_9,7,idcase,False,,NA
7_9,7,activity,False,,NA
7_9,7,resource,True,True,lexicalized
7_9,7,timestamp,False,,NA
7_9,7,cost,False,,NA
7_10,7,idcase,False,,NA
7_10,7,activity,False,,NA
7_10,7,resource,True,True,lexicalized
7_10,7,timestamp,False,,NA
7_10,7,cost,False,,NA
7_11,7,idcase,False,,NA
7_11,7,activity,False,,NA
7_11,7,resource,True,True,lexicalized
7_11,7,timestamp,False,,NA
7_11,7,cost,False,,NA
7_12,7,idcase,False,,NA
7_12,7,activity,False,,NA
7_12,7,resource,True,True,lexicalized
7_12,7,timestamp,False,,NA
7_12,7,cost,False,,NA
8_0,8,idcase,False,,NA
8_0,8,activity,False,,NA
8_0,8,resource,True,True,lexicalized
8_0,8,timestamp,False,,NA
8_0,8,cost,False,,NA
8_1,8,idcase,False,,NA
8_1,8,activity,False,,NA
8_1,8,resource,True,True,lexicalized
8_1,8,timestamp,False,,NA
8_1,8,cost,False,,NA
8_2,8,idcase,False,,NA
8_2,8,activity,False,,NA
8_2,8,resource,True,True,lexicalized
8_2,8,timestamp,False,,NA
8_2,8,cost,False,,NA
8_3,8,idcase,False,,NA
8_3,8,activity,False,,NA
8_3,8,resource,True,True,lexicalized
8_3,8,timestamp,False,,NA
8_3,8,cost,False,,NA
9_0,9,idcase,True,False,not_lexicalized
9_0,9,activity,False,,NA
9_0,9,resource,False,,NA
9_0,9,timestamp,False,,NA
9_0,9,cost,True,True,lexicalized
9_1,9,idcase,True,False,not_lexicalized
9_1,9,activity,False,,NA
9_1,9,resource,False,,NA
9_1,9,timestamp,False,,NA
9_1,9,cost,True,True,lexicalized
9_2,9,idcase,True,False,not_lexicalized
9_2,9,activity,False,,NA
9_2,9,resource,False,,NA
9_2,9,timestamp,False,,NA
9_2,9,cost,True,True,lexicalized
9_3,9,idcase,True,False,not_lexicalized
9_3,9,activity,False,,NA
9_3,9,resource,False,,NA
9_3,9,timestamp,False,,NA
9_3,9,cost,True,True,lexicalized
9_4,9,idcase,True,True,lexicalized
9_4,9,activity,False,,NA
9_4,9,resource,False,,NA
9_4,9,timestamp,False,,NA
9_4,9,cost,True,True,lexicalized
10_0,10,idcase,False,,NA
10_0,10,activity,False,,NA
10_0,10,resource,True,True,lexicalized
10_0,10,timestamp,False,,NA
10_0,10,cost,False,,NA
10_1,10,idcase,False,,NA
10_1,10,activity,False,,NA
10_1,10,resource,True,True,lexicalized
10_1,10,timestamp,False,,NA
10_1,10,cost,False,,NA
10_2,10,idcase,False,,NA
10_2,10,activity,False,,NA
10_2,10,resource,True,True,lexicalized
10_2,10,timestamp,False,,NA
10_2,10,cost,False,,NA
10_3,10,idcase,False,,NA
10_3,10,activity,False,,NA
10_3,10,resource,True,True,lexicalized
10_3,10,timestamp,False,,NA
10_3,10,cost,False,,NA
10_4,10,idcase,False,,NA
10_4,10,activity,False,,NA
10_4,10,resource,True,True,lexicalized
10_4,10,timestamp,False,,NA
10_4,10,cost,False,,NA
10_5,10,idcase,False,,NA
10_5,10,activity,False,,NA
10_5,10,resource,True,True,lexicalized
10_5,10,timestamp,False,,NA
10_5,10,cost,False,,NA
10_6,10,idcase,False,,NA
10_6,10,activity,False,,NA
10_6,10,resource,True,True,lexicalized
10_6,10,timestamp,False,,NA
10_6,10,cost,False,,NA
10_7,10,idcase,False,,NA
10_7,10,activity,False,,NA
10_7,10,resource,True,True,lexicalized
10_7,10,timestamp,False,,NA
10_7,10,cost,False,,NA
10_8,10,idcase,False,,NA
10_8,10,activity,False,,NA
10_8,10,resource,True,True,lexicalized
10_8,10,timestamp,False,,NA
10_8,10,cost,False,,NA
10_9,10,idcase,False,,NA
10_9,10,activity,False,,NA
10_9,10,resource,True,True,lexicalized
10_9,10,timestamp,False,,NA
10_9,10,cost,False,,NA
10_10,10,idcase,False,,NA
10_10,10,activity,False,,NA
10_10,10,resource,True,True,lexicalized
10_10,10,timestamp,False,,NA
10_10,10,cost,False,,NA
11_0,11,idcase,False,,NA
11_0,11,activity,False,,NA
11_0,11,resource,True,True,lexicalized
11_0,11,timestamp,False,,NA
11_0,11,cost,False,,NA
11_1,11,idcase,False,,NA
11_1,11,activity,False,,NA
11_1,11,resource,True,True,lexicalized
11_1,11,timestamp,False,,NA
11_1,11,cost,False,,NA
11_2,11,idcase,False,,NA
11_2,11,activity,False,,NA
11_2,11,resource,True,True,lexicalized
11_2,11,timestamp,False,,NA
11_2,11,cost,False,,NA
11_3,11,idcase,False,,NA
11_3,11,activity,False,,NA
11_3,11,resource,True,True,lexicalized
11_3,11,timestamp,False,,NA
11_3,11,cost,False,,NA
11_4,11,idcase,False,,NA
11_4,11,activity,False,,NA
11_4,11,resource,True,True,lexicalized
11_4,11,timestamp,False,,NA
11_4,11,cost,False,,NA
11_5,11,idcase,False,,NA
11_5,11,activity,False,,NA
11_5,11,resource,True,True,lexicalized
11_5,11,timestamp,False,,NA
11_5,11,cost,False,,NA
11_6,11,idcase,False,,NA
11_6,11,activity,False,,NA
11_6,11,resource,True,True,lexicalized
11_6,11,timestamp,False,,NA
11_6,11,cost,False,,NA
11_7,11,idcase,False,,NA
11_7,11,activity,False,,NA
11_7,11,resource,True,True,lexicalized
11_7,11,timestamp,False,,NA
11_7,11,cost,False,,NA
12_0,12,idcase,False,,NA
12_0,12,activity,False,,NA
12_0,12,resource,True,True,lexicalized
12_0,12,timestamp,False,,NA
12_0,12,cost,False,,NA
12_1,12,idcase,False,,NA
12_1,12,activity,False,,NA
12_1,12,resource,True,True,lexicalized
12_1,12,timestamp,False,,NA
12_1,12,cost,False,,NA
12_2,12,idcase,False,,NA
12_2,12,activity,False,,NA
12_2,12,resource,True,True,lexicalized
12_2,12,timestamp,False,,NA
12_2,12,cost,False,,NA
12_3,12,idcase,False,,NA
12_3,12,activity,False,,NA
12_3,12,resource,True,True,lexicalized
12_3,12,timestamp,False,,NA
12_3,12,cost,False,,NA
12_4,12,idcase,False,,NA
12_4,12,activity,False,,NA
12_4,12,resource,True,True,lexicalized
12_4,12,timestamp,False,,NA
12_4,12,cost,False,,NA
12_5,12,idcase,False,,NA
12_5,12,activity,False,,NA
12_5,12,resource,True,True,lexicalized
12_5,12,timestamp,False,,NA
12_5,12,cost,False,,NA
13_0,13,idcase,False,,NA
13_0,13,activity,False,,NA
13_0,13,resource,False,,NA
13_0,13,timestamp,False,,NA
13_0,13,cost,True,True,lexicalized
13_1,13,idcase,False,,NA
13_1,13,activity,False,,NA
13_1,13,resource,False,,NA
13_1,13,timestamp,False,,NA
13_1,13,cost,True,True,lexicalized
13_2,13,idcase,False,,NA
13_2,13,activity,False,,NA
13_2,13,resource,False,,NA
13_2,13,timestamp,False,,NA
13_2,13,cost,True,True,lexicalized
13_3,13,idcase,False,,NA
13_3,13,activity,False,,NA
13_3,13,resource,False,,NA
13_3,13,timestamp,False,,NA
13_3,13,cost,True,True,lexicalized
13_4,13,idcase,False,,NA
13_4,13,activity,False,,NA
13_4,13,resource,False,,NA
13_4,13,timestamp,False,,NA
13_4,13,cost,True,True,lexicalized
13_5,13,idcase,False,,NA
13_5,13,activity,False,,NA
13_5,13,resource,False,,NA
13_5,13,timestamp,False,,NA
13_5,13,cost,True,True,lexicalized
13_6,13,idcase,False,,NA
13_6,13,activity,False,,NA
13_6,13,resource,False,,NA
13_6,13,timestamp,False,,NA
13_6,13,cost,True,True,lexicalized
13_7,13,idcase,False,,NA
13_7,13,activity,False,,NA
13_7,13,resource,False,,NA
13_7,13,timestamp,False,,NA
13_7,13,cost,True,True,lexicalized
13_8,13,idcase,False,,NA
13_8,13,activity,False,,NA
13_8,13,resource,False,,NA
13_8,13,timestamp,False,,NA
13_8,13,cost,True,True,lexicalized
13_9,13,idcase,False,,NA
13_9,13,activity,False,,NA
13_9,13,resource,False,,NA
13_9,13,timestamp,False,,NA
13_9,13,cost,True,True,lexicalized
14_0,14,idcase,False,,NA
14_0,14,activity,True,True,lexicalized
14_0,14,resource,False,,NA
14_0,14,timestamp,False,,NA
14_0,14,cost,False,,NA
14_1,14,idcase,False,,NA
14_1,14,activity,True,True,lexicalized
14_1,14,resource,False,,NA
14_1,14,timestamp,False,,NA
14_1,14,cost,False,,NA
14_2,14,idcase,False,,NA
14_2,14,activity,True,True,lexicalized
14_2,14,resource,False,,NA
14_2,14,timestamp,False,,NA
14_2,14,cost,False,,NA
14_3,14,idcase,False,,NA
14_3,14,activity,True,True,lexicalized
14_3,14,resource,False,,NA
14_3,14,timestamp,False,,NA
14_3,14,cost,False,,NA
14_4,14,idcase,False,,NA
14_4,14,activity,True,False,not_lexicalized
14_4,14,resource,False,,NA
14_4,14,timestamp,False,,NA
14_4,14,cost,False,,NA
15_0,15,idcase,False,,NA
15_0,15,activity,True,True,lexicalized
15_0,15,resource,False,,NA
15_0,15,timestamp,False,,NA
15_0,15,cost,False,,NA
15_1,15,idcase,False,,NA
15_1,15,activity,True,True,lexicalized
15_1,15,resource,False,,NA
15_1,15,timestamp,False,,NA
15_1,15,cost,False,,NA
15_2,15,idcase,False,,NA
15_2,15,activity,True,True,lexicalized
15_2,15,resource,False,,NA
15_2,15,timestamp,False,,NA
15_2,15,cost,False,,NA
15_3,15,idcase,False,,NA
15_3,15,activity,True,True,lexicalized
15_3,15,resource,False,,NA
15_3,15,timestamp,False,,NA
15_3,15,cost,False,,NA
15_4,15,idcase,False,,NA
15_4,15,activity,True,True,lexicalized
15_4,15,resource,False,,NA
15_4,15,timestamp,False,,NA
15_4,15,cost,False,,NA
16_0,16,idcase,False,,NA
16_0,16,activity,True,True,lexicalized
16_0,16,resource,False,,NA
16_0,16,timestamp,False,,NA
16_0,16,cost,False,,NA
16_1,16,idcase,False,,NA
16_1,16,activity,True,True,lexicalized
16_1,16,resource,False,,NA
16_1,16,timestamp,False,,NA
16_1,16,cost,False,,NA
16_2,16,idcase,False,,NA
16_2,16,activity,True,True,lexicalized
16_2,16,resource,False,,NA
16_2,16,timestamp,False,,NA
16_2,16,cost,False,,NA
16_3,16,idcase,False,,NA
16_3,16,activity,True,True,lexicalized
16_3,16,resource,False,,NA
16_3,16,timestamp,False,,NA
16_3,16,cost,False,,NA
17_0,17,idcase,False,,NA
17_0,17,activity,False,,NA
17_0,17,resource,False,,NA
17_0,17,timestamp,True,True,lexicalized
17_0,17,cost,False,,NA
17_1,17,idcase,False,,NA
17_1,17,activity,False,,NA
17_1,17,resource,False,,NA
17_1,17,timestamp,True,True,lexicalized
17_1,17,cost,False,,NA
17_2,17,idcase,False,,NA
17_2,17,activity,False,,NA
17_2,17,resource,False,,NA
17_2,17,timestamp,True,True,lexicalized
17_2,17,cost,False,,NA
17_3,17,idcase,False,,NA
17_3,17,activity,False,,NA
17_3,17,resource,False,,NA
17_3,17,timestamp,True,True,lexicalized
17_3,17,cost,False,,NA
17_4,17,idcase,False,,NA
17_4,17,activity,False,,NA
17_4,17,resource,False,,NA
17_4,17,timestamp,True,False,not_lexicalized
17_4,17,cost,False,,NA
17_5,17,idcase,False,,NA
17_5,17,activity,False,,NA
17_5,17,resource,False,,NA
17_5,17,timestamp,True,False,not_lexicalized
17_5,17,cost,False,,NA
17_6,17,idcase,False,,NA
17_6,17,activity,False,,NA
17_6,17,resource,False,,NA
17_6,17,timestamp,True,False,not_lexicalized
17_6,17,cost,False,,NA
17_7,17,idcase,False,,NA
17_7,17,activity,False,,NA
17_7,17,resource,False,,NA
17_7,17,timestamp,True,True,lexicalized
17_7,17,cost,False,,NA
17_8,17,idcase,False,,NA
17_8,17,activity,False,,NA
17_8,17,resource,False,,NA
17_8,17,timestamp,True,True,lexicalized
17_8,17,cost,False,,NA
17_9,17,idcase,False,,NA
17_9,17,activity,False,,NA
17_9,17,resource,False,,NA
17_9,17,timestamp,True,False,not_lexicalized
17_9,17,cost,False,,NA
17_10,17,idcase,False,,NA
17_10,17,activity,False,,NA
17_10,17,resource,False,,NA
17_10,17,timestamp,True,True,lexicalized
17_10,17,cost,False,,NA
17_11,17,idcase,False,,NA
17_11,17,activity,False,,NA
17_11,17,resource,False,,NA
17_11,17,timestamp,True,True,lexicalized
17_11,17,cost,False,,NA
17_12,17,idcase,False,,NA
17_12,17,activity,False,,NA
17_12,17,resource,False,,NA
17_12,17,timestamp,True,True,lexicalized
17_12,17,cost,False,,NA
17_13,17,idcase,False,,NA
17_13,17,activity,False,,NA
17_13,17,resource,False,,NA
17_13,17,timestamp,True,True,lexicalized
17_13,17,cost,False,,NA
17_14,17,idcase,False,,NA
17_14,17,activity,False,,NA
17_14,17,resource,False,,NA
17_14,17,timestamp,True,True,lexicalized
17_14,17,cost,False,,NA
18_0,18,idcase,True,False,not_lexicalized
18_0,18,activity,False,,NA
18_0,18,resource,False,,NA
18_0,18,timestamp,False,,NA
18_0,18,cost,False,,NA
18_1,18,idcase,True,False,not_lexicalized
18_1,18,activity,False,,NA
18_1,18,resource,False,,NA
18_1,18,timestamp,False,,NA
18_1,18,cost,False,,NA
18_2,18,idcase,True,False,not_lexicalized
18_2,18,activity,False,,NA
18_2,18,resource,False,,NA
18_2,18,timestamp,False,,NA
18_2,18,cost,False,,NA
18_3,18,idcase,True,False,not_lexicalized
18_3,18,activity,False,,NA
18_3,18,resource,False,,NA
18_3,18,timestamp,False,,NA
18_3,18,cost,False,,NA
18_4,18,idcase,True,False,not_lexicalized
18_4,18,activity,False,,NA
18_4,18,resource,False,,NA
18_4,18,timestamp,False,,NA
18_4,18,cost,False,,NA
18_5,18,idcase,True,False,not_lexicalized
18_5,18,activity,False,,NA
18_5,18,resource,False,,NA
18_5,18,timestamp,False,,NA
18_5,18,cost,False,,NA
18_6,18,idcase,True,False,not_lexicalized
18_6,18,activity,False,,NA
18_6,18,resource,False,,NA
18_6,18,timestamp,False,,NA
18_6,18,cost,False,,NA
19_0,19,idcase,True,False,not_lexicalized
19_0,19,activity,False,,NA
19_0,19,resource,True,True,lexicalized
19_0,19,timestamp,False,,NA
19_0,19,cost,False,,NA
19_1,19,idcase,True,False,not_lexicalized
19_1,19,activity,False,,NA
19_1,19,resource,True,True,lexicalized
19_1,19,timestamp,False,,NA
19_1,19,cost,False,,NA
19_2,19,idcase,True,False,not_lexicalized
19_2,19,activity,False,,NA
19_2,19,resource,True,True,lexicalized
19_2,19,timestamp,False,,NA
19_2,19,cost,False,,NA
19_3,19,idcase,True,False,not_lexicalized
19_3,19,activity,False,,NA
19_3,19,resource,True,True,lexicalized
19_3,19,timestamp,False,,NA
19_3,19,cost,False,,NA
19_4,19,idcase,True,False,not_lexicalized
19_4,19,activity,False,,NA
19_4,19,resource,True,True,lexicalized
19_4,19,timestamp,False,,NA
19_4,19,cost,False,,NA
20_0,20,idcase,False,,NA
20_0,20,activity,False,,NA
20_0,20,resource,True,True,lexicalized
20_0,20,timestamp,False,,NA
20_0,20,cost,False,,NA
20_1,20,idcase,False,,NA
20_1,20,activity,False,,NA
20_1,20,resource,True,True,lexicalized
20_1,20,timestamp,False,,NA
20_1,20,cost,False,,NA
20_2,20,idcase,False,,NA
20_2,20,activity,False,,NA
20_2,20,resource,True,True,lexicalized
20_2,20,timestamp,False,,NA
20_2,20,cost,False,,NA
20_3,20,idcase,False,,NA
20_3,20,activity,False,,NA
20_3,20,resource,True,True,lexicalized
20_3,20,timestamp,False,,NA
20_3,20,cost,False,,NA
20_4,20,idcase,False,,NA
20_4,20,activity,False,,NA
20_4,20,resource,True,True,lexicalized
20_4,20,timestamp,False,,NA
20_4,20,cost,False,,NA
21_0,21,idcase,False,,NA
21_0,21,activity,True,True,lexicalized
21_0,21,resource,True,True,lexicalized
21_0,21,timestamp,True,True,lexicalized
21_0,21,cost,False,,NA
21_1,21,idcase,False,,NA
21_1,21,activity,True,True,lexicalized
21_1,21,resource,True,True,lexicalized
21_1,21,timestamp,True,True,lexicalized
21_1,21,cost,False,,NA
21_2,21,idcase,False,,NA
21_2,21,activity,True,True,lexicalized
21_2,21,resource,True,True,lexicalized
21_2,21,timestamp,True,True,lexicalized
21_2,21,cost,False,,NA
21_3,21,idcase,False,,NA
21_3,21,activity,True,True,lexicalized
21_3,21,resource,True,True,lexicalized
21_3,21,timestamp,True,False,not_lexicalized
21_3,21,cost,False,,NA
21_4,21,idcase,False,,NA
21_4,21,activity,True,True,lexicalized
21_4,21,resource,True,True,lexicalized
21_4,21,timestamp,True,False,not_lexicalized
21_4,21,cost,False,,NA
21_5,21,idcase,False,,NA
21_5,21,activity,True,True,lexicalized
21_5,21,resource,True,True,lexicalized
21_5,21,timestamp,True,False,not_lexicalized
21_5,21,cost,False,,NA
21_6,21,idcase,False,,NA
21_6,21,activity,True,True,lexicalized
21_6,21,resource,True,True,lexicalized
21_6,21,timestamp,True,False,not_lexicalized
21_6,21,cost,False,,NA
21_7,21,idcase,False,,NA
21_7,21,activity,True,False,not_lexicalized
21_7,21,resource,True,True,lexicalized
21_7,21,timestamp,True,False,not_lexicalized
21_7,21,cost,False,,NA
21_8,21,idcase,False,,NA
21_8,21,activity,True,True,lexicalized
21_8,21,resource,True,True,lexicalized
21_8,21,timestamp,True,False,not_lexicalized
21_8,21,cost,False,,NA
22_0,22,idcase,False,,NA
22_0,22,activity,True,True,lexicalized
22_0,22,resource,True,True,lexicalized
22_0,22,timestamp,False,,NA
22_0,22,cost,False,,NA
22_1,22,idcase,False,,NA
22_1,22,activity,True,True,lexicalized
22_1,22,resource,True,True,lexicalized
22_1,22,timestamp,False,,NA
22_1,22,cost,False,,NA
22_2,22,idcase,False,,NA
22_2,22,activity,True,True,lexicalized
22_2,22,resource,True,True,lexicalized
22_2,22,timestamp,False,,NA
22_2,22,cost,False,,NA
22_3,22,idcase,False,,NA
22_3,22,activity,True,True,lexicalized
22_3,22,resource,True,True,lexicalized
22_3,22,timestamp,False,,NA
22_3,22,cost,False,,NA
22_4,22,idcase,False,,NA
22_4,22,activity,True,True,lexicalized
22_4,22,resource,True,True,lexicalized
22_4,22,timestamp,False,,NA
22_4,22,cost,False,,NA
22_5,22,idcase,False,,NA
22_5,22,activity,True,True,lexicalized
22_5,22,resource,True,True,lexicalized
22_5,22,timestamp,False,,NA
22_5,22,cost,False,,NA
22_6,22,idcase,False,,NA
22_6,22,activity,True,True,lexicalized
22_6,22,resource,True,True,lexicalized
22_6,22,timestamp,False,,NA
22_6,22,cost,False,,NA
22_7,22,idcase,False,,NA
22_7,22,activity,True,True,lexicalized
22_7,22,resource,True,True,lexicalized
22_7,22,timestamp,False,,NA
22_7,22,cost,False,,NA
22_8,22,idcase,False,,NA
22_8,22,activity,True,True,lexicalized
22_8,22,resource,True,True,lexicalized
22_8,22,timestamp,False,,NA
22_8,22,cost,False,,NA
22_9,22,idcase,False,,NA
22_9,22,activity,True,True,lexicalized
22_9,22,resource,True,True,lexicalized
22_9,22,timestamp,False,,NA
22_9,22,cost,False,,NA
22_10,22,idcase,False,,NA
22_10,22,activity,True,False,not_lexicalized
22_10,22,resource,True,True,lexicalized
22_10,22,timestamp,False,,NA
22_10,22,cost,False,,NA
23_0,23,idcase,True,False,not_lexicalized
23_0,23,activity,False,,NA
23_0,23,resource,False,,NA
23_0,23,timestamp,False,,NA
23_0,23,cost,False,,NA
23_1,23,idcase,True,False,not_lexicalized
23_1,23,activity,False,,NA
23_1,23,resource,False,,NA
23_1,23,timestamp,False,,NA
23_1,23,cost,False,,NA
23_2,23,idcase,True,False,not_lexicalized
23_2,23,activity,False,,NA
23_2,23,resource,False,,NA
23_2,23,timestamp,False,,NA
23_2,23,cost,False,,NA
23_3,23,idcase,True,False,not_lexicalized
23_3,23,activity,False,,NA
23_3,23,resource,False,,NA
23_3,23,timestamp,False,,NA
23_3,23,cost,False,,NA
23_4,23,idcase,True,True,lexicalized
23_4,23,activity,False,,NA
23_4,23,resource,False,,NA
23_4,23,timestamp,False,,NA
23_4,23,cost,False,,NA
23_5,23,idcase,True,True,lexicalized
23_5,23,activity,False,,NA
23_5,23,resource,False,,NA
23_5,23,timestamp,False,,NA
23_5,23,cost,False,,NA
23_6,23,idcase,True,True,lexicalized
23_6,23,activity,False,,NA
23_6,23,resource,False,,NA
23_6,23,timestamp,False,,NA
23_6,23,cost,False,,NA
23_7,23,idcase,True,True,lexicalized
23_7,23,activity,False,,NA
23_7,23,resource,False,,NA
23_7,23,timestamp,False,,NA
23_7,23,cost,False,,NA
23_8,23,idcase,True,False,not_lexicalized
23_8,23,activity,False,,NA
23_8,23,resource,False,,NA
23_8,23,timestamp,False,,NA
23_8,23,cost,False,,NA
24_0,24,idcase,True,False,not_lexicalized
24_0,24,activity,False,,NA
24_0,24,resource,False,,NA
24_0,24,timestamp,False,,NA
24_0,24,cost,False,,NA
24_1,24,idcase,True,False,not_lexicalized
24_1,24,activity,False,,NA
24_1,24,resource,False,,NA
24_1,24,timestamp,False,,NA
24_1,24,cost,False,,NA
24_2,24,idcase,True,False,not_lexicalized
24_2,24,activity,False,,NA
24_2,24,resource,False,,NA
24_2,24,timestamp,False,,NA
24_2,24,cost,False,,NA
24_3,24,idcase,True,False,not_lexicalized
24_3,24,activity,False,,NA
24_3,24,resource,False,,NA
24_3,24,timestamp,False,,NA
24_3,24,cost,False,,NA
24_4,24,idcase,True,False,not_lexicalized
24_4,24,activity,False,,NA
24_4,24,resource,False,,NA
24_4,24,timestamp,False,,NA
24_4,24,cost,False,,NA
24_5,24,idcase,True,False,not_lexicalized
24_5,24,activity,False,,NA
24_5,24,resource,False,,NA
24_5,24,timestamp,False,,NA
24_5,24,cost,False,,NA
24_6,24,idcase,True,False,not_lexicalized
24_6,24,activity,False,,NA
24_6,24,resource,False,,NA
24_6,24,timestamp,False,,NA
24_6,24,cost,False,,NA
25_0,25,idcase,True,False,not_lexicalized
25_0,25,activity,True,True,lexicalized
25_0,25,resource,True,True,lexicalized
25_0,25,timestamp,False,,NA
25_0,25,cost,False,,NA
25_1,25,idcase,True,False,not_lexicalized
25_1,25,activity,True,True,lexicalized
25_1,25,resource,True,True,lexicalized
25_1,25,timestamp,False,,NA
25_1,25,cost,False,,NA
25_2,25,idcase,True,False,not_lexicalized
25_2,25,activity,True,True,lexicalized
25_2,25,resource,True,True,lexicalized
25_2,25,timestamp,False,,NA
25_2,25,cost,False,,NA
25_3,25,idcase,True,False,not_lexicalized
25_3,25,activity,True,True,lexicalized
25_3,25,resource,True,True,lexicalized
25_3,25,timestamp,False,,NA
25_3,25,cost,False,,NA
25_4,25,idcase,True,False,not_lexicalized
25_4,25,activity,True,True,lexicalized
25_4,25,resource,True,True,lexicalized
25_4,25,timestamp,False,,NA
25_4,25,cost,False,,NA
25_5,25,idcase,True,False,not_lexicalized
25_5,25,activity,True,False,not_lexicalized
25_5,25,resource,True,True,lexicalized
25_5,25,timestamp,False,,NA
25_5,25,cost,False,,NA
26_0,26,idcase,True,True,lexicalized
26_0,26,activity,False,,NA
26_0,26,resource,False,,NA
26_0,26,timestamp,True,False,not_lexicalized
26_0,26,cost,False,,NA
26_1,26,idcase,True,True,lexicalized
26_1,26,activity,False,,NA
26_1,26,resource,False,,NA
26_1,26,timestamp,True,False,not_lexicalized
26_1,26,cost,False,,NA
26_2,26,idcase,True,True,lexicalized
26_2,26,activity,False,,NA
26_2,26,resource,False,,NA
26_2,26,timestamp,True,False,not_lexicalized
26_2,26,cost,False,,NA
26_3,26,idcase,True,True,lexicalized
26_3,26,activity,False,,NA
26_3,26,resource,False,,NA
26_3,26,timestamp,True,False,not_lexicalized
26_3,26,cost,False,,NA
26_4,26,idcase,True,True,lexicalized
26_4,26,activity,False,,NA
26_4,26,resource,False,,NA
26_4,26,timestamp,True,False,not_lexicalized
26_4,26,cost,False,,NA
27_0,27,idcase,True,False,not_lexicalized
27_0,27,activity,False,,NA
27_0,27,resource,True,True,lexicalized
27_0,27,timestamp,True,True,lexicalized
27_0,27,cost,False,,NA
27_1,27,idcase,True,False,not_lexicalized
27_1,27,activity,False,,NA
27_1,27,resource,True,True,lexicalized
27_1,27,timestamp,True,True,lexicalized
27_1,27,cost,False,,NA
27_2,27,idcase,True,False,not_lexicalized
27_2,27,activity,False,,NA
27_2,27,resource,True,True,lexicalized
27_2,27,timestamp,True,True,lexicalized
27_2,27,cost,False,,NA
27_3,27,idcase,True,False,not_lexicalized
27_3,27,activity,False,,NA
27_3,27,resource,True,True,lexicalized
27_3,27,timestamp,True,True,lexicalized
27_3,27,cost,False,,NA
27_4,27,idcase,True,False,not_lexicalized
27_4,27,activity,False,,NA
27_4,27,resource,True,True,lexicalized
27_4,27,timestamp,True,True,lexicalized
27_4,27,cost,False,,NA
27_5,27,idcase,True,False,not_lexicalized
27_5,27,activity,False,,NA
27_5,27,resource,True,True,lexicalized
27_5,27,timestamp,True,True,lexicalized
27_5,27,cost,False,,NA
27_6,27,idcase,True,False,not_lexicalized
27_6,27,activity,False,,NA
27_6,27,resource,True,True,lexicalized
27_6,27,timestamp,True,True,lexicalized
27_6,27,cost,False,,NA
27_7,27,idcase,True,False,not_lexicalized
27_7,27,activity,False,,NA
27_7,27,resource,True,True,lexicalized
27_7,27,timestamp,True,True,lexicalized
27_7,27,cost,False,,NA
27_8,27,idcase,True,False,not_lexicalized
27_8,27,activity,False,,NA
27_8,27,resource,True,True,lexicalized
27_8,27,timestamp,True,True,lexicalized
27_8,27,cost,False,,NA
27_9,27,idcase,True,False,not_lexicalized
27_9,27,activity,False,,NA
27_9,27,resource,True,True,lexicalized
27_9,27,timestamp,True,True,lexicalized
27_9,27,cost,False,,NA
27_10,27,idcase,True,False,not_lexicalized
27_10,27,activity,False,,NA
27_10,27,resource,True,True,lexicalized
27_10,27,timestamp,True,False,not_lexicalized
27_10,27,cost,False,,NA
28_0,28,idcase,True,False,not_lexicalized
28_0,28,activity,False,,NA
28_0,28,resource,False,,NA
28_0,28,timestamp,False,,NA
28_0,28,cost,False,,NA
28_1,28,idcase,True,False,not_lexicalized
28_1,28,activity,False,,NA
28_1,28,resource,False,,NA
28_1,28,timestamp,False,,NA
28_1,28,cost,False,,NA
28_2,28,idcase,True,False,not_lexicalized
28_2,28,activity,False,,NA
28_2,28,resource,False,,NA
28_2,28,timestamp,False,,NA
28_2,28,cost,False,,NA
28_3,28,idcase,True,False,not_lexicalized
28_3,28,activity,False,,NA
28_3,28,resource,False,,NA
28_3,28,timestamp,False,,NA
28_3,28,cost,False,,NA
28_4,28,idcase,True,False,not_lexicalized
28_4,28,activity,False,,NA
28_4,28,resource,False,,NA
28_4,28,timestamp,False,,NA
28_4,28,cost,False,,NA
28_5,28,idcase,True,False,not_lexicalized
28_5,28,activity,False,,NA
28_5,28,resource,False,,NA
28_5,28,timestamp,False,,NA
28_5,28,cost,False,,NA
28_6,28,idcase,True,True,lexicalized
28_6,28,activity,False,,NA
28_6,28,resource,False,,NA
28_6,28,timestamp,False,,NA
28_6,28,cost,False,,NA
28_7,28,idcase,True,True,lexicalized
28_7,28,activity,False,,NA
28_7,28,resource,False,,NA
28_7,28,timestamp,False,,NA
28_7,28,cost,False,,NA
28_8,28,idcase,True,True,lexicalized
28_8,28,activity,False,,NA
28_8,28,resource,False,,NA
28_8,28,timestamp,False,,NA
28_8,28,cost,False,,NA
28_9,28,idcase,True,True,lexicalized
28_9,28,activity,False,,NA
28_9,28,resource,False,,NA
28_9,28,timestamp,False,,NA
28_9,28,cost,False,,NA
28_10,28,idcase,True,False,not_lexicalized
28_10,28,activity,False,,NA
28_10,28,resource,False,,NA
28_10,28,timestamp,False,,NA
28_10,28,cost,False,,NA
29_0,29,idcase,True,False,not_lexicalized
29_0,29,activity,False,,NA
29_0,29,resource,False,,NA
29_0,29,timestamp,False,,NA
29_0,29,cost,False,,NA
29_1,29,idcase,True,False,not_lexicalized
29_1,29,activity,False,,NA
29_1,29,resource,False,,NA
29_1,29,timestamp,False,,NA
29_1,29,cost,False,,NA
29_2,29,idcase,True,False,not_lexicalized
29_2,29,activity,False,,NA
29_2,29,resource,False,,NA
29_2,29,timestamp,False,,NA
29_2,29,cost,False,,NA
29_3,29,idcase,True,False,not_lexicalized
29_3,29,activity,False,,NA
29_3,29,resource,False,,NA
29_3,29,timestamp,False,,NA
29_3,29,cost,False,,NA
29_4,29,idcase,True,False,not_lexicalized
29_4,29,activity,False,,NA
29_4,29,resource,False,,NA
29_4,29,timestamp,False,,NA
29_4,29,cost,False,,NA
29_5,29,idcase,True,False,not_lexicalized
29_5,29,activity,False,,NA
29_5,29,resource,False,,NA
29_5,29,timestamp,False,,NA
29_5,29,cost,False,,NA
29_6,29,idcase,True,True,lexicalized
29_6,29,activity,False,,NA
29_6,29,resource,False,,NA
29_6,29,timestamp,False,,NA
29_6,29,cost,False,,NA
30_0,30,idcase,True,True,lexicalized
30_0,30,activity,False,,NA
30_0,30,resource,False,,NA
30_0,30,timestamp,False,,NA
30_0,30,cost,True,True,lexicalized
30_1,30,idcase,True,True,lexicalized
30_1,30,activity,False,,NA
30_1,30,resource,False,,NA
30_1,30,timestamp,False,,NA
30_1,30,cost,True,True,lexicalized
30_2,30,idcase,True,True,lexicalized
30_2,30,activity,False,,NA
30_2,30,resource,False,,NA
30_2,30,timestamp,False,,NA
30_2,30,cost,True,True,lexicalized
30_3,30,idcase,True,False,not_lexicalized
30_3,30,activity,False,,NA
30_3,30,resource,False,,NA
30_3,30,timestamp,False,,NA
30_3,30,cost,True,True,lexicalized
30_4,30,idcase,True,True,lexicalized
30_4,30,activity,False,,NA
30_4,30,resource,False,,NA
30_4,30,timestamp,False,,NA
30_4,30,cost,True,True,lexicalized
30_5,30,idcase,True,False,not_lexicalized
30_5,30,activity,False,,NA
30_5,30,resource,False,,NA
30_5,30,timestamp,False,,NA
30_5,30,cost,True,True,lexicalized
30_6,30,idcase,True,True,lexicalized
30_6,30,activity,False,,NA
30_6,30,resource,False,,NA
30_6,30,timestamp,False,,NA
30_6,30,cost,True,True,lexicalized
30_7,30,idcase,True,True,lexicalized
30_7,30,activity,False,,NA
30_7,30,resource,False,,NA
30_7,30,timestamp,False,,NA
30_7,30,cost,True,True,lexicalized
30_8,30,idcase,True,True,lexicalized
30_8,30,activity,False,,NA
30_8,30,resource,False,,NA
30_8,30,timestamp,False,,NA
30_8,30,cost,True,True,lexicalized
31_0,31,idcase,False,,NA
31_0,31,activity,False,,NA
31_0,31,resource,True,True,lexicalized
31_0,31,timestamp,False,,NA
31_0,31,cost,False,,NA
31_1,31,idcase,False,,NA
31_1,31,activity,False,,NA
31_1,31,resource,True,True,lexicalized
31_1,31,timestamp,False,,NA
31_1,31,cost,False,,NA
31_2,31,idcase,False,,NA
31_2,31,activity,False,,NA
31_2,31,resource,True,True,lexicalized
31_2,31,timestamp,False,,NA
31_2,31,cost,False,,NA
32_0,32,idcase,True,True,lexicalized
32_0,32,activity,False,,NA
32_0,32,resource,False,,NA
32_0,32,timestamp,True,True,lexicalized
32_0,32,cost,False,,NA
32_1,32,idcase,True,True,lexicalized
32_1,32,activity,False,,NA
32_1,32,resource,False,,NA
32_1,32,timestamp,True,True,lexicalized
32_1,32,cost,False,,NA
32_2,32,idcase,True,True,lexicalized
32_2,32,activity,False,,NA
32_2,32,resource,False,,NA
32_2,32,timestamp,True,True,lexicalized
32_2,32,cost,False,,NA
32_3,32,idcase,True,True,lexicalized
32_3,32,activity,False,,NA
32_3,32,resource,False,,NA
32_3,32,timestamp,True,True,lexicalized
32_3,32,cost,False,,NA
32_4,32,idcase,True,True,lexicalized
32_4,32,activity,False,,NA
32_4,32,resource,False,,NA
32_4,32,timestamp,True,True,lexicalized
32_4,32,cost,False,,NA
32_5,32,idcase,True,True,lexicalized
32_5,32,activity,False,,NA
32_5,32,resource,False,,NA
32_5,32,timestamp,True,True,lexicalized
32_5,32,cost,False,,NA
33_0,33,idcase,False,,NA
33_0,33,activity,True,True,lexicalized
33_0,33,resource,True,True,lexicalized
33_0,33,timestamp,False,,NA
33_0,33,cost,False,,NA
33_1,33,idcase,False,,NA
33_1,33,activity,True,True,lexicalized
33_1,33,resource,True,True,lexicalized
33_1,33,timestamp,False,,NA
33_1,33,cost,False,,NA
33_2,33,idcase,False,,NA
33_2,33,activity,True,True,lexicalized
33_2,33,resource,True,True,lexicalized
33_2,33,timestamp,False,,NA
33_2,33,cost,False,,NA
33_3,33,idcase,False,,NA
33_3,33,activity,True,True,lexicalized
33_3,33,resource,True,True,lexicalized
33_3,33,timestamp,False,,NA
33_3,33,cost,False,,NA
33_4,33,idcase,False,,NA
33_4,33,activity,True,False,not_lexicalized
33_4,33,resource,True,True,lexicalized
33_4,33,timestamp,False,,NA
33_4,33,cost,False,,NA
34_0,34,idcase,False,,NA
34_0,34,activity,True,True,lexicalized
34_0,34,resource,True,True,lexicalized
34_0,34,timestamp,False,,NA
34_0,34,cost,False,,NA
34_1,34,idcase,False,,NA
34_1,34,activity,True,True,lexicalized
34_1,34,resource,True,True,lexicalized
34_1,34,timestamp,False,,NA
34_1,34,cost,False,,NA
34_2,34,idcase,False,,NA
34_2,34,activity,True,False,not_lexicalized
34_2,34,resource,True,True,lexicalized
34_2,34,timestamp,False,,NA
34_2,34,cost,False,,NA
35_0,35,idcase,False,,NA
35_0,35,activity,True,True,lexicalized
35_0,35,resource,True,True,lexicalized
35_0,35,timestamp,True,False,not_lexicalized
35_0,35,cost,False,,NA
35_1,35,idcase,False,,NA
35_1,35,activity,True,True,lexicalized
35_1,35,resource,True,True,lexicalized
35_1,35,timestamp,True,True,lexicalized
35_1,35,cost,False,,NA
35_2,35,idcase,False,,NA
35_2,35,activity,True,True,lexicalized
35_2,35,resource,True,True,lexicalized
35_2,35,timestamp,True,True,lexicalized
35_2,35,cost,False,,NA
35_3,35,idcase,False,,NA
35_3,35,activity,True,False,not_lexicalized
35_3,35,resource,True,False,not_lexicalized
35_3,35,timestamp,True,True,lexicalized
35_3,35,cost,False,,NA
36_0,36,idcase,False,,NA
36_0,36,activity,False,,NA
36_0,36,resource,True,True,lexicalized
36_0,36,timestamp,True,False,not_lexicalized
36_0,36,cost,False,,NA
36_1,36,idcase,False,,NA
36_1,36,activity,False,,NA
36_1,36,resource,True,True,lexicalized
36_1,36,timestamp,True,True,lexicalized
36_1,36,cost,False,,NA
36_2,36,idcase,False,,NA
36_2,36,activity,False,,NA
36_2,36,resource,True,True,lexicalized
36_2,36,timestamp,True,False,not_lexicalized
36_2,36,cost,False,,NA
36_3,36,idcase,False,,NA
36_3,36,activity,False,,NA
36_3,36,resource,True,True,lexicalized
36_3,36,timestamp,True,False,not_lexicalized
36_3,36,cost,False,,NA
36_4,36,idcase,False,,NA
36_4,36,activity,False,,NA
36_4,36,resource,True,True,lexicalized
36_4,36,timestamp,True,True,lexicalized
36_4,36,cost,False,,NA
36_5,36,idcase,False,,NA
36_5,36,activity,False,,NA
36_5,36,resource,True,True,lexicalized
36_5,36,timestamp,True,False,not_lexicalized
36_5,36,cost,False,,NA
37_0,37,idcase,False,,NA
37_0,37,activity,True,True,lexicalized
37_0,37,resource,False,,NA
37_0,37,timestamp,True,True,lexicalized
37_0,37,cost,False,,NA
37_1,37,idcase,False,,NA
37_1,37,activity,True,True,lexicalized
37_1,37,resource,False,,NA
37_1,37,timestamp,True,True,lexicalized
37_1,37,cost,False,,NA
37_2,37,idcase,False,,NA
37_2,37,activity,True,True,lexicalized
37_2,37,resource,False,,NA
37_2,37,timestamp,True,False,not_lexicalized
37_2,37,cost,False,,NA
37_3,37,idcase,False,,NA
37_3,37,activity,True,True,lexicalized
37_3,37,resource,False,,NA
37_3,37,timestamp,True,True,lexicalized
37_3,37,cost,False,,NA
37_4,37,idcase,False,,NA
37_4,37,activity,True,True,lexicalized
37_4,37,resource,False,,NA
37_4,37,timestamp,True,True,lexicalized
37_4,37,cost,False,,NA
37_5,37,idcase,False,,NA
37_5,37,activity,True,True,lexicalized
37_5,37,resource,False,,NA
37_5,37,timestamp,True,True,lexicalized
37_5,37,cost,False,,NA
37_6,37,idcase,False,,NA
37_6,37,activity,True,True,lexicalized
37_6,37,resource,False,,NA
37_6,37,timestamp,True,True,lexicalized
37_6,37,cost,False,,NA
37_7,37,idcase,False,,NA
37_7,37,activity,True,True,lexicalized
37_7,37,resource,False,,NA
37_7,37,timestamp,True,True,lexicalized
37_7,37,cost,False,,NA
38_0,38,idcase,False,,NA
38_0,38,activity,True,True,lexicalized
38_0,38,resource,False,,NA
38_0,38,timestamp,True,False,not_lexicalized
38_0,38,cost,False,,NA
38_1,38,idcase,False,,NA
38_1,38,activity,True,True,lexicalized
38_1,38,resource,False,,NA
38_1,38,timestamp,True,False,not_lexicalized
38_1,38,cost,False,,NA
38_2,38,idcase,False,,NA
38_2,38,activity,True,True,lexicalized
38_2,38,resource,False,,NA
38_2,38,timestamp,True,False,not_lexicalized
38_2,38,cost,False,,NA
38_3,38,idcase,False,,NA
38_3,38,activity,True,True,lexicalized
38_3,38,resource,False,,NA
38_3,38,timestamp,True,False,not_lexicalized
38_3,38,cost,False,,NA
38_4,38,idcase,False,,NA
38_4,38,activity,True,True,lexicalized
38_4,38,resource,False,,NA
38_4,38,timestamp,True,False,not_lexicalized
38_4,38,cost,False,,NA
38_5,38,idcase,False,,NA
38_5,38,activity,True,False,not_lexicalized
38_5,38,resource,False,,NA
38_5,38,timestamp,True,False,not_lexicalized
38_5,38,cost,False,,NA
39_0,39,idcase,False,,NA
39_0,39,activity,True,True,lexicalized
39_0,39,resource,False,,NA
39_0,39,timestamp,True,True,lexicalized
39_0,39,cost,False,,NA
39_1,39,idcase,False,,NA
39_1,39,activity,True,True,lexicalized
39_1,39,resource,False,,NA
39_1,39,timestamp,True,True,lexicalized
39_1,39,cost,False,,NA
39_2,39,idcase,False,,NA
39_2,39,activity,True,True,lexicalized
39_2,39,resource,False,,NA
39_2,39,timestamp,True,True,lexicalized
39_2,39,cost,False,,NA
40_0,40,idcase,False,,NA
40_0,40,activity,True,True,lexicalized
40_0,40,resource,True,True,lexicalized
40_0,40,timestamp,False,,NA
40_0,40,cost,False,,NA
40_1,40,idcase,False,,NA
40_1,40,activity,True,True,lexicalized
40_1,40,resource,True,True,lexicalized
40_1,40,timestamp,False,,NA
40_1,40,cost,False,,NA
40_2,40,idcase,False,,NA
40_2,40,activity,True,True,lexicalized
40_2,40,resource,True,True,lexicalized
40_2,40,timestamp,False,,NA
40_2,40,cost,False,,NA
40_3,40,idcase,False,,NA
40_3,40,activity,True,True,lexicalized
40_3,40,resource,True,True,lexicalized
40_3,40,timestamp,False,,NA
40_3,40,cost,False,,NA
40_4,40,idcase,False,,NA
40_4,40,activity,True,True,lexicalized
40_4,40,resource,True,True,lexicalized
40_4,40,timestamp,False,,NA
40_4,40,cost,False,,NA
40_5,40,idcase,False,,NA
40_5,40,activity,True,False,not_lexicalized
40_5,40,resource,True,True,lexicalized
40_5,40,timestamp,False,,NA
40_5,40,cost,False,,NA
41_0,41,idcase,False,,NA
41_0,41,activity,False,,NA
41_0,41,resource,True,True,lexicalized
41_0,41,timestamp,False,,NA
41_0,41,cost,True,True,lexicalized
41_1,41,idcase,False,,NA
41_1,41,activity,False,,NA
41_1,41,resource,True,True,lexicalized
41_1,41,timestamp,False,,NA
41_1,41,cost,True,True,lexicalized
41_2,41,idcase,False,,NA
41_2,41,activity,False,,NA
41_2,41,resource,True,True,lexicalized
41_2,41,timestamp,False,,NA
41_2,41,cost,True,True,lexicalized
41_3,41,idcase,False,,NA
41_3,41,activity,False,,NA
41_3,41,resource,True,True,lexicalized
41_3,41,timestamp,False,,NA
41_3,41,cost,True,True,lexicalized
42_0,42,idcase,False,,NA
42_0,42,activity,True,True,lexicalized
42_0,42,resource,True,True,lexicalized
42_0,42,timestamp,False,,NA
42_0,42,cost,True,True,lexicalized
42_1,42,idcase,False,,NA
42_1,42,activity,True,True,lexicalized
42_1,42,resource,True,True,lexicalized
42_1,42,timestamp,False,,NA
42_1,42,cost,True,True,lexicalized
42_2,42,idcase,False,,NA
42_2,42,activity,True,True,lexicalized
42_2,42,resource,True,True,lexicalized
42_2,42,timestamp,False,,NA
42_2,42,cost,True,True,lexicalized
43_0,43,idcase,True,False,not_lexicalized
43_0,43,activity,False,,NA
43_0,43,resource,True,True,lexicalized
43_0,43,timestamp,False,,NA
43_0,43,cost,False,,NA
43_1,43,idcase,True,False,not_lexicalized
43_1,43,activity,False,,NA
43_1,43,resource,True,True,lexicalized
43_1,43,timestamp,False,,NA
43_1,43,cost,False,,NA
43_2,43,idcase,True,False,not_lexicalized
43_2,43,activity,False,,NA
43_2,43,resource,True,True,lexicalized
43_2,43,timestamp,False,,NA
43_2,43,cost,False,,NA
43_3,43,idcase,True,False,not_lexicalized
43_3,43,activity,False,,NA
43_3,43,resource,True,True,lexicalized
43_3,43,timestamp,False,,NA
43_3,43,cost,False,,NA
43_4,43,idcase,True,False,not_lexicalized
43_4,43,activity,False,,NA
43_4,43,resource,True,True,lexicalized
43_4,43,timestamp,False,,NA
43_4,43,cost,False,,NA
44_0,44,idcase,False,,NA
44_0,44,activity,True,True,lexicalized
44_0,44,resource,True,True,lexicalized
44_0,44,timestamp,False,,NA
44_0,44,cost,False,,NA
44_1,44,idcase,False,,NA
44_1,44,activity,True,True,lexicalized
44_1,44,resource,True,True,lexicalized
44_1,44,timestamp,False,,NA
44_1,44,cost,False,,NA
44_2,44,idcase,False,,NA
44_2,44,activity,True,True,lexicalized
44_2,44,resource,True,True,lexicalized
44_2,44,timestamp,False,,NA
44_2,44,cost,False,,NA
44_3,44,idcase,False,,NA
44_3,44,activity,True,True,lexicalized
44_3,44,resource,True,True,lexicalized
44_3,44,timestamp,False,,NA
44_3,44,cost,False,,NA
44_4,44,idcase,False,,NA
44_4,44,activity,True,True,lexicalized
44_4,44,resource,True,True,lexicalized
44_4,44,timestamp,False,,NA
44_4,44,cost,False,,NA
44_5,44,idcase,False,,NA
44_5,44,activity,True,True,lexicalized
44_5,44,resource,True,True,lexicalized
44_5,44,timestamp,False,,NA
44_5,44,cost,False,,NA
44_6,44,idcase,False,,NA
44_6,44,activity,True,True,lexicalized
44_6,44,resource,True,True,lexicalized
44_6,44,timestamp,False,,NA
44_6,44,cost,False,,NA
45_0,45,idcase,True,True,lexicalized
45_0,45,activity,True,True,lexicalized
45_0,45,resource,False,,NA
45_0,45,timestamp,True,False,not_lexicalized
45_0,45,cost,False,,NA
45_1,45,idcase,True,True,lexicalized
45_1,45,activity,True,True,lexicalized
45_1,45,resource,False,,NA
45_1,45,timestamp,True,False,not_lexicalized
45_1,45,cost,False,,NA
45_2,45,idcase,True,True,lexicalized
45_2,45,activity,True,True,lexicalized
45_2,45,resource,False,,NA
45_2,45,timestamp,True,False,not_lexicalized
45_2,45,cost,False,,NA
45_3,45,idcase,True,True,lexicalized
45_3,45,activity,True,False,not_lexicalized
45_3,45,resource,False,,NA
45_3,45,timestamp,True,False,not_lexicalized
45_3,45,cost,False,,NA
46_0,46,idcase,True,False,not_lexicalized
46_0,46,activity,False,,NA
46_0,46,resource,True,True,lexicalized
46_0,46,timestamp,True,False,not_lexicalized
46_0,46,cost,False,,NA
46_1,46,idcase,True,False,not_lexicalized
46_1,46,activity,False,,NA
46_1,46,resource,True,True,lexicalized
46_1,46,timestamp,True,False,not_lexicalized
46_1,46,cost,False,,NA
46_2,46,idcase,True,False,not_lexicalized
46_2,46,activity,False,,NA
46_2,46,resource,True,True,lexicalized
46_2,46,timestamp,True,False,not_lexicalized
46_2,46,cost,False,,NA
46_3,46,idcase,True,False,not_lexicalized
46_3,46,activity,False,,NA
46_3,46,resource,True,True,lexicalized
46_3,46,timestamp,True,False,not_lexicalized
46_3,46,cost,False,,NA
46_4,46,idcase,True,False,not_lexicalized
46_4,46,activity,False,,NA
46_4,46,resource,True,True,lexicalized
46_4,46,timestamp,True,False,not_lexicalized
46_4,46,cost,False,,NA
47_0,47,idcase,True,False,not_lexicalized
47_0,47,activity,True,True,lexicalized
47_0,47,resource,False,,NA
47_0,47,timestamp,False,,NA
47_0,47,cost,False,,NA
47_1,47,idcase,True,True,lexicalized
47_1,47,activity,True,True,lexicalized
47_1,47,resource,False,,NA
47_1,47,timestamp,False,,NA
47_1,47,cost,False,,NA
47_2,47,idcase,True,False,not_lexicalized
47_2,47,activity,True,True,lexicalized
47_2,47,resource,False,,NA
47_2,47,timestamp,False,,NA
47_2,47,cost,False,,NA
47_3,47,idcase,True,False,not_lexicalized
47_3,47,activity,True,True,lexicalized
47_3,47,resource,False,,NA
47_3,47,timestamp,False,,NA
47_3,47,cost,False,,NA
47_4,47,idcase,True,False,not_lexicalized
47_4,47,activity,True,True,lexicalized
47_4,47,resource,False,,NA
47_4,47,timestamp,False,,NA
47_4,47,cost,False,,NA
47_5,47,idcase,True,True,lexicalized
47_5,47,activity,True,True,lexicalized
47_5,47,resource,False,,NA
47_5,47,timestamp,False,,NA
47_5,47,cost,False,,NA
47_6,47,idcase,True,False,not_lexicalized
47_6,47,activity,True,True,lexicalized
47_6,47,resource,False,,NA
47_6,47,timestamp,False,,NA
47_6,47,cost,False,,NA
47_7,47,idcase,True,False,not_lexicalized
47_7,47,activity,True,True,lexicalized
47_7,47,resource,False,,NA
47_7,47,timestamp,False,,NA
47_7,47,cost,False,,NA
47_8,47,idcase,True,False,not_lexicalized
47_8,47,activity,True,False,not_lexicalized
47_8,47,resource,False,,NA
47_8,47,timestamp,False,,NA
47_8,47,cost,False,,NA
48_0,48,idcase,True,True,lexicalized
48_0,48,activity,False,,NA
48_0,48,resource,False,,NA
48_0,48,timestamp,False,,NA
48_0,48,cost,False,,NA
48_1,48,idcase,True,False,not_lexicalized
48_1,48,activity,False,,NA
48_1,48,resource,False,,NA
48_1,48,timestamp,False,,NA
48_1,48,cost,False,,NA
48_2,48,idcase,True,False,not_lexicalized
48_2,48,activity,False,,NA
48_2,48,resource,False,,NA
48_2,48,timestamp,False,,NA
48_2,48,cost,False,,NA
48_3,48,idcase,True,False,not_lexicalized
48_3,48,activity,False,,NA
48_3,48,resource,False,,NA
48_3,48,timestamp,False,,NA
48_3,48,cost,False,,NA
48_4,48,idcase,True,False,not_lexicalized
48_4,48,activity,False,,NA
48_4,48,resource,False,,NA
48_4,48,timestamp,False,,NA
48_4,48,cost,False,,NA
48_5,48,idcase,True,True,lexicalized
48_5,48,activity,False,,NA
48_5,48,resource,False,,NA
48_5,48,timestamp,False,,NA
48_5,48,cost,False,,NA
48_6,48,idcase,True,False,not_lexicalized
48_6,48,activity,False,,NA
48_6,48,resource,False,,NA
48_6,48,timestamp,False,,NA
48_6,48,cost,False,,NA
48_7,48,idcase,True,False,not_lexicalized
48_7,48,activity,False,,NA
48_7,48,resource,False,,NA
48_7,48,timestamp,False,,NA
48_7,48,cost,False,,NA
48_8,48,idcase,True,False,not_lexicalized
48_8,48,activity,False,,NA
48_8,48,resource,False,,NA
48_8,48,timestamp,False,,NA
48_8,48,cost,False,,NA
49_0,49,idcase,True,True,lexicalized
49_0,49,activity,False,,NA
49_0,49,resource,False,,NA
49_0,49,timestamp,True,False,not_lexicalized
49_0,49,cost,False,,NA
49_1,49,idcase,True,True,lexicalized
49_1,49,activity,False,,NA
49_1,49,resource,False,,NA
49_1,49,timestamp,True,True,lexicalized
49_1,49,cost,False,,NA
49_2,49,idcase,True,True,lexicalized
49_2,49,activity,False,,NA
49_2,49,resource,False,,NA
49_2,49,timestamp,True,True,lexicalized
49_2,49,cost,False,,NA
49_3,49,idcase,True,True,lexicalized
49_3,49,activity,False,,NA
49_3,49,resource,False,,NA
49_3,49,timestamp,True,False,not_lexicalized
49_3,49,cost,False,,NA
49_4,49,idcase,True,True,lexicalized
49_4,49,activity,False,,NA
49_4,49,resource,False,,NA
49_4,49,timestamp,True,True,lexicalized
49_4,49,cost,False,,NA
49_5,49,idcase,True,True,lexicalized
49_5,49,activity,False,,NA
49_5,49,resource,False,,NA
49_5,49,timestamp,True,True,lexicalized
49_5,49,cost,False,,NA
50_0,50,idcase,True,False,not_lexicalized
50_0,50,activity,False,,NA
50_0,50,resource,True,True,lexicalized
50_0,50,timestamp,False,,NA
50_0,50,cost,False,,NA
50_1,50,idcase,True,False,not_lexicalized
50_1,50,activity,False,,NA
50_1,50,resource,True,True,lexicalized
50_1,50,timestamp,False,,NA
50_1,50,cost,False,,NA
50_2,50,idcase,True,False,not_lexicalized
50_2,50,activity,False,,NA
50_2,50,resource,True,True,lexicalized
50_2,50,timestamp,False,,NA
50_2,50,cost,False,,NA
50_3,50,idcase,True,False,not_lexicalized
50_3,50,activity,False,,NA
50_3,50,resource,True,True,lexicalized
50_3,50,timestamp,False,,NA
50_3,50,cost,False,,NA
50_4,50,idcase,True,False,not_lexicalized
50_4,50,activity,False,,NA
50_4,50,resource,True,True,lexicalized
50_4,50,timestamp,False,,NA
50_4,50,cost,False,,NA
50_5,50,idcase,True,False,not_lexicalized
50_5,50,activity,False,,NA
50_5,50,resource,True,True,lexicalized
50_5,50,timestamp,False,,NA
50_5,50,cost,False,,NA
50_6,50,idcase,True,False,not_lexicalized
50_6,50,activity,False,,NA
50_6,50,resource,True,True,lexicalized
50_6,50,timestamp,False,,NA
50_6,50,cost,False,,NA
50_7,50,idcase,True,True,lexicalized
50_7,50,activity,False,,NA
50_7,50,resource,True,True,lexicalized
50_7,50,timestamp,False,,NA
50_7,50,cost,False,,NA
50_8,50,idcase,True,True,lexicalized
50_8,50,activity,False,,NA
50_8,50,resource,True,True,lexicalized
50_8,50,timestamp,False,,NA
50_8,50,cost,False,,NA
50_9,50,idcase,True,False,not_lexicalized
50_9,50,activity,False,,NA
50_9,50,resource,True,True,lexicalized
50_9,50,timestamp,False,,NA
50_9,50,cost,False,,NA
51_0,51,idcase,True,True,lexicalized
51_0,51,activity,True,True,lexicalized
51_0,51,resource,False,,NA
51_0,51,timestamp,True,False,not_lexicalized
51_0,51,cost,False,,NA
51_1,51,idcase,True,True,lexicalized
51_1,51,activity,True,True,lexicalized
51_1,51,resource,False,,NA
51_1,51,timestamp,True,False,not_lexicalized
51_1,51,cost,False,,NA
51_2,51,idcase,True,True,lexicalized
51_2,51,activity,True,True,lexicalized
51_2,51,resource,False,,NA
51_2,51,timestamp,True,False,not_lexicalized
51_2,51,cost,False,,NA
51_3,51,idcase,True,True,lexicalized
51_3,51,activity,True,True,lexicalized
51_3,51,resource,False,,NA
51_3,51,timestamp,True,False,not_lexicalized
51_3,51,cost,False,,NA
51_4,51,idcase,True,True,lexicalized
51_4,51,activity,True,True,lexicalized
51_4,51,resource,False,,NA
51_4,51,timestamp,True,False,not_lexicalized
51_4,51,cost,False,,NA
51_5,51,idcase,True,True,lexicalized
51_5,51,activity,True,True,lexicalized
51_5,51,resource,False,,NA
51_5,51,timestamp,True,False,not_lexicalized
51_5,51,cost,False,,NA
51_6,51,idcase,True,True,lexicalized
51_6,51,activity,True,True,lexicalized
51_6,51,resource,False,,NA
51_6,51,timestamp,True,False,not_lexicalized
51_6,51,cost,False,,NA
51_7,51,idcase,True,True,lexicalized
51_7,51,activity,True,True,lexicalized
51_7,51,resource,False,,NA
51_7,51,timestamp,True,False,not_lexicalized
51_7,51,cost,False,,NA
51_8,51,idcase,True,True,lexicalized
51_8,51,activity,True,True,lexicalized
51_8,51,resource,False,,NA
51_8,51,timestamp,True,False,not_lexicalized
51_8,51,cost,False,,NA
51_9,51,idcase,True,True,lexicalized
51_9,51,activity,True,True,lexicalized
51_9,51,resource,False,,NA
51_9,51,timestamp,True,False,not_lexicalized
51_9,51,cost,False,,NA
51_10,51,idcase,True,True,lexicalized
51_10,51,activity,True,False,not_lexicalized
51_10,51,resource,False,,NA
51_10,51,timestamp,True,True,lexicalized
51_10,51,cost,False,,NA
52_0,52,idcase,False,,NA
52_0,52,activity,True,True,lexicalized
52_0,52,resource,False,,NA
52_0,52,timestamp,False,,NA
52_0,52,cost,False,,NA
52_1,52,idcase,False,,NA
52_1,52,activity,True,True,lexicalized
52_1,52,resource,False,,NA
52_1,52,timestamp,False,,NA
52_1,52,cost,False,,NA
52_2,52,idcase,False,,NA
52_2,52,activity,True,True,lexicalized
52_2,52,resource,False,,NA
52_2,52,timestamp,False,,NA
52_2,52,cost,False,,NA
52_3,52,idcase,False,,NA
52_3,52,activity,True,True,lexicalized
52_3,52,resource,False,,NA
52_3,52,timestamp,False,,NA
52_3,52,cost,False,,NA
52_4,52,idcase,False,,NA
52_4,52,activity,True,True,lexicalized
52_4,52,resource,False,,NA
52_4,52,timestamp,False,,NA
52_4,52,cost,False,,NA
52_5,52,idcase,False,,NA
52_5,52,activity,True,True,lexicalized
52_5,52,resource,False,,NA
52_5,52,timestamp,False,,NA
52_5,52,cost,False,,NA
52_6,52,idcase,False,,NA
52_6,52,activity,True,False,not_lexicalized
52_6,52,resource,False,,NA
52_6,52,timestamp,False,,NA
52_6,52,cost,False,,NA
52_7,52,idcase,False,,NA
52_7,52,activity,True,False,not_lexicalized
52_7,52,resource,False,,NA
52_7,52,timestamp,False,,NA
52_7,52,cost,False,,NA
53_0,53,idcase,True,True,lexicalized
53_0,53,activity,False,,NA
53_0,53,resource,False,,NA
53_0,53,timestamp,False,,NA
53_0,53,cost,True,True,lexicalized
53_1,53,idcase,True,True,lexicalized
53_1,53,activity,False,,NA
53_1,53,resource,False,,NA
53_1,53,timestamp,False,,NA
53_1,53,cost,True,True,lexicalized
53_2,53,idcase,True,True,lexicalized
53_2,53,activity,False,,NA
53_2,53,resource,False,,NA
53_2,53,timestamp,False,,NA
53_2,53,cost,True,True,lexicalized
53_3,53,idcase,True,True,lexicalized
53_3,53,activity,False,,NA
53_3,53,resource,False,,NA
53_3,53,timestamp,False,,NA
53_3,53,cost,True,True,lexicalized
53_4,53,idcase,True,True,lexicalized
53_4,53,activity,False,,NA
53_4,53,resource,False,,NA
53_4,53,timestamp,False,,NA
53_4,53,cost,True,True,lexicalized
53_5,53,idcase,True,True,lexicalized
53_5,53,activity,False,,NA
53_5,53,resource,False,,NA
53_5,53,timestamp,False,,NA
53_5,53,cost,True,True,lexicalized
53_6,53,idcase,True,True,lexicalized
53_6,53,activity,False,,NA
53_6,53,resource,False,,NA
53_6,53,timestamp,False,,NA
53_6,53,cost,True,True,lexicalized
53_7,53,idcase,True,True,lexicalized
53_7,53,activity,False,,NA
53_7,53,resource,False,,NA
53_7,53,timestamp,False,,NA
53_7,53,cost,True,True,lexicalized
53_8,53,idcase,True,True,lexicalized
53_8,53,activity,False,,NA
53_8,53,resource,False,,NA
53_8,53,timestamp,False,,NA
53_8,53,cost,True,True,lexicalized
53_9,53,idcase,True,True,lexicalized
53_9,53,activity,False,,NA
53_9,53,resource,False,,NA
53_9,53,timestamp,False,,NA
53_9,53,cost,True,True,lexicalized
53_10,53,idcase,True,True,lexicalized
53_10,53,activity,False,,NA
53_10,53,resource,False,,NA
53_10,53,timestamp,False,,NA
53_10,53,cost,True,True,lexicalized
53_11,53,idcase,True,True,lexicalized
53_11,53,activity,False,,NA
53_11,53,resource,False,,NA
53_11,53,timestamp,False,,NA
53_11,53,cost,True,True,lexicalized
53_12,53,idcase,True,False,not_lexicalized
53_12,53,activity,False,,NA
53_12,53,resource,False,,NA
53_12,53,timestamp,False,,NA
53_12,53,cost,True,True,lexicalized
53_13,53,idcase,True,True,lexicalized
53_13,53,activity,False,,NA
53_13,53,resource,False,,NA
53_13,53,timestamp,False,,NA
53_13,53,cost,True,True,lexicalized
54_0,54,idcase,True,True,lexicalized
54_0,54,activity,True,True,lexicalized
54_0,54,resource,False,,NA
54_0,54,timestamp,True,False,not_lexicalized
54_0,54,cost,False,,NA
54_1,54,idcase,True,True,lexicalized
54_1,54,activity,True,True,lexicalized
54_1,54,resource,False,,NA
54_1,54,timestamp,True,False,not_lexicalized
54_1,54,cost,False,,NA
54_2,54,idcase,True,True,lexicalized
54_2,54,activity,True,True,lexicalized
54_2,54,resource,False,,NA
54_2,54,timestamp,True,True,lexicalized
54_2,54,cost,False,,NA
54_3,54,idcase,True,True,lexicalized
54_3,54,activity,True,True,lexicalized
54_3,54,resource,False,,NA
54_3,54,timestamp,True,False,not_lexicalized
54_3,54,cost,False,,NA
54_4,54,idcase,True,True,lexicalized
54_4,54,activity,True,False,not_lexicalized
54_4,54,resource,False,,NA
54_4,54,timestamp,True,False,not_lexicalized
54_4,54,cost,False,,NA
55_0,55,idcase,True,True,lexicalized
55_0,55,activity,True,True,lexicalized
55_0,55,resource,False,,NA
55_0,55,timestamp,True,False,not_lexicalized
55_0,55,cost,False,,NA
55_1,55,idcase,True,True,lexicalized
55_1,55,activity,True,True,lexicalized
55_1,55,resource,False,,NA
55_1,55,timestamp,True,True,lexicalized
55_1,55,cost,False,,NA
55_2,55,idcase,True,True,lexicalized
55_2,55,activity,True,True,lexicalized
55_2,55,resource,False,,NA
55_2,55,timestamp,True,True,lexicalized
55_2,55,cost,False,,NA
55_3,55,idcase,True,True,lexicalized
55_3,55,activity,True,True,lexicalized
55_3,55,resource,False,,NA
55_3,55,timestamp,True,True,lexicalized
55_3,55,cost,False,,NA
55_4,55,idcase,True,True,lexicalized
55_4,55,activity,True,False,not_lexicalized
55_4,55,resource,False,,NA
55_4,55,timestamp,True,False,not_lexicalized
55_4,55,cost,False,,NA
56_0,56,idcase,False,,NA
56_0,56,activity,True,True,lexicalized
56_0,56,resource,False,,NA
56_0,56,timestamp,False,,NA
56_0,56,cost,False,,NA
56_1,56,idcase,False,,NA
56_1,56,activity,True,True,lexicalized
56_1,56,resource,False,,NA
56_1,56,timestamp,False,,NA
56_1,56,cost,False,,NA
56_2,56,idcase,False,,NA
56_2,56,activity,True,False,not_lexicalized
56_2,56,resource,False,,NA
56_2,56,timestamp,False,,NA
56_2,56,cost,False,,NA
56_3,56,idcase,False,,NA
56_3,56,activity,True,False,not_lexicalized
56_3,56,resource,False,,NA
56_3,56,timestamp,False,,NA
56_3,56,cost,False,,NA
57_0,57,idcase,True,False,not_lexicalized
57_0,57,activity,True,True,lexicalized
57_0,57,resource,False,,NA
57_0,57,timestamp,True,True,lexicalized
57_0,57,cost,False,,NA
57_1,57,idcase,True,False,not_lexicalized
57_1,57,activity,True,True,lexicalized
57_1,57,resource,False,,NA
57_1,57,timestamp,True,True,lexicalized
57_1,57,cost,False,,NA
57_2,57,idcase,True,False,not_lexicalized
57_2,57,activity,True,True,lexicalized
57_2,57,resource,False,,NA
57_2,57,timestamp,True,True,lexicalized
57_2,57,cost,False,,NA
57_3,57,idcase,True,False,not_lexicalized
57_3,57,activity,True,True,lexicalized
57_3,57,resource,False,,NA
57_3,57,timestamp,True,False,not_lexicalized
57_3,57,cost,False,,NA
57_4,57,idcase,True,False,not_lexicalized
57_4,57,activity,True,False,not_lexicalized
57_4,57,resource,False,,NA
57_4,57,timestamp,True,True,lexicalized
57_4,57,cost,False,,NA
57_5,57,idcase,True,False,not_lexicalized
57_5,57,activity,True,True,lexicalized
57_5,57,resource,False,,NA
57_5,57,timestamp,True,True,lexicalized
57_5,57,cost,False,,NA
57_6,57,idcase,True,False,not_lexicalized
57_6,57,activity,True,True,lexicalized
57_6,57,resource,False,,NA
57_6,57,timestamp,True,True,lexicalized
57_6,57,cost,False,,NA
57_7,57,idcase,True,False,not_lexicalized
57_7,57,activity,True,False,not_lexicalized
57_7,57,resource,False,,NA
57_7,57,timestamp,True,True,lexicalized
57_7,57,cost,False,,NA
57_8,57,idcase,True,False,not_lexicalized
57_8,57,activity,True,True,lexicalized
57_8,57,resource,False,,NA
57_8,57,timestamp,True,True,lexicalized
57_8,57,cost,False,,NA
57_9,57,idcase,True,False,not_lexicalized
57_9,57,activity,True,True,lexicalized
57_9,57,resource,False,,NA
57_9,57,timestamp,True,False,not_lexicalized
57_9,57,cost,False,,NA
57_10,57,idcase,True,False,not_lexicalized
57_10,57,activity,True,True,lexicalized
57_10,57,resource,False,,NA
57_10,57,timestamp,True,False,not_lexicalized
57_10,57,cost,False,,NA
57_11,57,idcase,True,False,not_lexicalized
57_11,57,activity,True,True,lexicalized
57_11,57,resource,False,,NA
57_11,57,timestamp,True,True,lexicalized
57_11,57,cost,False,,NA
57_12,57,idcase,True,False,not_lexicalized
57_12,57,activity,True,True,lexicalized
57_12,57,resource,False,,NA
57_12,57,timestamp,True,True,lexicalized
57_12,57,cost,False,,NA
57_13,57,idcase,True,False,not_lexicalized
57_13,57,activity,True,False,not_lexicalized
57_13,57,resource,False,,NA
57_13,57,timestamp,True,True,lexicalized
57_13,57,cost,False,,NA
57_14,57,idcase,True,False,not_lexicalized
57_14,57,activity,True,True,lexicalized
57_14,57,resource,False,,NA
57_14,57,timestamp,True,True,lexicalized
57_14,57,cost,False,,NA
57_15,57,idcase,True,False,not_lexicalized
57_15,57,activity,True,True,lexicalized
57_15,57,resource,False,,NA
57_15,57,timestamp,True,False,not_lexicalized
57_15,57,cost,False,,NA
57_16,57,idcase,True,False,not_lexicalized
57_16,57,activity,True,True,lexicalized
57_16,57,resource,False,,NA
57_16,57,timestamp,True,True,lexicalized
57_16,57,cost,False,,NA
57_17,57,idcase,True,False,not_lexicalized
57_17,57,activity,True,True,lexicalized
57_17,57,resource,False,,NA
57_17,57,timestamp,True,True,lexicalized
57_17,57,cost,False,,NA
57_18,57,idcase,True,False,not_lexicalized
57_18,57,activity,True,False,not_lexicalized
57_18,57,resource,False,,NA
57_18,57,timestamp,True,True,lexicalized
57_18,57,cost,False,,NA
57_19,57,idcase,True,False,not_lexicalized
57_19,57,activity,True,True,lexicalized
57_19,57,resource,False,,NA
57_19,57,timestamp,True,True,lexicalized
57_19,57,cost,False,,NA
57_20,57,idcase,True,False,not_lexicalized
57_20,57,activity,True,True,lexicalized
57_20,57,resource,False,,NA
57_20,57,timestamp,True,True,lexicalized
57_20,57,cost,False,,NA
57_21,57,idcase,True,False,not_lexicalized
57_21,57,activity,True,True,lexicalized
57_21,57,resource,False,,NA
57_21,57,timestamp,True,True,lexicalized
57_21,57,cost,False,,NA
57_22,57,idcase,True,False,not_lexicalized
57_22,57,activity,True,False,not_lexicalized
57_22,57,resource,False,,NA
57_22,57,timestamp,True,True,lexicalized
57_22,57,cost,False,,NA
57_23,57,idcase,True,False,not_lexicalized
57_23,57,activity,True,True,lexicalized
57_23,57,resource,False,,NA
57_23,57,timestamp,True,True,lexicalized
57_23,57,cost,False,,NA
57_24,57,idcase,True,False,not_lexicalized
57_24,57,activity,True,True,lexicalized
57_24,57,resource,False,,NA
57_24,57,timestamp,True,False,not_lexicalized
57_24,57,cost,False,,NA
57_25,57,idcase,True,False,not_lexicalized
57_25,57,activity,True,False,not_lexicalized
57_25,57,resource,False,,NA
57_25,57,timestamp,True,False,not_lexicalized
57_25,57,cost,False,,NA
58_0,58,idcase,True,False,not_lexicalized
58_0,58,activity,False,,NA
58_0,58,resource,False,,NA
58_0,58,timestamp,False,,NA
58_0,58,cost,True,True,lexicalized
58_1,58,idcase,True,False,not_lexicalized
58_1,58,activity,False,,NA
58_1,58,resource,False,,NA
58_1,58,timestamp,False,,NA
58_1,58,cost,True,True,lexicalized
58_2,58,idcase,True,False,not_lexicalized
58_2,58,activity,False,,NA
58_2,58,resource,False,,NA
58_2,58,timestamp,False,,NA
58_2,58,cost,True,True,lexicalized
58_3,58,idcase,True,False,not_lexicalized
58_3,58,activity,False,,NA
58_3,58,resource,False,,NA
58_3,58,timestamp,False,,NA
58_3,58,cost,True,True,lexicalized
58_4,58,idcase,True,False,not_lexicalized
58_4,58,activity,False,,NA
58_4,58,resource,False,,NA
58_4,58,timestamp,False,,NA
58_4,58,cost,True,True,lexicalized
58_5,58,idcase,True,False,not_lexicalized
58_5,58,activity,False,,NA
58_5,58,resource,False,,NA
58_5,58,timestamp,False,,NA
58_5,58,cost,True,True,lexicalized
58_6,58,idcase,True,False,not_lexicalized
58_6,58,activity,False,,NA
58_6,58,resource,False,,NA
58_6,58,timestamp,False,,NA
58_6,58,cost,True,True,lexicalized
59_0,59,idcase,False,,NA
59_0,59,activity,False,,NA
59_0,59,resource,False,,NA
59_0,59,timestamp,False,,NA
59_0,59,cost,True,True,lexicalized
59_1,59,idcase,False,,NA
59_1,59,activity,False,,NA
59_1,59,resource,False,,NA
59_1,59,timestamp,False,,NA
59_1,59,cost,True,True,lexicalized
59_2,59,idcase,False,,NA
59_2,59,activity,False,,NA
59_2,59,resource,False,,NA
59_2,59,timestamp,False,,NA
59_2,59,cost,True,True,lexicalized
59_3,59,idcase,False,,NA
59_3,59,activity,False,,NA
59_3,59,resource,False,,NA
59_3,59,timestamp,False,,NA
59_3,59,cost,True,True,lexicalized
59_4,59,idcase,False,,NA
59_4,59,activity,False,,NA
59_4,59,resource,False,,NA
59_4,59,timestamp,False,,NA
59_4,59,cost,True,True,lexicalized
59_5,59,idcase,False,,NA
59_5,59,activity,False,,NA
59_5,59,resource,False,,NA
59_5,59,timestamp,False,,NA
59_5,59,cost,True,True,lexicalized
59_6,59,idcase,False,,NA
59_6,59,activity,False,,NA
59_6,59,resource,False,,NA
59_6,59,timestamp,False,,NA
59_6,59,cost,True,False,not_lexicalized
59_7,59,idcase,False,,NA
59_7,59,activity,False,,NA
59_7,59,resource,False,,NA
59_7,59,timestamp,False,,NA
59_7,59,cost,True,True,lexicalized
59_8,59,idcase,False,,NA
59_8,59,activity,False,,NA
59_8,59,resource,False,,NA
59_8,59,timestamp,False,,NA
59_8,59,cost,True,True,lexicalized
59_9,59,idcase,False,,NA
59_9,59,activity,False,,NA
59_9,59,resource,False,,NA
59_9,59,timestamp,False,,NA
59_9,59,cost,True,True,lexicalized
59_10,59,idcase,False,,NA
59_10,59,activity,False,,NA
59_10,59,resource,False,,NA
59_10,59,timestamp,False,,NA
59_10,59,cost,True,True,lexicalized
59_11,59,idcase,False,,NA
59_11,59,activity,False,,NA
59_11,59,resource,False,,NA
59_11,59,timestamp,False,,NA
59_11,59,cost,True,True,lexicalized
59_12,59,idcase,False,,NA
59_12,59,activity,False,,NA
59_12,59,resource,False,,NA
59_12,59,timestamp,False,,NA
59_12,59,cost,True,True,lexicalized
59_13,59,idcase,False,,NA
59_13,59,activity,False,,NA
59_13,59,resource,False,,NA
59_13,59,timestamp,False,,NA
59_13,59,cost,True,True,lexicalized
59_14,59,idcase,False,,NA
59_14,59,activity,False,,NA
59_14,59,resource,False,,NA
59_14,59,timestamp,False,,NA
59_14,59,cost,True,True,lexicalized
59_15,59,idcase,False,,NA
59_15,59,activity,False,,NA
59_15,59,resource,False,,NA
59_15,59,timestamp,False,,NA
59_15,59,cost,True,True,lexicalized
59_16,59,idcase,False,,NA
59_16,59,activity,False,,NA
59_16,59,resource,False,,NA
59_16,59,timestamp,False,,NA
59_16,59,cost,True,True,lexicalized
60_0,60,idcase,False,,NA
60_0,60,activity,True,True,lexicalized
60_0,60,resource,False,,NA
60_0,60,timestamp,False,,NA
60_0,60,cost,False,,NA
60_1,60,idcase,False,,NA
60_1,60,activity,True,True,lexicalized
60_1,60,resource,False,,NA
60_1,60,timestamp,False,,NA
60_1,60,cost,False,,NA
60_2,60,idcase,False,,NA
60_2,60,activity,True,True,lexicalized
60_2,60,resource,False,,NA
60_2,60,timestamp,False,,NA
60_2,60,cost,False,,NA
60_3,60,idcase,False,,NA
60_3,60,activity,True,True,lexicalized
60_3,60,resource,False,,NA
60_3,60,timestamp,False,,NA
60_3,60,cost,False,,NA
60_4,60,idcase,False,,NA
60_4,60,activity,True,True,lexicalized
60_4,60,resource,False,,NA
60_4,60,timestamp,False,,NA
60_4,60,cost,False,,NA
60_5,60,idcase,False,,NA
60_5,60,activity,True,True,lexicalized
60_5,60,resource,False,,NA
60_5,60,timestamp,False,,NA
60_5,60,cost,False,,NA
60_6,60,idcase,False,,NA
60_6,60,activity,True,True,lexicalized
60_6,60,resource,False,,NA
60_6,60,timestamp,False,,NA
60_6,60,cost,False,,NA
60_7,60,idcase,False,,NA
60_7,60,activity,True,True,lexicalized
60_7,60,resource,False,,NA
60_7,60,timestamp,False,,NA
60_7,60,cost,False,,NA
60_8,60,idcase,False,,NA
60_8,60,activity,True,True,lexicalized
60_8,60,resource,False,,NA
60_8,60,timestamp,False,,NA
60_8,60,cost,False,,NA
60_9,60,idcase,False,,NA
60_9,60,activity,True,True,lexicalized
60_9,60,resource,False,,NA
60_9,60,timestamp,False,,NA
60_9,60,cost,False,,NA
60_10,60,idcase,False,,NA
60_10,60,activity,True,True,lexicalized
60_10,60,resource,False,,NA
60_10,60,timestamp,False,,NA
60_10,60,cost,False,,NA
60_11,60,idcase,False,,NA
60_11,60,activity,True,True,lexicalized
60_11,60,resource,False,,NA
60_11,60,timestamp,False,,NA
60_11,60,cost,False,,NA
60_12,60,idcase,False,,NA
60_12,60,activity,True,True,lexicalized
60_12,60,resource,False,,NA
60_12,60,timestamp,False,,NA
60_12,60,cost,False,,NA
60_13,60,idcase,False,,NA
60_13,60,activity,True,True,lexicalized
60_13,60,resource,False,,NA
60_13,60,timestamp,False,,NA
60_13,60,cost,False,,NA
60_14,60,idcase,False,,NA
60_14,60,activity,True,True,lexicalized
60_14,60,resource,False,,NA
60_14,60,timestamp,False,,NA
60_14,60,cost,False,,NA
60_15,60,idcase,False,,NA
60_15,60,activity,True,True,lexicalized
60_15,60,resource,False,,NA
60_15,60,timestamp,False,,NA
60_15,60,cost,False,,NA
60_16,60,idcase,False,,NA
60_16,60,activity,True,False,not_lexicalized
60_16,60,resource,False,,NA
60_16,60,timestamp,False,,NA
60_16,60,cost,False,,NA
60_17,60,idcase,False,,NA
60_17,60,activity,True,False,not_lexicalized
60_17,60,resource,False,,NA
60_17,60,timestamp,False,,NA
60_17,60,cost,False,,NA
61_0,61,idcase,False,,NA
61_0,61,activity,True,True,lexicalized
61_0,61,resource,False,,NA
61_0,61,timestamp,False,,NA
61_0,61,cost,False,,NA
61_1,61,idcase,False,,NA
61_1,61,activity,True,True,lexicalized
61_1,61,resource,False,,NA
61_1,61,timestamp,False,,NA
61_1,61,cost,False,,NA
61_2,61,idcase,False,,NA
61_2,61,activity,True,True,lexicalized
61_2,61,resource,False,,NA
61_2,61,timestamp,False,,NA
61_2,61,cost,False,,NA
61_3,61,idcase,False,,NA
61_3,61,activity,True,True,lexicalized
61_3,61,resource,False,,NA
61_3,61,timestamp,False,,NA
61_3,61,cost,False,,NA
61_4,61,idcase,False,,NA
61_4,61,activity,True,True,lexicalized
61_4,61,resource,False,,NA
61_4,61,timestamp,False,,NA
61_4,61,cost,False,,NA
61_5,61,idcase,False,,NA
61_5,61,activity,True,True,lexicalized
61_5,61,resource,False,,NA
61_5,61,timestamp,False,,NA
61_5,61,cost,False,,NA
61_6,61,idcase,False,,NA
61_6,61,activity,True,True,lexicalized
61_6,61,resource,False,,NA
61_6,61,timestamp,False,,NA
61_6,61,cost,False,,NA
61_7,61,idcase,False,,NA
61_7,61,activity,True,True,lexicalized
61_7,61,resource,False,,NA
61_7,61,timestamp,False,,NA
61_7,61,cost,False,,NA
61_8,61,idcase,False,,NA
61_8,61,activity,True,True,lexicalized
61_8,61,resource,False,,NA
61_8,61,timestamp,False,,NA
61_8,61,cost,False,,NA
61_9,61,idcase,False,,NA
61_9,61,activity,True,True,lexicalized
61_9,61,resource,False,,NA
61_9,61,timestamp,False,,NA
61_9,61,cost,False,,NA
61_10,61,idcase,False,,NA
61_10,61,activity,True,True,lexicalized
61_10,61,resource,False,,NA
61_10,61,timestamp,False,,NA
61_10,61,cost,False,,NA
61_11,61,idcase,False,,NA
61_11,61,activity,True,True,lexicalized
61_11,61,resource,False,,NA
61_11,61,timestamp,False,,NA
61_11,61,cost,False,,NA
61_12,61,idcase,False,,NA
61_12,61,activity,True,True,lexicalized
61_12,61,resource,False,,NA
61_12,61,timestamp,False,,NA
61_12,61,cost,False,,NA
61_13,61,idcase,False,,NA
61_13,61,activity,True,True,lexicalized
61_13,61,resource,False,,NA
61_13,61,timestamp,False,,NA
61_13,61,cost,False,,NA
61_14,61,idcase,False,,NA
61_14,61,activity,True,True,lexicalized
61_14,61,resource,False,,NA
61_14,61,timestamp,False,,NA
61_14,61,cost,False,,NA
61_15,61,idcase,False,,NA
61_15,61,activity,True,True,lexicalized
61_15,61,resource,False,,NA
61_15,61,timestamp,False,,NA
61_15,61,cost,False,,NA
61_16,61,idcase,False,,NA
61_16,61,activity,True,True,lexicalized
61_16,61,resource,False,,NA
61_16,61,timestamp,False,,NA
61_16,61,cost,False,,NA
61_17,61,idcase,False,,NA
61_17,61,activity,True,True,lexicalized
61_17,61,resource,False,,NA
61_17,61,timestamp,False,,NA
61_17,61,cost,False,,NA
61_18,61,idcase,False,,NA
61_18,61,activity,True,False,not_lexicalized
61_18,61,resource,False,,NA
61_18,61,timestamp,False,,NA
61_18,61,cost,False,,NA
61_19,61,idcase,False,,NA
61_19,61,activity,True,True,lexicalized
61_19,61,resource,False,,NA
61_19,61,timestamp,False,,NA
61_19,61,cost,False,,NA
61_20,61,idcase,False,,NA
61_20,61,activity,True,True,lexicalized
61_20,61,resource,False,,NA
61_20,61,timestamp,False,,NA
61_20,61,cost,False,,NA
61_21,61,idcase,False,,NA
61_21,61,activity,True,True,lexicalized
61_21,61,resource,False,,NA
61_21,61,timestamp,False,,NA
61_21,61,cost,False,,NA
61_22,61,idcase,False,,NA
61_22,61,activity,True,True,lexicalized
61_22,61,resource,False,,NA
61_22,61,timestamp,False,,NA
61_22,61,cost,False,,NA
61_23,61,idcase,False,,NA
61_23,61,activity,True,True,lexicalized
61_23,61,resource,False,,NA
61_23,61,timestamp,False,,NA
61_23,61,cost,False,,NA
62_0,62,idcase,False,,NA
62_0,62,activity,True,True,lexicalized
62_0,62,resource,False,,NA
62_0,62,timestamp,False,,NA
62_0,62,cost,True,True,lexicalized
62_1,62,idcase,False,,NA
62_1,62,activity,True,True,lexicalized
62_1,62,resource,False,,NA
62_1,62,timestamp,False,,NA
62_1,62,cost,True,True,lexicalized
62_2,62,idcase,False,,NA
62_2,62,activity,True,True,lexicalized
62_2,62,resource,False,,NA
62_2,62,timestamp,False,,NA
62_2,62,cost,True,True,lexicalized
62_3,62,idcase,False,,NA
62_3,62,activity,True,True,lexicalized
62_3,62,resource,False,,NA
62_3,62,timestamp,False,,NA
62_3,62,cost,True,True,lexicalized
62_4,62,idcase,False,,NA
62_4,62,activity,True,True,lexicalized
62_4,62,resource,False,,NA
62_4,62,timestamp,False,,NA
62_4,62,cost,True,True,lexicalized
62_5,62,idcase,False,,NA
62_5,62,activity,True,True,lexicalized
62_5,62,resource,False,,NA
62_5,62,timestamp,False,,NA
62_5,62,cost,True,True,lexicalized
62_6,62,idcase,False,,NA
62_6,62,activity,True,True,lexicalized
62_6,62,resource,False,,NA
62_6,62,timestamp,False,,NA
62_6,62,cost,True,True,lexicalized
62_7,62,idcase,False,,NA
62_7,62,activity,True,False,not_lexicalized
62_7,62,resource,False,,NA
62_7,62,timestamp,False,,NA
62_7,62,cost,True,True,lexicalized
63_0,63,idcase,False,,NA
63_0,63,activity,True,True,lexicalized
63_0,63,resource,False,,NA
63_0,63,timestamp,False,,NA
63_0,63,cost,False,,NA
63_1,63,idcase,False,,NA
63_1,63,activity,True,True,lexicalized
63_1,63,resource,False,,NA
63_1,63,timestamp,False,,NA
63_1,63,cost,False,,NA
63_2,63,idcase,False,,NA
63_2,63,activity,True,True,lexicalized
63_2,63,resource,False,,NA
63_2,63,timestamp,False,,NA
63_2,63,cost,False,,NA
63_3,63,idcase,False,,NA
63_3,63,activity,True,True,lexicalized
63_3,63,resource,False,,NA
63_3,63,timestamp,False,,NA
63_3,63,cost,False,,NA
63_4,63,idcase,False,,NA
63_4,63,activity,True,True,lexicalized
63_4,63,resource,False,,NA
63_4,63,timestamp,False,,NA
63_4,63,cost,False,,NA
63_5,63,idcase,False,,NA
63_5,63,activity,True,True,lexicalized
63_5,63,resource,False,,NA
63_5,63,timestamp,False,,NA
63_5,63,cost,False,,NA
63_6,63,idcase,False,,NA
63_6,63,activity,True,True,lexicalized
63_6,63,resource,False,,NA
63_6,63,timestamp,False,,NA
63_6,63,cost,False,,NA
63_7,63,idcase,False,,NA
63_7,63,activity,True,True,lexicalized
63_7,63,resource,False,,NA
63_7,63,timestamp,False,,NA
63_7,63,cost,False,,NA
63_8,63,idcase,False,,NA
63_8,63,activity,True,True,lexicalized
63_8,63,resource,False,,NA
63_8,63,timestamp,False,,NA
63_8,63,cost,False,,NA
63_9,63,idcase,False,,NA
63_9,63,activity,True,True,lexicalized
63_9,63,resource,False,,NA
63_9,63,timestamp,False,,NA
63_9,63,cost,False,,NA
63_10,63,idcase,False,,NA
63_10,63,activity,True,False,not_lexicalized
63_10,63,resource,False,,NA
63_10,63,timestamp,False,,NA
63_10,63,cost,False,,NA
63_11,63,idcase,False,,NA
63_11,63,activity,True,False,not_lexicalized
63_11,63,resource,False,,NA
63_11,63,timestamp,False,,NA
63_11,63,cost,False,,NA
64_0,64,idcase,False,,NA
64_0,64,activity,False,,NA
64_0,64,resource,False,,NA
64_0,64,timestamp,False,,NA
64_0,64,cost,True,True,lexicalized
64_1,64,idcase,False,,NA
64_1,64,activity,False,,NA
64_1,64,resource,False,,NA
64_1,64,timestamp,False,,NA
64_1,64,cost,True,True,lexicalized
64_2,64,idcase,False,,NA
64_2,64,activity,False,,NA
64_2,64,resource,False,,NA
64_2,64,timestamp,False,,NA
64_2,64,cost,True,True,lexicalized
64_3,64,idcase,False,,NA
64_3,64,activity,False,,NA
64_3,64,resource,False,,NA
64_3,64,timestamp,False,,NA
64_3,64,cost,True,True,lexicalized
64_4,64,idcase,False,,NA
64_4,64,activity,False,,NA
64_4,64,resource,False,,NA
64_4,64,timestamp,False,,NA
64_4,64,cost,True,True,lexicalized
64_5,64,idcase,False,,NA
64_5,64,activity,False,,NA
64_5,64,resource,False,,NA
64_5,64,timestamp,False,,NA
64_5,64,cost,True,True,lexicalized
65_0,65,idcase,True,False,not_lexicalized
65_0,65,activity,False,,NA
65_0,65,resource,True,True,lexicalized
65_0,65,timestamp,False,,NA
65_0,65,cost,False,,NA
65_1,65,idcase,True,False,not_lexicalized
65_1,65,activity,False,,NA
65_1,65,resource,True,True,lexicalized
65_1,65,timestamp,False,,NA
65_1,65,cost,False,,NA
65_2,65,idcase,True,False,not_lexicalized
65_2,65,activity,False,,NA
65_2,65,resource,True,True,lexicalized
65_2,65,timestamp,False,,NA
65_2,65,cost,False,,NA
65_3,65,idcase,True,False,not_lexicalized
65_3,65,activity,False,,NA
65_3,65,resource,True,True,lexicalized
65_3,65,timestamp,False,,NA
65_3,65,cost,False,,NA
65_4,65,idcase,True,False,not_lexicalized
65_4,65,activity,False,,NA
65_4,65,resource,True,True,lexicalized
65_4,65,timestamp,False,,NA
65_4,65,cost,False,,NA
65_5,65,idcase,True,False,not_lexicalized
65_5,65,activity,False,,NA
65_5,65,resource,True,False,not_lexicalized
65_5,65,timestamp,False,,NA
65_5,65,cost,False,,NA
66_0,66,idcase,False,,NA
66_0,66,activity,True,True,lexicalized
66_0,66,resource,True,True,lexicalized
66_0,66,timestamp,False,,NA
66_0,66,cost,False,,NA
66_1,66,idcase,False,,NA
66_1,66,activity,True,True,lexicalized
66_1,66,resource,True,True,lexicalized
66_1,66,timestamp,False,,NA
66_1,66,cost,False,,NA
66_2,66,idcase,False,,NA
66_2,66,activity,True,True,lexicalized
66_2,66,resource,True,True,lexicalized
66_2,66,timestamp,False,,NA
66_2,66,cost,False,,NA
66_3,66,idcase,False,,NA
66_3,66,activity,True,True,lexicalized
66_3,66,resource,True,True,lexicalized
66_3,66,timestamp,False,,NA
66_3,66,cost,False,,NA
66_4,66,idcase,False,,NA
66_4,66,activity,True,True,lexicalized
66_4,66,resource,True,True,lexicalized
66_4,66,timestamp,False,,NA
66_4,66,cost,False,,NA
66_5,66,idcase,False,,NA
66_5,66,activity,True,True,lexicalized
66_5,66,resource,True,True,lexicalized
66_5,66,timestamp,False,,NA
66_5,66,cost,False,,NA
66_6,66,idcase,False,,NA
66_6,66,activity,True,True,lexicalized
66_6,66,resource,True,True,lexicalized
66_6,66,timestamp,False,,NA
66_6,66,cost,False,,NA
66_7,66,idcase,False,,NA
66_7,66,activity,True,True,lexicalized
66_7,66,resource,True,True,lexicalized
66_7,66,timestamp,False,,NA
66_7,66,cost,False,,NA
66_8,66,idcase,False,,NA
66_8,66,activity,True,True,lexicalized
66_8,66,resource,True,True,lexicalized
66_8,66,timestamp,False,,NA
66_8,66,cost,False,,NA
66_9,66,idcase,False,,NA
66_9,66,activity,True,False,not_lexicalized
66_9,66,resource,True,True,lexicalized
66_9,66,timestamp,False,,NA
66_9,66,cost,False,,NA
66_10,66,idcase,False,,NA
66_10,66,activity,True,False,not_lexicalized
66_10,66,resource,True,True,lexicalized
66_10,66,timestamp,False,,NA
66_10,66,cost,False,,NA
67_0,67,idcase,True,True,lexicalized
67_0,67,activity,True,True,lexicalized
67_0,67,resource,True,True,lexicalized
67_0,67,timestamp,False,,NA
67_0,67,cost,False,,NA
67_1,67,idcase,True,True,lexicalized
67_1,67,activity,True,True,lexicalized
67_1,67,resource,True,True,lexicalized
67_1,67,timestamp,False,,NA
67_1,67,cost,False,,NA
67_2,67,idcase,True,True,lexicalized
67_2,67,activity,True,True,lexicalized
67_2,67,resource,True,True,lexicalized
67_2,67,timestamp,False,,NA
67_2,67,cost,False,,NA
67_3,67,idcase,True,True,lexicalized
67_3,67,activity,True,True,lexicalized
67_3,67,resource,True,True,lexicalized
67_3,67,timestamp,False,,NA
67_3,67,cost,False,,NA
67_4,67,idcase,True,True,lexicalized
67_4,67,activity,True,True,lexicalized
67_4,67,resource,True,True,lexicalized
67_4,67,timestamp,False,,NA
67_4,67,cost,False,,NA
67_5,67,idcase,True,True,lexicalized
67_5,67,activity,True,True,lexicalized
67_5,67,resource,True,True,lexicalized
67_5,67,timestamp,False,,NA
67_5,67,cost,False,,NA
67_6,67,idcase,True,True,lexicalized
67_6,67,activity,True,True,lexicalized
67_6,67,resource,True,True,lexicalized
67_6,67,timestamp,False,,NA
67_6,67,cost,False,,NA
67_7,67,idcase,True,True,lexicalized
67_7,67,activity,True,True,lexicalized
67_7,67,resource,True,True,lexicalized
67_7,67,timestamp,False,,NA
67_7,67,cost,False,,NA
67_8,67,idcase,True,True,lexicalized
67_8,67,activity,True,False,not_lexicalized
67_8,67,resource,True,True,lexicalized
67_8,67,timestamp,False,,NA
67_8,67,cost,False,,NA
67_9,67,idcase,True,True,lexicalized
67_9,67,activity,True,False,not_lexicalized
67_9,67,resource,True,True,lexicalized
67_9,67,timestamp,False,,NA
67_9,67,cost,False,,NA
68_0,68,idcase,False,,NA
68_0,68,activity,True,True,lexicalized
68_0,68,resource,False,,NA
68_0,68,timestamp,False,,NA
68_0,68,cost,True,True,lexicalized
68_1,68,idcase,False,,NA
68_1,68,activity,True,True,lexicalized
68_1,68,resource,False,,NA
68_1,68,timestamp,False,,NA
68_1,68,cost,True,True,lexicalized
68_2,68,idcase,False,,NA
68_2,68,activity,True,True,lexicalized
68_2,68,resource,False,,NA
68_2,68,timestamp,False,,NA
68_2,68,cost,True,True,lexicalized
68_3,68,idcase,False,,NA
68_3,68,activity,True,True,lexicalized
68_3,68,resource,False,,NA
68_3,68,timestamp,False,,NA
68_3,68,cost,True,True,lexicalized
68_4,68,idcase,False,,NA
68_4,68,activity,True,True,lexicalized
68_4,68,resource,False,,NA
68_4,68,timestamp,False,,NA
68_4,68,cost,True,True,lexicalized
68_5,68,idcase,False,,NA
68_5,68,activity,True,True,lexicalized
68_5,68,resource,False,,NA
68_5,68,timestamp,False,,NA
68_5,68,cost,True,True,lexicalized
68_6,68,idcase,False,,NA
68_6,68,activity,True,True,lexicalized
68_6,68,resource,False,,NA
68_6,68,timestamp,False,,NA
68_6,68,cost,True,True,lexicalized
68_7,68,idcase,False,,NA
68_7,68,activity,True,True,lexicalized
68_7,68,resource,False,,NA
68_7,68,timestamp,False,,NA
68_7,68,cost,True,True,lexicalized
68_8,68,idcase,False,,NA
68_8,68,activity,True,True,lexicalized
68_8,68,resource,False,,NA
68_8,68,timestamp,False,,NA
68_8,68,cost,True,True,lexicalized
68_9,68,idcase,False,,NA
68_9,68,activity,True,False,not_lexicalized
68_9,68,resource,False,,NA
68_9,68,timestamp,False,,NA
68_9,68,cost,True,True,lexicalized
69_0,69,idcase,False,,NA
69_0,69,activity,False,,NA
69_0,69,resource,False,,NA
69_0,69,timestamp,False,,NA
69_0,69,cost,True,False,not_lexicalized
69_1,69,idcase,False,,NA
69_1,69,activity,False,,NA
69_1,69,resource,False,,NA
69_1,69,timestamp,False,,NA
69_1,69,cost,True,True,lexicalized
69_2,69,idcase,False,,NA
69_2,69,activity,False,,NA
69_2,69,resource,False,,NA
69_2,69,timestamp,False,,NA
69_2,69,cost,True,False,not_lexicalized
69_3,69,idcase,False,,NA
69_3,69,activity,False,,NA
69_3,69,resource,False,,NA
69_3,69,timestamp,False,,NA
69_3,69,cost,True,False,not_lexicalized
69_4,69,idcase,False,,NA
69_4,69,activity,False,,NA
69_4,69,resource,False,,NA
69_4,69,timestamp,False,,NA
69_4,69,cost,True,False,not_lexicalized
69_5,69,idcase,False,,NA
69_5,69,activity,False,,NA
69_5,69,resource,False,,NA
69_5,69,timestamp,False,,NA
69_5,69,cost,True,False,not_lexicalized
69_6,69,idcase,False,,NA
69_6,69,activity,False,,NA
69_6,69,resource,False,,NA
69_6,69,timestamp,False,,NA
69_6,69,cost,True,False,not_lexicalized
69_7,69,idcase,False,,NA
69_7,69,activity,False,,NA
69_7,69,resource,False,,NA
69_7,69,timestamp,False,,NA
69_7,69,cost,True,False,not_lexicalized
69_8,69,idcase,False,,NA
69_8,69,activity,False,,NA
69_8,69,resource,False,,NA
69_8,69,timestamp,False,,NA
69_8,69,cost,True,True,lexicalized
69_9,69,idcase,False,,NA
69_9,69,activity,False,,NA
69_9,69,resource,False,,NA
69_9,69,timestamp,False,,NA
69_9,69,cost,True,False,not_lexicalized
69_10,69,idcase,False,,NA
69_10,69,activity,False,,NA
69_10,69,resource,False,,NA
69_10,69,timestamp,False,,NA
69_10,69,cost,True,False,not_lexicalized
69_11,69,idcase,False,,NA
69_11,69,activity,False,,NA
69_11,69,resource,False,,NA
69_11,69,timestamp,False,,NA
69_11,69,cost,True,False,not_lexicalized
69_12,69,idcase,False,,NA
69_12,69,activity,False,,NA
69_12,69,resource,False,,NA
69_12,69,timestamp,False,,NA
69_12,69,cost,True,False,not_lexicalized
69_13,69,idcase,False,,NA
69_13,69,activity,False,,NA
69_13,69,resource,False,,NA
69_13,69,timestamp,False,,NA
69_13,69,cost,True,False,not_lexicalized
69_14,69,idcase,False,,NA
69_14,69,activity,False,,NA
69_14,69,resource,False,,NA
69_14,69,timestamp,False,,NA
69_14,69,cost,True,False,not_lexicalized
69_15,69,idcase,False,,NA
69_15,69,activity,False,,NA
69_15,69,resource,False,,NA
69_15,69,timestamp,False,,NA
69_15,69,cost,True,False,not_lexicalized
71_0,71,idcase,True,False,not_lexicalized
71_0,71,activity,False,,NA
71_0,71,resource,False,,NA
71_0,71,timestamp,False,,NA
71_0,71,cost,False,,NA
71_1,71,idcase,True,False,not_lexicalized
71_1,71,activity,False,,NA
71_1,71,resource,False,,NA
71_1,71,timestamp,False,,NA
71_1,71,cost,False,,NA
71_2,71,idcase,True,False,not_lexicalized
71_2,71,activity,False,,NA
71_2,71,resource,False,,NA
71_2,71,timestamp,False,,NA
71_2,71,cost,False,,NA
71_3,71,idcase,True,False,not_lexicalized
71_3,71,activity,False,,NA
71_3,71,resource,False,,NA
71_3,71,timestamp,False,,NA
71_3,71,cost,False,,NA
71_4,71,idcase,True,False,not_lexicalized
71_4,71,activity,False,,NA
71_4,71,resource,False,,NA
71_4,71,timestamp,False,,NA
71_4,71,cost,False,,NA
71_5,71,idcase,True,False,not_lexicalized
71_5,71,activity,False,,NA
71_5,71,resource,False,,NA
71_5,71,timestamp,False,,NA
71_5,71,cost,False,,NA
72_0,72,idcase,True,False,not_lexicalized
72_0,72,activity,True,True,lexicalized
72_0,72,resource,False,,NA
72_0,72,timestamp,False,,NA
72_0,72,cost,False,,NA
72_1,72,idcase,True,False,not_lexicalized
72_1,72,activity,True,True,lexicalized
72_1,72,resource,False,,NA
72_1,72,timestamp,False,,NA
72_1,72,cost,False,,NA
72_2,72,idcase,True,False,not_lexicalized
72_2,72,activity,True,True,lexicalized
72_2,72,resource,False,,NA
72_2,72,timestamp,False,,NA
72_2,72,cost,False,,NA
72_3,72,idcase,True,False,not_lexicalized
72_3,72,activity,True,True,lexicalized
72_3,72,resource,False,,NA
72_3,72,timestamp,False,,NA
72_3,72,cost,False,,NA
72_4,72,idcase,True,False,not_lexicalized
72_4,72,activity,True,True,lexicalized
72_4,72,resource,False,,NA
72_4,72,timestamp,False,,NA
72_4,72,cost,False,,NA
73_0,73,idcase,False,,NA
73_0,73,activity,False,,NA
73_0,73,resource,False,,NA
73_0,73,timestamp,True,False,not_lexicalized
73_0,73,cost,False,,NA
73_1,73,idcase,False,,NA
73_1,73,activity,False,,NA
73_1,73,resource,False,,NA
73_1,73,timestamp,True,False,not_lexicalized
73_1,73,cost,False,,NA
73_2,73,idcase,False,,NA
73_2,73,activity,False,,NA
73_2,73,resource,False,,NA
73_2,73,timestamp,True,False,not_lexicalized
73_2,73,cost,False,,NA
73_3,73,idcase,False,,NA
73_3,73,activity,False,,NA
73_3,73,resource,False,,NA
73_3,73,timestamp,True,False,not_lexicalized
73_3,73,cost,False,,NA
73_4,73,idcase,False,,NA
73_4,73,activity,False,,NA
73_4,73,resource,False,,NA
73_4,73,timestamp,True,False,not_lexicalized
73_4,73,cost,False,,NA
73_5,73,idcase,False,,NA
73_5,73,activity,False,,NA
73_5,73,resource,False,,NA
73_5,73,timestamp,True,False,not_lexicalized
73_5,73,cost,False,,NA
73_6,73,idcase,False,,NA
73_6,73,activity,False,,NA
73_6,73,resource,False,,NA
73_6,73,timestamp,True,False,not_lexicalized
73_6,73,cost,False,,NA
73_7,73,idcase,False,,NA
73_7,73,activity,False,,NA
73_7,73,resource,False,,NA
73_7,73,timestamp,True,False,not_lexicalized
73_7,73,cost,False,,NA
73_8,73,idcase,False,,NA
73_8,73,activity,False,,NA
73_8,73,resource,False,,NA
73_8,73,timestamp,True,False,not_lexicalized
73_8,73,cost,False,,NA
73_9,73,idcase,False,,NA
73_9,73,activity,False,,NA
73_9,73,resource,False,,NA
73_9,73,timestamp,True,False,not_lexicalized
73_9,73,cost,False,,NA
73_10,73,idcase,False,,NA
73_10,73,activity,False,,NA
73_10,73,resource,False,,NA
73_10,73,timestamp,True,False,not_lexicalized
73_10,73,cost,False,,NA
73_11,73,idcase,False,,NA
73_11,73,activity,False,,NA
73_11,73,resource,False,,NA
73_11,73,timestamp,True,False,not_lexicalized
73_11,73,cost,False,,NA
73_12,73,idcase,False,,NA
73_12,73,activity,False,,NA
73_12,73,resource,False,,NA
73_12,73,timestamp,True,False,not_lexicalized
73_12,73,cost,False,,NA
73_13,73,idcase,False,,NA
73_13,73,activity,False,,NA
73_13,73,resource,False,,NA
73_13,73,timestamp,True,False,not_lexicalized
73_13,73,cost,False,,NA
73_14,73,idcase,False,,NA
73_14,73,activity,False,,NA
73_14,73,resource,False,,NA
73_14,73,timestamp,True,False,not_lexicalized
73_14,73,cost,False,,NA
73_15,73,idcase,False,,NA
73_15,73,activity,False,,NA
73_15,73,resource,False,,NA
73_15,73,timestamp,True,False,not_lexicalized
73_15,73,cost,False,,NA
73_16,73,idcase,False,,NA
73_16,73,activity,False,,NA
73_16,73,resource,False,,NA
73_16,73,timestamp,True,False,not_lexicalized
73_16,73,cost,False,,NA
73_17,73,idcase,False,,NA
73_17,73,activity,False,,NA
73_17,73,resource,False,,NA
73_17,73,timestamp,True,True,lexicalized
73_17,73,cost,False,,NA
73_18,73,idcase,False,,NA
73_18,73,activity,False,,NA
73_18,73,resource,False,,NA
73_18,73,timestamp,True,True,lexicalized
73_18,73,cost,False,,NA
75_0,75,idcase,False,,NA
75_0,75,activity,False,,NA
75_0,75,resource,True,True,lexicalized
75_0,75,timestamp,False,,NA
75_0,75,cost,False,,NA
75_1,75,idcase,False,,NA
75_1,75,activity,False,,NA
75_1,75,resource,True,True,lexicalized
75_1,75,timestamp,False,,NA
75_1,75,cost,False,,NA
75_2,75,idcase,False,,NA
75_2,75,activity,False,,NA
75_2,75,resource,True,True,lexicalized
75_2,75,timestamp,False,,NA
75_2,75,cost,False,,NA
75_3,75,idcase,False,,NA
75_3,75,activity,False,,NA
75_3,75,resource,True,True,lexicalized
75_3,75,timestamp,False,,NA
75_3,75,cost,False,,NA
75_4,75,idcase,False,,NA
75_4,75,activity,False,,NA
75_4,75,resource,True,True,lexicalized
75_4,75,timestamp,False,,NA
75_4,75,cost,False,,NA
75_5,75,idcase,False,,NA
75_5,75,activity,False,,NA
75_5,75,resource,True,True,lexicalized
75_5,75,timestamp,False,,NA
75_5,75,cost,False,,NA
75_6,75,idcase,False,,NA
75_6,75,activity,False,,NA
75_6,75,resource,True,True,lexicalized
75_6,75,timestamp,False,,NA
75_6,75,cost,False,,NA
75_7,75,idcase,False,,NA
75_7,75,activity,False,,NA
75_7,75,resource,True,True,lexicalized
75_7,75,timestamp,False,,NA
75_7,75,cost,False,,NA
76_0,76,idcase,False,,NA
76_0,76,activity,True,True,lexicalized
76_0,76,resource,False,,NA
76_0,76,timestamp,False,,NA
76_0,76,cost,False,,NA
76_1,76,idcase,False,,NA
76_1,76,activity,True,True,lexicalized
76_1,76,resource,False,,NA
76_1,76,timestamp,False,,NA
76_1,76,cost,False,,NA
76_2,76,idcase,False,,NA
76_2,76,activity,True,True,lexicalized
76_2,76,resource,False,,NA
76_2,76,timestamp,False,,NA
76_2,76,cost,False,,NA
76_3,76,idcase,False,,NA
76_3,76,activity,True,True,lexicalized
76_3,76,resource,False,,NA
76_3,76,timestamp,False,,NA
76_3,76,cost,False,,NA
76_4,76,idcase,False,,NA
76_4,76,activity,True,True,lexicalized
76_4,76,resource,False,,NA
76_4,76,timestamp,False,,NA
76_4,76,cost,False,,NA
76_5,76,idcase,False,,NA
76_5,76,activity,True,True,lexicalized
76_5,76,resource,False,,NA
76_5,76,timestamp,False,,NA
76_5,76,cost,False,,NA
76_6,76,idcase,False,,NA
76_6,76,activity,True,True,lexicalized
76_6,76,resource,False,,NA
76_6,76,timestamp,False,,NA
76_6,76,cost,False,,NA
76_7,76,idcase,False,,NA
76_7,76,activity,True,True,lexicalized
76_7,76,resource,False,,NA
76_7,76,timestamp,False,,NA
76_7,76,cost,False,,NA
76_8,76,idcase,False,,NA
76_8,76,activity,True,True,lexicalized
76_8,76,resource,False,,NA
76_8,76,timestamp,False,,NA
76_8,76,cost,False,,NA
76_9,76,idcase,False,,NA
76_9,76,activity,True,True,lexicalized
76_9,76,resource,False,,NA
76_9,76,timestamp,False,,NA
76_9,76,cost,False,,NA
76_10,76,idcase,False,,NA
76_10,76,activity,True,True,lexicalized
76_10,76,resource,False,,NA
76_10,76,timestamp,False,,NA
76_10,76,cost,False,,NA
76_11,76,idcase,False,,NA
76_11,76,activity,True,False,not_lexicalized
76_11,76,resource,False,,NA
76_11,76,timestamp,False,,NA
76_11,76,cost,False,,NA
77_0,77,idcase,True,True,lexicalized
77_0,77,activity,True,True,lexicalized
77_0,77,resource,False,,NA
77_0,77,timestamp,False,,NA
77_0,77,cost,False,,NA
77_1,77,idcase,True,True,lexicalized
77_1,77,activity,True,True,lexicalized
77_1,77,resource,False,,NA
77_1,77,timestamp,False,,NA
77_1,77,cost,False,,NA
77_2,77,idcase,True,True,lexicalized
77_2,77,activity,True,True,lexicalized
77_2,77,resource,False,,NA
77_2,77,timestamp,False,,NA
77_2,77,cost,False,,NA
77_3,77,idcase,True,True,lexicalized
77_3,77,activity,True,True,lexicalized
77_3,77,resource,False,,NA
77_3,77,timestamp,False,,NA
77_3,77,cost,False,,NA
77_4,77,idcase,True,True,lexicalized
77_4,77,activity,True,True,lexicalized
77_4,77,resource,False,,NA
77_4,77,timestamp,False,,NA
77_4,77,cost,False,,NA
77_5,77,idcase,True,True,lexicalized
77_5,77,activity,True,True,lexicalized
77_5,77,resource,False,,NA
77_5,77,timestamp,False,,NA
77_5,77,cost,False,,NA
77_6,77,idcase,True,True,lexicalized
77_6,77,activity,True,True,lexicalized
77_6,77,resource,False,,NA
77_6,77,timestamp,False,,NA
77_6,77,cost,False,,NA
77_7,77,idcase,True,True,lexicalized
77_7,77,activity,True,True,lexicalized
77_7,77,resource,False,,NA
77_7,77,timestamp,False,,NA
77_7,77,cost,False,,NA
77_8,77,idcase,True,True,lexicalized
77_8,77,activity,True,True,lexicalized
77_8,77,resource,False,,NA
77_8,77,timestamp,False,,NA
77_8,77,cost,False,,NA
77_9,77,idcase,True,True,lexicalized
77_9,77,activity,True,True,lexicalized
77_9,77,resource,False,,NA
77_9,77,timestamp,False,,NA
77_9,77,cost,False,,NA
77_10,77,idcase,True,False,not_lexicalized
77_10,77,activity,True,False,not_lexicalized
77_10,77,resource,False,,NA
77_10,77,timestamp,False,,NA
77_10,77,cost,False,,NA
78_0,78,idcase,True,True,lexicalized
78_0,78,activity,False,,NA
78_0,78,resource,False,,NA
78_0,78,timestamp,False,,NA
78_0,78,cost,False,,NA
78_1,78,idcase,True,True,lexicalized
78_1,78,activity,False,,NA
78_1,78,resource,False,,NA
78_1,78,timestamp,False,,NA
78_1,78,cost,False,,NA
78_2,78,idcase,True,True,lexicalized
78_2,78,activity,False,,NA
78_2,78,resource,False,,NA
78_2,78,timestamp,False,,NA
78_2,78,cost,False,,NA
78_3,78,idcase,True,True,lexicalized
78_3,78,activity,False,,NA
78_3,78,resource,False,,NA
78_3,78,timestamp,False,,NA
78_3,78,cost,False,,NA
78_4,78,idcase,True,True,lexicalized
78_4,78,activity,False,,NA
78_4,78,resource,False,,NA
78_4,78,timestamp,False,,NA
78_4,78,cost,False,,NA
78_5,78,idcase,True,True,lexicalized
78_5,78,activity,False,,NA
78_5,78,resource,False,,NA
78_5,78,timestamp,False,,NA
78_5,78,cost,False,,NA
78_6,78,idcase,True,True,lexicalized
78_6,78,activity,False,,NA
78_6,78,resource,False,,NA
78_6,78,timestamp,False,,NA
78_6,78,cost,False,,NA
79_0,79,idcase,False,,NA
79_0,79,activity,True,True,lexicalized
79_0,79,resource,False,,NA
79_0,79,timestamp,True,False,not_lexicalized
79_0,79,cost,False,,NA
79_1,79,idcase,False,,NA
79_1,79,activity,True,True,lexicalized
79_1,79,resource,False,,NA
79_1,79,timestamp,True,False,not_lexicalized
79_1,79,cost,False,,NA
79_2,79,idcase,False,,NA
79_2,79,activity,True,True,lexicalized
79_2,79,resource,False,,NA
79_2,79,timestamp,True,False,not_lexicalized
79_2,79,cost,False,,NA
79_3,79,idcase,False,,NA
79_3,79,activity,True,True,lexicalized
79_3,79,resource,False,,NA
79_3,79,timestamp,True,False,not_lexicalized
79_3,79,cost,False,,NA
79_4,79,idcase,False,,NA
79_4,79,activity,True,True,lexicalized
79_4,79,resource,False,,NA
79_4,79,timestamp,True,False,not_lexicalized
79_4,79,cost,False,,NA
79_5,79,idcase,False,,NA
79_5,79,activity,True,True,lexicalized
79_5,79,resource,False,,NA
79_5,79,timestamp,True,False,not_lexicalized
79_5,79,cost,False,,NA
79_6,79,idcase,False,,NA
79_6,79,activity,True,True,lexicalized
79_6,79,resource,False,,NA
79_6,79,timestamp,True,False,not_lexicalized
79_6,79,cost,False,,NA
79_7,79,idcase,False,,NA
79_7,79,activity,True,True,lexicalized
79_7,79,resource,False,,NA
79_7,79,timestamp,True,False,not_lexicalized
79_7,79,cost,False,,NA
79_8,79,idcase,False,,NA
79_8,79,activity,True,True,lexicalized
79_8,79,resource,False,,NA
79_8,79,timestamp,True,False,not_lexicalized
79_8,79,cost,False,,NA
79_9,79,idcase,False,,NA
79_9,79,activity,True,False,not_lexicalized
79_9,79,resource,False,,NA
79_9,79,timestamp,True,False,not_lexicalized
79_9,79,cost,False,,NA
79_10,79,idcase,False,,NA
79_10,79,activity,True,False,not_lexicalized
79_10,79,resource,False,,NA
79_10,79,timestamp,True,False,not_lexicalized
79_10,79,cost,False,,NA
80_0,80,idcase,True,False,not_lexicalized
80_0,80,activity,False,,NA
80_0,80,resource,True,True,lexicalized
80_0,80,timestamp,False,,NA
80_0,80,cost,False,,NA
80_1,80,idcase,True,True,lexicalized
80_1,80,activity,False,,NA
80_1,80,resource,True,True,lexicalized
80_1,80,timestamp,False,,NA
80_1,80,cost,False,,NA
80_2,80,idcase,True,False,not_lexicalized
80_2,80,activity,False,,NA
80_2,80,resource,True,True,lexicalized
80_2,80,timestamp,False,,NA
80_2,80,cost,False,,NA
80_3,80,idcase,True,False,not_lexicalized
80_3,80,activity,False,,NA
80_3,80,resource,True,True,lexicalized
80_3,80,timestamp,False,,NA
80_3,80,cost,False,,NA
80_4,80,idcase,True,False,not_lexicalized
80_4,80,activity,False,,NA
80_4,80,resource,True,True,lexicalized
80_4,80,timestamp,False,,NA
80_4,80,cost,False,,NA
80_5,80,idcase,True,False,not_lexicalized
80_5,80,activity,False,,NA
80_5,80,resource,True,True,lexicalized
80_5,80,timestamp,False,,NA
80_5,80,cost,False,,NA
80_6,80,idcase,True,False,not_lexicalized
80_6,80,activity,False,,NA
80_6,80,resource,True,True,lexicalized
80_6,80,timestamp,False,,NA
80_6,80,cost,False,,NA
80_7,80,idcase,True,False,not_lexicalized
80_7,80,activity,False,,NA
80_7,80,resource,True,True,lexicalized
80_7,80,timestamp,False,,NA
80_7,80,cost,False,,NA
80_8,80,idcase,True,True,lexicalized
80_8,80,activity,False,,NA
80_8,80,resource,True,True,lexicalized
80_8,80,timestamp,False,,NA
80_8,80,cost,False,,NA
80_9,80,idcase,True,True,lexicalized
80_9,80,activity,False,,NA
80_9,80,resource,True,True,lexicalized
80_9,80,timestamp,False,,NA
80_9,80,cost,False,,NA
80_10,80,idcase,True,False,not_lexicalized
80_10,80,activity,False,,NA
80_10,80,resource,True,False,not_lexicalized
80_10,80,timestamp,False,,NA
80_10,80,cost,False,,NA
81_0,81,idcase,False,,NA
81_0,81,activity,False,,NA
81_0,81,resource,True,True,lexicalized
81_0,81,timestamp,False,,NA
81_0,81,cost,False,,NA
81_1,81,idcase,False,,NA
81_1,81,activity,False,,NA
81_1,81,resource,True,True,lexicalized
81_1,81,timestamp,False,,NA
81_1,81,cost,False,,NA
81_2,81,idcase,False,,NA
81_2,81,activity,False,,NA
81_2,81,resource,True,True,lexicalized
81_2,81,timestamp,False,,NA
81_2,81,cost,False,,NA
81_3,81,idcase,False,,NA
81_3,81,activity,False,,NA
81_3,81,resource,True,True,lexicalized
81_3,81,timestamp,False,,NA
81_3,81,cost,False,,NA
81_4,81,idcase,False,,NA
81_4,81,activity,False,,NA
81_4,81,resource,True,True,lexicalized
81_4,81,timestamp,False,,NA
81_4,81,cost,False,,NA
81_5,81,idcase,False,,NA
81_5,81,activity,False,,NA
81_5,81,resource,True,True,lexicalized
81_5,81,timestamp,False,,NA
81_5,81,cost,False,,NA
81_6,81,idcase,False,,NA
81_6,81,activity,False,,NA
81_6,81,resource,True,True,lexicalized
81_6,81,timestamp,False,,NA
81_6,81,cost,False,,NA
81_7,81,idcase,False,,NA
81_7,81,activity,False,,NA
81_7,81,resource,True,True,lexicalized
81_7,81,timestamp,False,,NA
81_7,81,cost,False,,NA
82_0,82,idcase,True,False,not_lexicalized
82_0,82,activity,False,,NA
82_0,82,resource,True,True,lexicalized
82_0,82,timestamp,False,,NA
82_0,82,cost,False,,NA
82_1,82,idcase,True,False,not_lexicalized
82_1,82,activity,False,,NA
82_1,82,resource,True,True,lexicalized
82_1,82,timestamp,False,,NA
82_1,82,cost,False,,NA
82_2,82,idcase,True,False,not_lexicalized
82_2,82,activity,False,,NA
82_2,82,resource,True,True,lexicalized
82_2,82,timestamp,False,,NA
82_2,82,cost,False,,NA
82_3,82,idcase,True,False,not_lexicalized
82_3,82,activity,False,,NA
82_3,82,resource,True,True,lexicalized
82_3,82,timestamp,False,,NA
82_3,82,cost,False,,NA
82_4,82,idcase,True,False,not_lexicalized
82_4,82,activity,False,,NA
82_4,82,resource,True,False,not_lexicalized
82_4,82,timestamp,False,,NA
82_4,82,cost,False,,NA
83_0,83,idcase,True,False,not_lexicalized
83_0,83,activity,False,,NA
83_0,83,resource,True,True,lexicalized
83_0,83,timestamp,True,False,not_lexicalized
83_0,83,cost,False,,NA
83_1,83,idcase,True,False,not_lexicalized
83_1,83,activity,False,,NA
83_1,83,resource,True,True,lexicalized
83_1,83,timestamp,True,False,not_lexicalized
83_1,83,cost,False,,NA
83_2,83,idcase,True,False,not_lexicalized
83_2,83,activity,False,,NA
83_2,83,resource,True,True,lexicalized
83_2,83,timestamp,True,False,not_lexicalized
83_2,83,cost,False,,NA
83_3,83,idcase,True,False,not_lexicalized
83_3,83,activity,False,,NA
83_3,83,resource,True,True,lexicalized
83_3,83,timestamp,True,False,not_lexicalized
83_3,83,cost,False,,NA
83_4,83,idcase,True,False,not_lexicalized
83_4,83,activity,False,,NA
83_4,83,resource,True,True,lexicalized
83_4,83,timestamp,True,False,not_lexicalized
83_4,83,cost,False,,NA
83_5,83,idcase,True,True,lexicalized
83_5,83,activity,False,,NA
83_5,83,resource,True,True,lexicalized
83_5,83,timestamp,True,False,not_lexicalized
83_5,83,cost,False,,NA
83_6,83,idcase,True,True,lexicalized
83_6,83,activity,False,,NA
83_6,83,resource,True,True,lexicalized
83_6,83,timestamp,True,False,not_lexicalized
83_6,83,cost,False,,NA
83_7,83,idcase,True,False,not_lexicalized
83_7,83,activity,False,,NA
83_7,83,resource,True,True,lexicalized
83_7,83,timestamp,True,False,not_lexicalized
83_7,83,cost,False,,NA
83_8,83,idcase,True,False,not_lexicalized
83_8,83,activity,False,,NA
83_8,83,resource,True,True,lexicalized
83_8,83,timestamp,True,False,not_lexicalized
83_8,83,cost,False,,NA
84_0,84,idcase,True,False,not_lexicalized
84_0,84,activity,False,,NA
84_0,84,resource,True,True,lexicalized
84_0,84,timestamp,True,False,not_lexicalized
84_0,84,cost,False,,NA
84_1,84,idcase,True,False,not_lexicalized
84_1,84,activity,False,,NA
84_1,84,resource,True,True,lexicalized
84_1,84,timestamp,True,False,not_lexicalized
84_1,84,cost,False,,NA
84_2,84,idcase,True,False,not_lexicalized
84_2,84,activity,False,,NA
84_2,84,resource,True,True,lexicalized
84_2,84,timestamp,True,False,not_lexicalized
84_2,84,cost,False,,NA
85_0,85,idcase,False,,NA
85_0,85,activity,True,True,lexicalized
85_0,85,resource,True,True,lexicalized
85_0,85,timestamp,False,,NA
85_0,85,cost,False,,NA
85_1,85,idcase,False,,NA
85_1,85,activity,True,True,lexicalized
85_1,85,resource,True,True,lexicalized
85_1,85,timestamp,False,,NA
85_1,85,cost,False,,NA
85_2,85,idcase,False,,NA
85_2,85,activity,True,True,lexicalized
85_2,85,resource,True,True,lexicalized
85_2,85,timestamp,False,,NA
85_2,85,cost,False,,NA
85_3,85,idcase,False,,NA
85_3,85,activity,True,False,not_lexicalized
85_3,85,resource,True,True,lexicalized
85_3,85,timestamp,False,,NA
85_3,85,cost,False,,NA
85_4,85,idcase,False,,NA
85_4,85,activity,True,False,not_lexicalized
85_4,85,resource,True,True,lexicalized
85_4,85,timestamp,False,,NA
85_4,85,cost,False,,NA
86_0,86,idcase,True,True,lexicalized
86_0,86,activity,True,True,lexicalized
86_0,86,resource,False,,NA
86_0,86,timestamp,False,,NA
86_0,86,cost,False,,NA
86_1,86,idcase,True,True,lexicalized
86_1,86,activity,True,True,lexicalized
86_1,86,resource,False,,NA
86_1,86,timestamp,False,,NA
86_1,86,cost,False,,NA
86_2,86,idcase,True,True,lexicalized
86_2,86,activity,True,True,lexicalized
86_2,86,resource,False,,NA
86_2,86,timestamp,False,,NA
86_2,86,cost,False,,NA
86_3,86,idcase,True,True,lexicalized
86_3,86,activity,True,True,lexicalized
86_3,86,resource,False,,NA
86_3,86,timestamp,False,,NA
86_3,86,cost,False,,NA
86_4,86,idcase,True,True,lexicalized
86_4,86,activity,True,True,lexicalized
86_4,86,resource,False,,NA
86_4,86,timestamp,False,,NA
86_4,86,cost,False,,NA
86_5,86,idcase,True,False,not_lexicalized
86_5,86,activity,True,True,lexicalized
86_5,86,resource,False,,NA
86_5,86,timestamp,False,,NA
86_5,86,cost,False,,NA
86_6,86,idcase,True,True,lexicalized
86_6,86,activity,True,False,not_lexicalized
86_6,86,resource,False,,NA
86_6,86,timestamp,False,,NA
86_6,86,cost,False,,NA
86_7,86,idcase,True,True,lexicalized
86_7,86,activity,True,False,not_lexicalized
86_7,86,resource,False,,NA
86_7,86,timestamp,False,,NA
86_7,86,cost,False,,NA
86_8,86,idcase,True,True,lexicalized
86_8,86,activity,True,False,not_lexicalized
86_8,86,resource,False,,NA
86_8,86,timestamp,False,,NA
86_8,86,cost,False,,NA
86_9,86,idcase,True,False,not_lexicalized
86_9,86,activity,True,False,not_lexicalized
86_9,86,resource,False,,NA
86_9,86,timestamp,False,,NA
86_9,86,cost,False,,NA
87_0,87,idcase,False,,NA
87_0,87,activity,False,,NA
87_0,87,resource,True,True,lexicalized
87_0,87,timestamp,False,,NA
87_0,87,cost,False,,NA
87_1,87,idcase,False,,NA
87_1,87,activity,False,,NA
87_1,87,resource,True,True,lexicalized
87_1,87,timestamp,False,,NA
87_1,87,cost,False,,NA
87_2,87,idcase,False,,NA
87_2,87,activity,False,,NA
87_2,87,resource,True,True,lexicalized
87_2,87,timestamp,False,,NA
87_2,87,cost,False,,NA
87_3,87,idcase,False,,NA
87_3,87,activity,False,,NA
87_3,87,resource,True,True,lexicalized
87_3,87,timestamp,False,,NA
87_3,87,cost,False,,NA
87_4,87,idcase,False,,NA
87_4,87,activity,False,,NA
87_4,87,resource,True,True,lexicalized
87_4,87,timestamp,False,,NA
87_4,87,cost,False,,NA
87_5,87,idcase,False,,NA
87_5,87,activity,False,,NA
87_5,87,resource,True,True,lexicalized
87_5,87,timestamp,False,,NA
87_5,87,cost,False,,NA
87_6,87,idcase,False,,NA
87_6,87,activity,False,,NA
87_6,87,resource,True,True,lexicalized
87_6,87,timestamp,False,,NA
87_6,87,cost,False,,NA
87_7,87,idcase,False,,NA
87_7,87,activity,False,,NA
87_7,87,resource,True,True,lexicalized
87_7,87,timestamp,False,,NA
87_7,87,cost,False,,NA
88_0,88,idcase,True,False,not_lexicalized
88_0,88,activity,False,,NA
88_0,88,resource,False,,NA
88_0,88,timestamp,True,False,not_lexicalized
88_0,88,cost,False,,NA
88_1,88,idcase,True,False,not_lexicalized
88_1,88,activity,False,,NA
88_1,88,resource,False,,NA
88_1,88,timestamp,True,False,not_lexicalized
88_1,88,cost,False,,NA
88_2,88,idcase,True,False,not_lexicalized
88_2,88,activity,False,,NA
88_2,88,resource,False,,NA
88_2,88,timestamp,True,False,not_lexicalized
88_2,88,cost,False,,NA
88_3,88,idcase,True,True,lexicalized
88_3,88,activity,False,,NA
88_3,88,resource,False,,NA
88_3,88,timestamp,True,False,not_lexicalized
88_3,88,cost,False,,NA
88_4,88,idcase,True,True,lexicalized
88_4,88,activity,False,,NA
88_4,88,resource,False,,NA
88_4,88,timestamp,True,False,not_lexicalized
88_4,88,cost,False,,NA
88_5,88,idcase,True,True,lexicalized
88_5,88,activity,False,,NA
88_5,88,resource,False,,NA
88_5,88,timestamp,True,False,not_lexicalized
88_5,88,cost,False,,NA
88_6,88,idcase,True,False,not_lexicalized
88_6,88,activity,False,,NA
88_6,88,resource,False,,NA
88_6,88,timestamp,True,False,not_lexicalized
88_6,88,cost,False,,NA
88_7,88,idcase,True,False,not_lexicalized
88_7,88,activity,False,,NA
88_7,88,resource,False,,NA
88_7,88,timestamp,True,False,not_lexicalized
88_7,88,cost,False,,NA
88_8,88,idcase,True,False,not_lexicalized
88_8,88,activity,False,,NA
88_8,88,resource,False,,NA
88_8,88,timestamp,True,False,not_lexicalized
88_8,88,cost,False,,NA
88_9,88,idcase,True,False,not_lexicalized
88_9,88,activity,False,,NA
88_9,88,resource,False,,NA
88_9,88,timestamp,True,False,not_lexicalized
88_9,88,cost,False,,NA
89_0,89,idcase,True,True,lexicalized
89_0,89,activity,True,True,lexicalized
89_0,89,resource,False,,NA
89_0,89,timestamp,True,False,not_lexicalized
89_0,89,cost,False,,NA
89_1,89,idcase,True,True,lexicalized
89_1,89,activity,True,True,lexicalized
89_1,89,resource,False,,NA
89_1,89,timestamp,True,True,lexicalized
89_1,89,cost,False,,NA
89_2,89,idcase,True,True,lexicalized
89_2,89,activity,True,True,lexicalized
89_2,89,resource,False,,NA
89_2,89,timestamp,True,False,not_lexicalized
89_2,89,cost,False,,NA
89_3,89,idcase,True,True,lexicalized
89_3,89,activity,True,True,lexicalized
89_3,89,resource,False,,NA
89_3,89,timestamp,True,False,not_lexicalized
89_3,89,cost,False,,NA
89_4,89,idcase,True,True,lexicalized
89_4,89,activity,True,True,lexicalized
89_4,89,resource,False,,NA
89_4,89,timestamp,True,True,lexicalized
89_4,89,cost,False,,NA
89_5,89,idcase,True,True,lexicalized
89_5,89,activity,True,True,lexicalized
89_5,89,resource,False,,NA
89_5,89,timestamp,True,False,not_lexicalized
89_5,89,cost,False,,NA
89_6,89,idcase,True,True,lexicalized
89_6,89,activity,True,False,not_lexicalized
89_6,89,resource,False,,NA
89_6,89,timestamp,True,False,not_lexicalized
89_6,89,cost,False,,NA
90_0,90,idcase,True,True,lexicalized
90_0,90,activity,False,,NA
90_0,90,resource,True,True,lexicalized
90_0,90,timestamp,False,,NA
90_0,90,cost,False,,NA
90_1,90,idcase,True,True,lexicalized
90_1,90,activity,False,,NA
90_1,90,resource,True,True,lexicalized
90_1,90,timestamp,False,,NA
90_1,90,cost,False,,NA
90_2,90,idcase,True,True,lexicalized
90_2,90,activity,False,,NA
90_2,90,resource,True,True,lexicalized
90_2,90,timestamp,False,,NA
90_2,90,cost,False,,NA
90_3,90,idcase,True,True,lexicalized
90_3,90,activity,False,,NA
90_3,90,resource,True,True,lexicalized
90_3,90,timestamp,False,,NA
90_3,90,cost,False,,NA
90_4,90,idcase,True,True,lexicalized
90_4,90,activity,False,,NA
90_4,90,resource,True,True,lexicalized
90_4,90,timestamp,False,,NA
90_4,90,cost,False,,NA
90_5,90,idcase,True,True,lexicalized
90_5,90,activity,False,,NA
90_5,90,resource,True,True,lexicalized
90_5,90,timestamp,False,,NA
90_5,90,cost,False,,NA
90_6,90,idcase,True,True,lexicalized
90_6,90,activity,False,,NA
90_6,90,resource,True,True,lexicalized
90_6,90,timestamp,False,,NA
90_6,90,cost,False,,NA
90_7,90,idcase,True,True,lexicalized
90_7,90,activity,False,,NA
90_7,90,resource,True,True,lexicalized
90_7,90,timestamp,False,,NA
90_7,90,cost,False,,NA
90_8,90,idcase,True,True,lexicalized
90_8,90,activity,False,,NA
90_8,90,resource,True,True,lexicalized
90_8,90,timestamp,False,,NA
90_8,90,cost,False,,NA
90_9,90,idcase,True,True,lexicalized
90_9,90,activity,False,,NA
90_9,90,resource,True,False,not_lexicalized
90_9,90,timestamp,False,,NA
90_9,90,cost,False,,NA
90_10,90,idcase,True,True,lexicalized
90_10,90,activity,False,,NA
90_10,90,resource,True,True,lexicalized
90_10,90,timestamp,False,,NA
90_10,90,cost,False,,NA
91_0,91,idcase,False,,NA
91_0,91,activity,True,True,lexicalized
91_0,91,resource,False,,NA
91_0,91,timestamp,False,,NA
91_0,91,cost,False,,NA
91_1,91,idcase,False,,NA
91_1,91,activity,True,True,lexicalized
91_1,91,resource,False,,NA
91_1,91,timestamp,False,,NA
91_1,91,cost,False,,NA
91_2,91,idcase,False,,NA
91_2,91,activity,True,True,lexicalized
91_2,91,resource,False,,NA
91_2,91,timestamp,False,,NA
91_2,91,cost,False,,NA
91_3,91,idcase,False,,NA
91_3,91,activity,True,True,lexicalized
91_3,91,resource,False,,NA
91_3,91,timestamp,False,,NA
91_3,91,cost,False,,NA
91_4,91,idcase,False,,NA
91_4,91,activity,True,False,not_lexicalized
91_4,91,resource,False,,NA
91_4,91,timestamp,False,,NA
91_4,91,cost,False,,NA
92_0,92,idcase,False,,NA
92_0,92,activity,True,True,lexicalized
92_0,92,resource,True,True,lexicalized
92_0,92,timestamp,False,,NA
92_0,92,cost,False,,NA
92_1,92,idcase,False,,NA
92_1,92,activity,True,True,lexicalized
92_1,92,resource,True,True,lexicalized
92_1,92,timestamp,False,,NA
92_1,92,cost,False,,NA
92_2,92,idcase,False,,NA
92_2,92,activity,True,True,lexicalized
92_2,92,resource,True,True,lexicalized
92_2,92,timestamp,False,,NA
92_2,92,cost,False,,NA
93_0,93,idcase,False,,NA
93_0,93,activity,True,True,lexicalized
93_0,93,resource,True,True,lexicalized
93_0,93,timestamp,False,,NA
93_0,93,cost,False,,NA
93_1,93,idcase,False,,NA
93_1,93,activity,True,True,lexicalized
93_1,93,resource,True,True,lexicalized
93_1,93,timestamp,False,,NA
93_1,93,cost,False,,NA
93_2,93,idcase,False,,NA
93_2,93,activity,True,True,lexicalized
93_2,93,resource,True,True,lexicalized
93_2,93,timestamp,False,,NA
93_2,93,cost,False,,NA
93_3,93,idcase,False,,NA
93_3,93,activity,True,True,lexicalized
93_3,93,resource,True,True,lexicalized
93_3,93,timestamp,False,,NA
93_3,93,cost,False,,NA
93_4,93,idcase,False,,NA
93_4,93,activity,True,True,lexicalized
93_4,93,resource,True,True,lexicalized
93_4,93,timestamp,False,,NA
93_4,93,cost,False,,NA
94_0,94,idcase,True,True,lexicalized
94_0,94,activity,True,True,lexicalized
94_0,94,resource,True,True,lexicalized
94_0,94,timestamp,False,,NA
94_0,94,cost,False,,NA
94_1,94,idcase,True,True,lexicalized
94_1,94,activity,True,True,lexicalized
94_1,94,resource,True,True,lexicalized
94_1,94,timestamp,False,,NA
94_1,94,cost,False,,NA
94_2,94,idcase,True,True,lexicalized
94_2,94,activity,True,True,lexicalized
94_2,94,resource,True,True,lexicalized
94_2,94,timestamp,False,,NA
94_2,94,cost,False,,NA
94_3,94,idcase,True,True,lexicalized
94_3,94,activity,True,True,lexicalized
94_3,94,resource,True,True,lexicalized
94_3,94,timestamp,False,,NA
94_3,94,cost,False,,NA
94_4,94,idcase,True,True,lexicalized
94_4,94,activity,True,True,lexicalized
94_4,94,resource,True,True,lexicalized
94_4,94,timestamp,False,,NA
94_4,94,cost,False,,NA
94_5,94,idcase,True,True,lexicalized
94_5,94,activity,True,True,lexicalized
94_5,94,resource,True,True,lexicalized
94_5,94,timestamp,False,,NA
94_5,94,cost,False,,NA
94_6,94,idcase,True,True,lexicalized
94_6,94,activity,True,True,lexicalized
94_6,94,resource,True,True,lexicalized
94_6,94,timestamp,False,,NA
94_6,94,cost,False,,NA
94_7,94,idcase,True,False,not_lexicalized
94_7,94,activity,True,False,not_lexicalized
94_7,94,resource,True,True,lexicalized
94_7,94,timestamp,False,,NA
94_7,94,cost,False,,NA
94_8,94,idcase,True,False,not_lexicalized
94_8,94,activity,True,False,not_lexicalized
94_8,94,resource,True,True,lexicalized
94_8,94,timestamp,False,,NA
94_8,94,cost,False,,NA
95_0,95,idcase,True,True,lexicalized
95_0,95,activity,True,True,lexicalized
95_0,95,resource,False,,NA
95_0,95,timestamp,False,,NA
95_0,95,cost,False,,NA
95_1,95,idcase,True,True,lexicalized
95_1,95,activity,True,True,lexicalized
95_1,95,resource,False,,NA
95_1,95,timestamp,False,,NA
95_1,95,cost,False,,NA
95_2,95,idcase,True,True,lexicalized
95_2,95,activity,True,True,lexicalized
95_2,95,resource,False,,NA
95_2,95,timestamp,False,,NA
95_2,95,cost,False,,NA
95_3,95,idcase,True,True,lexicalized
95_3,95,activity,True,False,not_lexicalized
95_3,95,resource,False,,NA
95_3,95,timestamp,False,,NA
95_3,95,cost,False,,NA
96_0,96,idcase,False,,NA
96_0,96,activity,True,True,lexicalized
96_0,96,resource,True,True,lexicalized
96_0,96,timestamp,False,,NA
96_0,96,cost,False,,NA
96_1,96,idcase,False,,NA
96_1,96,activity,True,True,lexicalized
96_1,96,resource,True,True,lexicalized
96_1,96,timestamp,False,,NA
96_1,96,cost,False,,NA
96_2,96,idcase,False,,NA
96_2,96,activity,True,True,lexicalized
96_2,96,resource,True,True,lexicalized
96_2,96,timestamp,False,,NA
96_2,96,cost,False,,NA
96_3,96,idcase,False,,NA
96_3,96,activity,True,True,lexicalized
96_3,96,resource,True,True,lexicalized
96_3,96,timestamp,False,,NA
96_3,96,cost,False,,NA
96_4,96,idcase,False,,NA
96_4,96,activity,True,True,lexicalized
96_4,96,resource,True,True,lexicalized
96_4,96,timestamp,False,,NA
96_4,96,cost,False,,NA
96_5,96,idcase,False,,NA
96_5,96,activity,True,True,lexicalized
96_5,96,resource,True,True,lexicalized
96_5,96,timestamp,False,,NA
96_5,96,cost,False,,NA
96_6,96,idcase,False,,NA
96_6,96,activity,True,False,not_lexicalized
96_6,96,resource,True,True,lexicalized
96_6,96,timestamp,False,,NA
96_6,96,cost,False,,NA
97_0,97,idcase,True,False,not_lexicalized
97_0,97,activity,True,True,lexicalized
97_0,97,resource,False,,NA
97_0,97,timestamp,True,False,not_lexicalized
97_0,97,cost,False,,NA
97_1,97,idcase,True,False,not_lexicalized
97_1,97,activity,True,True,lexicalized
97_1,97,resource,False,,NA
97_1,97,timestamp,True,False,not_lexicalized
97_1,97,cost,False,,NA
97_2,97,idcase,True,True,lexicalized
97_2,97,activity,True,True,lexicalized
97_2,97,resource,False,,NA
97_2,97,timestamp,True,False,not_lexicalized
97_2,97,cost,False,,NA
97_3,97,idcase,True,True,lexicalized
97_3,97,activity,True,True,lexicalized
97_3,97,resource,False,,NA
97_3,97,timestamp,True,False,not_lexicalized
97_3,97,cost,False,,NA
97_4,97,idcase,True,False,not_lexicalized
97_4,97,activity,True,True,lexicalized
97_4,97,resource,False,,NA
97_4,97,timestamp,True,False,not_lexicalized
97_4,97,cost,False,,NA
97_5,97,idcase,True,False,not_lexicalized
97_5,97,activity,True,True,lexicalized
97_5,97,resource,False,,NA
97_5,97,timestamp,True,False,not_lexicalized
97_5,97,cost,False,,NA
97_6,97,idcase,True,False,not_lexicalized
97_6,97,activity,True,False,not_lexicalized
97_6,97,resource,False,,NA
97_6,97,timestamp,True,False,not_lexicalized
97_6,97,cost,False,,NA
97_7,97,idcase,True,False,not_lexicalized
97_7,97,activity,True,False,not_lexicalized
97_7,97,resource,False,,NA
97_7,97,timestamp,True,False,not_lexicalized
97_7,97,cost,False,,NA
98_0,98,idcase,True,True,lexicalized
98_0,98,activity,False,,NA
98_0,98,resource,True,True,lexicalized
98_0,98,timestamp,False,,NA
98_0,98,cost,False,,NA
98_1,98,idcase,True,True,lexicalized
98_1,98,activity,False,,NA
98_1,98,resource,True,True,lexicalized
98_1,98,timestamp,False,,NA
98_1,98,cost,False,,NA
98_2,98,idcase,True,True,lexicalized
98_2,98,activity,False,,NA
98_2,98,resource,True,True,lexicalized
98_2,98,timestamp,False,,NA
98_2,98,cost,False,,NA
98_3,98,idcase,True,True,lexicalized
98_3,98,activity,False,,NA
98_3,98,resource,True,True,lexicalized
98_3,98,timestamp,False,,NA
98_3,98,cost,False,,NA
98_4,98,idcase,True,True,lexicalized
98_4,98,activity,False,,NA
98_4,98,resource,True,True,lexicalized
98_4,98,timestamp,False,,NA
98_4,98,cost,False,,NA
98_5,98,idcase,True,True,lexicalized
98_5,98,activity,False,,NA
98_5,98,resource,True,True,lexicalized
98_5,98,timestamp,False,,NA
98_5,98,cost,False,,NA
98_6,98,idcase,True,True,lexicalized
98_6,98,activity,False,,NA
98_6,98,resource,True,True,lexicalized
98_6,98,timestamp,False,,NA
98_6,98,cost,False,,NA
98_7,98,idcase,True,True,lexicalized
98_7,98,activity,False,,NA
98_7,98,resource,True,True,lexicalized
98_7,98,timestamp,False,,NA
98_7,98,cost,False,,NA
99_0,99,idcase,True,False,not_lexicalized
99_0,99,activity,False,,NA
99_0,99,resource,True,False,not_lexicalized
99_0,99,timestamp,False,,NA
99_0,99,cost,False,,NA
99_1,99,idcase,True,False,not_lexicalized
99_1,99,activity,False,,NA
99_1,99,resource,True,False,not_lexicalized
99_1,99,timestamp,False,,NA
99_1,99,cost,False,,NA
99_2,99,idcase,True,False,not_lexicalized
99_2,99,activity,False,,NA
99_2,99,resource,True,False,not_lexicalized
99_2,99,timestamp,False,,NA
99_2,99,cost,False,,NA
99_3,99,idcase,True,False,not_lexicalized
99_3,99,activity,False,,NA
99_3,99,resource,True,True,lexicalized
99_3,99,timestamp,False,,NA
99_3,99,cost,False,,NA
99_4,99,idcase,True,False,not_lexicalized
99_4,99,activity,False,,NA
99_4,99,resource,True,True,lexicalized
99_4,99,timestamp,False,,NA
99_4,99,cost,False,,NA
99_5,99,idcase,True,True,lexicalized
99_5,99,activity,False,,NA
99_5,99,resource,True,True,lexicalized
99_5,99,timestamp,False,,NA
99_5,99,cost,False,,NA
99_6,99,idcase,True,True,lexicalized
99_6,99,activity,False,,NA
99_6,99,resource,True,True,lexicalized
99_6,99,timestamp,False,,NA
99_6,99,cost,False,,NA
99_7,99,idcase,True,False,not_lexicalized
99_7,99,activity,False,,NA
99_7,99,resource,True,True,lexicalized
99_7,99,timestamp,False,,NA
99_7,99,cost,False,,NA
100_0,100,idcase,True,False,not_lexicalized
100_0,100,activity,False,,NA
100_0,100,resource,True,True,lexicalized
100_0,100,timestamp,False,,NA
100_0,100,cost,False,,NA
100_1,100,idcase,True,True,lexicalized
100_1,100,activity,False,,NA
100_1,100,resource,True,True,lexicalized
100_1,100,timestamp,False,,NA
100_1,100,cost,False,,NA
100_2,100,idcase,True,False,not_lexicalized
100_2,100,activity,False,,NA
100_2,100,resource,True,True,lexicalized
100_2,100,timestamp,False,,NA
100_2,100,cost,False,,NA
100_3,100,idcase,True,False,not_lexicalized
100_3,100,activity,False,,NA
100_3,100,resource,True,True,lexicalized
100_3,100,timestamp,False,,NA
100_3,100,cost,False,,NA
100_4,100,idcase,True,False,not_lexicalized
100_4,100,activity,False,,NA
100_4,100,resource,True,True,lexicalized
100_4,100,timestamp,False,,NA
100_4,100,cost,False,,NA
100_5,100,idcase,True,True,lexicalized
100_5,100,activity,False,,NA
100_5,100,resource,True,True,lexicalized
100_5,100,timestamp,False,,NA
100_5,100,cost,False,,NA
100_6,100,idcase,True,True,lexicalized
100_6,100,activity,False,,NA
100_6,100,resource,True,True,lexicalized
100_6,100,timestamp,False,,NA
100_6,100,cost,False,,NA
100_7,100,idcase,True,False,not_lexicalized
100_7,100,activity,False,,NA
100_7,100,resource,True,True,lexicalized
100_7,100,timestamp,False,,NA
100_7,100,cost,False,,NA
101_0,101,idcase,True,False,not_lexicalized
101_0,101,activity,False,,NA
101_0,101,resource,False,,NA
101_0,101,timestamp,True,True,lexicalized
101_0,101,cost,False,,NA
101_1,101,idcase,True,False,not_lexicalized
101_1,101,activity,False,,NA
101_1,101,resource,False,,NA
101_1,101,timestamp,True,True,lexicalized
101_1,101,cost,False,,NA
101_2,101,idcase,True,False,not_lexicalized
101_2,101,activity,False,,NA
101_2,101,resource,False,,NA
101_2,101,timestamp,True,True,lexicalized
101_2,101,cost,False,,NA
101_3,101,idcase,True,False,not_lexicalized
101_3,101,activity,False,,NA
101_3,101,resource,False,,NA
101_3,101,timestamp,True,True,lexicalized
101_3,101,cost,False,,NA
101_4,101,idcase,True,False,not_lexicalized
101_4,101,activity,False,,NA
101_4,101,resource,False,,NA
101_4,101,timestamp,True,True,lexicalized
101_4,101,cost,False,,NA
101_5,101,idcase,True,False,not_lexicalized
101_5,101,activity,False,,NA
101_5,101,resource,False,,NA
101_5,101,timestamp,True,True,lexicalized
101_5,101,cost,False,,NA
101_6,101,idcase,True,False,not_lexicalized
101_6,101,activity,False,,NA
101_6,101,resource,False,,NA
101_6,101,timestamp,True,True,lexicalized
101_6,101,cost,False,,NA
102_0,102,idcase,True,True,lexicalized
102_0,102,activity,False,,NA
102_0,102,resource,True,True,lexicalized
102_0,102,timestamp,False,,NA
102_0,102,cost,True,True,lexicalized
102_1,102,idcase,True,True,lexicalized
102_1,102,activity,False,,NA
102_1,102,resource,True,True,lexicalized
102_1,102,timestamp,False,,NA
102_1,102,cost,True,True,lexicalized
102_2,102,idcase,True,True,lexicalized
102_2,102,activity,False,,NA
102_2,102,resource,True,True,lexicalized
102_2,102,timestamp,False,,NA
102_2,102,cost,True,True,lexicalized
102_3,102,idcase,True,True,lexicalized
102_3,102,activity,False,,NA
102_3,102,resource,True,True,lexicalized
102_3,102,timestamp,False,,NA
102_3,102,cost,True,True,lexicalized
102_4,102,idcase,True,True,lexicalized
102_4,102,activity,False,,NA
102_4,102,resource,True,True,lexicalized
102_4,102,timestamp,False,,NA
102_4,102,cost,True,True,lexicalized
102_5,102,idcase,True,True,lexicalized
102_5,102,activity,False,,NA
102_5,102,resource,True,True,lexicalized
102_5,102,timestamp,False,,NA
102_5,102,cost,True,True,lexicalized
102_6,102,idcase,True,False,not_lexicalized
102_6,102,activity,False,,NA
102_6,102,resource,True,True,lexicalized
102_6,102,timestamp,False,,NA
102_6,102,cost,True,True,lexicalized
102_7,102,idcase,True,False,not_lexicalized
102_7,102,activity,False,,NA
102_7,102,resource,True,True,lexicalized
102_7,102,timestamp,False,,NA
102_7,102,cost,True,True,lexicalized
103_0,103,idcase,False,,NA
103_0,103,activity,True,True,lexicalized
103_0,103,resource,False,,NA
103_0,103,timestamp,False,,NA
103_0,103,cost,False,,NA
103_1,103,idcase,False,,NA
103_1,103,activity,True,True,lexicalized
103_1,103,resource,False,,NA
103_1,103,timestamp,False,,NA
103_1,103,cost,False,,NA
103_2,103,idcase,False,,NA
103_2,103,activity,True,True,lexicalized
103_2,103,resource,False,,NA
103_2,103,timestamp,False,,NA
103_2,103,cost,False,,NA
103_3,103,idcase,False,,NA
103_3,103,activity,True,True,lexicalized
103_3,103,resource,False,,NA
103_3,103,timestamp,False,,NA
103_3,103,cost,False,,NA
103_4,103,idcase,False,,NA
103_4,103,activity,True,True,lexicalized
103_4,103,resource,False,,NA
103_4,103,timestamp,False,,NA
103_4,103,cost,False,,NA
103_5,103,idcase,False,,NA
103_5,103,activity,True,True,lexicalized
103_5,103,resource,False,,NA
103_5,103,timestamp,False,,NA
103_5,103,cost,False,,NA
103_6,103,idcase,False,,NA
103_6,103,activity,True,False,not_lexicalized
103_6,103,resource,False,,NA
103_6,103,timestamp,False,,NA
103_6,103,cost,False,,NA
103_7,103,idcase,False,,NA
103_7,103,activity,True,False,not_lexicalized
103_7,103,resource,False,,NA
103_7,103,timestamp,False,,NA
103_7,103,cost,False,,NA
104_0,104,idcase,False,,NA
104_0,104,activity,False,,NA
104_0,104,resource,False,,NA
104_0,104,timestamp,True,True,lexicalized
104_0,104,cost,True,True,lexicalized
104_1,104,idcase,False,,NA
104_1,104,activity,False,,NA
104_1,104,resource,False,,NA
104_1,104,timestamp,True,True,lexicalized
104_1,104,cost,True,True,lexicalized
104_2,104,idcase,False,,NA
104_2,104,activity,False,,NA
104_2,104,resource,False,,NA
104_2,104,timestamp,True,True,lexicalized
104_2,104,cost,True,True,lexicalized
104_3,104,idcase,False,,NA
104_3,104,activity,False,,NA
104_3,104,resource,False,,NA
104_3,104,timestamp,True,True,lexicalized
104_3,104,cost,True,True,lexicalized
104_4,104,idcase,False,,NA
104_4,104,activity,False,,NA
104_4,104,resource,False,,NA
104_4,104,timestamp,True,True,lexicalized
104_4,104,cost,True,True,lexicalized
104_5,104,idcase,False,,NA
104_5,104,activity,False,,NA
104_5,104,resource,False,,NA
104_5,104,timestamp,True,True,lexicalized
104_5,104,cost,True,True,lexicalized
104_6,104,idcase,False,,NA
104_6,104,activity,False,,NA
104_6,104,resource,False,,NA
104_6,104,timestamp,True,True,lexicalized
104_6,104,cost,True,False,not_lexicalized
104_7,104,idcase,False,,NA
104_7,104,activity,False,,NA
104_7,104,resource,False,,NA
104_7,104,timestamp,True,True,lexicalized
104_7,104,cost,True,True,lexicalized
105_0,105,idcase,False,,NA
105_0,105,activity,True,True,lexicalized
105_0,105,resource,False,,NA
105_0,105,timestamp,False,,NA
105_0,105,cost,True,True,lexicalized
105_1,105,idcase,False,,NA
105_1,105,activity,True,True,lexicalized
105_1,105,resource,False,,NA
105_1,105,timestamp,False,,NA
105_1,105,cost,True,True,lexicalized
105_2,105,idcase,False,,NA
105_2,105,activity,True,True,lexicalized
105_2,105,resource,False,,NA
105_2,105,timestamp,False,,NA
105_2,105,cost,True,True,lexicalized
105_3,105,idcase,False,,NA
105_3,105,activity,True,True,lexicalized
105_3,105,resource,False,,NA
105_3,105,timestamp,False,,NA
105_3,105,cost,True,True,lexicalized
105_4,105,idcase,False,,NA
105_4,105,activity,True,False,not_lexicalized
105_4,105,resource,False,,NA
105_4,105,timestamp,False,,NA
105_4,105,cost,True,True,lexicalized
105_5,105,idcase,False,,NA
105_5,105,activity,True,True,lexicalized
105_5,105,resource,False,,NA
105_5,105,timestamp,False,,NA
105_5,105,cost,True,True,lexicalized
106_0,106,idcase,True,True,lexicalized
106_0,106,activity,False,,NA
106_0,106,resource,False,,NA
106_0,106,timestamp,False,,NA
106_0,106,cost,False,,NA
106_1,106,idcase,True,True,lexicalized
106_1,106,activity,False,,NA
106_1,106,resource,False,,NA
106_1,106,timestamp,False,,NA
106_1,106,cost,False,,NA
106_2,106,idcase,True,True,lexicalized
106_2,106,activity,False,,NA
106_2,106,resource,False,,NA
106_2,106,timestamp,False,,NA
106_2,106,cost,False,,NA
106_3,106,idcase,True,True,lexicalized
106_3,106,activity,False,,NA
106_3,106,resource,False,,NA
106_3,106,timestamp,False,,NA
106_3,106,cost,False,,NA
106_4,106,idcase,True,True,lexicalized
106_4,106,activity,False,,NA
106_4,106,resource,False,,NA
106_4,106,timestamp,False,,NA
106_4,106,cost,False,,NA
106_5,106,idcase,True,True,lexicalized
106_5,106,activity,False,,NA
106_5,106,resource,False,,NA
106_5,106,timestamp,False,,NA
106_5,106,cost,False,,NA
106_6,106,idcase,True,True,lexicalized
106_6,106,activity,False,,NA
106_6,106,resource,False,,NA
106_6,106,timestamp,False,,NA
106_6,106,cost,False,,NA
107_0,107,idcase,False,,NA
107_0,107,activity,False,,NA
107_0,107,resource,True,True,lexicalized
107_0,107,timestamp,False,,NA
107_0,107,cost,False,,NA
107_1,107,idcase,False,,NA
107_1,107,activity,False,,NA
107_1,107,resource,True,True,lexicalized
107_1,107,timestamp,False,,NA
107_1,107,cost,False,,NA
107_2,107,idcase,False,,NA
107_2,107,activity,False,,NA
107_2,107,resource,True,True,lexicalized
107_2,107,timestamp,False,,NA
107_2,107,cost,False,,NA
107_3,107,idcase,False,,NA
107_3,107,activity,False,,NA
107_3,107,resource,True,True,lexicalized
107_3,107,timestamp,False,,NA
107_3,107,cost,False,,NA
107_4,107,idcase,False,,NA
107_4,107,activity,False,,NA
107_4,107,resource,True,True,lexicalized
107_4,107,timestamp,False,,NA
107_4,107,cost,False,,NA
107_5,107,idcase,False,,NA
107_5,107,activity,False,,NA
107_5,107,resource,True,True,lexicalized
107_5,107,timestamp,False,,NA
107_5,107,cost,False,,NA
107_6,107,idcase,False,,NA
107_6,107,activity,False,,NA
107_6,107,resource,True,True,lexicalized
107_6,107,timestamp,False,,NA
107_6,107,cost,False,,NA
108_0,108,idcase,True,True,lexicalized
108_0,108,activity,False,,NA
108_0,108,resource,True,False,not_lexicalized
108_0,108,timestamp,False,,NA
108_0,108,cost,False,,NA
108_1,108,idcase,True,False,not_lexicalized
108_1,108,activity,False,,NA
108_1,108,resource,True,False,not_lexicalized
108_1,108,timestamp,False,,NA
108_1,108,cost,False,,NA
108_2,108,idcase,True,True,lexicalized
108_2,108,activity,False,,NA
108_2,108,resource,True,False,not_lexicalized
108_2,108,timestamp,False,,NA
108_2,108,cost,False,,NA
108_3,108,idcase,True,False,not_lexicalized
108_3,108,activity,False,,NA
108_3,108,resource,True,False,not_lexicalized
108_3,108,timestamp,False,,NA
108_3,108,cost,False,,NA
108_4,108,idcase,True,True,lexicalized
108_4,108,activity,False,,NA
108_4,108,resource,True,True,lexicalized
108_4,108,timestamp,False,,NA
108_4,108,cost,False,,NA
108_5,108,idcase,True,False,not_lexicalized
108_5,108,activity,False,,NA
108_5,108,resource,True,False,not_lexicalized
108_5,108,timestamp,False,,NA
108_5,108,cost,False,,NA
108_6,108,idcase,True,True,lexicalized
108_6,108,activity,False,,NA
108_6,108,resource,True,False,not_lexicalized
108_6,108,timestamp,False,,NA
108_6,108,cost,False,,NA
108_7,108,idcase,True,True,lexicalized
108_7,108,activity,False,,NA
108_7,108,resource,True,True,lexicalized
108_7,108,timestamp,False,,NA
108_7,108,cost,False,,NA
109_0,109,idcase,True,True,lexicalized
109_0,109,activity,True,True,lexicalized
109_0,109,resource,False,,NA
109_0,109,timestamp,True,False,not_lexicalized
109_0,109,cost,False,,NA
109_1,109,idcase,True,True,lexicalized
109_1,109,activity,True,True,lexicalized
109_1,109,resource,False,,NA
109_1,109,timestamp,True,False,not_lexicalized
109_1,109,cost,False,,NA
109_2,109,idcase,True,True,lexicalized
109_2,109,activity,True,True,lexicalized
109_2,109,resource,False,,NA
109_2,109,timestamp,True,False,not_lexicalized
109_2,109,cost,False,,NA
109_3,109,idcase,True,True,lexicalized
109_3,109,activity,True,True,lexicalized
109_3,109,resource,False,,NA
109_3,109,timestamp,True,False,not_lexicalized
109_3,109,cost,False,,NA
109_4,109,idcase,True,True,lexicalized
109_4,109,activity,True,True,lexicalized
109_4,109,resource,False,,NA
109_4,109,timestamp,True,False,not_lexicalized
109_4,109,cost,False,,NA
109_5,109,idcase,True,True,lexicalized
109_5,109,activity,True,False,not_lexicalized
109_5,109,resource,False,,NA
109_5,109,timestamp,True,False,not_lexicalized
109_5,109,cost,False,,NA
109_6,109,idcase,True,True,lexicalized
109_6,109,activity,True,False,not_lexicalized
109_6,109,resource,False,,NA
109_6,109,timestamp,True,False,not_lexicalized
109_6,109,cost,False,,NA
109_7,109,idcase,True,True,lexicalized
109_7,109,activity,True,False,not_lexicalized
109_7,109,resource,False,,NA
109_7,109,timestamp,True,False,not_lexicalized
109_7,109,cost,False,,NA
110_0,110,idcase,False,,NA
110_0,110,activity,True,True,lexicalized
110_0,110,resource,False,,NA
110_0,110,timestamp,True,False,not_lexicalized
110_0,110,cost,False,,NA
110_1,110,idcase,False,,NA
110_1,110,activity,True,True,lexicalized
110_1,110,resource,False,,NA
110_1,110,timestamp,True,False,not_lexicalized
110_1,110,cost,False,,NA
110_2,110,idcase,False,,NA
110_2,110,activity,True,True,lexicalized
110_2,110,resource,False,,NA
110_2,110,timestamp,True,False,not_lexicalized
110_2,110,cost,False,,NA
110_3,110,idcase,False,,NA
110_3,110,activity,True,True,lexicalized
110_3,110,resource,False,,NA
110_3,110,timestamp,True,False,not_lexicalized
110_3,110,cost,False,,NA
110_4,110,idcase,False,,NA
110_4,110,activity,True,True,lexicalized
110_4,110,resource,False,,NA
110_4,110,timestamp,True,False,not_lexicalized
110_4,110,cost,False,,NA
110_5,110,idcase,False,,NA
110_5,110,activity,True,True,lexicalized
110_5,110,resource,False,,NA
110_5,110,timestamp,True,False,not_lexicalized
110_5,110,cost,False,,NA
110_6,110,idcase,False,,NA
110_6,110,activity,True,False,not_lexicalized
110_6,110,resource,False,,NA
110_6,110,timestamp,True,False,not_lexicalized
110_6,110,cost,False,,NA
111_0,111,idcase,False,,NA
111_0,111,activity,False,,NA
111_0,111,resource,True,True,lexicalized
111_0,111,timestamp,False,,NA
111_0,111,cost,False,,NA
111_1,111,idcase,False,,NA
111_1,111,activity,False,,NA
111_1,111,resource,True,True,lexicalized
111_1,111,timestamp,False,,NA
111_1,111,cost,False,,NA
111_2,111,idcase,False,,NA
111_2,111,activity,False,,NA
111_2,111,resource,True,True,lexicalized
111_2,111,timestamp,False,,NA
111_2,111,cost,False,,NA
111_3,111,idcase,False,,NA
111_3,111,activity,False,,NA
111_3,111,resource,True,True,lexicalized
111_3,111,timestamp,False,,NA
111_3,111,cost,False,,NA
111_4,111,idcase,False,,NA
111_4,111,activity,False,,NA
111_4,111,resource,True,True,lexicalized
111_4,111,timestamp,False,,NA
111_4,111,cost,False,,NA
111_5,111,idcase,False,,NA
111_5,111,activity,False,,NA
111_5,111,resource,True,True,lexicalized
111_5,111,timestamp,False,,NA
111_5,111,cost,False,,NA
111_6,111,idcase,False,,NA
111_6,111,activity,False,,NA
111_6,111,resource,True,True,lexicalized
111_6,111,timestamp,False,,NA
111_6,111,cost,False,,NA
112_0,112,idcase,False,,NA
112_0,112,activity,False,,NA
112_0,112,resource,True,True,lexicalized
112_0,112,timestamp,False,,NA
112_0,112,cost,False,,NA
112_1,112,idcase,False,,NA
112_1,112,activity,False,,NA
112_1,112,resource,True,True,lexicalized
112_1,112,timestamp,False,,NA
112_1,112,cost,False,,NA
112_2,112,idcase,False,,NA
112_2,112,activity,False,,NA
112_2,112,resource,True,True,lexicalized
112_2,112,timestamp,False,,NA
112_2,112,cost,False,,NA
112_3,112,idcase,False,,NA
112_3,112,activity,False,,NA
112_3,112,resource,True,True,lexicalized
112_3,112,timestamp,False,,NA
112_3,112,cost,False,,NA
112_4,112,idcase,False,,NA
112_4,112,activity,False,,NA
112_4,112,resource,True,True,lexicalized
112_4,112,timestamp,False,,NA
112_4,112,cost,False,,NA
112_5,112,idcase,False,,NA
112_5,112,activity,False,,NA
112_5,112,resource,True,True,lexicalized
112_5,112,timestamp,False,,NA
112_5,112,cost,False,,NA
113_0,113,idcase,False,,NA
113_0,113,activity,True,True,lexicalized
113_0,113,resource,True,True,lexicalized
113_0,113,timestamp,False,,NA
113_0,113,cost,False,,NA
113_1,113,idcase,False,,NA
113_1,113,activity,True,True,lexicalized
113_1,113,resource,True,True,lexicalized
113_1,113,timestamp,False,,NA
113_1,113,cost,False,,NA
113_2,113,idcase,False,,NA
113_2,113,activity,True,True,lexicalized
113_2,113,resource,True,False,not_lexicalized
113_2,113,timestamp,False,,NA
113_2,113,cost,False,,NA
113_3,113,idcase,False,,NA
113_3,113,activity,True,True,lexicalized
113_3,113,resource,True,True,lexicalized
113_3,113,timestamp,False,,NA
113_3,113,cost,False,,NA
113_4,113,idcase,False,,NA
113_4,113,activity,True,True,lexicalized
113_4,113,resource,True,True,lexicalized
113_4,113,timestamp,False,,NA
113_4,113,cost,False,,NA
113_5,113,idcase,False,,NA
113_5,113,activity,True,False,not_lexicalized
113_5,113,resource,True,False,not_lexicalized
113_5,113,timestamp,False,,NA
113_5,113,cost,False,,NA
114_0,114,idcase,True,False,not_lexicalized
114_0,114,activity,True,True,lexicalized
114_0,114,resource,False,,NA
114_0,114,timestamp,False,,NA
114_0,114,cost,True,True,lexicalized
114_1,114,idcase,True,False,not_lexicalized
114_1,114,activity,True,True,lexicalized
114_1,114,resource,False,,NA
114_1,114,timestamp,False,,NA
114_1,114,cost,True,True,lexicalized
114_2,114,idcase,True,False,not_lexicalized
114_2,114,activity,True,True,lexicalized
114_2,114,resource,False,,NA
114_2,114,timestamp,False,,NA
114_2,114,cost,True,True,lexicalized
114_3,114,idcase,True,False,not_lexicalized
114_3,114,activity,True,True,lexicalized
114_3,114,resource,False,,NA
114_3,114,timestamp,False,,NA
114_3,114,cost,True,True,lexicalized
114_4,114,idcase,True,False,not_lexicalized
114_4,114,activity,True,True,lexicalized
114_4,114,resource,False,,NA
114_4,114,timestamp,False,,NA
114_4,114,cost,True,True,lexicalized
114_5,114,idcase,True,True,lexicalized
114_5,114,activity,True,False,not_lexicalized
114_5,114,resource,False,,NA
114_5,114,timestamp,False,,NA
114_5,114,cost,True,True,lexicalized
114_6,114,idcase,True,True,lexicalized
114_6,114,activity,True,False,not_lexicalized
114_6,114,resource,False,,NA
114_6,114,timestamp,False,,NA
114_6,114,cost,True,True,lexicalized
115_0,115,idcase,True,True,lexicalized
115_0,115,activity,True,True,lexicalized
115_0,115,resource,False,,NA
115_0,115,timestamp,True,True,lexicalized
115_0,115,cost,False,,NA
115_1,115,idcase,True,True,lexicalized
115_1,115,activity,True,True,lexicalized
115_1,115,resource,False,,NA
115_1,115,timestamp,True,False,not_lexicalized
115_1,115,cost,False,,NA
115_2,115,idcase,True,True,lexicalized
115_2,115,activity,True,True,lexicalized
115_2,115,resource,False,,NA
115_2,115,timestamp,True,False,not_lexicalized
115_2,115,cost,False,,NA
115_3,115,idcase,True,True,lexicalized
115_3,115,activity,True,True,lexicalized
115_3,115,resource,False,,NA
115_3,115,timestamp,True,True,lexicalized
115_3,115,cost,False,,NA
115_4,115,idcase,True,True,lexicalized
115_4,115,activity,True,True,lexicalized
115_4,115,resource,False,,NA
115_4,115,timestamp,True,True,lexicalized
115_4,115,cost,False,,NA
115_5,115,idcase,True,True,lexicalized
115_5,115,activity,True,False,not_lexicalized
115_5,115,resource,False,,NA
115_5,115,timestamp,True,False,not_lexicalized
115_5,115,cost,False,,NA
115_6,115,idcase,True,True,lexicalized
115_6,115,activity,True,False,not_lexicalized
115_6,115,resource,False,,NA
115_6,115,timestamp,True,True,lexicalized
115_6,115,cost,False,,NA
116_0,116,idcase,False,,NA
116_0,116,activity,True,True,lexicalized
116_0,116,resource,False,,NA
116_0,116,timestamp,False,,NA
116_0,116,cost,False,,NA
116_1,116,idcase,False,,NA
116_1,116,activity,True,True,lexicalized
116_1,116,resource,False,,NA
116_1,116,timestamp,False,,NA
116_1,116,cost,False,,NA
116_2,116,idcase,False,,NA
116_2,116,activity,True,True,lexicalized
116_2,116,resource,False,,NA
116_2,116,timestamp,False,,NA
116_2,116,cost,False,,NA
116_3,116,idcase,False,,NA
116_3,116,activity,True,True,lexicalized
116_3,116,resource,False,,NA
116_3,116,timestamp,False,,NA
116_3,116,cost,False,,NA
116_4,116,idcase,False,,NA
116_4,116,activity,True,True,lexicalized
116_4,116,resource,False,,NA
116_4,116,timestamp,False,,NA
116_4,116,cost,False,,NA
116_5,116,idcase,False,,NA
116_5,116,activity,True,True,lexicalized
116_5,116,resource,False,,NA
116_5,116,timestamp,False,,NA
116_5,116,cost,False,,NA
116_6,116,idcase,False,,NA
116_6,116,activity,True,False,not_lexicalized
116_6,116,resource,False,,NA
116_6,116,timestamp,False,,NA
116_6,116,cost,False,,NA
116_7,116,idcase,False,,NA
116_7,116,activity,True,False,not_lexicalized
116_7,116,resource,False,,NA
116_7,116,timestamp,False,,NA
116_7,116,cost,False,,NA
117_0,117,idcase,True,True,lexicalized
117_0,117,activity,True,True,lexicalized
117_0,117,resource,True,True,lexicalized
117_0,117,timestamp,True,True,lexicalized
117_0,117,cost,False,,NA
117_1,117,idcase,True,True,lexicalized
117_1,117,activity,True,True,lexicalized
117_1,117,resource,True,True,lexicalized
117_1,117,timestamp,True,True,lexicalized
117_1,117,cost,False,,NA
117_2,117,idcase,True,True,lexicalized
117_2,117,activity,True,True,lexicalized
117_2,117,resource,True,True,lexicalized
117_2,117,timestamp,True,False,not_lexicalized
117_2,117,cost,False,,NA
117_3,117,idcase,True,True,lexicalized
117_3,117,activity,True,True,lexicalized
117_3,117,resource,True,True,lexicalized
117_3,117,timestamp,True,True,lexicalized
117_3,117,cost,False,,NA
117_4,117,idcase,True,True,lexicalized
117_4,117,activity,True,False,not_lexicalized
117_4,117,resource,True,True,lexicalized
117_4,117,timestamp,True,True,lexicalized
117_4,117,cost,False,,NA
117_5,117,idcase,True,True,lexicalized
117_5,117,activity,True,False,not_lexicalized
117_5,117,resource,True,True,lexicalized
117_5,117,timestamp,True,True,lexicalized
117_5,117,cost,False,,NA
118_0,118,idcase,True,True,lexicalized
118_0,118,activity,False,,NA
118_0,118,resource,False,,NA
118_0,118,timestamp,False,,NA
118_0,118,cost,False,,NA
118_1,118,idcase,True,True,lexicalized
118_1,118,activity,False,,NA
118_1,118,resource,False,,NA
118_1,118,timestamp,False,,NA
118_1,118,cost,False,,NA
118_2,118,idcase,True,True,lexicalized
118_2,118,activity,False,,NA
118_2,118,resource,False,,NA
118_2,118,timestamp,False,,NA
118_2,118,cost,False,,NA
118_3,118,idcase,True,True,lexicalized
118_3,118,activity,False,,NA
118_3,118,resource,False,,NA
118_3,118,timestamp,False,,NA
118_3,118,cost,False,,NA
118_4,118,idcase,True,True,lexicalized
118_4,118,activity,False,,NA
118_4,118,resource,False,,NA
118_4,118,timestamp,False,,NA
118_4,118,cost,False,,NA
118_5,118,idcase,True,True,lexicalized
118_5,118,activity,False,,NA
118_5,118,resource,False,,NA
118_5,118,timestamp,False,,NA
118_5,118,cost,False,,NA
118_6,118,idcase,True,True,lexicalized
118_6,118,activity,False,,NA
118_6,118,resource,False,,NA
118_6,118,timestamp,False,,NA
118_6,118,cost,False,,NA
118_7,118,idcase,True,True,lexicalized
118_7,118,activity,False,,NA
118_7,118,resource,False,,NA
118_7,118,timestamp,False,,NA
118_7,118,cost,False,,NA
119_0,119,idcase,True,True,lexicalized
119_0,119,activity,True,True,lexicalized
119_0,119,resource,False,,NA
119_0,119,timestamp,True,False,not_lexicalized
119_0,119,cost,False,,NA
119_1,119,idcase,True,True,lexicalized
119_1,119,activity,True,True,lexicalized
119_1,119,resource,False,,NA
119_1,119,timestamp,True,False,not_lexicalized
119_1,119,cost,False,,NA
119_2,119,idcase,True,True,lexicalized
119_2,119,activity,True,True,lexicalized
119_2,119,resource,False,,NA
119_2,119,timestamp,True,False,not_lexicalized
119_2,119,cost,False,,NA
119_3,119,idcase,True,True,lexicalized
119_3,119,activity,True,True,lexicalized
119_3,119,resource,False,,NA
119_3,119,timestamp,True,False,not_lexicalized
119_3,119,cost,False,,NA
119_4,119,idcase,True,True,lexicalized
119_4,119,activity,True,True,lexicalized
119_4,119,resource,False,,NA
119_4,119,timestamp,True,True,lexicalized
119_4,119,cost,False,,NA
119_5,119,idcase,True,True,lexicalized
119_5,119,activity,True,True,lexicalized
119_5,119,resource,False,,NA
119_5,119,timestamp,True,True,lexicalized
119_5,119,cost,False,,NA
119_6,119,idcase,True,False,not_lexicalized
119_6,119,activity,True,False,not_lexicalized
119_6,119,resource,False,,NA
119_6,119,timestamp,True,False,not_lexicalized
119_6,119,cost,False,,NA
119_7,119,idcase,True,True,lexicalized
119_7,119,activity,True,False,not_lexicalized
119_7,119,resource,False,,NA
119_7,119,timestamp,True,False,not_lexicalized
119_7,119,cost,False,,NA
120_0,120,idcase,True,True,lexicalized
120_0,120,activity,True,True,lexicalized
120_0,120,resource,True,True,lexicalized
120_0,120,timestamp,True,True,lexicalized
120_0,120,cost,False,,NA
120_1,120,idcase,True,True,lexicalized
120_1,120,activity,True,True,lexicalized
120_1,120,resource,True,True,lexicalized
120_1,120,timestamp,True,True,lexicalized
120_1,120,cost,False,,NA
120_2,120,idcase,True,False,not_lexicalized
120_2,120,activity,True,True,lexicalized
120_2,120,resource,True,True,lexicalized
120_2,120,timestamp,True,True,lexicalized
120_2,120,cost,False,,NA
120_3,120,idcase,True,False,not_lexicalized
120_3,120,activity,True,True,lexicalized
120_3,120,resource,True,True,lexicalized
120_3,120,timestamp,True,True,lexicalized
120_3,120,cost,False,,NA
120_4,120,idcase,True,True,lexicalized
120_4,120,activity,True,True,lexicalized
120_4,120,resource,True,True,lexicalized
120_4,120,timestamp,True,True,lexicalized
120_4,120,cost,False,,NA
120_5,120,idcase,True,True,lexicalized
120_5,120,activity,True,True,lexicalized
120_5,120,resource,True,True,lexicalized
120_5,120,timestamp,True,True,lexicalized
120_5,120,cost,False,,NA
120_6,120,idcase,True,True,lexicalized
120_6,120,activity,True,False,not_lexicalized
120_6,120,resource,True,True,lexicalized
120_6,120,timestamp,True,True,lexicalized
120_6,120,cost,False,,NA
121_0,121,idcase,False,,NA
121_0,121,activity,False,,NA
121_0,121,resource,True,True,lexicalized
121_0,121,timestamp,False,,NA
121_0,121,cost,False,,NA
121_1,121,idcase,False,,NA
121_1,121,activity,False,,NA
121_1,121,resource,True,True,lexicalized
121_1,121,timestamp,False,,NA
121_1,121,cost,False,,NA
121_2,121,idcase,False,,NA
121_2,121,activity,False,,NA
121_2,121,resource,True,True,lexicalized
121_2,121,timestamp,False,,NA
121_2,121,cost,False,,NA
121_3,121,idcase,False,,NA
121_3,121,activity,False,,NA
121_3,121,resource,True,True,lexicalized
121_3,121,timestamp,False,,NA
121_3,121,cost,False,,NA
121_4,121,idcase,False,,NA
121_4,121,activity,False,,NA
121_4,121,resource,True,True,lexicalized
121_4,121,timestamp,False,,NA
121_4,121,cost,False,,NA
121_5,121,idcase,False,,NA
121_5,121,activity,False,,NA
121_5,121,resource,True,True,lexicalized
121_5,121,timestamp,False,,NA
121_5,121,cost,False,,NA
121_6,121,idcase,False,,NA
121_6,121,activity,False,,NA
121_6,121,resource,True,True,lexicalized
121_6,121,timestamp,False,,NA
121_6,121,cost,False,,NA
122_0,122,idcase,True,False,not_lexicalized
122_0,122,activity,False,,NA
122_0,122,resource,True,True,lexicalized
122_0,122,timestamp,False,,NA
122_0,122,cost,False,,NA
122_1,122,idcase,True,True,lexicalized
122_1,122,activity,False,,NA
122_1,122,resource,True,True,lexicalized
122_1,122,timestamp,False,,NA
122_1,122,cost,False,,NA
122_2,122,idcase,True,True,lexicalized
122_2,122,activity,False,,NA
122_2,122,resource,True,True,lexicalized
122_2,122,timestamp,False,,NA
122_2,122,cost,False,,NA
122_3,122,idcase,True,True,lexicalized
122_3,122,activity,False,,NA
122_3,122,resource,True,True,lexicalized
122_3,122,timestamp,False,,NA
122_3,122,cost,False,,NA
122_4,122,idcase,True,True,lexicalized
122_4,122,activity,False,,NA
122_4,122,resource,True,True,lexicalized
122_4,122,timestamp,False,,NA
122_4,122,cost,False,,NA
122_5,122,idcase,True,True,lexicalized
122_5,122,activity,False,,NA
122_5,122,resource,True,True,lexicalized
122_5,122,timestamp,False,,NA
122_5,122,cost,False,,NA
122_6,122,idcase,True,True,lexicalized
122_6,122,activity,False,,NA
122_6,122,resource,True,True,lexicalized
122_6,122,timestamp,False,,NA
122_6,122,cost,False,,NA
123_0,123,idcase,False,,NA
123_0,123,activity,False,,NA
123_0,123,resource,True,True,lexicalized
123_0,123,timestamp,False,,NA
123_0,123,cost,False,,NA
123_1,123,idcase,False,,NA
123_1,123,activity,False,,NA
123_1,123,resource,True,True,lexicalized
123_1,123,timestamp,False,,NA
123_1,123,cost,False,,NA
123_2,123,idcase,False,,NA
123_2,123,activity,False,,NA
123_2,123,resource,True,True,lexicalized
123_2,123,timestamp,False,,NA
123_2,123,cost,False,,NA
123_3,123,idcase,False,,NA
123_3,123,activity,False,,NA
123_3,123,resource,True,True,lexicalized
123_3,123,timestamp,False,,NA
123_3,123,cost,False,,NA
123_4,123,idcase,False,,NA
123_4,123,activity,False,,NA
123_4,123,resource,True,True,lexicalized
123_4,123,timestamp,False,,NA
123_4,123,cost,False,,NA
123_5,123,idcase,False,,NA
123_5,123,activity,False,,NA
123_5,123,resource,True,True,lexicalized
123_5,123,timestamp,False,,NA
123_5,123,cost,False,,NA
123_6,123,idcase,False,,NA
123_6,123,activity,False,,NA
123_6,123,resource,True,True,lexicalized
123_6,123,timestamp,False,,NA
123_6,123,cost,False,,NA
123_7,123,idcase,False,,NA
123_7,123,activity,False,,NA
123_7,123,resource,True,True,lexicalized
123_7,123,timestamp,False,,NA
123_7,123,cost,False,,NA
123_8,123,idcase,False,,NA
123_8,123,activity,False,,NA
123_8,123,resource,True,True,lexicalized
123_8,123,timestamp,False,,NA
123_8,123,cost,False,,NA
124_0,124,idcase,False,,NA
124_0,124,activity,True,True,lexicalized
124_0,124,resource,False,,NA
124_0,124,timestamp,False,,NA
124_0,124,cost,False,,NA
124_1,124,idcase,False,,NA
124_1,124,activity,True,True,lexicalized
124_1,124,resource,False,,NA
124_1,124,timestamp,False,,NA
124_1,124,cost,False,,NA
124_2,124,idcase,False,,NA
124_2,124,activity,True,True,lexicalized
124_2,124,resource,False,,NA
124_2,124,timestamp,False,,NA
124_2,124,cost,False,,NA
124_3,124,idcase,False,,NA
124_3,124,activity,True,True,lexicalized
124_3,124,resource,False,,NA
124_3,124,timestamp,False,,NA
124_3,124,cost,False,,NA
124_4,124,idcase,False,,NA
124_4,124,activity,True,True,lexicalized
124_4,124,resource,False,,NA
124_4,124,timestamp,False,,NA
124_4,124,cost,False,,NA
124_5,124,idcase,False,,NA
124_5,124,activity,True,False,not_lexicalized
124_5,124,resource,False,,NA
124_5,124,timestamp,False,,NA
124_5,124,cost,False,,NA
124_6,124,idcase,False,,NA
124_6,124,activity,True,False,not_lexicalized
124_6,124,resource,False,,NA
124_6,124,timestamp,False,,NA
124_6,124,cost,False,,NA
124_7,124,idcase,False,,NA
124_7,124,activity,True,False,not_lexicalized
124_7,124,resource,False,,NA
124_7,124,timestamp,False,,NA
124_7,124,cost,False,,NA
125_0,125,idcase,False,,NA
125_0,125,activity,True,True,lexicalized
125_0,125,resource,False,,NA
125_0,125,timestamp,False,,NA
125_0,125,cost,True,True,lexicalized
125_1,125,idcase,False,,NA
125_1,125,activity,True,True,lexicalized
125_1,125,resource,False,,NA
125_1,125,timestamp,False,,NA
125_1,125,cost,True,True,lexicalized
125_2,125,idcase,False,,NA
125_2,125,activity,True,True,lexicalized
125_2,125,resource,False,,NA
125_2,125,timestamp,False,,NA
125_2,125,cost,True,True,lexicalized
125_3,125,idcase,False,,NA
125_3,125,activity,True,True,lexicalized
125_3,125,resource,False,,NA
125_3,125,timestamp,False,,NA
125_3,125,cost,True,True,lexicalized
125_4,125,idcase,False,,NA
125_4,125,activity,True,True,lexicalized
125_4,125,resource,False,,NA
125_4,125,timestamp,False,,NA
125_4,125,cost,True,True,lexicalized
125_5,125,idcase,False,,NA
125_5,125,activity,True,True,lexicalized
125_5,125,resource,False,,NA
125_5,125,timestamp,False,,NA
125_5,125,cost,True,True,lexicalized
125_6,125,idcase,False,,NA
125_6,125,activity,True,True,lexicalized
125_6,125,resource,False,,NA
125_6,125,timestamp,False,,NA
125_6,125,cost,True,True,lexicalized
125_7,125,idcase,False,,NA
125_7,125,activity,True,True,lexicalized
125_7,125,resource,False,,NA
125_7,125,timestamp,False,,NA
125_7,125,cost,True,True,lexicalized
125_8,125,idcase,False,,NA
125_8,125,activity,True,True,lexicalized
125_8,125,resource,False,,NA
125_8,125,timestamp,False,,NA
125_8,125,cost,True,True,lexicalized
126_0,126,idcase,True,False,not_lexicalized
126_0,126,activity,False,,NA
126_0,126,resource,False,,NA
126_0,126,timestamp,False,,NA
126_0,126,cost,True,True,lexicalized
126_1,126,idcase,True,True,lexicalized
126_1,126,activity,False,,NA
126_1,126,resource,False,,NA
126_1,126,timestamp,False,,NA
126_1,126,cost,True,True,lexicalized
126_2,126,idcase,True,False,not_lexicalized
126_2,126,activity,False,,NA
126_2,126,resource,False,,NA
126_2,126,timestamp,False,,NA
126_2,126,cost,True,True,lexicalized
126_3,126,idcase,True,False,not_lexicalized
126_3,126,activity,False,,NA
126_3,126,resource,False,,NA
126_3,126,timestamp,False,,NA
126_3,126,cost,True,True,lexicalized
126_4,126,idcase,True,True,lexicalized
126_4,126,activity,False,,NA
126_4,126,resource,False,,NA
126_4,126,timestamp,False,,NA
126_4,126,cost,True,True,lexicalized
126_5,126,idcase,True,False,not_lexicalized
126_5,126,activity,False,,NA
126_5,126,resource,False,,NA
126_5,126,timestamp,False,,NA
126_5,126,cost,True,True,lexicalized
126_6,126,idcase,True,False,not_lexicalized
126_6,126,activity,False,,NA
126_6,126,resource,False,,NA
126_6,126,timestamp,False,,NA
126_6,126,cost,True,True,lexicalized
126_7,126,idcase,True,False,not_lexicalized
126_7,126,activity,False,,NA
126_7,126,resource,False,,NA
126_7,126,timestamp,False,,NA
126_7,126,cost,True,True,lexicalized
126_8,126,idcase,True,False,not_lexicalized
126_8,126,activity,False,,NA
126_8,126,resource,False,,NA
126_8,126,timestamp,False,,NA
126_8,126,cost,True,True,lexicalized
127_0,127,idcase,False,,NA
127_0,127,activity,True,True,lexicalized
127_0,127,resource,False,,NA
127_0,127,timestamp,False,,NA
127_0,127,cost,False,,NA
127_1,127,idcase,False,,NA
127_1,127,activity,True,True,lexicalized
127_1,127,resource,False,,NA
127_1,127,timestamp,False,,NA
127_1,127,cost,False,,NA
127_2,127,idcase,False,,NA
127_2,127,activity,True,True,lexicalized
127_2,127,resource,False,,NA
127_2,127,timestamp,False,,NA
127_2,127,cost,False,,NA
127_3,127,idcase,False,,NA
127_3,127,activity,True,True,lexicalized
127_3,127,resource,False,,NA
127_3,127,timestamp,False,,NA
127_3,127,cost,False,,NA
127_4,127,idcase,False,,NA
127_4,127,activity,True,True,lexicalized
127_4,127,resource,False,,NA
127_4,127,timestamp,False,,NA
127_4,127,cost,False,,NA
127_5,127,idcase,False,,NA
127_5,127,activity,True,True,lexicalized
127_5,127,resource,False,,NA
127_5,127,timestamp,False,,NA
127_5,127,cost,False,,NA
127_6,127,idcase,False,,NA
127_6,127,activity,True,True,lexicalized
127_6,127,resource,False,,NA
127_6,127,timestamp,False,,NA
127_6,127,cost,False,,NA
127_7,127,idcase,False,,NA
127_7,127,activity,True,True,lexicalized
127_7,127,resource,False,,NA
127_7,127,timestamp,False,,NA
127_7,127,cost,False,,NA
127_8,127,idcase,False,,NA
127_8,127,activity,True,False,not_lexicalized
127_8,127,resource,False,,NA
127_8,127,timestamp,False,,NA
127_8,127,cost,False,,NA
128_0,128,idcase,False,,NA
128_0,128,activity,True,True,lexicalized
128_0,128,resource,False,,NA
128_0,128,timestamp,False,,NA
128_0,128,cost,False,,NA
128_1,128,idcase,False,,NA
128_1,128,activity,True,True,lexicalized
128_1,128,resource,False,,NA
128_1,128,timestamp,False,,NA
128_1,128,cost,False,,NA
128_2,128,idcase,False,,NA
128_2,128,activity,True,True,lexicalized
128_2,128,resource,False,,NA
128_2,128,timestamp,False,,NA
128_2,128,cost,False,,NA
128_3,128,idcase,False,,NA
128_3,128,activity,True,True,lexicalized
128_3,128,resource,False,,NA
128_3,128,timestamp,False,,NA
128_3,128,cost,False,,NA
128_4,128,idcase,False,,NA
128_4,128,activity,True,True,lexicalized
128_4,128,resource,False,,NA
128_4,128,timestamp,False,,NA
128_4,128,cost,False,,NA
128_5,128,idcase,False,,NA
128_5,128,activity,True,False,not_lexicalized
128_5,128,resource,False,,NA
128_5,128,timestamp,False,,NA
128_5,128,cost,False,,NA
128_6,128,idcase,False,,NA
128_6,128,activity,True,True,lexicalized
128_6,128,resource,False,,NA
128_6,128,timestamp,False,,NA
128_6,128,cost,False,,NA
129_0,129,idcase,False,,NA
129_0,129,activity,False,,NA
129_0,129,resource,False,,NA
129_0,129,timestamp,False,,NA
129_0,129,cost,True,True,lexicalized
129_1,129,idcase,False,,NA
129_1,129,activity,False,,NA
129_1,129,resource,False,,NA
129_1,129,timestamp,False,,NA
129_1,129,cost,True,True,lexicalized
129_2,129,idcase,False,,NA
129_2,129,activity,False,,NA
129_2,129,resource,False,,NA
129_2,129,timestamp,False,,NA
129_2,129,cost,True,True,lexicalized
129_3,129,idcase,False,,NA
129_3,129,activity,False,,NA
129_3,129,resource,False,,NA
129_3,129,timestamp,False,,NA
129_3,129,cost,True,True,lexicalized
129_4,129,idcase,False,,NA
129_4,129,activity,False,,NA
129_4,129,resource,False,,NA
129_4,129,timestamp,False,,NA
129_4,129,cost,True,True,lexicalized
129_5,129,idcase,False,,NA
129_5,129,activity,False,,NA
129_5,129,resource,False,,NA
129_5,129,timestamp,False,,NA
129_5,129,cost,True,True,lexicalized
129_6,129,idcase,False,,NA
129_6,129,activity,False,,NA
129_6,129,resource,False,,NA
129_6,129,timestamp,False,,NA
129_6,129,cost,True,True,lexicalized
129_7,129,idcase,False,,NA
129_7,129,activity,False,,NA
129_7,129,resource,False,,NA
129_7,129,timestamp,False,,NA
129_7,129,cost,True,True,lexicalized
129_8,129,idcase,False,,NA
129_8,129,activity,False,,NA
129_8,129,resource,False,,NA
129_8,129,timestamp,False,,NA
129_8,129,cost,True,True,lexicalized
129_9,129,idcase,False,,NA
129_9,129,activity,False,,NA
129_9,129,resource,False,,NA
129_9,129,timestamp,False,,NA
129_9,129,cost,True,True,lexicalized
130_0,130,idcase,True,False,not_lexicalized
130_0,130,activity,False,,NA
130_0,130,resource,True,True,lexicalized
130_0,130,timestamp,False,,NA
130_0,130,cost,False,,NA
130_1,130,idcase,True,False,not_lexicalized
130_1,130,activity,False,,NA
130_1,130,resource,True,True,lexicalized
130_1,130,timestamp,False,,NA
130_1,130,cost,False,,NA
130_2,130,idcase,True,False,not_lexicalized
130_2,130,activity,False,,NA
130_2,130,resource,True,True,lexicalized
130_2,130,timestamp,False,,NA
130_2,130,cost,False,,NA
130_3,130,idcase,True,False,not_lexicalized
130_3,130,activity,False,,NA
130_3,130,resource,True,True,lexicalized
130_3,130,timestamp,False,,NA
130_3,130,cost,False,,NA
130_4,130,idcase,True,False,not_lexicalized
130_4,130,activity,False,,NA
130_4,130,resource,True,True,lexicalized
130_4,130,timestamp,False,,NA
130_4,130,cost,False,,NA
130_5,130,idcase,True,False,not_lexicalized
130_5,130,activity,False,,NA
130_5,130,resource,True,True,lexicalized
130_5,130,timestamp,False,,NA
130_5,130,cost,False,,NA
130_6,130,idcase,True,False,not_lexicalized
130_6,130,activity,False,,NA
130_6,130,resource,True,True,lexicalized
130_6,130,timestamp,False,,NA
130_6,130,cost,False,,NA
130_7,130,idcase,True,False,not_lexicalized
130_7,130,activity,False,,NA
130_7,130,resource,True,True,lexicalized
130_7,130,timestamp,False,,NA
130_7,130,cost,False,,NA
131_0,131,idcase,False,,NA
131_0,131,activity,False,,NA
131_0,131,resource,True,False,not_lexicalized
131_0,131,timestamp,False,,NA
131_0,131,cost,False,,NA
131_1,131,idcase,False,,NA
131_1,131,activity,False,,NA
131_1,131,resource,True,False,not_lexicalized
131_1,131,timestamp,False,,NA
131_1,131,cost,False,,NA
131_2,131,idcase,False,,NA
131_2,131,activity,False,,NA
131_2,131,resource,True,False,not_lexicalized
131_2,131,timestamp,False,,NA
131_2,131,cost,False,,NA
131_3,131,idcase,False,,NA
131_3,131,activity,False,,NA
131_3,131,resource,True,True,lexicalized
131_3,131,timestamp,False,,NA
131_3,131,cost,False,,NA
132_0,132,idcase,True,False,not_lexicalized
132_0,132,activity,False,,NA
132_0,132,resource,True,True,lexicalized
132_0,132,timestamp,False,,NA
132_0,132,cost,False,,NA
132_1,132,idcase,True,False,not_lexicalized
132_1,132,activity,False,,NA
132_1,132,resource,True,True,lexicalized
132_1,132,timestamp,False,,NA
132_1,132,cost,False,,NA
132_2,132,idcase,True,False,not_lexicalized
132_2,132,activity,False,,NA
132_2,132,resource,True,True,lexicalized
132_2,132,timestamp,False,,NA
132_2,132,cost,False,,NA
132_3,132,idcase,True,False,not_lexicalized
132_3,132,activity,False,,NA
132_3,132,resource,True,True,lexicalized
132_3,132,timestamp,False,,NA
132_3,132,cost,False,,NA
132_4,132,idcase,True,True,lexicalized
132_4,132,activity,False,,NA
132_4,132,resource,True,True,lexicalized
132_4,132,timestamp,False,,NA
132_4,132,cost,False,,NA
132_5,132,idcase,True,True,lexicalized
132_5,132,activity,False,,NA
132_5,132,resource,True,True,lexicalized
132_5,132,timestamp,False,,NA
132_5,132,cost,False,,NA
133_0,133,idcase,True,True,lexicalized
133_0,133,activity,True,True,lexicalized
133_0,133,resource,False,,NA
133_0,133,timestamp,False,,NA
133_0,133,cost,False,,NA
133_1,133,idcase,True,True,lexicalized
133_1,133,activity,True,True,lexicalized
133_1,133,resource,False,,NA
133_1,133,timestamp,False,,NA
133_1,133,cost,False,,NA
133_2,133,idcase,True,True,lexicalized
133_2,133,activity,True,True,lexicalized
133_2,133,resource,False,,NA
133_2,133,timestamp,False,,NA
133_2,133,cost,False,,NA
133_3,133,idcase,True,True,lexicalized
133_3,133,activity,True,True,lexicalized
133_3,133,resource,False,,NA
133_3,133,timestamp,False,,NA
133_3,133,cost,False,,NA
133_4,133,idcase,True,True,lexicalized
133_4,133,activity,True,True,lexicalized
133_4,133,resource,False,,NA
133_4,133,timestamp,False,,NA
133_4,133,cost,False,,NA
133_5,133,idcase,True,True,lexicalized
133_5,133,activity,True,True,lexicalized
133_5,133,resource,False,,NA
133_5,133,timestamp,False,,NA
133_5,133,cost,False,,NA
133_6,133,idcase,True,True,lexicalized
133_6,133,activity,True,True,lexicalized
133_6,133,resource,False,,NA
133_6,133,timestamp,False,,NA
133_6,133,cost,False,,NA
133_7,133,idcase,True,True,lexicalized
133_7,133,activity,True,False,not_lexicalized
133_7,133,resource,False,,NA
133_7,133,timestamp,False,,NA
133_7,133,cost,False,,NA
134_0,134,idcase,False,,NA
134_0,134,activity,True,True,lexicalized
134_0,134,resource,False,,NA
134_0,134,timestamp,True,False,not_lexicalized
134_0,134,cost,False,,NA
134_1,134,idcase,False,,NA
134_1,134,activity,True,True,lexicalized
134_1,134,resource,False,,NA
134_1,134,timestamp,True,True,lexicalized
134_1,134,cost,False,,NA
134_2,134,idcase,False,,NA
134_2,134,activity,True,True,lexicalized
134_2,134,resource,False,,NA
134_2,134,timestamp,True,False,not_lexicalized
134_2,134,cost,False,,NA
134_3,134,idcase,False,,NA
134_3,134,activity,True,True,lexicalized
134_3,134,resource,False,,NA
134_3,134,timestamp,True,False,not_lexicalized
134_3,134,cost,False,,NA
134_4,134,idcase,False,,NA
134_4,134,activity,True,True,lexicalized
134_4,134,resource,False,,NA
134_4,134,timestamp,True,False,not_lexicalized
134_4,134,cost,False,,NA
134_5,134,idcase,False,,NA
134_5,134,activity,True,True,lexicalized
134_5,134,resource,False,,NA
134_5,134,timestamp,True,False,not_lexicalized
134_5,134,cost,False,,NA
134_6,134,idcase,False,,NA
134_6,134,activity,True,False,not_lexicalized
134_6,134,resource,False,,NA
134_6,134,timestamp,True,False,not_lexicalized
134_6,134,cost,False,,NA
134_7,134,idcase,False,,NA
134_7,134,activity,True,False,not_lexicalized
134_7,134,resource,False,,NA
134_7,134,timestamp,True,False,not_lexicalized
134_7,134,cost,False,,NA
135_0,135,idcase,False,,NA
135_0,135,activity,False,,NA
135_0,135,resource,True,True,lexicalized
135_0,135,timestamp,False,,NA
135_0,135,cost,False,,NA
135_1,135,idcase,False,,NA
135_1,135,activity,False,,NA
135_1,135,resource,True,True,lexicalized
135_1,135,timestamp,False,,NA
135_1,135,cost,False,,NA
135_2,135,idcase,False,,NA
135_2,135,activity,False,,NA
135_2,135,resource,True,True,lexicalized
135_2,135,timestamp,False,,NA
135_2,135,cost,False,,NA
135_3,135,idcase,False,,NA
135_3,135,activity,False,,NA
135_3,135,resource,True,True,lexicalized
135_3,135,timestamp,False,,NA
135_3,135,cost,False,,NA
135_4,135,idcase,False,,NA
135_4,135,activity,False,,NA
135_4,135,resource,True,True,lexicalized
135_4,135,timestamp,False,,NA
135_4,135,cost,False,,NA
135_5,135,idcase,False,,NA
135_5,135,activity,False,,NA
135_5,135,resource,True,True,lexicalized
135_5,135,timestamp,False,,NA
135_5,135,cost,False,,NA
135_6,135,idcase,False,,NA
135_6,135,activity,False,,NA
135_6,135,resource,True,True,lexicalized
135_6,135,timestamp,False,,NA
135_6,135,cost,False,,NA
135_7,135,idcase,False,,NA
135_7,135,activity,False,,NA
135_7,135,resource,True,True,lexicalized
135_7,135,timestamp,False,,NA
135_7,135,cost,False,,NA
135_8,135,idcase,False,,NA
135_8,135,activity,False,,NA
135_8,135,resource,True,True,lexicalized
135_8,135,timestamp,False,,NA
135_8,135,cost,False,,NA
135_9,135,idcase,False,,NA
135_9,135,activity,False,,NA
135_9,135,resource,True,True,lexicalized
135_9,135,timestamp,False,,NA
135_9,135,cost,False,,NA
135_10,135,idcase,False,,NA
135_10,135,activity,False,,NA
135_10,135,resource,True,True,lexicalized
135_10,135,timestamp,False,,NA
135_10,135,cost,False,,NA
136_0,136,idcase,False,,NA
136_0,136,activity,True,True,lexicalized
136_0,136,resource,False,,NA
136_0,136,timestamp,False,,NA
136_0,136,cost,False,,NA
136_1,136,idcase,False,,NA
136_1,136,activity,True,True,lexicalized
136_1,136,resource,False,,NA
136_1,136,timestamp,False,,NA
136_1,136,cost,False,,NA
136_2,136,idcase,False,,NA
136_2,136,activity,True,True,lexicalized
136_2,136,resource,False,,NA
136_2,136,timestamp,False,,NA
136_2,136,cost,False,,NA
136_3,136,idcase,False,,NA
136_3,136,activity,True,True,lexicalized
136_3,136,resource,False,,NA
136_3,136,timestamp,False,,NA
136_3,136,cost,False,,NA
136_4,136,idcase,False,,NA
136_4,136,activity,True,True,lexicalized
136_4,136,resource,False,,NA
136_4,136,timestamp,False,,NA
136_4,136,cost,False,,NA
136_5,136,idcase,False,,NA
136_5,136,activity,True,True,lexicalized
136_5,136,resource,False,,NA
136_5,136,timestamp,False,,NA
136_5,136,cost,False,,NA
136_6,136,idcase,False,,NA
136_6,136,activity,True,False,not_lexicalized
136_6,136,resource,False,,NA
136_6,136,timestamp,False,,NA
136_6,136,cost,False,,NA
136_7,136,idcase,False,,NA
136_7,136,activity,True,True,lexicalized
136_7,136,resource,False,,NA
136_7,136,timestamp,False,,NA
136_7,136,cost,False,,NA
137_0,137,idcase,False,,NA
137_0,137,activity,True,True,lexicalized
137_0,137,resource,True,True,lexicalized
137_0,137,timestamp,False,,NA
137_0,137,cost,True,True,lexicalized
137_1,137,idcase,False,,NA
137_1,137,activity,True,True,lexicalized
137_1,137,resource,True,True,lexicalized
137_1,137,timestamp,False,,NA
137_1,137,cost,True,True,lexicalized
137_2,137,idcase,False,,NA
137_2,137,activity,True,True,lexicalized
137_2,137,resource,True,True,lexicalized
137_2,137,timestamp,False,,NA
137_2,137,cost,True,True,lexicalized
137_3,137,idcase,False,,NA
137_3,137,activity,True,True,lexicalized
137_3,137,resource,True,True,lexicalized
137_3,137,timestamp,False,,NA
137_3,137,cost,True,True,lexicalized
137_4,137,idcase,False,,NA
137_4,137,activity,True,True,lexicalized
137_4,137,resource,True,True,lexicalized
137_4,137,timestamp,False,,NA
137_4,137,cost,True,True,lexicalized
137_5,137,idcase,False,,NA
137_5,137,activity,True,True,lexicalized
137_5,137,resource,True,True,lexicalized
137_5,137,timestamp,False,,NA
137_5,137,cost,True,True,lexicalized
137_6,137,idcase,False,,NA
137_6,137,activity,True,True,lexicalized
137_6,137,resource,True,True,lexicalized
137_6,137,timestamp,False,,NA
137_6,137,cost,True,True,lexicalized
137_7,137,idcase,False,,NA
137_7,137,activity,True,True,lexicalized
137_7,137,resource,True,True,lexicalized
137_7,137,timestamp,False,,NA
137_7,137,cost,True,True,lexicalized
137_8,137,idcase,False,,NA
137_8,137,activity,True,True,lexicalized
137_8,137,resource,True,True,lexicalized
137_8,137,timestamp,False,,NA
137_8,137,cost,True,True,lexicalized
138_0,138,idcase,False,,NA
138_0,138,activity,True,True,lexicalized
138_0,138,resource,True,True,lexicalized
138_0,138,timestamp,False,,NA
138_0,138,cost,False,,NA
138_1,138,idcase,False,,NA
138_1,138,activity,True,True,lexicalized
138_1,138,resource,True,True,lexicalized
138_1,138,timestamp,False,,NA
138_1,138,cost,False,,NA
138_2,138,idcase,False,,NA
138_2,138,activity,True,False,not_lexicalized
138_2,138,resource,True,True,lexicalized
138_2,138,timestamp,False,,NA
138_2,138,cost,False,,NA
138_3,138,idcase,False,,NA
138_3,138,activity,True,False,not_lexicalized
138_3,138,resource,True,True,lexicalized
138_3,138,timestamp,False,,NA
138_3,138,cost,False,,NA
139_0,139,idcase,True,False,not_lexicalized
139_0,139,activity,True,True,lexicalized
139_0,139,resource,False,,NA
139_0,139,timestamp,True,False,not_lexicalized
139_0,139,cost,False,,NA
139_1,139,idcase,True,False,not_lexicalized
139_1,139,activity,True,True,lexicalized
139_1,139,resource,False,,NA
139_1,139,timestamp,True,False,not_lexicalized
139_1,139,cost,False,,NA
139_2,139,idcase,True,False,not_lexicalized
139_2,139,activity,True,True,lexicalized
139_2,139,resource,False,,NA
139_2,139,timestamp,True,False,not_lexicalized
139_2,139,cost,False,,NA
139_3,139,idcase,True,False,not_lexicalized
139_3,139,activity,True,True,lexicalized
139_3,139,resource,False,,NA
139_3,139,timestamp,True,True,lexicalized
139_3,139,cost,False,,NA
139_4,139,idcase,True,False,not_lexicalized
139_4,139,activity,True,True,lexicalized
139_4,139,resource,False,,NA
139_4,139,timestamp,True,False,not_lexicalized
139_4,139,cost,False,,NA
139_5,139,idcase,True,False,not_lexicalized
139_5,139,activity,True,True,lexicalized
139_5,139,resource,False,,NA
139_5,139,timestamp,True,True,lexicalized
139_5,139,cost,False,,NA
139_6,139,idcase,True,False,not_lexicalized
139_6,139,activity,True,True,lexicalized
139_6,139,resource,False,,NA
139_6,139,timestamp,True,True,lexicalized
139_6,139,cost,False,,NA
139_7,139,idcase,True,False,not_lexicalized
139_7,139,activity,True,True,lexicalized
139_7,139,resource,False,,NA
139_7,139,timestamp,True,True,lexicalized
139_7,139,cost,False,,NA
139_8,139,idcase,True,True,lexicalized
139_8,139,activity,True,True,lexicalized
139_8,139,resource,False,,NA
139_8,139,timestamp,True,False,not_lexicalized
139_8,139,cost,False,,NA
140_0,140,idcase,False,,NA
140_0,140,activity,True,True,lexicalized
140_0,140,resource,False,,NA
140_0,140,timestamp,True,True,lexicalized
140_0,140,cost,False,,NA
140_1,140,idcase,False,,NA
140_1,140,activity,True,True,lexicalized
140_1,140,resource,False,,NA
140_1,140,timestamp,True,False,not_lexicalized
140_1,140,cost,False,,NA
140_2,140,idcase,False,,NA
140_2,140,activity,True,True,lexicalized
140_2,140,resource,False,,NA
140_2,140,timestamp,True,True,lexicalized
140_2,140,cost,False,,NA
140_3,140,idcase,False,,NA
140_3,140,activity,True,True,lexicalized
140_3,140,resource,False,,NA
140_3,140,timestamp,True,False,not_lexicalized
140_3,140,cost,False,,NA
140_4,140,idcase,False,,NA
140_4,140,activity,True,True,lexicalized
140_4,140,resource,False,,NA
140_4,140,timestamp,True,True,lexicalized
140_4,140,cost,False,,NA
140_5,140,idcase,False,,NA
140_5,140,activity,True,True,lexicalized
140_5,140,resource,False,,NA
140_5,140,timestamp,True,True,lexicalized
140_5,140,cost,False,,NA
140_6,140,idcase,False,,NA
140_6,140,activity,True,True,lexicalized
140_6,140,resource,False,,NA
140_6,140,timestamp,True,True,lexicalized
140_6,140,cost,False,,NA
140_7,140,idcase,False,,NA
140_7,140,activity,True,True,lexicalized
140_7,140,resource,False,,NA
140_7,140,timestamp,True,True,lexicalized
140_7,140,cost,False,,NA
141_0,141,idcase,False,,NA
141_0,141,activity,False,,NA
141_0,141,resource,False,,NA
141_0,141,timestamp,False,,NA
141_0,141,cost,True,True,lexicalized
141_1,141,idcase,False,,NA
141_1,141,activity,False,,NA
141_1,141,resource,False,,NA
141_1,141,timestamp,False,,NA
141_1,141,cost,True,True,lexicalized
141_2,141,idcase,False,,NA
141_2,141,activity,False,,NA
141_2,141,resource,False,,NA
141_2,141,timestamp,False,,NA
141_2,141,cost,True,True,lexicalized
141_3,141,idcase,False,,NA
141_3,141,activity,False,,NA
141_3,141,resource,False,,NA
141_3,141,timestamp,False,,NA
141_3,141,cost,True,True,lexicalized
141_4,141,idcase,False,,NA
141_4,141,activity,False,,NA
141_4,141,resource,False,,NA
141_4,141,timestamp,False,,NA
141_4,141,cost,True,True,lexicalized
141_5,141,idcase,False,,NA
141_5,141,activity,False,,NA
141_5,141,resource,False,,NA
141_5,141,timestamp,False,,NA
141_5,141,cost,True,True,lexicalized
141_6,141,idcase,False,,NA
141_6,141,activity,False,,NA
141_6,141,resource,False,,NA
141_6,141,timestamp,False,,NA
141_6,141,cost,True,True,lexicalized
141_7,141,idcase,False,,NA
141_7,141,activity,False,,NA
141_7,141,resource,False,,NA
141_7,141,timestamp,False,,NA
141_7,141,cost,True,True,lexicalized
142_0,142,idcase,False,,NA
142_0,142,activity,True,True,lexicalized
142_0,142,resource,False,,NA
142_0,142,timestamp,False,,NA
142_0,142,cost,False,,NA
142_1,142,idcase,False,,NA
142_1,142,activity,True,True,lexicalized
142_1,142,resource,False,,NA
142_1,142,timestamp,False,,NA
142_1,142,cost,False,,NA
142_2,142,idcase,False,,NA
142_2,142,activity,True,True,lexicalized
142_2,142,resource,False,,NA
142_2,142,timestamp,False,,NA
142_2,142,cost,False,,NA
142_3,142,idcase,False,,NA
142_3,142,activity,True,True,lexicalized
142_3,142,resource,False,,NA
142_3,142,timestamp,False,,NA
142_3,142,cost,False,,NA
142_4,142,idcase,False,,NA
142_4,142,activity,True,True,lexicalized
142_4,142,resource,False,,NA
142_4,142,timestamp,False,,NA
142_4,142,cost,False,,NA
142_5,142,idcase,False,,NA
142_5,142,activity,True,True,lexicalized
142_5,142,resource,False,,NA
142_5,142,timestamp,False,,NA
142_5,142,cost,False,,NA
142_6,142,idcase,False,,NA
142_6,142,activity,True,True,lexicalized
142_6,142,resource,False,,NA
142_6,142,timestamp,False,,NA
142_6,142,cost,False,,NA
142_7,142,idcase,False,,NA
142_7,142,activity,True,True,lexicalized
142_7,142,resource,False,,NA
142_7,142,timestamp,False,,NA
142_7,142,cost,False,,NA
142_8,142,idcase,False,,NA
142_8,142,activity,True,True,lexicalized
142_8,142,resource,False,,NA
142_8,142,timestamp,False,,NA
142_8,142,cost,False,,NA
142_9,142,idcase,False,,NA
142_9,142,activity,True,True,lexicalized
142_9,142,resource,False,,NA
142_9,142,timestamp,False,,NA
142_9,142,cost,False,,NA
142_10,142,idcase,False,,NA
142_10,142,activity,True,False,not_lexicalized
142_10,142,resource,False,,NA
142_10,142,timestamp,False,,NA
142_10,142,cost,False,,NA
142_11,142,idcase,False,,NA
142_11,142,activity,True,False,not_lexicalized
142_11,142,resource,False,,NA
142_11,142,timestamp,False,,NA
142_11,142,cost,False,,NA
143_0,143,idcase,False,,NA
143_0,143,activity,True,True,lexicalized
143_0,143,resource,True,True,lexicalized
143_0,143,timestamp,True,False,not_lexicalized
143_0,143,cost,False,,NA
143_1,143,idcase,False,,NA
143_1,143,activity,True,True,lexicalized
143_1,143,resource,True,True,lexicalized
143_1,143,timestamp,True,False,not_lexicalized
143_1,143,cost,False,,NA
143_2,143,idcase,False,,NA
143_2,143,activity,True,True,lexicalized
143_2,143,resource,True,True,lexicalized
143_2,143,timestamp,True,False,not_lexicalized
143_2,143,cost,False,,NA
143_3,143,idcase,False,,NA
143_3,143,activity,True,True,lexicalized
143_3,143,resource,True,True,lexicalized
143_3,143,timestamp,True,False,not_lexicalized
143_3,143,cost,False,,NA
143_4,143,idcase,False,,NA
143_4,143,activity,True,True,lexicalized
143_4,143,resource,True,True,lexicalized
143_4,143,timestamp,True,False,not_lexicalized
143_4,143,cost,False,,NA
143_5,143,idcase,False,,NA
143_5,143,activity,True,True,lexicalized
143_5,143,resource,True,True,lexicalized
143_5,143,timestamp,True,False,not_lexicalized
143_5,143,cost,False,,NA
143_6,143,idcase,False,,NA
143_6,143,activity,True,True,lexicalized
143_6,143,resource,True,True,lexicalized
143_6,143,timestamp,True,False,not_lexicalized
143_6,143,cost,False,,NA
143_7,143,idcase,False,,NA
143_7,143,activity,True,True,lexicalized
143_7,143,resource,True,True,lexicalized
143_7,143,timestamp,True,False,not_lexicalized
143_7,143,cost,False,,NA
143_8,143,idcase,False,,NA
143_8,143,activity,True,False,not_lexicalized
143_8,143,resource,True,True,lexicalized
143_8,143,timestamp,True,False,not_lexicalized
143_8,143,cost,False,,NA
143_9,143,idcase,False,,NA
143_9,143,activity,True,False,not_lexicalized
143_9,143,resource,True,True,lexicalized
143_9,143,timestamp,True,False,not_lexicalized
143_9,143,cost,False,,NA
144_0,144,idcase,False,,NA
144_0,144,activity,True,True,lexicalized
144_0,144,resource,True,True,lexicalized
144_0,144,timestamp,False,,NA
144_0,144,cost,True,True,lexicalized
144_1,144,idcase,False,,NA
144_1,144,activity,True,True,lexicalized
144_1,144,resource,True,True,lexicalized
144_1,144,timestamp,False,,NA
144_1,144,cost,True,True,lexicalized
144_2,144,idcase,False,,NA
144_2,144,activity,True,True,lexicalized
144_2,144,resource,True,False,not_lexicalized
144_2,144,timestamp,False,,NA
144_2,144,cost,True,True,lexicalized
144_3,144,idcase,False,,NA
144_3,144,activity,True,True,lexicalized
144_3,144,resource,True,True,lexicalized
144_3,144,timestamp,False,,NA
144_3,144,cost,True,True,lexicalized
144_4,144,idcase,False,,NA
144_4,144,activity,True,True,lexicalized
144_4,144,resource,True,True,lexicalized
144_4,144,timestamp,False,,NA
144_4,144,cost,True,True,lexicalized
144_5,144,idcase,False,,NA
144_5,144,activity,True,True,lexicalized
144_5,144,resource,True,True,lexicalized
144_5,144,timestamp,False,,NA
144_5,144,cost,True,True,lexicalized
144_6,144,idcase,False,,NA
144_6,144,activity,True,True,lexicalized
144_6,144,resource,True,True,lexicalized
144_6,144,timestamp,False,,NA
144_6,144,cost,True,True,lexicalized
144_7,144,idcase,False,,NA
144_7,144,activity,True,True,lexicalized
144_7,144,resource,True,True,lexicalized
144_7,144,timestamp,False,,NA
144_7,144,cost,True,False,not_lexicalized
145_0,145,idcase,False,,NA
145_0,145,activity,True,True,lexicalized
145_0,145,resource,False,,NA
145_0,145,timestamp,False,,NA
145_0,145,cost,False,,NA
145_1,145,idcase,False,,NA
145_1,145,activity,True,True,lexicalized
145_1,145,resource,False,,NA
145_1,145,timestamp,False,,NA
145_1,145,cost,False,,NA
145_2,145,idcase,False,,NA
145_2,145,activity,True,True,lexicalized
145_2,145,resource,False,,NA
145_2,145,timestamp,False,,NA
145_2,145,cost,False,,NA
145_3,145,idcase,False,,NA
145_3,145,activity,True,True,lexicalized
145_3,145,resource,False,,NA
145_3,145,timestamp,False,,NA
145_3,145,cost,False,,NA
145_4,145,idcase,False,,NA
145_4,145,activity,True,True,lexicalized
145_4,145,resource,False,,NA
145_4,145,timestamp,False,,NA
145_4,145,cost,False,,NA
145_5,145,idcase,False,,NA
145_5,145,activity,True,True,lexicalized
145_5,145,resource,False,,NA
145_5,145,timestamp,False,,NA
145_5,145,cost,False,,NA
145_6,145,idcase,False,,NA
145_6,145,activity,True,True,lexicalized
145_6,145,resource,False,,NA
145_6,145,timestamp,False,,NA
145_6,145,cost,False,,NA
145_7,145,idcase,False,,NA
145_7,145,activity,True,True,lexicalized
145_7,145,resource,False,,NA
145_7,145,timestamp,False,,NA
145_7,145,cost,False,,NA
145_8,145,idcase,False,,NA
145_8,145,activity,True,False,not_lexicalized
145_8,145,resource,False,,NA
145_8,145,timestamp,False,,NA
145_8,145,cost,False,,NA
145_9,145,idcase,False,,NA
145_9,145,activity,True,False,not_lexicalized
145_9,145,resource,False,,NA
145_9,145,timestamp,False,,NA
145_9,145,cost,False,,NA
146_0,146,idcase,False,,NA
146_0,146,activity,True,True,lexicalized
146_0,146,resource,False,,NA
146_0,146,timestamp,False,,NA
146_0,146,cost,False,,NA
146_1,146,idcase,False,,NA
146_1,146,activity,True,True,lexicalized
146_1,146,resource,False,,NA
146_1,146,timestamp,False,,NA
146_1,146,cost,False,,NA
146_2,146,idcase,False,,NA
146_2,146,activity,True,True,lexicalized
146_2,146,resource,False,,NA
146_2,146,timestamp,False,,NA
146_2,146,cost,False,,NA
146_3,146,idcase,False,,NA
146_3,146,activity,True,True,lexicalized
146_3,146,resource,False,,NA
146_3,146,timestamp,False,,NA
146_3,146,cost,False,,NA
146_4,146,idcase,False,,NA
146_4,146,activity,True,True,lexicalized
146_4,146,resource,False,,NA
146_4,146,timestamp,False,,NA
146_4,146,cost,False,,NA
146_5,146,idcase,False,,NA
146_5,146,activity,True,True,lexicalized
146_5,146,resource,False,,NA
146_5,146,timestamp,False,,NA
146_5,146,cost,False,,NA
146_6,146,idcase,False,,NA
146_6,146,activity,True,True,lexicalized
146_6,146,resource,False,,NA
146_6,146,timestamp,False,,NA
146_6,146,cost,False,,NA
146_7,146,idcase,False,,NA
146_7,146,activity,True,True,lexicalized
146_7,146,resource,False,,NA
146_7,146,timestamp,False,,NA
146_7,146,cost,False,,NA
146_8,146,idcase,False,,NA
146_8,146,activity,True,True,lexicalized
146_8,146,resource,False,,NA
146_8,146,timestamp,False,,NA
146_8,146,cost,False,,NA
146_9,146,idcase,False,,NA
146_9,146,activity,True,True,lexicalized
146_9,146,resource,False,,NA
146_9,146,timestamp,False,,NA
146_9,146,cost,False,,NA
147_0,147,idcase,False,,NA
147_0,147,activity,True,True,lexicalized
147_0,147,resource,True,True,lexicalized
147_0,147,timestamp,True,False,not_lexicalized
147_0,147,cost,False,,NA
147_1,147,idcase,False,,NA
147_1,147,activity,True,True,lexicalized
147_1,147,resource,True,True,lexicalized
147_1,147,timestamp,True,False,not_lexicalized
147_1,147,cost,False,,NA
147_2,147,idcase,False,,NA
147_2,147,activity,True,True,lexicalized
147_2,147,resource,True,True,lexicalized
147_2,147,timestamp,True,False,not_lexicalized
147_2,147,cost,False,,NA
147_3,147,idcase,False,,NA
147_3,147,activity,True,True,lexicalized
147_3,147,resource,True,True,lexicalized
147_3,147,timestamp,True,False,not_lexicalized
147_3,147,cost,False,,NA
147_4,147,idcase,False,,NA
147_4,147,activity,True,True,lexicalized
147_4,147,resource,True,True,lexicalized
147_4,147,timestamp,True,False,not_lexicalized
147_4,147,cost,False,,NA
147_5,147,idcase,False,,NA
147_5,147,activity,True,True,lexicalized
147_5,147,resource,True,True,lexicalized
147_5,147,timestamp,True,False,not_lexicalized
147_5,147,cost,False,,NA
147_6,147,idcase,False,,NA
147_6,147,activity,True,True,lexicalized
147_6,147,resource,True,True,lexicalized
147_6,147,timestamp,True,False,not_lexicalized
147_6,147,cost,False,,NA
147_7,147,idcase,False,,NA
147_7,147,activity,True,True,lexicalized
147_7,147,resource,True,True,lexicalized
147_7,147,timestamp,True,False,not_lexicalized
147_7,147,cost,False,,NA
147_8,147,idcase,False,,NA
147_8,147,activity,True,True,lexicalized
147_8,147,resource,True,True,lexicalized
147_8,147,timestamp,True,False,not_lexicalized
147_8,147,cost,False,,NA
148_0,148,idcase,True,True,lexicalized
148_0,148,activity,True,True,lexicalized
148_0,148,resource,True,False,not_lexicalized
148_0,148,timestamp,True,False,not_lexicalized
148_0,148,cost,False,,NA
148_1,148,idcase,True,True,lexicalized
148_1,148,activity,True,True,lexicalized
148_1,148,resource,True,True,lexicalized
148_1,148,timestamp,True,False,not_lexicalized
148_1,148,cost,False,,NA
148_2,148,idcase,True,True,lexicalized
148_2,148,activity,True,True,lexicalized
148_2,148,resource,True,True,lexicalized
148_2,148,timestamp,True,False,not_lexicalized
148_2,148,cost,False,,NA
148_3,148,idcase,True,True,lexicalized
148_3,148,activity,True,True,lexicalized
148_3,148,resource,True,True,lexicalized
148_3,148,timestamp,True,False,not_lexicalized
148_3,148,cost,False,,NA
148_4,148,idcase,True,True,lexicalized
148_4,148,activity,True,True,lexicalized
148_4,148,resource,True,True,lexicalized
148_4,148,timestamp,True,False,not_lexicalized
148_4,148,cost,False,,NA
148_5,148,idcase,True,True,lexicalized
148_5,148,activity,True,True,lexicalized
148_5,148,resource,True,True,lexicalized
148_5,148,timestamp,True,False,not_lexicalized
148_5,148,cost,False,,NA
148_6,148,idcase,True,True,lexicalized
148_6,148,activity,True,True,lexicalized
148_6,148,resource,True,True,lexicalized
148_6,148,timestamp,True,False,not_lexicalized
148_6,148,cost,False,,NA
148_7,148,idcase,True,True,lexicalized
148_7,148,activity,True,True,lexicalized
148_7,148,resource,True,True,lexicalized
148_7,148,timestamp,True,False,not_lexicalized
148_7,148,cost,False,,NA
148_8,148,idcase,True,True,lexicalized
148_8,148,activity,True,True,lexicalized
148_8,148,resource,True,True,lexicalized
148_8,148,timestamp,True,False,not_lexicalized
148_8,148,cost,False,,NA
148_9,148,idcase,True,True,lexicalized
148_9,148,activity,True,True,lexicalized
148_9,148,resource,True,True,lexicalized
148_9,148,timestamp,True,False,not_lexicalized
148_9,148,cost,False,,NA
148_10,148,idcase,True,True,lexicalized
148_10,148,activity,True,True,lexicalized
148_10,148,resource,True,True,lexicalized
148_10,148,timestamp,True,False,not_lexicalized
148_10,148,cost,False,,NA
148_11,148,idcase,True,True,lexicalized
148_11,148,activity,True,True,lexicalized
148_11,148,resource,True,True,lexicalized
148_11,148,timestamp,True,False,not_lexicalized
148_11,148,cost,False,,NA
148_12,148,idcase,True,True,lexicalized
148_12,148,activity,True,True,lexicalized
148_12,148,resource,True,True,lexicalized
148_12,148,timestamp,True,False,not_lexicalized
148_12,148,cost,False,,NA
148_13,148,idcase,True,True,lexicalized
148_13,148,activity,True,True,lexicalized
148_13,148,resource,True,False,not_lexicalized
148_13,148,timestamp,True,False,not_lexicalized
148_13,148,cost,False,,NA
148_14,148,idcase,True,True,lexicalized
148_14,148,activity,True,True,lexicalized
148_14,148,resource,True,True,lexicalized
148_14,148,timestamp,True,False,not_lexicalized
148_14,148,cost,False,,NA
148_15,148,idcase,True,True,lexicalized
148_15,148,activity,True,False,not_lexicalized
148_15,148,resource,True,True,lexicalized
148_15,148,timestamp,True,False,not_lexicalized
148_15,148,cost,False,,NA
148_16,148,idcase,True,True,lexicalized
148_16,148,activity,True,False,not_lexicalized
148_16,148,resource,True,True,lexicalized
148_16,148,timestamp,True,False,not_lexicalized
148_16,148,cost,False,,NA
149_0,149,idcase,False,,NA
149_0,149,activity,True,True,lexicalized
149_0,149,resource,True,True,lexicalized
149_0,149,timestamp,False,,NA
149_0,149,cost,False,,NA
149_1,149,idcase,False,,NA
149_1,149,activity,True,True,lexicalized
149_1,149,resource,True,True,lexicalized
149_1,149,timestamp,False,,NA
149_1,149,cost,False,,NA
149_2,149,idcase,False,,NA
149_2,149,activity,True,True,lexicalized
149_2,149,resource,True,True,lexicalized
149_2,149,timestamp,False,,NA
149_2,149,cost,False,,NA
149_3,149,idcase,False,,NA
149_3,149,activity,True,True,lexicalized
149_3,149,resource,True,True,lexicalized
149_3,149,timestamp,False,,NA
149_3,149,cost,False,,NA
149_4,149,idcase,False,,NA
149_4,149,activity,True,True,lexicalized
149_4,149,resource,True,True,lexicalized
149_4,149,timestamp,False,,NA
149_4,149,cost,False,,NA
149_5,149,idcase,False,,NA
149_5,149,activity,True,True,lexicalized
149_5,149,resource,True,True,lexicalized
149_5,149,timestamp,False,,NA
149_5,149,cost,False,,NA
149_6,149,idcase,False,,NA
149_6,149,activity,True,True,lexicalized
149_6,149,resource,True,True,lexicalized
149_6,149,timestamp,False,,NA
149_6,149,cost,False,,NA
149_7,149,idcase,False,,NA
149_7,149,activity,True,True,lexicalized
149_7,149,resource,True,True,lexicalized
149_7,149,timestamp,False,,NA
149_7,149,cost,False,,NA
149_8,149,idcase,False,,NA
149_8,149,activity,True,True,lexicalized
149_8,149,resource,True,True,lexicalized
149_8,149,timestamp,False,,NA
149_8,149,cost,False,,NA
149_9,149,idcase,False,,NA
149_9,149,activity,True,True,lexicalized
149_9,149,resource,True,True,lexicalized
149_9,149,timestamp,False,,NA
149_9,149,cost,False,,NA
149_10,149,idcase,False,,NA
149_10,149,activity,True,True,lexicalized
149_10,149,resource,True,True,lexicalized
149_10,149,timestamp,False,,NA
149_10,149,cost,False,,NA
149_11,149,idcase,False,,NA
149_11,149,activity,True,True,lexicalized
149_11,149,resource,True,True,lexicalized
149_11,149,timestamp,False,,NA
149_11,149,cost,False,,NA
149_12,149,idcase,False,,NA
149_12,149,activity,True,True,lexicalized
149_12,149,resource,True,True,lexicalized
149_12,149,timestamp,False,,NA
149_12,149,cost,False,,NA
149_13,149,idcase,False,,NA
149_13,149,activity,True,True,lexicalized
149_13,149,resource,True,True,lexicalized
149_13,149,timestamp,False,,NA
149_13,149,cost,False,,NA
149_14,149,idcase,False,,NA
149_14,149,activity,True,True,lexicalized
149_14,149,resource,True,True,lexicalized
149_14,149,timestamp,False,,NA
149_14,149,cost,False,,NA
149_15,149,idcase,False,,NA
149_15,149,activity,True,True,lexicalized
149_15,149,resource,True,True,lexicalized
149_15,149,timestamp,False,,NA
149_15,149,cost,False,,NA
149_16,149,idcase,False,,NA
149_16,149,activity,True,True,lexicalized
149_16,149,resource,True,True,lexicalized
149_16,149,timestamp,False,,NA
149_16,149,cost,False,,NA
149_17,149,idcase,False,,NA
149_17,149,activity,True,True,lexicalized
149_17,149,resource,True,True,lexicalized
149_17,149,timestamp,False,,NA
149_17,149,cost,False,,NA
149_18,149,idcase,False,,NA
149_18,149,activity,True,True,lexicalized
149_18,149,resource,True,True,lexicalized
149_18,149,timestamp,False,,NA
149_18,149,cost,False,,NA
149_19,149,idcase,False,,NA
149_19,149,activity,True,True,lexicalized
149_19,149,resource,True,True,lexicalized
149_19,149,timestamp,False,,NA
149_19,149,cost,False,,NA
149_20,149,idcase,False,,NA
149_20,149,activity,True,True,lexicalized
149_20,149,resource,True,True,lexicalized
149_20,149,timestamp,False,,NA
149_20,149,cost,False,,NA
149_21,149,idcase,False,,NA
149_21,149,activity,True,True,lexicalized
149_21,149,resource,True,True,lexicalized
149_21,149,timestamp,False,,NA
149_21,149,cost,False,,NA
149_22,149,idcase,False,,NA
149_22,149,activity,True,True,lexicalized
149_22,149,resource,True,True,lexicalized
149_22,149,timestamp,False,,NA
149_22,149,cost,False,,NA
149_23,149,idcase,False,,NA
149_23,149,activity,True,True,lexicalized
149_23,149,resource,True,True,lexicalized
149_23,149,timestamp,False,,NA
149_23,149,cost,False,,NA
149_24,149,idcase,False,,NA
149_24,149,activity,True,True,lexicalized
149_24,149,resource,True,True,lexicalized
149_24,149,timestamp,False,,NA
149_24,149,cost,False,,NA
149_25,149,idcase,False,,NA
149_25,149,activity,True,True,lexicalized
149_25,149,resource,True,True,lexicalized
149_25,149,timestamp,False,,NA
149_25,149,cost,False,,NA
149_26,149,idcase,False,,NA
149_26,149,activity,True,True,lexicalized
149_26,149,resource,True,True,lexicalized
149_26,149,timestamp,False,,NA
149_26,149,cost,False,,NA
149_27,149,idcase,False,,NA
149_27,149,activity,True,True,lexicalized
149_27,149,resource,True,True,lexicalized
149_27,149,timestamp,False,,NA
149_27,149,cost,False,,NA
149_28,149,idcase,False,,NA
149_28,149,activity,True,False,not_lexicalized
149_28,149,resource,True,True,lexicalized
149_28,149,timestamp,False,,NA
149_28,149,cost,False,,NA
149_29,149,idcase,False,,NA
149_29,149,activity,True,False,not_lexicalized
149_29,149,resource,True,True,lexicalized
149_29,149,timestamp,False,,NA
149_29,149,cost,False,,NA
150_0,150,idcase,True,True,lexicalized
150_0,150,activity,False,,NA
150_0,150,resource,False,,NA
150_0,150,timestamp,True,True,lexicalized
150_0,150,cost,False,,NA
150_1,150,idcase,True,True,lexicalized
150_1,150,activity,False,,NA
150_1,150,resource,False,,NA
150_1,150,timestamp,True,True,lexicalized
150_1,150,cost,False,,NA
150_2,150,idcase,True,True,lexicalized
150_2,150,activity,False,,NA
150_2,150,resource,False,,NA
150_2,150,timestamp,True,True,lexicalized
150_2,150,cost,False,,NA
150_3,150,idcase,True,True,lexicalized
150_3,150,activity,False,,NA
150_3,150,resource,False,,NA
150_3,150,timestamp,True,True,lexicalized
150_3,150,cost,False,,NA
150_4,150,idcase,True,True,lexicalized
150_4,150,activity,False,,NA
150_4,150,resource,False,,NA
150_4,150,timestamp,True,False,not_lexicalized
150_4,150,cost,False,,NA
150_5,150,idcase,True,True,lexicalized
150_5,150,activity,False,,NA
150_5,150,resource,False,,NA
150_5,150,timestamp,True,False,not_lexicalized
150_5,150,cost,False,,NA
151_0,151,idcase,True,True,lexicalized
151_0,151,activity,True,True,lexicalized
151_0,151,resource,False,,NA
151_0,151,timestamp,False,,NA
151_0,151,cost,False,,NA
151_1,151,idcase,True,True,lexicalized
151_1,151,activity,True,True,lexicalized
151_1,151,resource,False,,NA
151_1,151,timestamp,False,,NA
151_1,151,cost,False,,NA
151_2,151,idcase,True,False,not_lexicalized
151_2,151,activity,True,True,lexicalized
151_2,151,resource,False,,NA
151_2,151,timestamp,False,,NA
151_2,151,cost,False,,NA
151_3,151,idcase,True,False,not_lexicalized
151_3,151,activity,True,True,lexicalized
151_3,151,resource,False,,NA
151_3,151,timestamp,False,,NA
151_3,151,cost,False,,NA
151_4,151,idcase,True,False,not_lexicalized
151_4,151,activity,True,True,lexicalized
151_4,151,resource,False,,NA
151_4,151,timestamp,False,,NA
151_4,151,cost,False,,NA
151_5,151,idcase,True,False,not_lexicalized
151_5,151,activity,True,False,not_lexicalized
151_5,151,resource,False,,NA
151_5,151,timestamp,False,,NA
151_5,151,cost,False,,NA
151_6,151,idcase,True,False,not_lexicalized
151_6,151,activity,True,False,not_lexicalized
151_6,151,resource,False,,NA
151_6,151,timestamp,False,,NA
151_6,151,cost,False,,NA
152_0,152,idcase,True,True,lexicalized
152_0,152,activity,True,True,lexicalized
152_0,152,resource,False,,NA
152_0,152,timestamp,True,False,not_lexicalized
152_0,152,cost,False,,NA
152_1,152,idcase,True,True,lexicalized
152_1,152,activity,True,True,lexicalized
152_1,152,resource,False,,NA
152_1,152,timestamp,True,False,not_lexicalized
152_1,152,cost,False,,NA
152_2,152,idcase,True,True,lexicalized
152_2,152,activity,True,True,lexicalized
152_2,152,resource,False,,NA
152_2,152,timestamp,True,False,not_lexicalized
152_2,152,cost,False,,NA
152_3,152,idcase,True,True,lexicalized
152_3,152,activity,True,True,lexicalized
152_3,152,resource,False,,NA
152_3,152,timestamp,True,False,not_lexicalized
152_3,152,cost,False,,NA
152_4,152,idcase,True,True,lexicalized
152_4,152,activity,True,True,lexicalized
152_4,152,resource,False,,NA
152_4,152,timestamp,True,False,not_lexicalized
152_4,152,cost,False,,NA
152_5,152,idcase,True,True,lexicalized
152_5,152,activity,True,False,not_lexicalized
152_5,152,resource,False,,NA
152_5,152,timestamp,True,True,lexicalized
152_5,152,cost,False,,NA
152_6,152,idcase,True,True,lexicalized
152_6,152,activity,True,False,not_lexicalized
152_6,152,resource,False,,NA
152_6,152,timestamp,True,False,not_lexicalized
152_6,152,cost,False,,NA
153_0,153,idcase,False,,NA
153_0,153,activity,True,True,lexicalized
153_0,153,resource,True,True,lexicalized
153_0,153,timestamp,False,,NA
153_0,153,cost,False,,NA
153_1,153,idcase,False,,NA
153_1,153,activity,True,True,lexicalized
153_1,153,resource,True,True,lexicalized
153_1,153,timestamp,False,,NA
153_1,153,cost,False,,NA
153_2,153,idcase,False,,NA
153_2,153,activity,True,True,lexicalized
153_2,153,resource,True,True,lexicalized
153_2,153,timestamp,False,,NA
153_2,153,cost,False,,NA
153_3,153,idcase,False,,NA
153_3,153,activity,True,True,lexicalized
153_3,153,resource,True,True,lexicalized
153_3,153,timestamp,False,,NA
153_3,153,cost,False,,NA
153_4,153,idcase,False,,NA
153_4,153,activity,True,True,lexicalized
153_4,153,resource,True,True,lexicalized
153_4,153,timestamp,False,,NA
153_4,153,cost,False,,NA
153_5,153,idcase,False,,NA
153_5,153,activity,True,False,not_lexicalized
153_5,153,resource,True,True,lexicalized
153_5,153,timestamp,False,,NA
153_5,153,cost,False,,NA
153_6,153,idcase,False,,NA
153_6,153,activity,True,False,not_lexicalized
153_6,153,resource,True,True,lexicalized
153_6,153,timestamp,False,,NA
153_6,153,cost,False,,NA
154_0,154,idcase,True,False,not_lexicalized
154_0,154,activity,False,,NA
154_0,154,resource,True,True,lexicalized
154_0,154,timestamp,True,False,not_lexicalized
154_0,154,cost,False,,NA
154_1,154,idcase,True,False,not_lexicalized
154_1,154,activity,False,,NA
154_1,154,resource,True,True,lexicalized
154_1,154,timestamp,True,False,not_lexicalized
154_1,154,cost,False,,NA
154_2,154,idcase,True,True,lexicalized
154_2,154,activity,False,,NA
154_2,154,resource,True,True,lexicalized
154_2,154,timestamp,True,False,not_lexicalized
154_2,154,cost,False,,NA
154_3,154,idcase,True,True,lexicalized
154_3,154,activity,False,,NA
154_3,154,resource,True,True,lexicalized
154_3,154,timestamp,True,False,not_lexicalized
154_3,154,cost,False,,NA
154_4,154,idcase,True,True,lexicalized
154_4,154,activity,False,,NA
154_4,154,resource,True,True,lexicalized
154_4,154,timestamp,True,False,not_lexicalized
154_4,154,cost,False,,NA
154_5,154,idcase,True,False,not_lexicalized
154_5,154,activity,False,,NA
154_5,154,resource,True,True,lexicalized
154_5,154,timestamp,True,False,not_lexicalized
154_5,154,cost,False,,NA
154_6,154,idcase,True,True,lexicalized
154_6,154,activity,False,,NA
154_6,154,resource,True,True,lexicalized
154_6,154,timestamp,True,False,not_lexicalized
154_6,154,cost,False,,NA
155_0,155,idcase,True,False,not_lexicalized
155_0,155,activity,True,True,lexicalized
155_0,155,resource,False,,NA
155_0,155,timestamp,False,,NA
155_0,155,cost,False,,NA
155_1,155,idcase,True,False,not_lexicalized
155_1,155,activity,True,True,lexicalized
155_1,155,resource,False,,NA
155_1,155,timestamp,False,,NA
155_1,155,cost,False,,NA
155_2,155,idcase,True,False,not_lexicalized
155_2,155,activity,True,True,lexicalized
155_2,155,resource,False,,NA
155_2,155,timestamp,False,,NA
155_2,155,cost,False,,NA
155_3,155,idcase,True,False,not_lexicalized
155_3,155,activity,True,True,lexicalized
155_3,155,resource,False,,NA
155_3,155,timestamp,False,,NA
155_3,155,cost,False,,NA
155_4,155,idcase,True,False,not_lexicalized
155_4,155,activity,True,True,lexicalized
155_4,155,resource,False,,NA
155_4,155,timestamp,False,,NA
155_4,155,cost,False,,NA
155_5,155,idcase,True,False,not_lexicalized
155_5,155,activity,True,True,lexicalized
155_5,155,resource,False,,NA
155_5,155,timestamp,False,,NA
155_5,155,cost,False,,NA
155_6,155,idcase,True,False,not_lexicalized
155_6,155,activity,True,False,not_lexicalized
155_6,155,resource,False,,NA
155_6,155,timestamp,False,,NA
155_6,155,cost,False,,NA
155_7,155,idcase,True,False,not_lexicalized
155_7,155,activity,True,False,not_lexicalized
155_7,155,resource,False,,NA
155_7,155,timestamp,False,,NA
155_7,155,cost,False,,NA
156_0,156,idcase,True,False,not_lexicalized
156_0,156,activity,True,True,lexicalized
156_0,156,resource,False,,NA
156_0,156,timestamp,True,True,lexicalized
156_0,156,cost,False,,NA
156_1,156,idcase,True,False,not_lexicalized
156_1,156,activity,True,True,lexicalized
156_1,156,resource,False,,NA
156_1,156,timestamp,True,True,lexicalized
156_1,156,cost,False,,NA
156_2,156,idcase,True,True,lexicalized
156_2,156,activity,True,True,lexicalized
156_2,156,resource,False,,NA
156_2,156,timestamp,True,True,lexicalized
156_2,156,cost,False,,NA
156_3,156,idcase,True,False,not_lexicalized
156_3,156,activity,True,True,lexicalized
156_3,156,resource,False,,NA
156_3,156,timestamp,True,True,lexicalized
156_3,156,cost,False,,NA
156_4,156,idcase,True,False,not_lexicalized
156_4,156,activity,True,True,lexicalized
156_4,156,resource,False,,NA
156_4,156,timestamp,True,True,lexicalized
156_4,156,cost,False,,NA
156_5,156,idcase,True,False,not_lexicalized
156_5,156,activity,True,True,lexicalized
156_5,156,resource,False,,NA
156_5,156,timestamp,True,True,lexicalized
156_5,156,cost,False,,NA
156_6,156,idcase,True,False,not_lexicalized
156_6,156,activity,True,False,not_lexicalized
156_6,156,resource,False,,NA
156_6,156,timestamp,True,True,lexicalized
156_6,156,cost,False,,NA
156_7,156,idcase,True,False,not_lexicalized
156_7,156,activity,True,False,not_lexicalized
156_7,156,resource,False,,NA
156_7,156,timestamp,True,True,lexicalized
156_7,156,cost,False,,NA
157_0,157,idcase,True,False,not_lexicalized
157_0,157,activity,False,,NA
157_0,157,resource,False,,NA
157_0,157,timestamp,True,False,not_lexicalized
157_0,157,cost,False,,NA
157_1,157,idcase,True,False,not_lexicalized
157_1,157,activity,False,,NA
157_1,157,resource,False,,NA
157_1,157,timestamp,True,False,not_lexicalized
157_1,157,cost,False,,NA
157_2,157,idcase,True,False,not_lexicalized
157_2,157,activity,False,,NA
157_2,157,resource,False,,NA
157_2,157,timestamp,True,False,not_lexicalized
157_2,157,cost,False,,NA
157_3,157,idcase,True,False,not_lexicalized
157_3,157,activity,False,,NA
157_3,157,resource,False,,NA
157_3,157,timestamp,True,True,lexicalized
157_3,157,cost,False,,NA
157_4,157,idcase,True,False,not_lexicalized
157_4,157,activity,False,,NA
157_4,157,resource,False,,NA
157_4,157,timestamp,True,True,lexicalized
157_4,157,cost,False,,NA
157_5,157,idcase,True,False,not_lexicalized
157_5,157,activity,False,,NA
157_5,157,resource,False,,NA
157_5,157,timestamp,True,True,lexicalized
157_5,157,cost,False,,NA
157_6,157,idcase,True,False,not_lexicalized
157_6,157,activity,False,,NA
157_6,157,resource,False,,NA
157_6,157,timestamp,True,True,lexicalized
157_6,157,cost,False,,NA
157_7,157,idcase,True,True,lexicalized
157_7,157,activity,False,,NA
157_7,157,resource,False,,NA
157_7,157,timestamp,True,False,not_lexicalized
157_7,157,cost,False,,NA
157_8,157,idcase,True,False,not_lexicalized
157_8,157,activity,False,,NA
157_8,157,resource,False,,NA
157_8,157,timestamp,True,False,not_lexicalized
157_8,157,cost,False,,NA
158_0,158,idcase,True,False,not_lexicalized
158_0,158,activity,False,,NA
158_0,158,resource,False,,NA
158_0,158,timestamp,True,True,lexicalized
158_0,158,cost,False,,NA
158_1,158,idcase,True,False,not_lexicalized
158_1,158,activity,False,,NA
158_1,158,resource,False,,NA
158_1,158,timestamp,True,True,lexicalized
158_1,158,cost,False,,NA
158_2,158,idcase,True,True,lexicalized
158_2,158,activity,False,,NA
158_2,158,resource,False,,NA
158_2,158,timestamp,True,False,not_lexicalized
158_2,158,cost,False,,NA
158_3,158,idcase,True,True,lexicalized
158_3,158,activity,False,,NA
158_3,158,resource,False,,NA
158_3,158,timestamp,True,False,not_lexicalized
158_3,158,cost,False,,NA
158_4,158,idcase,True,False,not_lexicalized
158_4,158,activity,False,,NA
158_4,158,resource,False,,NA
158_4,158,timestamp,True,False,not_lexicalized
158_4,158,cost,False,,NA
158_5,158,idcase,True,False,not_lexicalized
158_5,158,activity,False,,NA
158_5,158,resource,False,,NA
158_5,158,timestamp,True,False,not_lexicalized
158_5,158,cost,False,,NA
158_6,158,idcase,True,True,lexicalized
158_6,158,activity,False,,NA
158_6,158,resource,False,,NA
158_6,158,timestamp,True,False,not_lexicalized
158_6,158,cost,False,,NA
158_7,158,idcase,True,False,not_lexicalized
158_7,158,activity,False,,NA
158_7,158,resource,False,,NA
158_7,158,timestamp,True,False,not_lexicalized
158_7,158,cost,False,,NA
159_0,159,idcase,True,False,not_lexicalized
159_0,159,activity,True,True,lexicalized
159_0,159,resource,False,,NA
159_0,159,timestamp,True,False,not_lexicalized
159_0,159,cost,False,,NA
159_1,159,idcase,True,True,lexicalized
159_1,159,activity,True,True,lexicalized
159_1,159,resource,False,,NA
159_1,159,timestamp,True,False,not_lexicalized
159_1,159,cost,False,,NA
159_2,159,idcase,True,False,not_lexicalized
159_2,159,activity,True,True,lexicalized
159_2,159,resource,False,,NA
159_2,159,timestamp,True,False,not_lexicalized
159_2,159,cost,False,,NA
159_3,159,idcase,True,False,not_lexicalized
159_3,159,activity,True,True,lexicalized
159_3,159,resource,False,,NA
159_3,159,timestamp,True,False,not_lexicalized
159_3,159,cost,False,,NA
159_4,159,idcase,True,False,not_lexicalized
159_4,159,activity,True,True,lexicalized
159_4,159,resource,False,,NA
159_4,159,timestamp,True,False,not_lexicalized
159_4,159,cost,False,,NA
159_5,159,idcase,True,False,not_lexicalized
159_5,159,activity,True,True,lexicalized
159_5,159,resource,False,,NA
159_5,159,timestamp,True,False,not_lexicalized
159_5,159,cost,False,,NA
159_6,159,idcase,True,False,not_lexicalized
159_6,159,activity,True,True,lexicalized
159_6,159,resource,False,,NA
159_6,159,timestamp,True,False,not_lexicalized
159_6,159,cost,False,,NA
159_7,159,idcase,True,False,not_lexicalized
159_7,159,activity,True,True,lexicalized
159_7,159,resource,False,,NA
159_7,159,timestamp,True,False,not_lexicalized
159_7,159,cost,False,,NA
159_8,159,idcase,True,False,not_lexicalized
159_8,159,activity,True,True,lexicalized
159_8,159,resource,False,,NA
159_8,159,timestamp,True,False,not_lexicalized
159_8,159,cost,False,,NA
159_9,159,idcase,True,False,not_lexicalized
159_9,159,activity,True,True,lexicalized
159_9,159,resource,False,,NA
159_9,159,timestamp,True,False,not_lexicalized
159_9,159,cost,False,,NA
159_10,159,idcase,True,False,not_lexicalized
159_10,159,activity,True,True,lexicalized
159_10,159,resource,False,,NA
159_10,159,timestamp,True,False,not_lexicalized
159_10,159,cost,False,,NA
159_11,159,idcase,True,False,not_lexicalized
159_11,159,activity,True,False,not_lexicalized
159_11,159,resource,False,,NA
159_11,159,timestamp,True,False,not_lexicalized
159_11,159,cost,False,,NA
160_0,160,idcase,True,False,not_lexicalized
160_0,160,activity,False,,NA
160_0,160,resource,False,,NA
160_0,160,timestamp,False,,NA
160_0,160,cost,False,,NA
160_1,160,idcase,True,False,not_lexicalized
160_1,160,activity,False,,NA
160_1,160,resource,False,,NA
160_1,160,timestamp,False,,NA
160_1,160,cost,False,,NA
160_2,160,idcase,True,False,not_lexicalized
160_2,160,activity,False,,NA
160_2,160,resource,False,,NA
160_2,160,timestamp,False,,NA
160_2,160,cost,False,,NA
160_3,160,idcase,True,False,not_lexicalized
160_3,160,activity,False,,NA
160_3,160,resource,False,,NA
160_3,160,timestamp,False,,NA
160_3,160,cost,False,,NA
160_4,160,idcase,True,False,not_lexicalized
160_4,160,activity,False,,NA
160_4,160,resource,False,,NA
160_4,160,timestamp,False,,NA
160_4,160,cost,False,,NA
160_5,160,idcase,True,True,lexicalized
160_5,160,activity,False,,NA
160_5,160,resource,False,,NA
160_5,160,timestamp,False,,NA
160_5,160,cost,False,,NA
160_6,160,idcase,True,True,lexicalized
160_6,160,activity,False,,NA
160_6,160,resource,False,,NA
160_6,160,timestamp,False,,NA
160_6,160,cost,False,,NA
160_7,160,idcase,True,False,not_lexicalized
160_7,160,activity,False,,NA
160_7,160,resource,False,,NA
160_7,160,timestamp,False,,NA
160_7,160,cost,False,,NA
160_8,160,idcase,True,True,lexicalized
160_8,160,activity,False,,NA
160_8,160,resource,False,,NA
160_8,160,timestamp,False,,NA
160_8,160,cost,False,,NA
160_9,160,idcase,True,False,not_lexicalized
160_9,160,activity,False,,NA
160_9,160,resource,False,,NA
160_9,160,timestamp,False,,NA
160_9,160,cost,False,,NA
160_10,160,idcase,True,True,lexicalized
160_10,160,activity,False,,NA
160_10,160,resource,False,,NA
160_10,160,timestamp,False,,NA
160_10,160,cost,False,,NA
160_11,160,idcase,True,False,not_lexicalized
160_11,160,activity,False,,NA
160_11,160,resource,False,,NA
160_11,160,timestamp,False,,NA
160_11,160,cost,False,,NA
161_0,161,idcase,False,,NA
161_0,161,activity,True,True,lexicalized
161_0,161,resource,False,,NA
161_0,161,timestamp,True,False,not_lexicalized
161_0,161,cost,True,True,lexicalized
161_1,161,idcase,False,,NA
161_1,161,activity,True,True,lexicalized
161_1,161,resource,False,,NA
161_1,161,timestamp,True,False,not_lexicalized
161_1,161,cost,True,True,lexicalized
161_2,161,idcase,False,,NA
161_2,161,activity,True,True,lexicalized
161_2,161,resource,False,,NA
161_2,161,timestamp,True,False,not_lexicalized
161_2,161,cost,True,True,lexicalized
161_3,161,idcase,False,,NA
161_3,161,activity,True,True,lexicalized
161_3,161,resource,False,,NA
161_3,161,timestamp,True,False,not_lexicalized
161_3,161,cost,True,True,lexicalized
161_4,161,idcase,False,,NA
161_4,161,activity,True,True,lexicalized
161_4,161,resource,False,,NA
161_4,161,timestamp,True,False,not_lexicalized
161_4,161,cost,True,True,lexicalized
161_5,161,idcase,False,,NA
161_5,161,activity,True,True,lexicalized
161_5,161,resource,False,,NA
161_5,161,timestamp,True,False,not_lexicalized
161_5,161,cost,True,True,lexicalized
161_6,161,idcase,False,,NA
161_6,161,activity,True,True,lexicalized
161_6,161,resource,False,,NA
161_6,161,timestamp,True,False,not_lexicalized
161_6,161,cost,True,True,lexicalized
161_7,161,idcase,False,,NA
161_7,161,activity,True,True,lexicalized
161_7,161,resource,False,,NA
161_7,161,timestamp,True,False,not_lexicalized
161_7,161,cost,True,True,lexicalized
161_8,161,idcase,False,,NA
161_8,161,activity,True,False,not_lexicalized
161_8,161,resource,False,,NA
161_8,161,timestamp,True,False,not_lexicalized
161_8,161,cost,True,True,lexicalized
162_0,162,idcase,True,True,lexicalized
162_0,162,activity,True,True,lexicalized
162_0,162,resource,False,,NA
162_0,162,timestamp,False,,NA
162_0,162,cost,False,,NA
162_1,162,idcase,True,True,lexicalized
162_1,162,activity,True,True,lexicalized
162_1,162,resource,False,,NA
162_1,162,timestamp,False,,NA
162_1,162,cost,False,,NA
162_2,162,idcase,True,True,lexicalized
162_2,162,activity,True,True,lexicalized
162_2,162,resource,False,,NA
162_2,162,timestamp,False,,NA
162_2,162,cost,False,,NA
162_3,162,idcase,True,True,lexicalized
162_3,162,activity,True,True,lexicalized
162_3,162,resource,False,,NA
162_3,162,timestamp,False,,NA
162_3,162,cost,False,,NA
162_4,162,idcase,True,True,lexicalized
162_4,162,activity,True,True,lexicalized
162_4,162,resource,False,,NA
162_4,162,timestamp,False,,NA
162_4,162,cost,False,,NA
162_5,162,idcase,True,True,lexicalized
162_5,162,activity,True,True,lexicalized
162_5,162,resource,False,,NA
162_5,162,timestamp,False,,NA
162_5,162,cost,False,,NA
162_6,162,idcase,True,True,lexicalized
162_6,162,activity,True,True,lexicalized
162_6,162,resource,False,,NA
162_6,162,timestamp,False,,NA
162_6,162,cost,False,,NA
162_7,162,idcase,True,True,lexicalized
162_7,162,activity,True,True,lexicalized
162_7,162,resource,False,,NA
162_7,162,timestamp,False,,NA
162_7,162,cost,False,,NA
162_8,162,idcase,True,False,not_lexicalized
162_8,162,activity,True,False,not_lexicalized
162_8,162,resource,False,,NA
162_8,162,timestamp,False,,NA
162_8,162,cost,False,,NA
162_9,162,idcase,True,True,lexicalized
162_9,162,activity,True,False,not_lexicalized
162_9,162,resource,False,,NA
162_9,162,timestamp,False,,NA
162_9,162,cost,False,,NA
163_0,163,idcase,True,True,lexicalized
163_0,163,activity,True,True,lexicalized
163_0,163,resource,True,True,lexicalized
163_0,163,timestamp,False,,NA
163_0,163,cost,False,,NA
163_1,163,idcase,True,True,lexicalized
163_1,163,activity,True,True,lexicalized
163_1,163,resource,True,True,lexicalized
163_1,163,timestamp,False,,NA
163_1,163,cost,False,,NA
163_2,163,idcase,True,True,lexicalized
163_2,163,activity,True,True,lexicalized
163_2,163,resource,True,True,lexicalized
163_2,163,timestamp,False,,NA
163_2,163,cost,False,,NA
163_3,163,idcase,True,True,lexicalized
163_3,163,activity,True,True,lexicalized
163_3,163,resource,True,True,lexicalized
163_3,163,timestamp,False,,NA
163_3,163,cost,False,,NA
163_4,163,idcase,True,True,lexicalized
163_4,163,activity,True,True,lexicalized
163_4,163,resource,True,True,lexicalized
163_4,163,timestamp,False,,NA
163_4,163,cost,False,,NA
163_5,163,idcase,True,True,lexicalized
163_5,163,activity,True,True,lexicalized
163_5,163,resource,True,True,lexicalized
163_5,163,timestamp,False,,NA
163_5,163,cost,False,,NA
163_6,163,idcase,True,False,not_lexicalized
163_6,163,activity,True,False,not_lexicalized
163_6,163,resource,True,True,lexicalized
163_6,163,timestamp,False,,NA
163_6,163,cost,False,,NA
163_7,163,idcase,True,False,not_lexicalized
163_7,163,activity,True,False,not_lexicalized
163_7,163,resource,True,True,lexicalized
163_7,163,timestamp,False,,NA
163_7,163,cost,False,,NA
164_0,164,idcase,True,False,not_lexicalized
164_0,164,activity,True,True,lexicalized
164_0,164,resource,False,,NA
164_0,164,timestamp,False,,NA
164_0,164,cost,False,,NA
164_1,164,idcase,True,False,not_lexicalized
164_1,164,activity,True,True,lexicalized
164_1,164,resource,False,,NA
164_1,164,timestamp,False,,NA
164_1,164,cost,False,,NA
164_2,164,idcase,True,False,not_lexicalized
164_2,164,activity,True,True,lexicalized
164_2,164,resource,False,,NA
164_2,164,timestamp,False,,NA
164_2,164,cost,False,,NA
164_3,164,idcase,True,False,not_lexicalized
164_3,164,activity,True,True,lexicalized
164_3,164,resource,False,,NA
164_3,164,timestamp,False,,NA
164_3,164,cost,False,,NA
164_4,164,idcase,True,False,not_lexicalized
164_4,164,activity,True,True,lexicalized
164_4,164,resource,False,,NA
164_4,164,timestamp,False,,NA
164_4,164,cost,False,,NA
164_5,164,idcase,True,False,not_lexicalized
164_5,164,activity,True,True,lexicalized
164_5,164,resource,False,,NA
164_5,164,timestamp,False,,NA
164_5,164,cost,False,,NA
164_6,164,idcase,True,True,lexicalized
164_6,164,activity,True,True,lexicalized
164_6,164,resource,False,,NA
164_6,164,timestamp,False,,NA
164_6,164,cost,False,,NA
164_7,164,idcase,True,True,lexicalized
164_7,164,activity,True,False,not_lexicalized
164_7,164,resource,False,,NA
164_7,164,timestamp,False,,NA
164_7,164,cost,False,,NA
165_0,165,idcase,True,False,not_lexicalized
165_0,165,activity,True,False,not_lexicalized
165_0,165,resource,False,,NA
165_0,165,timestamp,True,False,not_lexicalized
165_0,165,cost,False,,NA
165_1,165,idcase,True,False,not_lexicalized
165_1,165,activity,True,True,lexicalized
165_1,165,resource,False,,NA
165_1,165,timestamp,True,False,not_lexicalized
165_1,165,cost,False,,NA
165_2,165,idcase,True,False,not_lexicalized
165_2,165,activity,True,True,lexicalized
165_2,165,resource,False,,NA
165_2,165,timestamp,True,False,not_lexicalized
165_2,165,cost,False,,NA
165_3,165,idcase,True,False,not_lexicalized
165_3,165,activity,True,False,not_lexicalized
165_3,165,resource,False,,NA
165_3,165,timestamp,True,False,not_lexicalized
165_3,165,cost,False,,NA
165_4,165,idcase,True,False,not_lexicalized
165_4,165,activity,True,False,not_lexicalized
165_4,165,resource,False,,NA
165_4,165,timestamp,True,False,not_lexicalized
165_4,165,cost,False,,NA
165_5,165,idcase,True,False,not_lexicalized
165_5,165,activity,True,True,lexicalized
165_5,165,resource,False,,NA
165_5,165,timestamp,True,False,not_lexicalized
165_5,165,cost,False,,NA
165_6,165,idcase,True,True,lexicalized
165_6,165,activity,True,False,not_lexicalized
165_6,165,resource,False,,NA
165_6,165,timestamp,True,False,not_lexicalized
165_6,165,cost,False,,NA
165_7,165,idcase,True,True,lexicalized
165_7,165,activity,True,True,lexicalized
165_7,165,resource,False,,NA
165_7,165,timestamp,True,False,not_lexicalized
165_7,165,cost,False,,NA
166_0,166,idcase,False,,NA
166_0,166,activity,True,True,lexicalized
166_0,166,resource,True,True,lexicalized
166_0,166,timestamp,False,,NA
166_0,166,cost,False,,NA
166_1,166,idcase,False,,NA
166_1,166,activity,True,True,lexicalized
166_1,166,resource,True,True,lexicalized
166_1,166,timestamp,False,,NA
166_1,166,cost,False,,NA
166_2,166,idcase,False,,NA
166_2,166,activity,True,True,lexicalized
166_2,166,resource,True,True,lexicalized
166_2,166,timestamp,False,,NA
166_2,166,cost,False,,NA
166_3,166,idcase,False,,NA
166_3,166,activity,True,True,lexicalized
166_3,166,resource,True,True,lexicalized
166_3,166,timestamp,False,,NA
166_3,166,cost,False,,NA
166_4,166,idcase,False,,NA
166_4,166,activity,True,True,lexicalized
166_4,166,resource,True,True,lexicalized
166_4,166,timestamp,False,,NA
166_4,166,cost,False,,NA
166_5,166,idcase,False,,NA
166_5,166,activity,True,True,lexicalized
166_5,166,resource,True,True,lexicalized
166_5,166,timestamp,False,,NA
166_5,166,cost,False,,NA
166_6,166,idcase,False,,NA
166_6,166,activity,True,True,lexicalized
166_6,166,resource,True,True,lexicalized
166_6,166,timestamp,False,,NA
166_6,166,cost,False,,NA
167_0,167,idcase,False,,NA
167_0,167,activity,True,True,lexicalized
167_0,167,resource,False,,NA
167_0,167,timestamp,True,False,not_lexicalized
167_0,167,cost,False,,NA
167_1,167,idcase,False,,NA
167_1,167,activity,True,True,lexicalized
167_1,167,resource,False,,NA
167_1,167,timestamp,True,False,not_lexicalized
167_1,167,cost,False,,NA
167_2,167,idcase,False,,NA
167_2,167,activity,True,True,lexicalized
167_2,167,resource,False,,NA
167_2,167,timestamp,True,False,not_lexicalized
167_2,167,cost,False,,NA
167_3,167,idcase,False,,NA
167_3,167,activity,True,True,lexicalized
167_3,167,resource,False,,NA
167_3,167,timestamp,True,False,not_lexicalized
167_3,167,cost,False,,NA
167_4,167,idcase,False,,NA
167_4,167,activity,True,True,lexicalized
167_4,167,resource,False,,NA
167_4,167,timestamp,True,False,not_lexicalized
167_4,167,cost,False,,NA
167_5,167,idcase,False,,NA
167_5,167,activity,True,True,lexicalized
167_5,167,resource,False,,NA
167_5,167,timestamp,True,False,not_lexicalized
167_5,167,cost,False,,NA
167_6,167,idcase,False,,NA
167_6,167,activity,True,False,not_lexicalized
167_6,167,resource,False,,NA
167_6,167,timestamp,True,False,not_lexicalized
167_6,167,cost,False,,NA
168_0,168,idcase,True,True,lexicalized
168_0,168,activity,False,,NA
168_0,168,resource,True,True,lexicalized
168_0,168,timestamp,False,,NA
168_0,168,cost,False,,NA
168_1,168,idcase,True,True,lexicalized
168_1,168,activity,False,,NA
168_1,168,resource,True,True,lexicalized
168_1,168,timestamp,False,,NA
168_1,168,cost,False,,NA
168_2,168,idcase,True,True,lexicalized
168_2,168,activity,False,,NA
168_2,168,resource,True,True,lexicalized
168_2,168,timestamp,False,,NA
168_2,168,cost,False,,NA
168_3,168,idcase,True,True,lexicalized
168_3,168,activity,False,,NA
168_3,168,resource,True,True,lexicalized
168_3,168,timestamp,False,,NA
168_3,168,cost,False,,NA
168_4,168,idcase,True,True,lexicalized
168_4,168,activity,False,,NA
168_4,168,resource,True,True,lexicalized
168_4,168,timestamp,False,,NA
168_4,168,cost,False,,NA
168_5,168,idcase,True,True,lexicalized
168_5,168,activity,False,,NA
168_5,168,resource,True,True,lexicalized
168_5,168,timestamp,False,,NA
168_5,168,cost,False,,NA
168_6,168,idcase,True,False,not_lexicalized
168_6,168,activity,False,,NA
168_6,168,resource,True,True,lexicalized
168_6,168,timestamp,False,,NA
168_6,168,cost,False,,NA
168_7,168,idcase,True,True,lexicalized
168_7,168,activity,False,,NA
168_7,168,resource,True,True,lexicalized
168_7,168,timestamp,False,,NA
168_7,168,cost,False,,NA
168_8,168,idcase,True,False,not_lexicalized
168_8,168,activity,False,,NA
168_8,168,resource,True,True,lexicalized
168_8,168,timestamp,False,,NA
168_8,168,cost,False,,NA
168_9,168,idcase,True,False,not_lexicalized
168_9,168,activity,False,,NA
168_9,168,resource,True,False,not_lexicalized
168_9,168,timestamp,False,,NA
168_9,168,cost,False,,NA
169_0,169,idcase,True,False,not_lexicalized
169_0,169,activity,True,True,lexicalized
169_0,169,resource,False,,NA
169_0,169,timestamp,True,False,not_lexicalized
169_0,169,cost,False,,NA
169_1,169,idcase,True,True,lexicalized
169_1,169,activity,True,True,lexicalized
169_1,169,resource,False,,NA
169_1,169,timestamp,True,False,not_lexicalized
169_1,169,cost,False,,NA
169_2,169,idcase,True,False,not_lexicalized
169_2,169,activity,True,True,lexicalized
169_2,169,resource,False,,NA
169_2,169,timestamp,True,False,not_lexicalized
169_2,169,cost,False,,NA
169_3,169,idcase,True,False,not_lexicalized
169_3,169,activity,True,True,lexicalized
169_3,169,resource,False,,NA
169_3,169,timestamp,True,False,not_lexicalized
169_3,169,cost,False,,NA
169_4,169,idcase,True,False,not_lexicalized
169_4,169,activity,True,True,lexicalized
169_4,169,resource,False,,NA
169_4,169,timestamp,True,False,not_lexicalized
169_4,169,cost,False,,NA
169_5,169,idcase,True,False,not_lexicalized
169_5,169,activity,True,True,lexicalized
169_5,169,resource,False,,NA
169_5,169,timestamp,True,False,not_lexicalized
169_5,169,cost,False,,NA
169_6,169,idcase,True,False,not_lexicalized
169_6,169,activity,True,False,not_lexicalized
169_6,169,resource,False,,NA
169_6,169,timestamp,True,False,not_lexicalized
169_6,169,cost,False,,NA
169_7,169,idcase,True,False,not_lexicalized
169_7,169,activity,True,False,not_lexicalized
169_7,169,resource,False,,NA
169_7,169,timestamp,True,False,not_lexicalized
169_7,169,cost,False,,NA
170_0,170,idcase,True,True,lexicalized
170_0,170,activity,True,True,lexicalized
170_0,170,resource,False,,NA
170_0,170,timestamp,True,False,not_lexicalized
170_0,170,cost,False,,NA
170_1,170,idcase,True,True,lexicalized
170_1,170,activity,True,True,lexicalized
170_1,170,resource,False,,NA
170_1,170,timestamp,True,False,not_lexicalized
170_1,170,cost,False,,NA
170_2,170,idcase,True,True,lexicalized
170_2,170,activity,True,True,lexicalized
170_2,170,resource,False,,NA
170_2,170,timestamp,True,False,not_lexicalized
170_2,170,cost,False,,NA
170_3,170,idcase,True,True,lexicalized
170_3,170,activity,True,True,lexicalized
170_3,170,resource,False,,NA
170_3,170,timestamp,True,False,not_lexicalized
170_3,170,cost,False,,NA
170_4,170,idcase,True,True,lexicalized
170_4,170,activity,True,True,lexicalized
170_4,170,resource,False,,NA
170_4,170,timestamp,True,False,not_lexicalized
170_4,170,cost,False,,NA
170_5,170,idcase,True,True,lexicalized
170_5,170,activity,True,True,lexicalized
170_5,170,resource,False,,NA
170_5,170,timestamp,True,False,not_lexicalized
170_5,170,cost,False,,NA
170_6,170,idcase,True,True,lexicalized
170_6,170,activity,True,True,lexicalized
170_6,170,resource,False,,NA
170_6,170,timestamp,True,False,not_lexicalized
170_6,170,cost,False,,NA
170_7,170,idcase,True,True,lexicalized
170_7,170,activity,True,True,lexicalized
170_7,170,resource,False,,NA
170_7,170,timestamp,True,False,not_lexicalized
170_7,170,cost,False,,NA
170_8,170,idcase,True,True,lexicalized
170_8,170,activity,True,True,lexicalized
170_8,170,resource,False,,NA
170_8,170,timestamp,True,False,not_lexicalized
170_8,170,cost,False,,NA
171_0,171,idcase,True,False,not_lexicalized
171_0,171,activity,True,True,lexicalized
171_0,171,resource,False,,NA
171_0,171,timestamp,False,,NA
171_0,171,cost,False,,NA
171_1,171,idcase,True,True,lexicalized
171_1,171,activity,True,True,lexicalized
171_1,171,resource,False,,NA
171_1,171,timestamp,False,,NA
171_1,171,cost,False,,NA
171_2,171,idcase,True,False,not_lexicalized
171_2,171,activity,True,True,lexicalized
171_2,171,resource,False,,NA
171_2,171,timestamp,False,,NA
171_2,171,cost,False,,NA
171_3,171,idcase,True,True,lexicalized
171_3,171,activity,True,True,lexicalized
171_3,171,resource,False,,NA
171_3,171,timestamp,False,,NA
171_3,171,cost,False,,NA
171_4,171,idcase,True,False,not_lexicalized
171_4,171,activity,True,True,lexicalized
171_4,171,resource,False,,NA
171_4,171,timestamp,False,,NA
171_4,171,cost,False,,NA
171_5,171,idcase,True,True,lexicalized
171_5,171,activity,True,True,lexicalized
171_5,171,resource,False,,NA
171_5,171,timestamp,False,,NA
171_5,171,cost,False,,NA
171_6,171,idcase,True,False,not_lexicalized
171_6,171,activity,True,True,lexicalized
171_6,171,resource,False,,NA
171_6,171,timestamp,False,,NA
171_6,171,cost,False,,NA
171_7,171,idcase,True,True,lexicalized
171_7,171,activity,True,True,lexicalized
171_7,171,resource,False,,NA
171_7,171,timestamp,False,,NA
171_7,171,cost,False,,NA
171_8,171,idcase,True,False,not_lexicalized
171_8,171,activity,True,True,lexicalized
171_8,171,resource,False,,NA
171_8,171,timestamp,False,,NA
171_8,171,cost,False,,NA
171_9,171,idcase,True,True,lexicalized
171_9,171,activity,True,True,lexicalized
171_9,171,resource,False,,NA
171_9,171,timestamp,False,,NA
171_9,171,cost,False,,NA
171_10,171,idcase,True,False,not_lexicalized
171_10,171,activity,True,False,not_lexicalized
171_10,171,resource,False,,NA
171_10,171,timestamp,False,,NA
171_10,171,cost,False,,NA
171_11,171,idcase,True,False,not_lexicalized
171_11,171,activity,True,False,not_lexicalized
171_11,171,resource,False,,NA
171_11,171,timestamp,False,,NA
171_11,171,cost,False,,NA
172_0,172,idcase,False,,NA
172_0,172,activity,True,True,lexicalized
172_0,172,resource,True,True,lexicalized
172_0,172,timestamp,True,True,lexicalized
172_0,172,cost,False,,NA
172_1,172,idcase,False,,NA
172_1,172,activity,True,True,lexicalized
172_1,172,resource,True,True,lexicalized
172_1,172,timestamp,True,True,lexicalized
172_1,172,cost,False,,NA
172_2,172,idcase,False,,NA
172_2,172,activity,True,True,lexicalized
172_2,172,resource,True,True,lexicalized
172_2,172,timestamp,True,True,lexicalized
172_2,172,cost,False,,NA
172_3,172,idcase,False,,NA
172_3,172,activity,True,True,lexicalized
172_3,172,resource,True,True,lexicalized
172_3,172,timestamp,True,True,lexicalized
172_3,172,cost,False,,NA
172_4,172,idcase,False,,NA
172_4,172,activity,True,True,lexicalized
172_4,172,resource,True,True,lexicalized
172_4,172,timestamp,True,False,not_lexicalized
172_4,172,cost,False,,NA
172_5,172,idcase,False,,NA
172_5,172,activity,True,True,lexicalized
172_5,172,resource,True,True,lexicalized
172_5,172,timestamp,True,True,lexicalized
172_5,172,cost,False,,NA
172_6,172,idcase,False,,NA
172_6,172,activity,True,True,lexicalized
172_6,172,resource,True,True,lexicalized
172_6,172,timestamp,True,True,lexicalized
172_6,172,cost,False,,NA
172_7,172,idcase,False,,NA
172_7,172,activity,True,True,lexicalized
172_7,172,resource,True,True,lexicalized
172_7,172,timestamp,True,True,lexicalized
172_7,172,cost,False,,NA
172_8,172,idcase,False,,NA
172_8,172,activity,True,True,lexicalized
172_8,172,resource,True,True,lexicalized
172_8,172,timestamp,True,True,lexicalized
172_8,172,cost,False,,NA
172_9,172,idcase,False,,NA
172_9,172,activity,True,False,not_lexicalized
172_9,172,resource,True,True,lexicalized
172_9,172,timestamp,True,True,lexicalized
172_9,172,cost,False,,NA
172_10,172,idcase,False,,NA
172_10,172,activity,True,True,lexicalized
172_10,172,resource,True,True,lexicalized
172_10,172,timestamp,True,True,lexicalized
172_10,172,cost,False,,NA
173_0,173,idcase,False,,NA
173_0,173,activity,True,True,lexicalized
173_0,173,resource,True,True,lexicalized
173_0,173,timestamp,False,,NA
173_0,173,cost,False,,NA
173_1,173,idcase,False,,NA
173_1,173,activity,True,True,lexicalized
173_1,173,resource,True,True,lexicalized
173_1,173,timestamp,False,,NA
173_1,173,cost,False,,NA
173_2,173,idcase,False,,NA
173_2,173,activity,True,True,lexicalized
173_2,173,resource,True,True,lexicalized
173_2,173,timestamp,False,,NA
173_2,173,cost,False,,NA
173_3,173,idcase,False,,NA
173_3,173,activity,True,True,lexicalized
173_3,173,resource,True,True,lexicalized
173_3,173,timestamp,False,,NA
173_3,173,cost,False,,NA
173_4,173,idcase,False,,NA
173_4,173,activity,True,True,lexicalized
173_4,173,resource,True,True,lexicalized
173_4,173,timestamp,False,,NA
173_4,173,cost,False,,NA
173_5,173,idcase,False,,NA
173_5,173,activity,True,True,lexicalized
173_5,173,resource,True,True,lexicalized
173_5,173,timestamp,False,,NA
173_5,173,cost,False,,NA
173_6,173,idcase,False,,NA
173_6,173,activity,True,True,lexicalized
173_6,173,resource,True,True,lexicalized
173_6,173,timestamp,False,,NA
173_6,173,cost,False,,NA
173_7,173,idcase,False,,NA
173_7,173,activity,True,True,lexicalized
173_7,173,resource,True,True,lexicalized
173_7,173,timestamp,False,,NA
173_7,173,cost,False,,NA
173_8,173,idcase,False,,NA
173_8,173,activity,True,True,lexicalized
173_8,173,resource,True,True,lexicalized
173_8,173,timestamp,False,,NA
173_8,173,cost,False,,NA
173_9,173,idcase,False,,NA
173_9,173,activity,True,True,lexicalized
173_9,173,resource,True,True,lexicalized
173_9,173,timestamp,False,,NA
173_9,173,cost,False,,NA
173_10,173,idcase,False,,NA
173_10,173,activity,True,False,not_lexicalized
173_10,173,resource,True,True,lexicalized
173_10,173,timestamp,False,,NA
173_10,173,cost,False,,NA
174_0,174,idcase,True,False,not_lexicalized
174_0,174,activity,True,True,lexicalized
174_0,174,resource,False,,NA
174_0,174,timestamp,False,,NA
174_0,174,cost,False,,NA
174_1,174,idcase,True,False,not_lexicalized
174_1,174,activity,True,True,lexicalized
174_1,174,resource,False,,NA
174_1,174,timestamp,False,,NA
174_1,174,cost,False,,NA
174_2,174,idcase,True,False,not_lexicalized
174_2,174,activity,True,True,lexicalized
174_2,174,resource,False,,NA
174_2,174,timestamp,False,,NA
174_2,174,cost,False,,NA
174_3,174,idcase,True,True,lexicalized
174_3,174,activity,True,True,lexicalized
174_3,174,resource,False,,NA
174_3,174,timestamp,False,,NA
174_3,174,cost,False,,NA
174_4,174,idcase,True,True,lexicalized
174_4,174,activity,True,True,lexicalized
174_4,174,resource,False,,NA
174_4,174,timestamp,False,,NA
174_4,174,cost,False,,NA
174_5,174,idcase,True,False,not_lexicalized
174_5,174,activity,True,True,lexicalized
174_5,174,resource,False,,NA
174_5,174,timestamp,False,,NA
174_5,174,cost,False,,NA
174_6,174,idcase,True,False,not_lexicalized
174_6,174,activity,True,True,lexicalized
174_6,174,resource,False,,NA
174_6,174,timestamp,False,,NA
174_6,174,cost,False,,NA
174_7,174,idcase,True,True,lexicalized
174_7,174,activity,True,True,lexicalized
174_7,174,resource,False,,NA
174_7,174,timestamp,False,,NA
174_7,174,cost,False,,NA
174_8,174,idcase,True,True,lexicalized
174_8,174,activity,True,False,not_lexicalized
174_8,174,resource,False,,NA
174_8,174,timestamp,False,,NA
174_8,174,cost,False,,NA
175_0,175,idcase,False,,NA
175_0,175,activity,True,True,lexicalized
175_0,175,resource,True,True,lexicalized
175_0,175,timestamp,False,,NA
175_0,175,cost,False,,NA
175_1,175,idcase,False,,NA
175_1,175,activity,True,True,lexicalized
175_1,175,resource,True,True,lexicalized
175_1,175,timestamp,False,,NA
175_1,175,cost,False,,NA
175_2,175,idcase,False,,NA
175_2,175,activity,True,True,lexicalized
175_2,175,resource,True,True,lexicalized
175_2,175,timestamp,False,,NA
175_2,175,cost,False,,NA
175_3,175,idcase,False,,NA
175_3,175,activity,True,True,lexicalized
175_3,175,resource,True,True,lexicalized
175_3,175,timestamp,False,,NA
175_3,175,cost,False,,NA
175_4,175,idcase,False,,NA
175_4,175,activity,True,True,lexicalized
175_4,175,resource,True,True,lexicalized
175_4,175,timestamp,False,,NA
175_4,175,cost,False,,NA
175_5,175,idcase,False,,NA
175_5,175,activity,True,True,lexicalized
175_5,175,resource,True,True,lexicalized
175_5,175,timestamp,False,,NA
175_5,175,cost,False,,NA
175_6,175,idcase,False,,NA
175_6,175,activity,True,True,lexicalized
175_6,175,resource,True,True,lexicalized
175_6,175,timestamp,False,,NA
175_6,175,cost,False,,NA
175_7,175,idcase,False,,NA
175_7,175,activity,True,False,not_lexicalized
175_7,175,resource,True,True,lexicalized
175_7,175,timestamp,False,,NA
175_7,175,cost,False,,NA
175_8,175,idcase,False,,NA
175_8,175,activity,True,False,not_lexicalized
175_8,175,resource,True,True,lexicalized
175_8,175,timestamp,False,,NA
175_8,175,cost,False,,NA
176_0,176,idcase,False,,NA
176_0,176,activity,True,True,lexicalized
176_0,176,resource,True,True,lexicalized
176_0,176,timestamp,False,,NA
176_0,176,cost,False,,NA
176_1,176,idcase,False,,NA
176_1,176,activity,True,True,lexicalized
176_1,176,resource,True,True,lexicalized
176_1,176,timestamp,False,,NA
176_1,176,cost,False,,NA
176_2,176,idcase,False,,NA
176_2,176,activity,True,True,lexicalized
176_2,176,resource,True,True,lexicalized
176_2,176,timestamp,False,,NA
176_2,176,cost,False,,NA
176_3,176,idcase,False,,NA
176_3,176,activity,True,True,lexicalized
176_3,176,resource,True,True,lexicalized
176_3,176,timestamp,False,,NA
176_3,176,cost,False,,NA
176_4,176,idcase,False,,NA
176_4,176,activity,True,True,lexicalized
176_4,176,resource,True,True,lexicalized
176_4,176,timestamp,False,,NA
176_4,176,cost,False,,NA
176_5,176,idcase,False,,NA
176_5,176,activity,True,True,lexicalized
176_5,176,resource,True,True,lexicalized
176_5,176,timestamp,False,,NA
176_5,176,cost,False,,NA
176_6,176,idcase,False,,NA
176_6,176,activity,True,False,not_lexicalized
176_6,176,resource,True,True,lexicalized
176_6,176,timestamp,False,,NA
176_6,176,cost,False,,NA
176_7,176,idcase,False,,NA
176_7,176,activity,True,True,lexicalized
176_7,176,resource,True,True,lexicalized
176_7,176,timestamp,False,,NA
176_7,176,cost,False,,NA
177_0,177,idcase,True,True,lexicalized
177_0,177,activity,True,True,lexicalized
177_0,177,resource,True,True,lexicalized
177_0,177,timestamp,True,False,not_lexicalized
177_0,177,cost,False,,NA
177_1,177,idcase,True,True,lexicalized
177_1,177,activity,True,True,lexicalized
177_1,177,resource,True,True,lexicalized
177_1,177,timestamp,True,False,not_lexicalized
177_1,177,cost,False,,NA
177_2,177,idcase,True,True,lexicalized
177_2,177,activity,True,True,lexicalized
177_2,177,resource,True,True,lexicalized
177_2,177,timestamp,True,False,not_lexicalized
177_2,177,cost,False,,NA
177_3,177,idcase,True,True,lexicalized
177_3,177,activity,True,True,lexicalized
177_3,177,resource,True,True,lexicalized
177_3,177,timestamp,True,False,not_lexicalized
177_3,177,cost,False,,NA
177_4,177,idcase,True,True,lexicalized
177_4,177,activity,True,True,lexicalized
177_4,177,resource,True,True,lexicalized
177_4,177,timestamp,True,False,not_lexicalized
177_4,177,cost,False,,NA
177_5,177,idcase,True,True,lexicalized
177_5,177,activity,True,False,not_lexicalized
177_5,177,resource,True,True,lexicalized
177_5,177,timestamp,True,False,not_lexicalized
177_5,177,cost,False,,NA
177_6,177,idcase,True,True,lexicalized
177_6,177,activity,True,True,lexicalized
177_6,177,resource,True,True,lexicalized
177_6,177,timestamp,True,False,not_lexicalized
177_6,177,cost,False,,NA
178_0,178,idcase,True,True,lexicalized
178_0,178,activity,True,True,lexicalized
178_0,178,resource,False,,NA
178_0,178,timestamp,True,False,not_lexicalized
178_0,178,cost,False,,NA
178_1,178,idcase,True,True,lexicalized
178_1,178,activity,True,True,lexicalized
178_1,178,resource,False,,NA
178_1,178,timestamp,True,False,not_lexicalized
178_1,178,cost,False,,NA
178_2,178,idcase,True,True,lexicalized
178_2,178,activity,True,True,lexicalized
178_2,178,resource,False,,NA
178_2,178,timestamp,True,False,not_lexicalized
178_2,178,cost,False,,NA
178_3,178,idcase,True,True,lexicalized
178_3,178,activity,True,True,lexicalized
178_3,178,resource,False,,NA
178_3,178,timestamp,True,False,not_lexicalized
178_3,178,cost,False,,NA
178_4,178,idcase,True,True,lexicalized
178_4,178,activity,True,True,lexicalized
178_4,178,resource,False,,NA
178_4,178,timestamp,True,False,not_lexicalized
178_4,178,cost,False,,NA
178_5,178,idcase,True,True,lexicalized
178_5,178,activity,True,True,lexicalized
178_5,178,resource,False,,NA
178_5,178,timestamp,True,False,not_lexicalized
178_5,178,cost,False,,NA
178_6,178,idcase,True,True,lexicalized
178_6,178,activity,True,True,lexicalized
178_6,178,resource,False,,NA
178_6,178,timestamp,True,False,not_lexicalized
178_6,178,cost,False,,NA
178_7,178,idcase,True,True,lexicalized
178_7,178,activity,True,True,lexicalized
178_7,178,resource,False,,NA
178_7,178,timestamp,True,False,not_lexicalized
178_7,178,cost,False,,NA
178_8,178,idcase,True,True,lexicalized
178_8,178,activity,True,True,lexicalized
178_8,178,resource,False,,NA
178_8,178,timestamp,True,False,not_lexicalized
178_8,178,cost,False,,NA
178_9,178,idcase,True,True,lexicalized
178_9,178,activity,True,False,not_lexicalized
178_9,178,resource,False,,NA
178_9,178,timestamp,True,False,not_lexicalized
178_9,178,cost,False,,NA
178_10,178,idcase,True,True,lexicalized
178_10,178,activity,True,False,not_lexicalized
178_10,178,resource,False,,NA
178_10,178,timestamp,True,False,not_lexicalized
178_10,178,cost,False,,NA
179_0,179,idcase,False,,NA
179_0,179,activity,True,True,lexicalized
179_0,179,resource,True,True,lexicalized
179_0,179,timestamp,True,False,not_lexicalized
179_0,179,cost,False,,NA
179_1,179,idcase,False,,NA
179_1,179,activity,True,True,lexicalized
179_1,179,resource,True,True,lexicalized
179_1,179,timestamp,True,False,not_lexicalized
179_1,179,cost,False,,NA
179_2,179,idcase,False,,NA
179_2,179,activity,True,True,lexicalized
179_2,179,resource,True,True,lexicalized
179_2,179,timestamp,True,False,not_lexicalized
179_2,179,cost,False,,NA
179_3,179,idcase,False,,NA
179_3,179,activity,True,True,lexicalized
179_3,179,resource,True,False,not_lexicalized
179_3,179,timestamp,True,False,not_lexicalized
179_3,179,cost,False,,NA
179_4,179,idcase,False,,NA
179_4,179,activity,True,True,lexicalized
179_4,179,resource,True,True,lexicalized
179_4,179,timestamp,True,False,not_lexicalized
179_4,179,cost,False,,NA
179_5,179,idcase,False,,NA
179_5,179,activity,True,True,lexicalized
179_5,179,resource,True,True,lexicalized
179_5,179,timestamp,True,False,not_lexicalized
179_5,179,cost,False,,NA
179_6,179,idcase,False,,NA
179_6,179,activity,True,True,lexicalized
179_6,179,resource,True,True,lexicalized
179_6,179,timestamp,True,False,not_lexicalized
179_6,179,cost,False,,NA
179_7,179,idcase,False,,NA
179_7,179,activity,True,False,not_lexicalized
179_7,179,resource,True,True,lexicalized
179_7,179,timestamp,True,False,not_lexicalized
179_7,179,cost,False,,NA
179_8,179,idcase,False,,NA
179_8,179,activity,True,False,not_lexicalized
179_8,179,resource,True,True,lexicalized
179_8,179,timestamp,True,False,not_lexicalized
179_8,179,cost,False,,NA
180_0,180,idcase,True,True,lexicalized
180_0,180,activity,True,True,lexicalized
180_0,180,resource,False,,NA
180_0,180,timestamp,True,True,lexicalized
180_0,180,cost,False,,NA
180_1,180,idcase,True,True,lexicalized
180_1,180,activity,True,True,lexicalized
180_1,180,resource,False,,NA
180_1,180,timestamp,True,True,lexicalized
180_1,180,cost,False,,NA
180_2,180,idcase,True,True,lexicalized
180_2,180,activity,True,True,lexicalized
180_2,180,resource,False,,NA
180_2,180,timestamp,True,True,lexicalized
180_2,180,cost,False,,NA
180_3,180,idcase,True,True,lexicalized
180_3,180,activity,True,True,lexicalized
180_3,180,resource,False,,NA
180_3,180,timestamp,True,True,lexicalized
180_3,180,cost,False,,NA
180_4,180,idcase,True,True,lexicalized
180_4,180,activity,True,True,lexicalized
180_4,180,resource,False,,NA
180_4,180,timestamp,True,True,lexicalized
180_4,180,cost,False,,NA
180_5,180,idcase,True,True,lexicalized
180_5,180,activity,True,True,lexicalized
180_5,180,resource,False,,NA
180_5,180,timestamp,True,True,lexicalized
180_5,180,cost,False,,NA
180_6,180,idcase,True,True,lexicalized
180_6,180,activity,True,True,lexicalized
180_6,180,resource,False,,NA
180_6,180,timestamp,True,True,lexicalized
180_6,180,cost,False,,NA
180_7,180,idcase,True,True,lexicalized
180_7,180,activity,True,True,lexicalized
180_7,180,resource,False,,NA
180_7,180,timestamp,True,True,lexicalized
180_7,180,cost,False,,NA
180_8,180,idcase,True,True,lexicalized
180_8,180,activity,True,False,not_lexicalized
180_8,180,resource,False,,NA
180_8,180,timestamp,True,True,lexicalized
180_8,180,cost,False,,NA
180_9,180,idcase,True,False,not_lexicalized
180_9,180,activity,True,False,not_lexicalized
180_9,180,resource,False,,NA
180_9,180,timestamp,True,True,lexicalized
180_9,180,cost,False,,NA
181_0,181,idcase,True,True,lexicalized
181_0,181,activity,True,True,lexicalized
181_0,181,resource,False,,NA
181_0,181,timestamp,True,False,not_lexicalized
181_0,181,cost,False,,NA
181_1,181,idcase,True,True,lexicalized
181_1,181,activity,True,True,lexicalized
181_1,181,resource,False,,NA
181_1,181,timestamp,True,False,not_lexicalized
181_1,181,cost,False,,NA
181_2,181,idcase,True,True,lexicalized
181_2,181,activity,True,True,lexicalized
181_2,181,resource,False,,NA
181_2,181,timestamp,True,False,not_lexicalized
181_2,181,cost,False,,NA
181_3,181,idcase,True,True,lexicalized
181_3,181,activity,True,True,lexicalized
181_3,181,resource,False,,NA
181_3,181,timestamp,True,False,not_lexicalized
181_3,181,cost,False,,NA
181_4,181,idcase,True,True,lexicalized
181_4,181,activity,True,True,lexicalized
181_4,181,resource,False,,NA
181_4,181,timestamp,True,False,not_lexicalized
181_4,181,cost,False,,NA
181_5,181,idcase,True,True,lexicalized
181_5,181,activity,True,True,lexicalized
181_5,181,resource,False,,NA
181_5,181,timestamp,True,False,not_lexicalized
181_5,181,cost,False,,NA
181_6,181,idcase,True,True,lexicalized
181_6,181,activity,True,True,lexicalized
181_6,181,resource,False,,NA
181_6,181,timestamp,True,False,not_lexicalized
181_6,181,cost,False,,NA
181_7,181,idcase,True,True,lexicalized
181_7,181,activity,True,True,lexicalized
181_7,181,resource,False,,NA
181_7,181,timestamp,True,False,not_lexicalized
181_7,181,cost,False,,NA
181_8,181,idcase,True,True,lexicalized
181_8,181,activity,True,True,lexicalized
181_8,181,resource,False,,NA
181_8,181,timestamp,True,False,not_lexicalized
181_8,181,cost,False,,NA
181_9,181,idcase,True,True,lexicalized
181_9,181,activity,True,True,lexicalized
181_9,181,resource,False,,NA
181_9,181,timestamp,True,False,not_lexicalized
181_9,181,cost,False,,NA
181_10,181,idcase,True,True,lexicalized
181_10,181,activity,True,False,not_lexicalized
181_10,181,resource,False,,NA
181_10,181,timestamp,True,False,not_lexicalized
181_10,181,cost,False,,NA
182_0,182,idcase,True,True,lexicalized
182_0,182,activity,True,True,lexicalized
182_0,182,resource,True,True,lexicalized
182_0,182,timestamp,False,,NA
182_0,182,cost,False,,NA
182_1,182,idcase,True,True,lexicalized
182_1,182,activity,True,True,lexicalized
182_1,182,resource,True,True,lexicalized
182_1,182,timestamp,False,,NA
182_1,182,cost,False,,NA
182_2,182,idcase,True,True,lexicalized
182_2,182,activity,True,True,lexicalized
182_2,182,resource,True,True,lexicalized
182_2,182,timestamp,False,,NA
182_2,182,cost,False,,NA
182_3,182,idcase,True,True,lexicalized
182_3,182,activity,True,True,lexicalized
182_3,182,resource,True,True,lexicalized
182_3,182,timestamp,False,,NA
182_3,182,cost,False,,NA
182_4,182,idcase,True,True,lexicalized
182_4,182,activity,True,True,lexicalized
182_4,182,resource,True,True,lexicalized
182_4,182,timestamp,False,,NA
182_4,182,cost,False,,NA
182_5,182,idcase,True,True,lexicalized
182_5,182,activity,True,True,lexicalized
182_5,182,resource,True,True,lexicalized
182_5,182,timestamp,False,,NA
182_5,182,cost,False,,NA
182_6,182,idcase,True,True,lexicalized
182_6,182,activity,True,True,lexicalized
182_6,182,resource,True,True,lexicalized
182_6,182,timestamp,False,,NA
182_6,182,cost,False,,NA
182_7,182,idcase,True,False,not_lexicalized
182_7,182,activity,True,False,not_lexicalized
182_7,182,resource,True,False,not_lexicalized
182_7,182,timestamp,False,,NA
182_7,182,cost,False,,NA
182_8,182,idcase,True,True,lexicalized
182_8,182,activity,True,False,not_lexicalized
182_8,182,resource,True,False,not_lexicalized
182_8,182,timestamp,False,,NA
182_8,182,cost,False,,NA
183_0,183,idcase,True,True,lexicalized
183_0,183,activity,False,,NA
183_0,183,resource,True,True,lexicalized
183_0,183,timestamp,False,,NA
183_0,183,cost,True,True,lexicalized
183_1,183,idcase,True,True,lexicalized
183_1,183,activity,False,,NA
183_1,183,resource,True,True,lexicalized
183_1,183,timestamp,False,,NA
183_1,183,cost,True,True,lexicalized
183_2,183,idcase,True,True,lexicalized
183_2,183,activity,False,,NA
183_2,183,resource,True,True,lexicalized
183_2,183,timestamp,False,,NA
183_2,183,cost,True,True,lexicalized
183_3,183,idcase,True,True,lexicalized
183_3,183,activity,False,,NA
183_3,183,resource,True,True,lexicalized
183_3,183,timestamp,False,,NA
183_3,183,cost,True,True,lexicalized
183_4,183,idcase,True,True,lexicalized
183_4,183,activity,False,,NA
183_4,183,resource,True,True,lexicalized
183_4,183,timestamp,False,,NA
183_4,183,cost,True,True,lexicalized
183_5,183,idcase,True,True,lexicalized
183_5,183,activity,False,,NA
183_5,183,resource,True,True,lexicalized
183_5,183,timestamp,False,,NA
183_5,183,cost,True,True,lexicalized
183_6,183,idcase,True,True,lexicalized
183_6,183,activity,False,,NA
183_6,183,resource,True,True,lexicalized
183_6,183,timestamp,False,,NA
183_6,183,cost,True,True,lexicalized
183_7,183,idcase,True,True,lexicalized
183_7,183,activity,False,,NA
183_7,183,resource,True,True,lexicalized
183_7,183,timestamp,False,,NA
183_7,183,cost,True,True,lexicalized
183_8,183,idcase,True,True,lexicalized
183_8,183,activity,False,,NA
183_8,183,resource,True,True,lexicalized
183_8,183,timestamp,False,,NA
183_8,183,cost,True,True,lexicalized
183_9,183,idcase,True,True,lexicalized
183_9,183,activity,False,,NA
183_9,183,resource,True,True,lexicalized
183_9,183,timestamp,False,,NA
183_9,183,cost,True,True,lexicalized
184_0,184,idcase,True,True,lexicalized
184_0,184,activity,True,True,lexicalized
184_0,184,resource,False,,NA
184_0,184,timestamp,False,,NA
184_0,184,cost,False,,NA
184_1,184,idcase,True,True,lexicalized
184_1,184,activity,True,True,lexicalized
184_1,184,resource,False,,NA
184_1,184,timestamp,False,,NA
184_1,184,cost,False,,NA
184_2,184,idcase,True,True,lexicalized
184_2,184,activity,True,True,lexicalized
184_2,184,resource,False,,NA
184_2,184,timestamp,False,,NA
184_2,184,cost,False,,NA
184_3,184,idcase,True,True,lexicalized
184_3,184,activity,True,True,lexicalized
184_3,184,resource,False,,NA
184_3,184,timestamp,False,,NA
184_3,184,cost,False,,NA
184_4,184,idcase,True,True,lexicalized
184_4,184,activity,True,True,lexicalized
184_4,184,resource,False,,NA
184_4,184,timestamp,False,,NA
184_4,184,cost,False,,NA
184_5,184,idcase,True,True,lexicalized
184_5,184,activity,True,True,lexicalized
184_5,184,resource,False,,NA
184_5,184,timestamp,False,,NA
184_5,184,cost,False,,NA
184_6,184,idcase,True,True,lexicalized
184_6,184,activity,True,True,lexicalized
184_6,184,resource,False,,NA
184_6,184,timestamp,False,,NA
184_6,184,cost,False,,NA
184_7,184,idcase,True,True,lexicalized
184_7,184,activity,True,True,lexicalized
184_7,184,resource,False,,NA
184_7,184,timestamp,False,,NA
184_7,184,cost,False,,NA
184_8,184,idcase,True,False,not_lexicalized
184_8,184,activity,True,False,not_lexicalized
184_8,184,resource,False,,NA
184_8,184,timestamp,False,,NA
184_8,184,cost,False,,NA
184_9,184,idcase,True,True,lexicalized
184_9,184,activity,True,True,lexicalized
184_9,184,resource,False,,NA
184_9,184,timestamp,False,,NA
184_9,184,cost,False,,NA
185_0,185,idcase,True,True,lexicalized
185_0,185,activity,False,,NA
185_0,185,resource,False,,NA
185_0,185,timestamp,True,True,lexicalized
185_0,185,cost,False,,NA
185_1,185,idcase,True,True,lexicalized
185_1,185,activity,False,,NA
185_1,185,resource,False,,NA
185_1,185,timestamp,True,True,lexicalized
185_1,185,cost,False,,NA
185_2,185,idcase,True,True,lexicalized
185_2,185,activity,False,,NA
185_2,185,resource,False,,NA
185_2,185,timestamp,True,False,not_lexicalized
185_2,185,cost,False,,NA
185_3,185,idcase,True,True,lexicalized
185_3,185,activity,False,,NA
185_3,185,resource,False,,NA
185_3,185,timestamp,True,False,not_lexicalized
185_3,185,cost,False,,NA
185_4,185,idcase,True,True,lexicalized
185_4,185,activity,False,,NA
185_4,185,resource,False,,NA
185_4,185,timestamp,True,True,lexicalized
185_4,185,cost,False,,NA
185_5,185,idcase,True,True,lexicalized
185_5,185,activity,False,,NA
185_5,185,resource,False,,NA
185_5,185,timestamp,True,True,lexicalized
185_5,185,cost,False,,NA
185_6,185,idcase,True,True,lexicalized
185_6,185,activity,False,,NA
185_6,185,resource,False,,NA
185_6,185,timestamp,True,False,not_lexicalized
185_6,185,cost,False,,NA
185_7,185,idcase,True,True,lexicalized
185_7,185,activity,False,,NA
185_7,185,resource,False,,NA
185_7,185,timestamp,True,False,not_lexicalized
185_7,185,cost,False,,NA
185_8,185,idcase,True,True,lexicalized
185_8,185,activity,False,,NA
185_8,185,resource,False,,NA
185_8,185,timestamp,True,False,not_lexicalized
185_8,185,cost,False,,NA
186_0,186,idcase,False,,NA
186_0,186,activity,True,True,lexicalized
186_0,186,resource,False,,NA
186_0,186,timestamp,False,,NA
186_0,186,cost,False,,NA
186_1,186,idcase,False,,NA
186_1,186,activity,True,True,lexicalized
186_1,186,resource,False,,NA
186_1,186,timestamp,False,,NA
186_1,186,cost,False,,NA
186_2,186,idcase,False,,NA
186_2,186,activity,True,True,lexicalized
186_2,186,resource,False,,NA
186_2,186,timestamp,False,,NA
186_2,186,cost,False,,NA
186_3,186,idcase,False,,NA
186_3,186,activity,True,True,lexicalized
186_3,186,resource,False,,NA
186_3,186,timestamp,False,,NA
186_3,186,cost,False,,NA
186_4,186,idcase,False,,NA
186_4,186,activity,True,True,lexicalized
186_4,186,resource,False,,NA
186_4,186,timestamp,False,,NA
186_4,186,cost,False,,NA
186_5,186,idcase,False,,NA
186_5,186,activity,True,True,lexicalized
186_5,186,resource,False,,NA
186_5,186,timestamp,False,,NA
186_5,186,cost,False,,NA
186_6,186,idcase,False,,NA
186_6,186,activity,True,False,not_lexicalized
186_6,186,resource,False,,NA
186_6,186,timestamp,False,,NA
186_6,186,cost,False,,NA
186_7,186,idcase,False,,NA
186_7,186,activity,True,False,not_lexicalized
186_7,186,resource,False,,NA
186_7,186,timestamp,False,,NA
186_7,186,cost,False,,NA
187_0,187,idcase,True,False,not_lexicalized
187_0,187,activity,True,True,lexicalized
187_0,187,resource,False,,NA
187_0,187,timestamp,False,,NA
187_0,187,cost,False,,NA
187_1,187,idcase,True,False,not_lexicalized
187_1,187,activity,True,False,not_lexicalized
187_1,187,resource,False,,NA
187_1,187,timestamp,False,,NA
187_1,187,cost,False,,NA
187_2,187,idcase,True,False,not_lexicalized
187_2,187,activity,True,True,lexicalized
187_2,187,resource,False,,NA
187_2,187,timestamp,False,,NA
187_2,187,cost,False,,NA
187_3,187,idcase,True,False,not_lexicalized
187_3,187,activity,True,True,lexicalized
187_3,187,resource,False,,NA
187_3,187,timestamp,False,,NA
187_3,187,cost,False,,NA
187_4,187,idcase,True,False,not_lexicalized
187_4,187,activity,True,True,lexicalized
187_4,187,resource,False,,NA
187_4,187,timestamp,False,,NA
187_4,187,cost,False,,NA
188_0,188,idcase,False,,NA
188_0,188,activity,True,True,lexicalized
188_0,188,resource,False,,NA
188_0,188,timestamp,False,,NA
188_0,188,cost,False,,NA
188_1,188,idcase,False,,NA
188_1,188,activity,True,True,lexicalized
188_1,188,resource,False,,NA
188_1,188,timestamp,False,,NA
188_1,188,cost,False,,NA
188_2,188,idcase,False,,NA
188_2,188,activity,True,False,not_lexicalized
188_2,188,resource,False,,NA
188_2,188,timestamp,False,,NA
188_2,188,cost,False,,NA
189_0,189,idcase,True,True,lexicalized
189_0,189,activity,True,False,not_lexicalized
189_0,189,resource,False,,NA
189_0,189,timestamp,True,False,not_lexicalized
189_0,189,cost,False,,NA
189_1,189,idcase,True,True,lexicalized
189_1,189,activity,True,True,lexicalized
189_1,189,resource,False,,NA
189_1,189,timestamp,True,False,not_lexicalized
189_1,189,cost,False,,NA
189_2,189,idcase,True,True,lexicalized
189_2,189,activity,True,False,not_lexicalized
189_2,189,resource,False,,NA
189_2,189,timestamp,True,False,not_lexicalized
189_2,189,cost,False,,NA
189_3,189,idcase,True,True,lexicalized
189_3,189,activity,True,False,not_lexicalized
189_3,189,resource,False,,NA
189_3,189,timestamp,True,False,not_lexicalized
189_3,189,cost,False,,NA
189_4,189,idcase,True,True,lexicalized
189_4,189,activity,True,True,lexicalized
189_4,189,resource,False,,NA
189_4,189,timestamp,True,False,not_lexicalized
189_4,189,cost,False,,NA
189_5,189,idcase,True,True,lexicalized
189_5,189,activity,True,False,not_lexicalized
189_5,189,resource,False,,NA
189_5,189,timestamp,True,False,not_lexicalized
189_5,189,cost,False,,NA
190_0,190,idcase,True,False,not_lexicalized
190_0,190,activity,True,True,lexicalized
190_0,190,resource,False,,NA
190_0,190,timestamp,True,True,lexicalized
190_0,190,cost,False,,NA
190_1,190,idcase,True,False,not_lexicalized
190_1,190,activity,True,True,lexicalized
190_1,190,resource,False,,NA
190_1,190,timestamp,True,True,lexicalized
190_1,190,cost,False,,NA
190_2,190,idcase,True,False,not_lexicalized
190_2,190,activity,True,True,lexicalized
190_2,190,resource,False,,NA
190_2,190,timestamp,True,False,not_lexicalized
190_2,190,cost,False,,NA
190_3,190,idcase,True,False,not_lexicalized
190_3,190,activity,True,True,lexicalized
190_3,190,resource,False,,NA
190_3,190,timestamp,True,True,lexicalized
190_3,190,cost,False,,NA
190_4,190,idcase,True,False,not_lexicalized
190_4,190,activity,True,True,lexicalized
190_4,190,resource,False,,NA
190_4,190,timestamp,True,True,lexicalized
190_4,190,cost,False,,NA
190_5,190,idcase,True,False,not_lexicalized
190_5,190,activity,True,True,lexicalized
190_5,190,resource,False,,NA
190_5,190,timestamp,True,False,not_lexicalized
190_5,190,cost,False,,NA
191_0,191,idcase,False,,NA
191_0,191,activity,False,,NA
191_0,191,resource,True,True,lexicalized
191_0,191,timestamp,True,False,not_lexicalized
191_0,191,cost,False,,NA
191_1,191,idcase,False,,NA
191_1,191,activity,False,,NA
191_1,191,resource,True,True,lexicalized
191_1,191,timestamp,True,False,not_lexicalized
191_1,191,cost,False,,NA
191_2,191,idcase,False,,NA
191_2,191,activity,False,,NA
191_2,191,resource,True,True,lexicalized
191_2,191,timestamp,True,False,not_lexicalized
191_2,191,cost,False,,NA
191_3,191,idcase,False,,NA
191_3,191,activity,False,,NA
191_3,191,resource,True,True,lexicalized
191_3,191,timestamp,True,False,not_lexicalized
191_3,191,cost,False,,NA
191_4,191,idcase,False,,NA
191_4,191,activity,False,,NA
191_4,191,resource,True,True,lexicalized
191_4,191,timestamp,True,False,not_lexicalized
191_4,191,cost,False,,NA
191_5,191,idcase,False,,NA
191_5,191,activity,False,,NA
191_5,191,resource,True,True,lexicalized
191_5,191,timestamp,True,False,not_lexicalized
191_5,191,cost,False,,NA
192_0,192,idcase,True,False,not_lexicalized
192_0,192,activity,True,True,lexicalized
192_0,192,resource,False,,NA
192_0,192,timestamp,True,False,not_lexicalized
192_0,192,cost,False,,NA
192_1,192,idcase,True,False,not_lexicalized
192_1,192,activity,True,True,lexicalized
192_1,192,resource,False,,NA
192_1,192,timestamp,True,False,not_lexicalized
192_1,192,cost,False,,NA
192_2,192,idcase,True,False,not_lexicalized
192_2,192,activity,True,True,lexicalized
192_2,192,resource,False,,NA
192_2,192,timestamp,True,True,lexicalized
192_2,192,cost,False,,NA
192_3,192,idcase,True,False,not_lexicalized
192_3,192,activity,True,True,lexicalized
192_3,192,resource,False,,NA
192_3,192,timestamp,True,False,not_lexicalized
192_3,192,cost,False,,NA
192_4,192,idcase,True,False,not_lexicalized
192_4,192,activity,True,True,lexicalized
192_4,192,resource,False,,NA
192_4,192,timestamp,True,False,not_lexicalized
192_4,192,cost,False,,NA
192_5,192,idcase,True,False,not_lexicalized
192_5,192,activity,True,True,lexicalized
192_5,192,resource,False,,NA
192_5,192,timestamp,True,False,not_lexicalized
192_5,192,cost,False,,NA
193_0,193,idcase,True,False,not_lexicalized
193_0,193,activity,True,True,lexicalized
193_0,193,resource,False,,NA
193_0,193,timestamp,False,,NA
193_0,193,cost,False,,NA
193_1,193,idcase,True,False,not_lexicalized
193_1,193,activity,True,True,lexicalized
193_1,193,resource,False,,NA
193_1,193,timestamp,False,,NA
193_1,193,cost,False,,NA
193_2,193,idcase,True,False,not_lexicalized
193_2,193,activity,True,True,lexicalized
193_2,193,resource,False,,NA
193_2,193,timestamp,False,,NA
193_2,193,cost,False,,NA
193_3,193,idcase,True,False,not_lexicalized
193_3,193,activity,True,True,lexicalized
193_3,193,resource,False,,NA
193_3,193,timestamp,False,,NA
193_3,193,cost,False,,NA
193_4,193,idcase,True,False,not_lexicalized
193_4,193,activity,True,True,lexicalized
193_4,193,resource,False,,NA
193_4,193,timestamp,False,,NA
193_4,193,cost,False,,NA
193_5,193,idcase,True,False,not_lexicalized
193_5,193,activity,True,False,not_lexicalized
193_5,193,resource,False,,NA
193_5,193,timestamp,False,,NA
193_5,193,cost,False,,NA
193_6,193,idcase,True,False,not_lexicalized
193_6,193,activity,True,False,not_lexicalized
193_6,193,resource,False,,NA
193_6,193,timestamp,False,,NA
193_6,193,cost,False,,NA
193_7,193,idcase,True,True,lexicalized
193_7,193,activity,True,True,lexicalized
193_7,193,resource,False,,NA
193_7,193,timestamp,False,,NA
193_7,193,cost,False,,NA
194_0,194,idcase,False,,NA
194_0,194,activity,True,True,lexicalized
194_0,194,resource,True,True,lexicalized
194_0,194,timestamp,False,,NA
194_0,194,cost,False,,NA
194_1,194,idcase,False,,NA
194_1,194,activity,True,True,lexicalized
194_1,194,resource,True,True,lexicalized
194_1,194,timestamp,False,,NA
194_1,194,cost,False,,NA
194_2,194,idcase,False,,NA
194_2,194,activity,True,True,lexicalized
194_2,194,resource,True,True,lexicalized
194_2,194,timestamp,False,,NA
194_2,194,cost,False,,NA
194_3,194,idcase,False,,NA
194_3,194,activity,True,True,lexicalized
194_3,194,resource,True,True,lexicalized
194_3,194,timestamp,False,,NA
194_3,194,cost,False,,NA
194_4,194,idcase,False,,NA
194_4,194,activity,True,True,lexicalized
194_4,194,resource,True,True,lexicalized
194_4,194,timestamp,False,,NA
194_4,194,cost,False,,NA
194_5,194,idcase,False,,NA
194_5,194,activity,True,False,not_lexicalized
194_5,194,resource,True,True,lexicalized
194_5,194,timestamp,False,,NA
194_5,194,cost,False,,NA
195_0,195,idcase,True,False,not_lexicalized
195_0,195,activity,True,True,lexicalized
195_0,195,resource,False,,NA
195_0,195,timestamp,True,False,not_lexicalized
195_0,195,cost,False,,NA
195_1,195,idcase,True,False,not_lexicalized
195_1,195,activity,True,False,not_lexicalized
195_1,195,resource,False,,NA
195_1,195,timestamp,True,False,not_lexicalized
195_1,195,cost,False,,NA
195_2,195,idcase,True,True,lexicalized
195_2,195,activity,True,False,not_lexicalized
195_2,195,resource,False,,NA
195_2,195,timestamp,True,False,not_lexicalized
195_2,195,cost,False,,NA
196_0,196,idcase,True,True,lexicalized
196_0,196,activity,False,,NA
196_0,196,resource,False,,NA
196_0,196,timestamp,False,,NA
196_0,196,cost,False,,NA
196_1,196,idcase,True,True,lexicalized
196_1,196,activity,False,,NA
196_1,196,resource,False,,NA
196_1,196,timestamp,False,,NA
196_1,196,cost,False,,NA
196_2,196,idcase,True,True,lexicalized
196_2,196,activity,False,,NA
196_2,196,resource,False,,NA
196_2,196,timestamp,False,,NA
196_2,196,cost,False,,NA
196_3,196,idcase,True,True,lexicalized
196_3,196,activity,False,,NA
196_3,196,resource,False,,NA
196_3,196,timestamp,False,,NA
196_3,196,cost,False,,NA
196_4,196,idcase,True,True,lexicalized
196_4,196,activity,False,,NA
196_4,196,resource,False,,NA
196_4,196,timestamp,False,,NA
196_4,196,cost,False,,NA
197_0,197,idcase,True,True,lexicalized
197_0,197,activity,False,,NA
197_0,197,resource,False,,NA
197_0,197,timestamp,False,,NA
197_0,197,cost,True,True,lexicalized
197_1,197,idcase,True,True,lexicalized
197_1,197,activity,False,,NA
197_1,197,resource,False,,NA
197_1,197,timestamp,False,,NA
197_1,197,cost,True,True,lexicalized
197_2,197,idcase,True,True,lexicalized
197_2,197,activity,False,,NA
197_2,197,resource,False,,NA
197_2,197,timestamp,False,,NA
197_2,197,cost,True,True,lexicalized
197_3,197,idcase,True,True,lexicalized
197_3,197,activity,False,,NA
197_3,197,resource,False,,NA
197_3,197,timestamp,False,,NA
197_3,197,cost,True,True,lexicalized
197_4,197,idcase,True,True,lexicalized
197_4,197,activity,False,,NA
197_4,197,resource,False,,NA
197_4,197,timestamp,False,,NA
197_4,197,cost,True,True,lexicalized
197_5,197,idcase,True,False,not_lexicalized
197_5,197,activity,False,,NA
197_5,197,resource,False,,NA
197_5,197,timestamp,False,,NA
197_5,197,cost,True,False,not_lexicalized
198_0,198,idcase,False,,NA
198_0,198,activity,False,,NA
198_0,198,resource,True,True,lexicalized
198_0,198,timestamp,False,,NA
198_0,198,cost,True,True,lexicalized
198_1,198,idcase,False,,NA
198_1,198,activity,False,,NA
198_1,198,resource,True,True,lexicalized
198_1,198,timestamp,False,,NA
198_1,198,cost,True,True,lexicalized
198_2,198,idcase,False,,NA
198_2,198,activity,False,,NA
198_2,198,resource,True,True,lexicalized
198_2,198,timestamp,False,,NA
198_2,198,cost,True,True,lexicalized
198_3,198,idcase,False,,NA
198_3,198,activity,False,,NA
198_3,198,resource,True,True,lexicalized
198_3,198,timestamp,False,,NA
198_3,198,cost,True,True,lexicalized
198_4,198,idcase,False,,NA
198_4,198,activity,False,,NA
198_4,198,resource,True,True,lexicalized
198_4,198,timestamp,False,,NA
198_4,198,cost,True,True,lexicalized
198_5,198,idcase,False,,NA
198_5,198,activity,False,,NA
198_5,198,resource,True,True,lexicalized
198_5,198,timestamp,False,,NA
198_5,198,cost,True,True,lexicalized
199_0,199,idcase,False,,NA
199_0,199,activity,False,,NA
199_0,199,resource,True,True,lexicalized
199_0,199,timestamp,False,,NA
199_0,199,cost,False,,NA
199_1,199,idcase,False,,NA
199_1,199,activity,False,,NA
199_1,199,resource,True,True,lexicalized
199_1,199,timestamp,False,,NA
199_1,199,cost,False,,NA
199_2,199,idcase,False,,NA
199_2,199,activity,False,,NA
199_2,199,resource,True,True,lexicalized
199_2,199,timestamp,False,,NA
199_2,199,cost,False,,NA
199_3,199,idcase,False,,NA
199_3,199,activity,False,,NA
199_3,199,resource,True,True,lexicalized
199_3,199,timestamp,False,,NA
199_3,199,cost,False,,NA
199_4,199,idcase,False,,NA
199_4,199,activity,False,,NA
199_4,199,resource,True,True,lexicalized
199_4,199,timestamp,False,,NA
199_4,199,cost,False,,NA
199_5,199,idcase,False,,NA
199_5,199,activity,False,,NA
199_5,199,resource,True,True,lexicalized
199_5,199,timestamp,False,,NA
199_5,199,cost,False,,NA
200_0,200,idcase,False,,NA
200_0,200,activity,False,,NA
200_0,200,resource,False,,NA
200_0,200,timestamp,True,True,lexicalized
200_0,200,cost,False,,NA
200_1,200,idcase,False,,NA
200_1,200,activity,False,,NA
200_1,200,resource,False,,NA
200_1,200,timestamp,True,True,lexicalized
200_1,200,cost,False,,NA
200_2,200,idcase,False,,NA
200_2,200,activity,False,,NA
200_2,200,resource,False,,NA
200_2,200,timestamp,True,True,lexicalized
200_2,200,cost,False,,NA
201_0,201,idcase,True,False,not_lexicalized
201_0,201,activity,True,True,lexicalized
201_0,201,resource,True,True,lexicalized
201_0,201,timestamp,True,False,not_lexicalized
201_0,201,cost,False,,NA
201_1,201,idcase,True,False,not_lexicalized
201_1,201,activity,True,True,lexicalized
201_1,201,resource,True,True,lexicalized
201_1,201,timestamp,True,False,not_lexicalized
201_1,201,cost,False,,NA
201_2,201,idcase,True,True,lexicalized
201_2,201,activity,True,True,lexicalized
201_2,201,resource,True,True,lexicalized
201_2,201,timestamp,True,False,not_lexicalized
201_2,201,cost,False,,NA
202_0,202,idcase,True,True,lexicalized
202_0,202,activity,True,True,lexicalized
202_0,202,resource,False,,NA
202_0,202,timestamp,True,False,not_lexicalized
202_0,202,cost,False,,NA
202_1,202,idcase,True,True,lexicalized
202_1,202,activity,True,True,lexicalized
202_1,202,resource,False,,NA
202_1,202,timestamp,True,False,not_lexicalized
202_1,202,cost,False,,NA
202_2,202,idcase,True,True,lexicalized
202_2,202,activity,True,False,not_lexicalized
202_2,202,resource,False,,NA
202_2,202,timestamp,True,False,not_lexicalized
202_2,202,cost,False,,NA
203_0,203,idcase,True,True,lexicalized
203_0,203,activity,True,True,lexicalized
203_0,203,resource,False,,NA
203_0,203,timestamp,True,True,lexicalized
203_0,203,cost,False,,NA
203_1,203,idcase,True,True,lexicalized
203_1,203,activity,True,True,lexicalized
203_1,203,resource,False,,NA
203_1,203,timestamp,True,True,lexicalized
203_1,203,cost,False,,NA
203_2,203,idcase,True,True,lexicalized
203_2,203,activity,True,False,not_lexicalized
203_2,203,resource,False,,NA
203_2,203,timestamp,True,True,lexicalized
203_2,203,cost,False,,NA
204_0,204,idcase,True,False,not_lexicalized
204_0,204,activity,True,False,not_lexicalized
204_0,204,resource,False,,NA
204_0,204,timestamp,False,,NA
204_0,204,cost,False,,NA
204_1,204,idcase,True,False,not_lexicalized
204_1,204,activity,True,False,not_lexicalized
204_1,204,resource,False,,NA
204_1,204,timestamp,False,,NA
204_1,204,cost,False,,NA
204_2,204,idcase,True,False,not_lexicalized
204_2,204,activity,True,False,not_lexicalized
204_2,204,resource,False,,NA
204_2,204,timestamp,False,,NA
204_2,204,cost,False,,NA
204_3,204,idcase,True,False,not_lexicalized
204_3,204,activity,True,False,not_lexicalized
204_3,204,resource,False,,NA
204_3,204,timestamp,False,,NA
204_3,204,cost,False,,NA
204_4,204,idcase,True,False,not_lexicalized
204_4,204,activity,True,False,not_lexicalized
204_4,204,resource,False,,NA
204_4,204,timestamp,False,,NA
204_4,204,cost,False,,NA
204_5,204,idcase,True,False,not_lexicalized
204_5,204,activity,True,False,not_lexicalized
204_5,204,resource,False,,NA
204_5,204,timestamp,False,,NA
204_5,204,cost,False,,NA
205_0,205,idcase,True,False,not_lexicalized
205_0,205,activity,True,True,lexicalized
205_0,205,resource,False,,NA
205_0,205,timestamp,True,False,not_lexicalized
205_0,205,cost,False,,NA
205_1,205,idcase,True,False,not_lexicalized
205_1,205,activity,True,True,lexicalized
205_1,205,resource,False,,NA
205_1,205,timestamp,True,False,not_lexicalized
205_1,205,cost,False,,NA
205_2,205,idcase,True,False,not_lexicalized
205_2,205,activity,True,True,lexicalized
205_2,205,resource,False,,NA
205_2,205,timestamp,True,False,not_lexicalized
205_2,205,cost,False,,NA
205_3,205,idcase,True,False,not_lexicalized
205_3,205,activity,True,True,lexicalized
205_3,205,resource,False,,NA
205_3,205,timestamp,True,False,not_lexicalized
205_3,205,cost,False,,NA
205_4,205,idcase,True,False,not_lexicalized
205_4,205,activity,True,False,not_lexicalized
205_4,205,resource,False,,NA
205_4,205,timestamp,True,False,not_lexicalized
205_4,205,cost,False,,NA
205_5,205,idcase,True,False,not_lexicalized
205_5,205,activity,True,False,not_lexicalized
205_5,205,resource,False,,NA
205_5,205,timestamp,True,False,not_lexicalized
205_5,205,cost,False,,NA
206_0,206,idcase,False,,NA
206_0,206,activity,True,False,not_lexicalized
206_0,206,resource,True,True,lexicalized
206_0,206,timestamp,False,,NA
206_0,206,cost,False,,NA
206_1,206,idcase,False,,NA
206_1,206,activity,True,False,not_lexicalized
206_1,206,resource,True,True,lexicalized
206_1,206,timestamp,False,,NA
206_1,206,cost,False,,NA
207_0,207,idcase,False,,NA
207_0,207,activity,True,False,not_lexicalized
207_0,207,resource,True,True,lexicalized
207_0,207,timestamp,False,,NA
207_0,207,cost,False,,NA
207_1,207,idcase,False,,NA
207_1,207,activity,True,False,not_lexicalized
207_1,207,resource,True,True,lexicalized
207_1,207,timestamp,False,,NA
207_1,207,cost,False,,NA
