utterance_id,group_id,question,gold_sql,u_class,spider_class,val_n_literals,val_n_lexicalized,val_applicable,cols_referenced,cols_lexicalized,n_cols_referenced,n_cols_lexicalized,ops_present,ops_with_cue,n_ops_present,n_ops_with_cue
1_0,1,How many 'end trip' activities are there in the event log?,SELECT count(*) FROM event_log WHERE activity = 'End trip',Value,easy,1,1,True,activity,activity,1,1,COUNT,COUNT,1,1
1_1,1,How many 'end trip' activities do we have?,SELECT count(*) FROM event_log WHERE activity = 'End trip',Value,easy,1,1,True,activity,activity,1,1,COUNT,COUNT,1,1
1_2,1,How many times was the 'end trip' activity performed?,SELECT count(*) FROM event_log WHERE activity = 'End trip',Value,easy,1,1,True,activity,activity,1,1,COUNT,COUNT,1,1
1_3,1,How many occurrences of the 'end trip' activity are there in the event log?,SELECT count(*) FROM event_log WHERE activity = 'End trip',Value,easy,1,1,True,activity,activity,1,1,COUNT,COUNT,1,1
1_4,1,How many times did the 'end trip' activity occur?,SELECT count(*) FROM event_log WHERE activity = 'End trip',Value,easy,1,1,True,activity,activity,1,1,COUNT,COUNT,1,1
1_5,1,How many events related to the 'end trip' activity are there in the event log?,SELECT count(*) FROM event_log WHERE activity = 'End trip',Value,easy,1,1,True,activity,activity,1,1,COUNT,COUNT,1,1
1_6,1,How many times was the activity named 'end trip' performed?,SELECT count(*) FROM event_log WHERE activity = 'End trip',Value,easy,1,1,True,activity,activity,1,1,COUNT,COUNT,1,1
1_7,1,Report the number of times the 'end trip' activity was performed.,SELECT count(*) FROM event_log WHERE activity = 'End trip',Value,easy,1,1,True,activity,activity,1,1,COUNT,COUNT,1,1
1_8,1,Report the number of occurrences of the 'end trip' activity.,SELECT count(*) FROM event_log WHERE activity = 'End trip',Value,easy,1,1,True,activity,activity,1,1,COUNT,COUNT,1,1
1_9,1,Report the number of occurrences of the activity named 'end trip'.,SELECT count(*) FROM event_log WHERE activity = 'End trip',Value,easy,1,1,True,activity,activity,1,1,COUNT,COUNT,1,1
1_10,1,How many times was the end of a trip recorded?,SELECT count(*) FROM event_log WHERE activity = 'End trip',Domain,easy,1,0,True,activity,,1,0,COUNT,COUNT,1,1
2_0,2,How many performances of the 'end trip' activity were performed by the James resource?,SELECT count(*) FROM event_log WHERE activity = 'End trip' AND resource = 'James',Value,medium,2,2,True,activity;resource,activity;resource,2,2,COUNT,COUNT,1,1
2_1,2,How many activities do we have that were updated by the James resource and that refer to the 'end trip'?,SELECT count(*) FROM event_log WHERE activity = 'End trip' AND resource = 'James',Value,medium,2,2,True,activity;resource,activity;resource,2,2,COUNT,COUNT,1,1
2_2,2,How many activity performances were updated by the James resource and refer to the 'end trip'?,SELECT count(*) FROM event_log WHERE activity = 'End trip' AND resource = 'James',Value,medium,2,2,True,activity;resource,activity;resource,2,2,COUNT,COUNT,1,1
2_3,2,How many times was the 'end trip' activity performed by the James resource?,SELECT count(*) FROM event_log WHERE activity = 'End trip' AND resource = 'James',Value,medium,2,2,True,activity;resource,activity;resource,2,2,COUNT,COUNT,1,1
2_4,2,How many times was the activity named 'end trip' performed by the James resource?,SELECT count(*) FROM event_log WHERE activity = 'End trip' AND resource = 'James',Value,medium,2,2,True,activity;resource,activity;resource,2,2,COUNT,COUNT,1,1
2_5,2,How many events related to the 'end trip' activity are linked to the James resource?,SELECT count(*) FROM event_log WHERE activity = 'End trip' AND resource = 'James',Value,medium,2,2,True,activity;resource,activity;resource,2,2,COUNT,COUNT,1,1
2_6,2,How many events related to the 'end trip' activity are also linked to the James resource?,SELECT count(*) FROM event_log WHERE activity = 'End trip' AND resource = 'James',Value,medium,2,2,True,activity;resource,activity;resource,2,2,COUNT,COUNT,1,1
2_7,2,Report the number of times the activity named 'end trip' was performed by the James resource.,SELECT count(*) FROM event_log WHERE activity = 'End trip' AND resource = 'James',Value,medium,2,2,True,activity;resource,activity;resource,2,2,COUNT,COUNT,1,1
2_8,2,Report the number of occurrences of the 'end trip' activity associated with the James resource.,SELECT count(*) FROM event_log WHERE activity = 'End trip' AND resource = 'James',Value,medium,2,2,True,activity;resource,activity;resource,2,2,COUNT,COUNT,1,1
2_9,2,How many times did the employee James register the finalization of a trip?,SELECT count(*) FROM event_log WHERE activity = 'End trip' AND resource = 'James',Domain,medium,2,1,True,activity;resource,resource,2,1,COUNT,COUNT,1,1
2_10,2,How many activities updated by James refer to the end of a trip?,SELECT count(*) FROM event_log WHERE activity = 'End trip' AND resource = 'James',Domain,medium,2,1,True,activity;resource,activity,2,1,COUNT,COUNT,1,1
3_0,3,What is the number of events performed by each of the resources?,"SELECT resource,COUNT(*) FROM event_log GROUP BY resource",Generic,medium,0,0,False,resource,resource,1,1,COUNT;GROUP BY,COUNT;GROUP BY,2,2
3_1,3,Show the number of events associated with each resource.,"SELECT resource,COUNT(*) FROM event_log GROUP BY resource",Generic,medium,0,0,False,resource,resource,1,1,COUNT;GROUP BY,COUNT;GROUP BY,2,2
3_2,3,How many events is each of the resources associated with?,"SELECT resource,COUNT(*) FROM event_log GROUP BY resource",Generic,medium,0,0,False,resource,resource,1,1,COUNT;GROUP BY,COUNT;GROUP BY,2,2
3_3,3,In how many events did each of the resources act?,"SELECT resource,COUNT(*) FROM event_log GROUP BY resource",Generic,medium,0,0,False,resource,resource,1,1,COUNT;GROUP BY,COUNT;GROUP BY,2,2
3_4,3,Report the number of events performed by each of the resources.,"SELECT resource,COUNT(*) FROM event_log GROUP BY resource",Generic,medium,0,0,False,resource,resource,1,1,COUNT;GROUP BY,COUNT;GROUP BY,2,2
3_5,3,How many times does each of the resources appear in the event log?,"SELECT resource,COUNT(*) FROM event_log GROUP BY resource",Generic,medium,0,0,False,resource,resource,1,1,COUNT;GROUP BY,COUNT;GROUP BY,2,2
3_6,3,Report the number of times each of the resources appears in the event log.,"SELECT resource,COUNT(*) FROM event_log GROUP BY resource",Generic,medium,0,0,False,resource,resource,1,1,COUNT;GROUP BY,COUNT;GROUP BY,2,2
3_7,3,Report how many events each resource is involved in.,"SELECT resource,COUNT(*) FROM event_log GROUP BY resource",Generic,medium,0,0,False,resource,resource,1,1,COUNT;GROUP BY,COUNT;GROUP BY,2,2
3_8,3,How many activity performances is each resource involved in?,"SELECT resource,COUNT(*) FROM event_log GROUP BY resource",Generic,medium,0,0,False,resource,resource,1,1,COUNT;GROUP BY,COUNT;GROUP BY,2,2
3_9,3,What is the number of activity performances that each resource is involved in?,"SELECT resource,COUNT(*) FROM event_log GROUP BY resource",Generic,medium,0,0,False,resource,resource,1,1,COUNT;GROUP BY,COUNT;GROUP BY,2,2
3_10,3,Quantify the performance of each employee in terms of actions taken on travel declarations.,"SELECT resource,COUNT(*) FROM event_log GROUP BY resource",Domain,medium,0,0,False,resource,resource,1,1,COUNT;GROUP BY,COUNT;GROUP BY,2,2
4_0,4,How many events were performed by the 'Peter' resource?,SELECT count(*) FROM event_log WHERE resource = 'Peter',Value,easy,1,1,True,resource,resource,1,1,COUNT,COUNT,1,1
4_1,4,How many times has the 'Peter' resource performed an activity?,SELECT count(*) FROM event_log WHERE resource = 'Peter',Value,easy,1,1,True,resource,resource,1,1,COUNT,COUNT,1,1
4_2,4,How many times has the employee 'Peter' performed an activity?,SELECT count(*) FROM event_log WHERE resource = 'Peter',Value,easy,1,1,True,resource,resource,1,1,COUNT,COUNT,1,1
4_3,4,How many events were run by the employee 'Peter'?,SELECT count(*) FROM event_log WHERE resource = 'Peter',Value,easy,1,1,True,resource,resource,1,1,COUNT,COUNT,1,1
4_4,4,Report the number of times the 'Peter' resource was responsible for an activity.,SELECT count(*) FROM event_log WHERE resource = 'Peter',Value,easy,1,1,True,resource,resource,1,1,COUNT,COUNT,1,1
4_5,4,Report the number of times the employee 'Peter' was responsible for an activity.,SELECT count(*) FROM event_log WHERE resource = 'Peter',Value,easy,1,1,True,resource,resource,1,1,COUNT,COUNT,1,1
4_6,4,Quantify the performance of the employee Peter in terms of actions taken on travel declarations.,SELECT count(*) FROM event_log WHERE resource = 'Peter',Domain,easy,1,1,True,resource,resource,1,1,COUNT,COUNT,1,1
5_0,5,Show all cases that terminated in March 2018.,"SELECT idcase FROM event_log GROUP BY idcase HAVING strftime('%Y-%m', MAX(timestamp)) = '2018-03'",Value,no_hardness,2,1,True,idcase;timestamp,,2,0,MAX;GROUP BY,,2,0
5_1,5,Show all cases that ended in March 2018.,"SELECT idcase FROM event_log GROUP BY idcase HAVING strftime('%Y-%m', MAX(timestamp)) = '2018-03'",Value,no_hardness,2,1,True,idcase;timestamp,,2,0,MAX;GROUP BY,,2,0
5_2,5,Report the identifier of cases that terminated in March 2018.,"SELECT idcase FROM event_log GROUP BY idcase HAVING strftime('%Y-%m', MAX(timestamp)) = '2018-03'",Value,no_hardness,2,1,True,idcase;timestamp,idcase,2,1,MAX;GROUP BY,,2,0
5_3,5,Report the identifier for cases that ended in March 2018.,"SELECT idcase FROM event_log GROUP BY idcase HAVING strftime('%Y-%m', MAX(timestamp)) = '2018-03'",Value,no_hardness,2,1,True,idcase;timestamp,idcase,2,1,MAX;GROUP BY,,2,0
5_4,5,Report the identifier of all cases whose last event occurred in March 2018.,"SELECT idcase FROM event_log GROUP BY idcase HAVING strftime('%Y-%m', MAX(timestamp)) = '2018-03'",Value,no_hardness,2,1,True,idcase;timestamp,idcase,2,1,MAX;GROUP BY,,2,0
5_5,5,Which cases terminated in March 2018?,"SELECT idcase FROM event_log GROUP BY idcase HAVING strftime('%Y-%m', MAX(timestamp)) = '2018-03'",Value,no_hardness,2,1,True,idcase;timestamp,,2,0,MAX;GROUP BY,,2,0
5_6,5,Which cases ended in March 2018?,"SELECT idcase FROM event_log GROUP BY idcase HAVING strftime('%Y-%m', MAX(timestamp)) = '2018-03'",Value,no_hardness,2,1,True,idcase;timestamp,,2,0,MAX;GROUP BY,,2,0
5_7,5,Which declarations ended in March 2018?,"SELECT idcase FROM event_log GROUP BY idcase HAVING strftime('%Y-%m', MAX(timestamp)) = '2018-03'",Domain,no_hardness,2,1,True,idcase;timestamp,,2,0,MAX;GROUP BY,,2,0
6_0,6,"Show all cases that went through the 'declaration rejected by pre-approver' activity, except those in which the activity was performed by the Douglas resource.",SELECT DISTINCT idcase FROM event_log WHERE activity = 'Declaration rejected by pre-approver' AND resource != 'Douglas',Value,medium,2,2,True,idcase;activity;resource,idcase;activity;resource,3,3,DISTINCT;Negation,Negation,2,1
6_1,6,"Show the identifiers of the cases that went through the 'declaration rejected by pre-approver' activity, except those in which the activity was performed by the Douglas 'resource'.",SELECT DISTINCT idcase FROM event_log WHERE activity = 'Declaration rejected by pre-approver' AND resource != 'Douglas',Value,medium,2,2,True,idcase;activity;resource,idcase;activity;resource,3,3,DISTINCT;Negation,Negation,2,1
6_2,6,"Show all cases that went through the 'declaration rejected by pre-approver' activity, except those in which the activity was carried out by the Douglas resource.",SELECT DISTINCT idcase FROM event_log WHERE activity = 'Declaration rejected by pre-approver' AND resource != 'Douglas',Value,medium,2,2,True,idcase;activity;resource,idcase;activity;resource,3,3,DISTINCT;Negation,Negation,2,1
6_3,6,"Show the identifiers of the cases that went through the 'declaration rejected by pre-approver' activity, except those in which the activity was carried out by the Douglas resource.",SELECT DISTINCT idcase FROM event_log WHERE activity = 'Declaration rejected by pre-approver' AND resource != 'Douglas',Value,medium,2,2,True,idcase;activity;resource,idcase;activity;resource,3,3,DISTINCT;Negation,Negation,2,1
6_4,6,"Report the identifiers of the cases that went through the 'declaration rejected by pre-approver' activity, except those in which the activity was performed by the Douglas 'resource'.",SELECT DISTINCT idcase FROM event_log WHERE activity = 'Declaration rejected by pre-approver' AND resource != 'Douglas',Value,medium,2,2,True,idcase;activity;resource,idcase;activity;resource,3,3,DISTINCT;Negation,Negation,2,1
6_5,6,"Retrieve the identifiers of cases that went through the 'declaration rejected by pre-approver' activity, except those in which the activity was performed by Douglas 'resource'.",SELECT DISTINCT idcase FROM event_log WHERE activity = 'Declaration rejected by pre-approver' AND resource != 'Douglas',Value,medium,2,2,True,idcase;activity;resource,idcase;activity;resource,3,3,DISTINCT;Negation,Negation,2,1
6_6,6,"List the identifiers of the cases that went through the 'declaration rejected by pre-approver' activity, except those in which the activity was performed by the Douglas 'resource'.",SELECT DISTINCT idcase FROM event_log WHERE activity = 'Declaration rejected by pre-approver' AND resource != 'Douglas',Value,medium,2,2,True,idcase;activity;resource,idcase;activity;resource,3,3,DISTINCT;Negation,Negation,2,1
6_7,6,"List all cases that went through the 'declaration rejected by pre-approver' activity, except those in which the activity was performed by the Douglas resource.",SELECT DISTINCT idcase FROM event_log WHERE activity = 'Declaration rejected by pre-approver' AND resource != 'Douglas',Value,medium,2,2,True,idcase;activity;resource,idcase;activity;resource,3,3,DISTINCT;Negation,Negation,2,1
6_8,6,"Report all cases that went through the 'declaration rejected by pre-approver' activity, except those in which the activity was performed by the Douglas resource.",SELECT DISTINCT idcase FROM event_log WHERE activity = 'Declaration rejected by pre-approver' AND resource != 'Douglas',Value,medium,2,2,True,idcase;activity;resource,idcase;activity;resource,3,3,DISTINCT;Negation,Negation,2,1
6_9,6,"Retrieve all cases that went through the 'declaration rejected by pre-approver' activity, except those in which the activity was performed by the Douglas resource.",SELECT DISTINCT idcase FROM event_log WHERE activity = 'Declaration rejected by pre-approver' AND resource != 'Douglas',Value,medium,2,2,True,idcase;activity;resource,idcase;activity;resource,3,3,DISTINCT;Negation,Negation,2,1
6_10,6,In which cases was the 'declaration rejected by pre-approver' activity not performed by the Douglas resource?,SELECT DISTINCT idcase FROM event_log WHERE activity = 'Declaration rejected by pre-approver' AND resource != 'Douglas',Value,medium,2,2,True,idcase;activity;resource,idcase;activity;resource,3,3,DISTINCT;Negation,Negation,2,1
6_11,6,Which declarations were rejected by a pre-approver other than Douglas?,SELECT DISTINCT idcase FROM event_log WHERE activity = 'Declaration rejected by pre-approver' AND resource != 'Douglas',Domain,medium,2,1,True,idcase;activity;resource,,3,0,DISTINCT;Negation,Negation,2,1
6_12,6,Show all declarations rejected by the pre-approver other than Douglas.,SELECT DISTINCT idcase FROM event_log WHERE activity = 'Declaration rejected by pre-approver' AND resource != 'Douglas',Domain,medium,2,1,True,idcase;activity;resource,,3,0,DISTINCT;Negation,Negation,2,1
7_0,7,How many different resources are there in the event log?,SELECT COUNT(DISTINCT resource) FROM event_log,Generic,easy,0,0,False,resource,resource,1,1,COUNT;DISTINCT,COUNT;DISTINCT,2,2
7_1,7,How many distinct resources are there in the event log?,SELECT COUNT(DISTINCT resource) FROM event_log,Generic,easy,0,0,False,resource,resource,1,1,COUNT;DISTINCT,COUNT;DISTINCT,2,2
7_2,7,How many resources are there in the event log?,SELECT COUNT(DISTINCT resource) FROM event_log,Generic,easy,0,0,False,resource,resource,1,1,COUNT;DISTINCT,COUNT,2,1
7_3,7,How many different people performed activities?,SELECT COUNT(DISTINCT resource) FROM event_log,Generic,easy,0,0,False,resource,resource,1,1,COUNT;DISTINCT,COUNT;DISTINCT,2,2
7_4,7,How many different resources are there in the log?,SELECT COUNT(DISTINCT resource) FROM event_log,Generic,easy,0,0,False,resource,resource,1,1,COUNT;DISTINCT,COUNT;DISTINCT,2,2
7_5,7,How many different people appear in the event log?,SELECT COUNT(DISTINCT resource) FROM event_log,Generic,easy,0,0,False,resource,resource,1,1,COUNT;DISTINCT,COUNT;DISTINCT,2,2
7_6,7,Report how many different resources performed activities.,SELECT COUNT(DISTINCT resource) FROM event_log,Generic,easy,0,0,False,resource,resource,1,1,COUNT;DISTINCT,COUNT;DISTINCT,2,2
7_7,7,How many different resources appear in the event log?,SELECT COUNT(DISTINCT resource) FROM event_log,Generic,easy,0,0,False,resource,resource,1,1,COUNT;DISTINCT,COUNT;DISTINCT,2,2
7_8,7,How many different resources performed activities?,SELECT COUNT(DISTINCT resource) FROM event_log,Generic,easy,0,0,False,resource,resource,1,1,COUNT;DISTINCT,COUNT;DISTINCT,2,2
7_9,7,Report how many different resources there are in the event log.,SELECT COUNT(DISTINCT resource) FROM event_log,Generic,easy,0,0,False,resource,resource,1,1,COUNT;DISTINCT,COUNT;DISTINCT,2,2
7_10,7,Report how many different people appear in the event log.,SELECT COUNT(DISTINCT resource) FROM event_log,Generic,easy,0,0,False,resource,resource,1,1,COUNT;DISTINCT,COUNT;DISTINCT,2,2
7_11,7,Report how many employees were involved in processing the declarations.,SELECT COUNT(DISTINCT resource) FROM event_log,Domain,easy,0,0,False,resource,resource,1,1,COUNT;DISTINCT,COUNT,2,1
7_12,7,How many employees worked on processing the declarations?,SELECT COUNT(DISTINCT resource) FROM event_log,Domain,easy,0,0,False,resource,resource,1,1,COUNT;DISTINCT,COUNT,2,1
8_0,8,What is the total number of events related to each resource?,"SELECT COUNT(*), resource FROM event_log GROUP BY resource",Generic,medium,0,0,False,resource,resource,1,1,COUNT;GROUP BY,COUNT;GROUP BY,2,2
8_1,8,What is the total number of events each resource worked on?,"SELECT COUNT(*), resource FROM event_log GROUP BY resource",Generic,medium,0,0,False,resource,resource,1,1,COUNT;GROUP BY,COUNT;GROUP BY,2,2
8_2,8,What is the total number of events in which each resource was involved?,"SELECT COUNT(*), resource FROM event_log GROUP BY resource",Generic,medium,0,0,False,resource,resource,1,1,COUNT;GROUP BY,COUNT;GROUP BY,2,2
8_3,8,What is the total number of actions performed by each employee during the processing of the declarations?,"SELECT COUNT(*), resource FROM event_log GROUP BY resource",Domain,medium,0,0,False,resource,resource,1,1,COUNT;GROUP BY,COUNT;GROUP BY,2,2
9_0,9,"What are the cases with cost events greater than 2,225?",SELECT DISTINCT idcase FROM event_log WHERE cost > 2225,Value,easy,1,1,True,idcase;cost,cost,2,1,DISTINCT,,1,0
9_1,9,"Report the identifiers of cases that have events with costs greater than 2,225.",SELECT DISTINCT idcase FROM event_log WHERE cost > 2225,Value,easy,1,1,True,idcase;cost,cost,2,1,DISTINCT,,1,0
9_2,9,"What are the cases associated with events that cost more than 2,225?",SELECT DISTINCT idcase FROM event_log WHERE cost > 2225,Value,easy,1,1,True,idcase;cost,cost,2,1,DISTINCT,,1,0
9_3,9,"Which declarations are associated with actions that cost more than 2,225?",SELECT DISTINCT idcase FROM event_log WHERE cost > 2225,Domain,easy,1,1,True,idcase;cost,cost,2,1,DISTINCT,,1,0
9_4,9,"Report the identifier of declarations in which any action had a cost greater than 2,225.",SELECT DISTINCT idcase FROM event_log WHERE cost > 2225,Domain,easy,1,1,True,idcase;cost,idcase;cost,2,2,DISTINCT,,1,0
10_0,10,Which resources participated in the most events?,SELECT resource FROM event_log GROUP BY resource HAVING COUNT(*) = (SELECT COUNT(*) FROM event_log GROUP BY resource ORDER BY COUNT(*) DESC LIMIT 1) ,Generic,hard,0,0,False,resource,resource,1,1,COUNT;GROUP BY,,2,0
10_1,10,Which resources had the most related events?,SELECT resource FROM event_log GROUP BY resource HAVING COUNT(*) = (SELECT COUNT(*) FROM event_log GROUP BY resource ORDER BY COUNT(*) DESC LIMIT 1) ,Generic,hard,0,0,False,resource,resource,1,1,COUNT;GROUP BY,,2,0
10_2,10,Which resources had the greatest number of related events?,SELECT resource FROM event_log GROUP BY resource HAVING COUNT(*) = (SELECT COUNT(*) FROM event_log GROUP BY resource ORDER BY COUNT(*) DESC LIMIT 1) ,Generic,hard,0,0,False,resource,resource,1,1,COUNT;GROUP BY,COUNT,2,1
10_3,10,What resources were related to the greatest number of events?,SELECT resource FROM event_log GROUP BY resource HAVING COUNT(*) = (SELECT COUNT(*) FROM event_log GROUP BY resource ORDER BY COUNT(*) DESC LIMIT 1) ,Generic,hard,0,0,False,resource,resource,1,1,COUNT;GROUP BY,COUNT,2,1
10_4,10,Which resources were responsible for executing the most events?,SELECT resource FROM event_log GROUP BY resource HAVING COUNT(*) = (SELECT COUNT(*) FROM event_log GROUP BY resource ORDER BY COUNT(*) DESC LIMIT 1) ,Generic,hard,0,0,False,resource,resource,1,1,COUNT;GROUP BY,,2,0
10_5,10,Which resources were responsible for executing the greatest number of events?,SELECT resource FROM event_log GROUP BY resource HAVING COUNT(*) = (SELECT COUNT(*) FROM event_log GROUP BY resource ORDER BY COUNT(*) DESC LIMIT 1) ,Generic,hard,0,0,False,resource,resource,1,1,COUNT;GROUP BY,COUNT,2,1
10_6,10,Which were the resources that had the most related events?,SELECT resource FROM event_log GROUP BY resource HAVING COUNT(*) = (SELECT COUNT(*) FROM event_log GROUP BY resource ORDER BY COUNT(*) DESC LIMIT 1) ,Generic,hard,0,0,False,resource,resource,1,1,COUNT;GROUP BY,,2,0
10_7,10,Which resources participated in the greatest number of events?,SELECT resource FROM event_log GROUP BY resource HAVING COUNT(*) = (SELECT COUNT(*) FROM event_log GROUP BY resource ORDER BY COUNT(*) DESC LIMIT 1) ,Generic,hard,0,0,False,resource,resource,1,1,COUNT;GROUP BY,COUNT,2,1
10_8,10,Which resources were related to the most events?,SELECT resource FROM event_log GROUP BY resource HAVING COUNT(*) = (SELECT COUNT(*) FROM event_log GROUP BY resource ORDER BY COUNT(*) DESC LIMIT 1) ,Generic,hard,0,0,False,resource,resource,1,1,COUNT;GROUP BY,,2,0
10_9,10,Which resources were related to the greatest number of events?,SELECT resource FROM event_log GROUP BY resource HAVING COUNT(*) = (SELECT COUNT(*) FROM event_log GROUP BY resource ORDER BY COUNT(*) DESC LIMIT 1) ,Generic,hard,0,0,False,resource,resource,1,1,COUNT;GROUP BY,COUNT,2,1
10_10,10,Which employees work the most during the processing of declarations?,SELECT resource FROM event_log GROUP BY resource HAVING COUNT(*) = (SELECT COUNT(*) FROM event_log GROUP BY resource ORDER BY COUNT(*) DESC LIMIT 1) ,Domain,hard,0,0,False,resource,resource,1,1,COUNT;GROUP BY,,2,0
11_0,11,Which resources are related to most events and how many events are they related to?,"SELECT resource, COUNT(*) FROM event_log GROUP BY resource HAVING COUNT(*) = (SELECT COUNT(*) FROM event_log GROUP BY resource ORDER BY COUNT(*) DESC LIMIT 1) ",Generic,extra,0,0,False,resource,resource,1,1,COUNT;GROUP BY,COUNT,2,1
11_1,11,Which resources are related to the greatest number of events and how many events are they related to?,"SELECT resource, COUNT(*) FROM event_log GROUP BY resource HAVING COUNT(*) = (SELECT COUNT(*) FROM event_log GROUP BY resource ORDER BY COUNT(*) DESC LIMIT 1) ",Generic,extra,0,0,False,resource,resource,1,1,COUNT;GROUP BY,COUNT,2,1
11_2,11,Which resources were most related to events and how many events were they related to?,"SELECT resource, COUNT(*) FROM event_log GROUP BY resource HAVING COUNT(*) = (SELECT COUNT(*) FROM event_log GROUP BY resource ORDER BY COUNT(*) DESC LIMIT 1) ",Generic,extra,0,0,False,resource,resource,1,1,COUNT;GROUP BY,COUNT,2,1
11_3,11,Which resources were responsible for executing more events and how many events were under their responsibility?,"SELECT resource, COUNT(*) FROM event_log GROUP BY resource HAVING COUNT(*) = (SELECT COUNT(*) FROM event_log GROUP BY resource ORDER BY COUNT(*) DESC LIMIT 1) ",Generic,extra,0,0,False,resource,resource,1,1,COUNT;GROUP BY,COUNT,2,1
11_4,11,What resources were responsible for executing the greatest number of events and how many events were under their responsibility?,"SELECT resource, COUNT(*) FROM event_log GROUP BY resource HAVING COUNT(*) = (SELECT COUNT(*) FROM event_log GROUP BY resource ORDER BY COUNT(*) DESC LIMIT 1) ",Generic,extra,0,0,False,resource,resource,1,1,COUNT;GROUP BY,COUNT,2,1
11_5,11,Which resources participated in the most events and how many events are there?,"SELECT resource, COUNT(*) FROM event_log GROUP BY resource HAVING COUNT(*) = (SELECT COUNT(*) FROM event_log GROUP BY resource ORDER BY COUNT(*) DESC LIMIT 1) ",Generic,extra,0,0,False,resource,resource,1,1,COUNT;GROUP BY,COUNT,2,1
11_6,11,Which resources participated in the greatest number of events and how many events were there?,"SELECT resource, COUNT(*) FROM event_log GROUP BY resource HAVING COUNT(*) = (SELECT COUNT(*) FROM event_log GROUP BY resource ORDER BY COUNT(*) DESC LIMIT 1) ",Generic,extra,0,0,False,resource,resource,1,1,COUNT;GROUP BY,COUNT,2,1
11_7,11,Who are the most productive employees and how many times did they act on the declarations already registered?,"SELECT resource, COUNT(*) FROM event_log GROUP BY resource HAVING COUNT(*) = (SELECT COUNT(*) FROM event_log GROUP BY resource ORDER BY COUNT(*) DESC LIMIT 1) ",Domain,extra,0,0,False,resource,resource,1,1,COUNT;GROUP BY,COUNT,2,1
12_0,12,"List all resources and how many events each one is related to, in descending order of the number of events.","SELECT resource, COUNT(*) FROM event_log GROUP BY resource ORDER BY COUNT(*) DESC",Generic,extra,0,0,False,resource,resource,1,1,COUNT;GROUP BY,COUNT;GROUP BY,2,2
12_1,12,List all resources accompanied by how many events each one is related to and sort the answer in descending order by number of events.,"SELECT resource, COUNT(*) FROM event_log GROUP BY resource ORDER BY COUNT(*) DESC",Generic,extra,0,0,False,resource,resource,1,1,COUNT;GROUP BY,COUNT;GROUP BY,2,2
12_2,12,List all resources and the number of events each is responsible for. Sort the answer in descending order in relation to the number of events.,"SELECT resource, COUNT(*) FROM event_log GROUP BY resource ORDER BY COUNT(*) DESC",Generic,extra,0,0,False,resource,resource,1,1,COUNT;GROUP BY,COUNT;GROUP BY,2,2
12_3,12,List all resources and how many events each resource participated in. Sort the answer in descending order considering the number of events.,"SELECT resource, COUNT(*) FROM event_log GROUP BY resource ORDER BY COUNT(*) DESC",Generic,extra,0,0,False,resource,resource,1,1,COUNT;GROUP BY,COUNT;GROUP BY,2,2
12_4,12,List the resources and the number of times they performed activities. Sort the answer in descending order by number of activity performances.,"SELECT resource, COUNT(*) FROM event_log GROUP BY resource ORDER BY COUNT(*) DESC",Generic,extra,0,0,False,resource,resource,1,1,COUNT;GROUP BY,COUNT;GROUP BY,2,2
12_5,12,"Make an ordered list of employees, from most productive to least productive, stating how many times each one was involved in processing declarations.","SELECT resource, COUNT(*) FROM event_log GROUP BY resource ORDER BY COUNT(*) DESC",Domain,extra,0,0,False,resource,resource,1,1,COUNT;GROUP BY,COUNT;GROUP BY,2,2
13_0,13,Which events have a cost other than null?,SELECT * FROM event_log WHERE cost IS NOT NULL,Generic,no_hardness,0,0,False,cost,cost,1,1,Negation,Negation,1,1
13_1,13,Which events have a non-null cost?,SELECT * FROM event_log WHERE cost IS NOT NULL,Generic,no_hardness,0,0,False,cost,cost,1,1,Negation,,1,0
13_2,13,List the events that have a non-null cost.,SELECT * FROM event_log WHERE cost IS NOT NULL,Generic,no_hardness,0,0,False,cost,cost,1,1,Negation,,1,0
13_3,13,What are the events in which the cost is not null?,SELECT * FROM event_log WHERE cost IS NOT NULL,Generic,no_hardness,0,0,False,cost,cost,1,1,Negation,Negation,1,1
13_4,13,List the events that have a cost other than null.,SELECT * FROM event_log WHERE cost IS NOT NULL,Generic,no_hardness,0,0,False,cost,cost,1,1,Negation,Negation,1,1
13_5,13,Which events have a reported cost?,SELECT * FROM event_log WHERE cost IS NOT NULL,Generic,no_hardness,0,0,False,cost,cost,1,1,Negation,,1,0
13_6,13,What are the events for which there is a cost reported?,SELECT * FROM event_log WHERE cost IS NOT NULL,Generic,no_hardness,0,0,False,cost,cost,1,1,Negation,,1,0
13_7,13,List the events that have a reported cost.,SELECT * FROM event_log WHERE cost IS NOT NULL,Generic,no_hardness,0,0,False,cost,cost,1,1,Negation,,1,0
13_8,13,List the events for which there is a reported cost.,SELECT * FROM event_log WHERE cost IS NOT NULL,Generic,no_hardness,0,0,False,cost,cost,1,1,Negation,,1,0
13_9,13,Report all occurrences in the processing of declarations where costs were communicated to the university,SELECT * FROM event_log WHERE cost IS NOT NULL,Domain,no_hardness,0,0,False,cost,cost,1,1,Negation,,1,0
14_0,14,What information is associated with events relating to the 'start trip' or 'request payment' activities?,SELECT * FROM event_log WHERE activity = 'Start trip' OR activity = 'Request payment',Value,medium,2,2,True,activity,activity,1,1,,,0,0
14_1,14,Return event data related to the performance of the 'start trip' or 'request payment' activities.,SELECT * FROM event_log WHERE activity = 'Start trip' OR activity = 'Request payment',Value,medium,2,2,True,activity,activity,1,1,,,0,0
14_2,14,Return information associated with events related to 'start trip' or 'request payment' activities.,SELECT * FROM event_log WHERE activity = 'Start trip' OR activity = 'Request payment',Value,medium,2,2,True,activity,activity,1,1,,,0,0
14_3,14,List the data relating to the events associated with the activity instances named 'start trip' or 'request payment'.,SELECT * FROM event_log WHERE activity = 'Start trip' OR activity = 'Request payment',Value,medium,2,2,True,activity,activity,1,1,,,0,0
14_4,14,I need information associated with the actions that mark the start of a trip and the actions that indicate that a payment request has been made.,SELECT * FROM event_log WHERE activity = 'Start trip' OR activity = 'Request payment',Domain,medium,2,0,True,activity,,1,0,,,0,0
15_0,15,What are the most frequent activities?,SELECT activity FROM event_log GROUP BY activity HAVING COUNT(*) = (SELECT COUNT(*) FROM event_log GROUP BY activity ORDER BY COUNT(*) DESC LIMIT 1) ,Generic,hard,0,0,False,activity,activity,1,1,COUNT;GROUP BY,,2,0
15_1,15,What are the most frequently activities performed?,SELECT activity FROM event_log GROUP BY activity HAVING COUNT(*) = (SELECT COUNT(*) FROM event_log GROUP BY activity ORDER BY COUNT(*) DESC LIMIT 1) ,Generic,hard,0,0,False,activity,activity,1,1,COUNT;GROUP BY,,2,0
15_2,15,Which activities appear most frequently in the event log?,SELECT activity FROM event_log GROUP BY activity HAVING COUNT(*) = (SELECT COUNT(*) FROM event_log GROUP BY activity ORDER BY COUNT(*) DESC LIMIT 1) ,Generic,hard,0,0,False,activity,activity,1,1,COUNT;GROUP BY,,2,0
15_3,15,Retrieve the names of the activities that are most frequently performed in this business process.,SELECT activity FROM event_log GROUP BY activity HAVING COUNT(*) = (SELECT COUNT(*) FROM event_log GROUP BY activity ORDER BY COUNT(*) DESC LIMIT 1) ,Generic,hard,0,0,False,activity,activity,1,1,COUNT;GROUP BY,,2,0
15_4,15,What activities does the university perform most during the processing of declarations?,SELECT activity FROM event_log GROUP BY activity HAVING COUNT(*) = (SELECT COUNT(*) FROM event_log GROUP BY activity ORDER BY COUNT(*) DESC LIMIT 1) ,Domain,hard,0,0,False,activity,activity,1,1,COUNT;GROUP BY,,2,0
16_0,16,"Return the name of the activities and how many times they occur in the event log, ordering the list in descending order by the number of activity occurrences.","SELECT activity, COUNT(*) FROM event_log GROUP BY activity  ORDER BY COUNT (*) DESC",Generic,extra,0,0,False,activity,activity,1,1,COUNT;GROUP BY,COUNT;GROUP BY,2,2
16_1,16,"What are the activities of this business process and how many times were they performed? Order your response in relation to the frequency of performing the activities, from the most frequent to the least frequent","SELECT activity, COUNT(*) FROM event_log GROUP BY activity  ORDER BY COUNT (*) DESC",Generic,extra,0,0,False,activity,activity,1,1,COUNT;GROUP BY,COUNT,2,1
16_2,16,"Retrieve the name of the activities and the number of times they were performed. Order the answer according to the frequency of performing the activities, from the most frequent to the least frequent.","SELECT activity, COUNT(*) FROM event_log GROUP BY activity  ORDER BY COUNT (*) DESC",Generic,extra,0,0,False,activity,activity,1,1,COUNT;GROUP BY,COUNT,2,1
16_3,16,Make a list of activities performed during the processing of declarations. The list must be ordered from the most frequent activity to the least frequent and must clearly indicate how many times each activity was performed.,"SELECT activity, COUNT(*) FROM event_log GROUP BY activity  ORDER BY COUNT (*) DESC",Domain,extra,0,0,False,activity,activity,1,1,COUNT;GROUP BY,COUNT;GROUP BY,2,2
17_0,17,What are the events that happened in the year 2017?,SELECT * FROM event_log WHERE timestamp BETWEEN '2017-01-01' AND '2018-01-01',Value,easy,2,2,True,timestamp,timestamp,1,1,Temporal,Temporal,1,1
17_1,17,List events with 'timestamp' in 2017.,SELECT * FROM event_log WHERE timestamp BETWEEN '2017-01-01' AND '2018-01-01',Value,easy,2,2,True,timestamp,timestamp,1,1,Temporal,Temporal,1,1
17_2,17,What events occurred in the year 2017?,SELECT * FROM event_log WHERE timestamp BETWEEN '2017-01-01' AND '2018-01-01',Value,easy,2,2,True,timestamp,timestamp,1,1,Temporal,Temporal,1,1
17_3,17,List the events whose 'timestamp' refers to the year 2017.,SELECT * FROM event_log WHERE timestamp BETWEEN '2017-01-01' AND '2018-01-01',Value,easy,2,2,True,timestamp,timestamp,1,1,Temporal,Temporal,1,1
17_4,17,What events took place in 2017?,SELECT * FROM event_log WHERE timestamp BETWEEN '2017-01-01' AND '2018-01-01',Value,easy,2,2,True,timestamp,,1,0,Temporal,Temporal,1,1
17_5,17,What events took place during 2017?,SELECT * FROM event_log WHERE timestamp BETWEEN '2017-01-01' AND '2018-01-01',Value,easy,2,2,True,timestamp,,1,0,Temporal,Temporal,1,1
17_6,17,What events occurred in 2017?,SELECT * FROM event_log WHERE timestamp BETWEEN '2017-01-01' AND '2018-01-01',Value,easy,2,2,True,timestamp,,1,0,Temporal,Temporal,1,1
17_7,17,What events occurred during the year 2017?,SELECT * FROM event_log WHERE timestamp BETWEEN '2017-01-01' AND '2018-01-01',Value,easy,2,2,True,timestamp,timestamp,1,1,Temporal,Temporal,1,1
17_8,17,What events took place during the year 2017?,SELECT * FROM event_log WHERE timestamp BETWEEN '2017-01-01' AND '2018-01-01',Value,easy,2,2,True,timestamp,timestamp,1,1,Temporal,Temporal,1,1
17_9,17,What events occurred during 2017?,SELECT * FROM event_log WHERE timestamp BETWEEN '2017-01-01' AND '2018-01-01',Value,easy,2,2,True,timestamp,,1,0,Temporal,Temporal,1,1
17_10,17,I need to know everything that took place during the year 2017 in the processing of declarations.,SELECT * FROM event_log WHERE timestamp BETWEEN '2017-01-01' AND '2018-01-01',Domain,easy,2,2,True,timestamp,timestamp,1,1,Temporal,Temporal,1,1
17_11,17,Make a report informing everything that happened during the processing of declarations in the year 2017.,SELECT * FROM event_log WHERE timestamp BETWEEN '2017-01-01' AND '2018-01-01',Domain,easy,2,2,True,timestamp,timestamp,1,1,Temporal,Temporal,1,1
17_12,17,Report everything that occurred during the year 2017 in the processing of declarations.,SELECT * FROM event_log WHERE timestamp BETWEEN '2017-01-01' AND '2018-01-01',Domain,easy,2,2,True,timestamp,timestamp,1,1,Temporal,Temporal,1,1
17_13,17,What was performed during the year 2017 during the processing of declarations?,SELECT * FROM event_log WHERE timestamp BETWEEN '2017-01-01' AND '2018-01-01',Domain,easy,2,2,True,timestamp,timestamp,1,1,Temporal,Temporal,1,1
17_14,17,What actions were taken when processing declarations during the year 2017?,SELECT * FROM event_log WHERE timestamp BETWEEN '2017-01-01' AND '2018-01-01',Domain,easy,2,2,True,timestamp,timestamp,1,1,Temporal,Temporal,1,1
18_0,18,What are the declarations with up to 20 events?,SELECT idcase FROM event_log GROUP BY idcase HAVING count(*) <= 20,Domain,easy,1,1,True,idcase,,1,0,COUNT;GROUP BY,,2,0
18_1,18,Which declarations have up to 20 associated events?,SELECT idcase FROM event_log GROUP BY idcase HAVING count(*) <= 20,Domain,easy,1,1,True,idcase,,1,0,COUNT;GROUP BY,,2,0
18_2,18,In which declarations were up to 20 events performed?,SELECT idcase FROM event_log GROUP BY idcase HAVING count(*) <= 20,Domain,easy,1,1,True,idcase,,1,0,COUNT;GROUP BY,,2,0
18_3,18,In which declarations were up to 20 activity occurrences performed?,SELECT idcase FROM event_log GROUP BY idcase HAVING count(*) <= 20,Domain,easy,1,1,True,idcase,,1,0,COUNT;GROUP BY,COUNT,2,1
18_4,18,List all declarations that have up to 20 associated events.,SELECT idcase FROM event_log GROUP BY idcase HAVING count(*) <= 20,Domain,easy,1,1,True,idcase,,1,0,COUNT;GROUP BY,,2,0
18_5,18,List all declarations in which the trace has up to 20 events.,SELECT idcase FROM event_log GROUP BY idcase HAVING count(*) <= 20,Domain,easy,1,1,True,idcase,,1,0,COUNT;GROUP BY,,2,0
18_6,18,List all declarations in which the performance has up to 20 events.,SELECT idcase FROM event_log GROUP BY idcase HAVING count(*) <= 20,Domain,easy,1,1,True,idcase,,1,0,COUNT;GROUP BY,,2,0
19_0,19,List the five resources that worked on the most cases.,SELECT resource from event_log GROUP BY resource HAVING  COUNT(DISTINCT idcase) IN (SELECT COUNT(DISTINCT idcase) FROM event_log  GROUP BY resource ORDER BY COUNT(DISTINCT idcase)  desc LIMIT 5),Generic,hard,1,0,True,idcase;resource,resource,2,1,COUNT;DISTINCT;GROUP BY,,3,0
19_1,19,Retrieve the five resources associated with the most cases.,SELECT resource from event_log GROUP BY resource HAVING  COUNT(DISTINCT idcase) IN (SELECT COUNT(DISTINCT idcase) FROM event_log  GROUP BY resource ORDER BY COUNT(DISTINCT idcase)  desc LIMIT 5),Generic,hard,1,0,True,idcase;resource,resource,2,1,COUNT;DISTINCT;GROUP BY,,3,0
19_2,19,Return the five resources requested in the greatest number of cases.,SELECT resource from event_log GROUP BY resource HAVING  COUNT(DISTINCT idcase) IN (SELECT COUNT(DISTINCT idcase) FROM event_log  GROUP BY resource ORDER BY COUNT(DISTINCT idcase)  desc LIMIT 5),Generic,hard,1,0,True,idcase;resource,resource,2,1,COUNT;DISTINCT;GROUP BY,COUNT,3,1
19_3,19,What are the top 5 resources with the most cases?,SELECT resource from event_log GROUP BY resource HAVING  COUNT(DISTINCT idcase) IN (SELECT COUNT(DISTINCT idcase) FROM event_log  GROUP BY resource ORDER BY COUNT(DISTINCT idcase)  desc LIMIT 5),Generic,hard,1,1,True,idcase;resource,resource,2,1,COUNT;DISTINCT;GROUP BY,,3,0
19_4,19,Report the five employees who made the most declarations.,SELECT resource from event_log GROUP BY resource HAVING  COUNT(DISTINCT idcase) IN (SELECT COUNT(DISTINCT idcase) FROM event_log  GROUP BY resource ORDER BY COUNT(DISTINCT idcase)  desc LIMIT 5),Domain,hard,1,0,True,idcase;resource,resource,2,1,COUNT;DISTINCT;GROUP BY,,3,0
20_0,20,List the five resources that worked on the most events.,SELECT resource from event_log GROUP BY resource HAVING  COUNT(*) IN (SELECT COUNT(*) FROM event_log  GROUP BY resource ORDER BY COUNT(*)  desc LIMIT 5),Generic,hard,1,0,True,resource,resource,1,1,COUNT;GROUP BY,,2,0
20_1,20,Retrieve the five resources associated with the greatest number of events.,SELECT resource from event_log GROUP BY resource HAVING  COUNT(*) IN (SELECT COUNT(*) FROM event_log  GROUP BY resource ORDER BY COUNT(*)  desc LIMIT 5),Generic,hard,1,0,True,resource,resource,1,1,COUNT;GROUP BY,COUNT,2,1
20_2,20,Return the five resources requested in the greatest number of events.,SELECT resource from event_log GROUP BY resource HAVING  COUNT(*) IN (SELECT COUNT(*) FROM event_log  GROUP BY resource ORDER BY COUNT(*)  desc LIMIT 5),Generic,hard,1,0,True,resource,resource,1,1,COUNT;GROUP BY,COUNT,2,1
20_3,20,What are the top 5 resources with the greatest number of events?,SELECT resource from event_log GROUP BY resource HAVING  COUNT(*) IN (SELECT COUNT(*) FROM event_log  GROUP BY resource ORDER BY COUNT(*)  desc LIMIT 5),Generic,hard,1,1,True,resource,resource,1,1,COUNT;GROUP BY,COUNT,2,1
20_4,20,Report the five employees who worked most during the processing of the declarations.,SELECT resource from event_log GROUP BY resource HAVING  COUNT(*) IN (SELECT COUNT(*) FROM event_log  GROUP BY resource ORDER BY COUNT(*)  desc LIMIT 5),Domain,hard,1,0,True,resource,resource,1,1,COUNT;GROUP BY,,2,0
21_0,21,How many occurrences of the 'start trip' activity do we have for each resource in the year 2016?,"SELECT count(*), resource FROM event_log WHERE activity = 'Start trip' AND timestamp LIKE '2016%' GROUP BY resource",Value,hard,2,2,True,activity;resource;timestamp,activity;resource;timestamp,3,3,COUNT;GROUP BY;Temporal,COUNT;GROUP BY;Temporal,3,3
21_1,21,How many occurrences of the 'start trip' activity are there associated with each resource in the year 2016?,"SELECT count(*), resource FROM event_log WHERE activity = 'Start trip' AND timestamp LIKE '2016%' GROUP BY resource",Value,hard,2,2,True,activity;resource;timestamp,activity;resource;timestamp,3,3,COUNT;GROUP BY;Temporal,COUNT;GROUP BY;Temporal,3,3
21_2,21,How many performances of the 'start trip' activity are associated with each resource in the year 2016?,"SELECT count(*), resource FROM event_log WHERE activity = 'Start trip' AND timestamp LIKE '2016%' GROUP BY resource",Value,hard,2,2,True,activity;resource;timestamp,activity;resource;timestamp,3,3,COUNT;GROUP BY;Temporal,COUNT;GROUP BY;Temporal,3,3
21_3,21,How many occurrences of the activity named 'start trip' are there associated with each resource in 2016?,"SELECT count(*), resource FROM event_log WHERE activity = 'Start trip' AND timestamp LIKE '2016%' GROUP BY resource",Value,hard,2,2,True,activity;resource;timestamp,activity;resource,3,2,COUNT;GROUP BY;Temporal,COUNT;GROUP BY;Temporal,3,3
21_4,21,How many performances of the activity named 'start trip' are associated with each resource in 2016?,"SELECT count(*), resource FROM event_log WHERE activity = 'Start trip' AND timestamp LIKE '2016%' GROUP BY resource",Value,hard,2,2,True,activity;resource;timestamp,activity;resource,3,2,COUNT;GROUP BY;Temporal,COUNT;GROUP BY;Temporal,3,3
21_5,21,Report the number of occurrences of the activity named 'start trip' associated with each resource in 2016.,"SELECT count(*), resource FROM event_log WHERE activity = 'Start trip' AND timestamp LIKE '2016%' GROUP BY resource",Value,hard,2,2,True,activity;resource;timestamp,activity;resource,3,2,COUNT;GROUP BY;Temporal,COUNT;GROUP BY;Temporal,3,3
21_6,21,Report the total number of occurrences of the activity named 'start trip' performed by each resource in 2016.,"SELECT count(*), resource FROM event_log WHERE activity = 'Start trip' AND timestamp LIKE '2016%' GROUP BY resource",Value,hard,2,2,True,activity;resource;timestamp,activity;resource,3,2,COUNT;GROUP BY;Temporal,COUNT;GROUP BY;Temporal,3,3
21_7,21,How many actions were performed by each employee to record the start of trips during 2016?,"SELECT count(*), resource FROM event_log WHERE activity = 'Start trip' AND timestamp LIKE '2016%' GROUP BY resource",Domain,hard,2,1,True,activity;resource;timestamp,resource,3,1,COUNT;GROUP BY;Temporal,COUNT;GROUP BY;Temporal,3,3
21_8,21,How many activities related to the start of the trip do we have for each resource in 2016?,"SELECT count(*), resource FROM event_log WHERE activity = 'Start trip' AND timestamp LIKE '2016%' GROUP BY resource",Domain,hard,2,1,True,activity;resource;timestamp,activity;resource,3,2,COUNT;GROUP BY;Temporal,COUNT;GROUP BY;Temporal,3,3
22_0,22,How many times did each resource perform the 'declaration rejected by supervisor' activity?,"SELECT  count(*), resource FROM event_log WHERE activity = 'Declaration rejected by supervisor' GROUP BY resource",Value,medium,1,1,True,activity;resource,activity;resource,2,2,COUNT;GROUP BY,COUNT;GROUP BY,2,2
22_1,22,How many occurrences of the 'declaration rejected by supervisor' activity are there for each resource?,"SELECT  count(*), resource FROM event_log WHERE activity = 'Declaration rejected by supervisor' GROUP BY resource",Value,medium,1,1,True,activity;resource,activity;resource,2,2,COUNT;GROUP BY,COUNT;GROUP BY,2,2
22_2,22,How many performances of the 'declaration rejected by supervisor' activity are associated with each resource?,"SELECT  count(*), resource FROM event_log WHERE activity = 'Declaration rejected by supervisor' GROUP BY resource",Value,medium,1,1,True,activity;resource,activity;resource,2,2,COUNT;GROUP BY,COUNT;GROUP BY,2,2
22_3,22,How many occurrences of the activity named 'declaration rejected by supervisor' are there for each resource?,"SELECT  count(*), resource FROM event_log WHERE activity = 'Declaration rejected by supervisor' GROUP BY resource",Value,medium,1,1,True,activity;resource,activity;resource,2,2,COUNT;GROUP BY,COUNT;GROUP BY,2,2
22_4,22,How many performances of the activity named 'declaration rejected by supervisor' are there for each resource?,"SELECT  count(*), resource FROM event_log WHERE activity = 'Declaration rejected by supervisor' GROUP BY resource",Value,medium,1,1,True,activity;resource,activity;resource,2,2,COUNT;GROUP BY,COUNT;GROUP BY,2,2
22_5,22,How many occurrences of the activity called 'declaration rejected by supervisor' are there for each resource?,"SELECT  count(*), resource FROM event_log WHERE activity = 'Declaration rejected by supervisor' GROUP BY resource",Value,medium,1,1,True,activity;resource,activity;resource,2,2,COUNT;GROUP BY,COUNT;GROUP BY,2,2
22_6,22,How many performances of the activity called 'declaration rejected by supervisor' are there for each resource?,"SELECT  count(*), resource FROM event_log WHERE activity = 'Declaration rejected by supervisor' GROUP BY resource",Value,medium,1,1,True,activity;resource,activity;resource,2,2,COUNT;GROUP BY,COUNT;GROUP BY,2,2
22_7,22,Report the amount of occurrences of the 'declaration rejected by supervisor' activity associated with each resource.,"SELECT  count(*), resource FROM event_log WHERE activity = 'Declaration rejected by supervisor' GROUP BY resource",Value,medium,1,1,True,activity;resource,activity;resource,2,2,COUNT;GROUP BY,COUNT;GROUP BY,2,2
22_8,22,Report the number of occurrences of the 'declaration rejected by supervisor' activity associated with each resource.,"SELECT  count(*), resource FROM event_log WHERE activity = 'Declaration rejected by supervisor' GROUP BY resource",Value,medium,1,1,True,activity;resource,activity;resource,2,2,COUNT;GROUP BY,COUNT;GROUP BY,2,2
22_9,22,Report the total number of occurrences of the 'declaration rejected by supervisor' activity associated with each resource.,"SELECT  count(*), resource FROM event_log WHERE activity = 'Declaration rejected by supervisor' GROUP BY resource",Value,medium,1,1,True,activity;resource,activity;resource,2,2,COUNT;GROUP BY,COUNT;GROUP BY,2,2
22_10,22,How many times did each employee reject a declaration in the role of supervisor?,"SELECT  count(*), resource FROM event_log WHERE activity = 'Declaration rejected by supervisor' GROUP BY resource",Domain,medium,1,0,True,activity;resource,resource,2,1,COUNT;GROUP BY,COUNT;GROUP BY,2,2
23_0,23,What are the cases that have more than 20 activity occurrences?,SELECT idcase FROM event_log GROUP BY idcase HAVING count(*) > 20,Generic,easy,1,1,True,idcase,,1,0,COUNT;GROUP BY,COUNT,2,1
23_1,23,List all cases that have more than 20 activity occurrences.,SELECT idcase FROM event_log GROUP BY idcase HAVING count(*) > 20,Generic,easy,1,1,True,idcase,,1,0,COUNT;GROUP BY,COUNT,2,1
23_2,23,In which cases are there more than 20 occurrences of activities performed?,SELECT idcase FROM event_log GROUP BY idcase HAVING count(*) > 20,Generic,easy,1,1,True,idcase,,1,0,COUNT;GROUP BY,COUNT,2,1
23_3,23,In which cases are there more than twenty occurrences of activities performed?,SELECT idcase FROM event_log GROUP BY idcase HAVING count(*) > 20,Generic,easy,1,0,True,idcase,,1,0,COUNT;GROUP BY,COUNT,2,1
23_4,23,Which process instances have more than 20 activities performed?,SELECT idcase FROM event_log GROUP BY idcase HAVING count(*) > 20,Generic,easy,1,1,True,idcase,idcase,1,1,COUNT;GROUP BY,,2,0
23_5,23,List all process instances that have more than 20 activity occurrences.,SELECT idcase FROM event_log GROUP BY idcase HAVING count(*) > 20,Generic,easy,1,1,True,idcase,idcase,1,1,COUNT;GROUP BY,COUNT,2,1
23_6,23,In which process instances are there more than 20 occurrences of activities performed?,SELECT idcase FROM event_log GROUP BY idcase HAVING count(*) > 20,Generic,easy,1,1,True,idcase,idcase,1,1,COUNT;GROUP BY,COUNT,2,1
23_7,23,In which process instances are there more than twenty occurrences of activities performed?,SELECT idcase FROM event_log GROUP BY idcase HAVING count(*) > 20,Generic,easy,1,0,True,idcase,idcase,1,1,COUNT;GROUP BY,COUNT,2,1
23_8,23,What are the declarations whose processing went through more than twenty interventions?,SELECT idcase FROM event_log GROUP BY idcase HAVING count(*) > 20,Domain,easy,1,0,True,idcase,,1,0,COUNT;GROUP BY,,2,0
24_0,24,Which cases have the greatest number of events?,SELECT idcase FROM event_log GROUP BY idcase HAVING COUNT(*) = (SELECT  COUNT(*) FROM event_log GROUP BY idcase ORDER BY count(*) DESC LIMIT 1),Generic,hard,0,0,False,idcase,,1,0,COUNT;GROUP BY,COUNT,2,1
24_1,24,What are the cases in which there are most activity performances?,SELECT idcase FROM event_log GROUP BY idcase HAVING COUNT(*) = (SELECT  COUNT(*) FROM event_log GROUP BY idcase ORDER BY count(*) DESC LIMIT 1),Generic,hard,0,0,False,idcase,,1,0,COUNT;GROUP BY,,2,0
24_2,24,Retrieve the identifiers of the cases that have the greatest number of events.,SELECT idcase FROM event_log GROUP BY idcase HAVING COUNT(*) = (SELECT  COUNT(*) FROM event_log GROUP BY idcase ORDER BY count(*) DESC LIMIT 1),Generic,hard,0,0,False,idcase,,1,0,COUNT;GROUP BY,COUNT,2,1
24_3,24,Report the identifiers of the cases with the most activities performed.,SELECT idcase FROM event_log GROUP BY idcase HAVING COUNT(*) = (SELECT  COUNT(*) FROM event_log GROUP BY idcase ORDER BY count(*) DESC LIMIT 1),Generic,hard,0,0,False,idcase,,1,0,COUNT;GROUP BY,,2,0
24_4,24,Report the identifiers of the longest cases in terms of number of events.,SELECT idcase FROM event_log GROUP BY idcase HAVING COUNT(*) = (SELECT  COUNT(*) FROM event_log GROUP BY idcase ORDER BY count(*) DESC LIMIT 1),Generic,hard,0,0,False,idcase,,1,0,COUNT;GROUP BY,COUNT,2,1
24_5,24,Report the identifiers of the longest cases in terms of activities performed.,SELECT idcase FROM event_log GROUP BY idcase HAVING COUNT(*) = (SELECT  COUNT(*) FROM event_log GROUP BY idcase ORDER BY count(*) DESC LIMIT 1),Generic,hard,0,0,False,idcase,,1,0,COUNT;GROUP BY,,2,0
24_6,24,Retrieve the codes for the longest declarations in terms of number of actions performed.,SELECT idcase FROM event_log GROUP BY idcase HAVING COUNT(*) = (SELECT  COUNT(*) FROM event_log GROUP BY idcase ORDER BY count(*) DESC LIMIT 1),Domain,hard,0,0,False,idcase,,1,0,COUNT;GROUP BY,COUNT,2,1
25_0,25,What are the cases in which the 'Sara' resource appears and the 'request payment' activity has not yet been performed?,SELECT DISTINCT idcase FROM event_log WHERE resource = 'Sara'  AND idcase NOT IN (SELECT idcase FROM event_log WHERE activity = 'Request payment'),Value,extra,2,2,True,idcase;activity;resource,activity;resource,3,2,DISTINCT;Negation,Negation,2,1
25_1,25,Select all cases that the 'Sara' resource has worked on and that have not yet gone through the 'request payment' activity.,SELECT DISTINCT idcase FROM event_log WHERE resource = 'Sara'  AND idcase NOT IN (SELECT idcase FROM event_log WHERE activity = 'Request payment'),Value,extra,2,2,True,idcase;activity;resource,activity;resource,3,2,DISTINCT;Negation,Negation,2,1
25_2,25,Retrieve the identifiers of the cases in which the 'Sara' resource was involved and which have not yet gone through the 'request payment' activity.,SELECT DISTINCT idcase FROM event_log WHERE resource = 'Sara'  AND idcase NOT IN (SELECT idcase FROM event_log WHERE activity = 'Request payment'),Value,extra,2,2,True,idcase;activity;resource,activity;resource,3,2,DISTINCT;Negation,Negation,2,1
25_3,25,Select all cases in which the 'Sara' resource worked and the 'request payment' activity was not performed.,SELECT DISTINCT idcase FROM event_log WHERE resource = 'Sara'  AND idcase NOT IN (SELECT idcase FROM event_log WHERE activity = 'Request payment'),Value,extra,2,2,True,idcase;activity;resource,activity;resource,3,2,DISTINCT;Negation,Negation,2,1
25_4,25,What are the cases that have not yet performed the 'request payment' activity and with which the 'Sara' resource is associated?,SELECT DISTINCT idcase FROM event_log WHERE resource = 'Sara'  AND idcase NOT IN (SELECT idcase FROM event_log WHERE activity = 'Request payment'),Value,extra,2,2,True,idcase;activity;resource,activity;resource,3,2,DISTINCT;Negation,Negation,2,1
25_5,25,Report the declarations in which the employee Sara was involved and for which a payment request has not yet been opened.,SELECT DISTINCT idcase FROM event_log WHERE resource = 'Sara'  AND idcase NOT IN (SELECT idcase FROM event_log WHERE activity = 'Request payment'),Domain,extra,2,1,True,idcase;activity;resource,resource,3,1,DISTINCT;Negation,Negation,2,1
26_0,26,Retrieve information for events that occurred between the dates '2017-01-10' and '2017-02-01' in the case with the identifier 'declaration 143598',SELECT * FROM event_log WHERE idcase = 'declaration 143598' AND timestamp BETWEEN '2017-01-10' AND '2017-02-01',Value,medium,3,3,True,idcase;timestamp,idcase,2,1,Temporal,Temporal,1,1
26_1,26,Retrieve information for events of the 'declaration 143598' case that occurred between the dates '2017-01-10' and '2017-02-01'.,SELECT * FROM event_log WHERE idcase = 'declaration 143598' AND timestamp BETWEEN '2017-01-10' AND '2017-02-01',Value,medium,3,3,True,idcase;timestamp,idcase,2,1,Temporal,Temporal,1,1
26_2,26,"Report the values of attributes of the events associated with the 'declaration 143598' case, which occurred between the dates '2017-01-10' and '2017-02-01'.",SELECT * FROM event_log WHERE idcase = 'declaration 143598' AND timestamp BETWEEN '2017-01-10' AND '2017-02-01',Value,medium,3,3,True,idcase;timestamp,idcase,2,1,Temporal,Temporal,1,1
26_3,26,Report the values of the attributes of the events that occurred between the dates '2017-01-10' and '2017-02-01' and are associated with the 'declaration 143598' case,SELECT * FROM event_log WHERE idcase = 'declaration 143598' AND timestamp BETWEEN '2017-01-10' AND '2017-02-01',Value,medium,3,3,True,idcase;timestamp,idcase,2,1,Temporal,Temporal,1,1
26_4,26,"I need all the information regarding the actions that occurred between January 10, 2017 and February 1, 2017 in the processing of declaration 143598.",SELECT * FROM event_log WHERE idcase = 'declaration 143598' AND timestamp BETWEEN '2017-01-10' AND '2017-02-01',Domain,medium,3,3,True,idcase;timestamp,idcase,2,1,Temporal,Temporal,1,1
27_0,27,How many cases was each resource associated with in the period from '2017-01-01' to '2017-05-31'?,"SELECT resource, count(DISTINCT idcase) FROM event_log WHERE timestamp BETWEEN '2017-01-01' AND '2017-05-31' GROUP BY resource",Value,medium,2,2,True,idcase;resource;timestamp,resource;timestamp,3,2,COUNT;DISTINCT;GROUP BY;Temporal,COUNT;GROUP BY;Temporal,4,3
27_1,27,Retrieve how many cases each resource was associated with in the period between '2017-01-01' and '2017-05-31'.,"SELECT resource, count(DISTINCT idcase) FROM event_log WHERE timestamp BETWEEN '2017-01-01' AND '2017-05-31' GROUP BY resource",Value,medium,2,2,True,idcase;resource;timestamp,resource;timestamp,3,2,COUNT;DISTINCT;GROUP BY;Temporal,COUNT;GROUP BY;Temporal,4,3
27_2,27,How many cases did each resource work on in the period from '2017-01-01' to '2017-05-31'?,"SELECT resource, count(DISTINCT idcase) FROM event_log WHERE timestamp BETWEEN '2017-01-01' AND '2017-05-31' GROUP BY resource",Value,medium,2,2,True,idcase;resource;timestamp,resource;timestamp,3,2,COUNT;DISTINCT;GROUP BY;Temporal,COUNT;GROUP BY;Temporal,4,3
27_3,27,In how many cases did each resource act in the period from '2017-01-01' to '2017-05-31'?,"SELECT resource, count(DISTINCT idcase) FROM event_log WHERE timestamp BETWEEN '2017-01-01' AND '2017-05-31' GROUP BY resource",Value,medium,2,2,True,idcase;resource;timestamp,resource;timestamp,3,2,COUNT;DISTINCT;GROUP BY;Temporal,COUNT;GROUP BY;Temporal,4,3
27_4,27,"Considering the period from '2017-01-01' to '2017-05-31', how many cases was each resource associated with?","SELECT resource, count(DISTINCT idcase) FROM event_log WHERE timestamp BETWEEN '2017-01-01' AND '2017-05-31' GROUP BY resource",Value,medium,2,2,True,idcase;resource;timestamp,resource;timestamp,3,2,COUNT;DISTINCT;GROUP BY;Temporal,COUNT;GROUP BY;Temporal,4,3
27_5,27,"Considering the period from '2017-01-01' to '2017-05-31', how many cases did each resource work on?","SELECT resource, count(DISTINCT idcase) FROM event_log WHERE timestamp BETWEEN '2017-01-01' AND '2017-05-31' GROUP BY resource",Value,medium,2,2,True,idcase;resource;timestamp,resource;timestamp,3,2,COUNT;DISTINCT;GROUP BY;Temporal,COUNT;GROUP BY;Temporal,4,3
27_6,27,"Considering the period from '2017-01-01' to '2017-05-31', in how many cases did each resource act?","SELECT resource, count(DISTINCT idcase) FROM event_log WHERE timestamp BETWEEN '2017-01-01' AND '2017-05-31' GROUP BY resource",Value,medium,2,2,True,idcase;resource;timestamp,resource;timestamp,3,2,COUNT;DISTINCT;GROUP BY;Temporal,COUNT;GROUP BY;Temporal,4,3
27_7,27,"Considering the period from the first of January 2017 to the thirty-first of May 2017, how many cases was each resource associated with?","SELECT resource, count(DISTINCT idcase) FROM event_log WHERE timestamp BETWEEN '2017-01-01' AND '2017-05-31' GROUP BY resource",Value,medium,2,2,True,idcase;resource;timestamp,resource;timestamp,3,2,COUNT;DISTINCT;GROUP BY;Temporal,COUNT;GROUP BY;Temporal,4,3
27_8,27,"Considering the period from the first of January 2017 to the thirty-first of May 2017, how many cases did each resource work on?","SELECT resource, count(DISTINCT idcase) FROM event_log WHERE timestamp BETWEEN '2017-01-01' AND '2017-05-31' GROUP BY resource",Value,medium,2,2,True,idcase;resource;timestamp,resource;timestamp,3,2,COUNT;DISTINCT;GROUP BY;Temporal,COUNT;GROUP BY;Temporal,4,3
27_9,27,"Considering the period from the first of January 2017 to the thirty-first of May 2017, in how many cases did each resource act?","SELECT resource, count(DISTINCT idcase) FROM event_log WHERE timestamp BETWEEN '2017-01-01' AND '2017-05-31' GROUP BY resource",Value,medium,2,2,True,idcase;resource;timestamp,resource;timestamp,3,2,COUNT;DISTINCT;GROUP BY;Temporal,COUNT;GROUP BY;Temporal,4,3
27_10,27,How many declarations did each employee work on between the first of January 2017 to the thirty-first of May 2017?,"SELECT resource, count(DISTINCT idcase) FROM event_log WHERE timestamp BETWEEN '2017-01-01' AND '2017-05-31' GROUP BY resource",Domain,medium,2,2,True,idcase;resource;timestamp,resource,3,1,COUNT;DISTINCT;GROUP BY;Temporal,COUNT;GROUP BY;Temporal,4,3
28_0,28,"What are the 10 cases, in descending order, with the most activities performed?",SELECT idcase FROM event_log GROUP BY idcase HAVING COUNT(*) IN (SELECT Count(*) FROM event_log GROUP BY idcase ORDER BY Count(*) Desc LIMIT 10) order by idcase DESC,Generic,extra,1,1,True,idcase,,1,0,COUNT;GROUP BY,,2,0
28_1,28,What are the 10 cases with the greatest number of activities? List the cases in descending order.,SELECT idcase FROM event_log GROUP BY idcase HAVING COUNT(*) IN (SELECT Count(*) FROM event_log GROUP BY idcase ORDER BY Count(*) Desc LIMIT 10) order by idcase DESC,Generic,extra,1,1,True,idcase,,1,0,COUNT;GROUP BY,COUNT,2,1
28_2,28,What are the 10 cases in descending order with the most activities?,SELECT idcase FROM event_log GROUP BY idcase HAVING COUNT(*) IN (SELECT Count(*) FROM event_log GROUP BY idcase ORDER BY Count(*) Desc LIMIT 10) order by idcase DESC,Generic,extra,1,1,True,idcase,,1,0,COUNT;GROUP BY,,2,0
28_3,28,"List the 10 cases, in descending order, with the most activity performances.",SELECT idcase FROM event_log GROUP BY idcase HAVING COUNT(*) IN (SELECT Count(*) FROM event_log GROUP BY idcase ORDER BY Count(*) Desc LIMIT 10) order by idcase DESC,Generic,extra,1,1,True,idcase,,1,0,COUNT;GROUP BY,,2,0
28_4,28,"List, in descending order, the 10 cases that have the most activity performances.",SELECT idcase FROM event_log GROUP BY idcase HAVING COUNT(*) IN (SELECT Count(*) FROM event_log GROUP BY idcase ORDER BY Count(*) Desc LIMIT 10) order by idcase DESC,Generic,extra,1,1,True,idcase,,1,0,COUNT;GROUP BY,,2,0
28_5,28,Provide a list in descending order of the 10 cases with the most activities.,SELECT idcase FROM event_log GROUP BY idcase HAVING COUNT(*) IN (SELECT Count(*) FROM event_log GROUP BY idcase ORDER BY Count(*) Desc LIMIT 10) order by idcase DESC,Generic,extra,1,1,True,idcase,,1,0,COUNT;GROUP BY,,2,0
28_6,28,"List the ten process instances, in descending order, with the most activity performances.",SELECT idcase FROM event_log GROUP BY idcase HAVING COUNT(*) IN (SELECT Count(*) FROM event_log GROUP BY idcase ORDER BY Count(*) Desc LIMIT 10) order by idcase DESC,Generic,extra,1,0,True,idcase,idcase,1,1,COUNT;GROUP BY,,2,0
28_7,28,"List, in descending order, the ten process instances that have the most activity performances.",SELECT idcase FROM event_log GROUP BY idcase HAVING COUNT(*) IN (SELECT Count(*) FROM event_log GROUP BY idcase ORDER BY Count(*) Desc LIMIT 10) order by idcase DESC,Generic,extra,1,0,True,idcase,idcase,1,1,COUNT;GROUP BY,,2,0
28_8,28,"Provide a list, in descending order, of the ten process instances with the most activities.",SELECT idcase FROM event_log GROUP BY idcase HAVING COUNT(*) IN (SELECT Count(*) FROM event_log GROUP BY idcase ORDER BY Count(*) Desc LIMIT 10) order by idcase DESC,Generic,extra,1,0,True,idcase,idcase,1,1,COUNT;GROUP BY,,2,0
28_9,28,What are the ten declarations that involved the greatest number of actions? I need the results sorted in descending order according to the code of each declaration,SELECT idcase FROM event_log GROUP BY idcase HAVING COUNT(*) IN (SELECT Count(*) FROM event_log GROUP BY idcase ORDER BY Count(*) Desc LIMIT 10) order by idcase DESC,Domain,extra,1,0,True,idcase,idcase,1,1,COUNT;GROUP BY,COUNT;GROUP BY,2,2
28_10,28,"What are the ten declarations, in descending code order, with the greatest number of actions?",SELECT idcase FROM event_log GROUP BY idcase HAVING COUNT(*) IN (SELECT Count(*) FROM event_log GROUP BY idcase ORDER BY Count(*) Desc LIMIT 10) order by idcase DESC,Domain,extra,1,0,True,idcase,,1,0,COUNT;GROUP BY,COUNT,2,1
29_0,29,"What are the 10 cases, in descending order, with the most events?",SELECT idcase from event_log GROUP BY idcase HAVING COUNT(*) IN (SELECT COUNT(*) FROM event_log  GROUP BY idcase ORDER BY COUNT(*) Desc LIMIT 10) ORDER BY idcase DESC,Generic,extra,1,1,True,idcase,,1,0,COUNT;GROUP BY,,2,0
29_1,29,What are the 10 cases in descending order with the greatest number of events?,SELECT idcase from event_log GROUP BY idcase HAVING COUNT(*) IN (SELECT COUNT(*) FROM event_log  GROUP BY idcase ORDER BY COUNT(*) Desc LIMIT 10) ORDER BY idcase DESC,Generic,extra,1,1,True,idcase,,1,0,COUNT;GROUP BY,COUNT,2,1
29_2,29,What are the 10 cases with the greatest number of events? List the cases in descending order.,SELECT idcase from event_log GROUP BY idcase HAVING COUNT(*) IN (SELECT COUNT(*) FROM event_log  GROUP BY idcase ORDER BY COUNT(*) Desc LIMIT 10) ORDER BY idcase DESC,Generic,extra,1,1,True,idcase,,1,0,COUNT;GROUP BY,COUNT,2,1
29_3,29,"List the 10 cases, in descending order, with the most events.",SELECT idcase from event_log GROUP BY idcase HAVING COUNT(*) IN (SELECT COUNT(*) FROM event_log  GROUP BY idcase ORDER BY COUNT(*) Desc LIMIT 10) ORDER BY idcase DESC,Generic,extra,1,1,True,idcase,,1,0,COUNT;GROUP BY,,2,0
29_4,29,"List, in descending order, the 10 cases that have the most events.",SELECT idcase from event_log GROUP BY idcase HAVING COUNT(*) IN (SELECT COUNT(*) FROM event_log  GROUP BY idcase ORDER BY COUNT(*) Desc LIMIT 10) ORDER BY idcase DESC,Generic,extra,1,1,True,idcase,,1,0,COUNT;GROUP BY,,2,0
29_5,29,Provide a list in descending order of the 10 cases with the most events.,SELECT idcase from event_log GROUP BY idcase HAVING COUNT(*) IN (SELECT COUNT(*) FROM event_log  GROUP BY idcase ORDER BY COUNT(*) Desc LIMIT 10) ORDER BY idcase DESC,Generic,extra,1,1,True,idcase,,1,0,COUNT;GROUP BY,,2,0
29_6,29,Make a descending list of 10 declaration codes with the most actions performed during their processing.,SELECT idcase from event_log GROUP BY idcase HAVING COUNT(*) IN (SELECT COUNT(*) FROM event_log  GROUP BY idcase ORDER BY COUNT(*) Desc LIMIT 10) ORDER BY idcase DESC,Domain,extra,1,1,True,idcase,idcase,1,1,COUNT;GROUP BY,,2,0
30_0,30,Return the cost for each case.,"SELECT idcase, SUM(cost) FROM event_log group by idcase",Generic,medium,0,0,False,idcase;cost,idcase;cost,2,2,SUM;GROUP BY,GROUP BY,2,1
30_1,30,Return the total cost for each case.,"SELECT idcase, SUM(cost) FROM event_log group by idcase",Generic,medium,0,0,False,idcase;cost,idcase;cost,2,2,SUM;GROUP BY,SUM;GROUP BY,2,2
30_2,30,Return the total cost of each case.,"SELECT idcase, SUM(cost) FROM event_log group by idcase",Generic,medium,0,0,False,idcase;cost,idcase;cost,2,2,SUM;GROUP BY,SUM;GROUP BY,2,2
30_3,30,What are the total costs for each of the cases present in the event log?,"SELECT idcase, SUM(cost) FROM event_log group by idcase",Generic,medium,0,0,False,idcase;cost,cost,2,1,SUM;GROUP BY,SUM;GROUP BY,2,2
30_4,30,Report the total cost of each case present in the event log.,"SELECT idcase, SUM(cost) FROM event_log group by idcase",Generic,medium,0,0,False,idcase;cost,idcase;cost,2,2,SUM;GROUP BY,SUM;GROUP BY,2,2
30_5,30,Retrieve the total costs for each of the cases in the event log.,"SELECT idcase, SUM(cost) FROM event_log group by idcase",Generic,medium,0,0,False,idcase;cost,cost,2,1,SUM;GROUP BY,SUM;GROUP BY,2,2
30_6,30,Retrieve the total cost of each case.,"SELECT idcase, SUM(cost) FROM event_log group by idcase",Generic,medium,0,0,False,idcase;cost,idcase;cost,2,2,SUM;GROUP BY,SUM;GROUP BY,2,2
30_7,30,How much did each declaration cost?,"SELECT idcase, SUM(cost) FROM event_log group by idcase",Domain,medium,0,0,False,idcase;cost,idcase;cost,2,2,SUM;GROUP BY,GROUP BY,2,1
30_8,30,What was the cost of processing each declaration?,"SELECT idcase, SUM(cost) FROM event_log group by idcase",Domain,medium,0,0,False,idcase;cost,idcase;cost,2,2,SUM;GROUP BY,GROUP BY,2,1
31_0,31,Select all resources that acted in at least 100 events and sort the information in descending order of number of events per resource,SELECT resource FROM event_log GROUP BY resource HAVING count(*) >= 100 ORDER BY count(*) DESC,Generic,medium,1,1,True,resource,resource,1,1,COUNT;GROUP BY,COUNT;GROUP BY,2,2
31_1,31,Report the resources that acted in at least 100 events and sort the information in descending order of number of events per resource,SELECT resource FROM event_log GROUP BY resource HAVING count(*) >= 100 ORDER BY count(*) DESC,Generic,medium,1,1,True,resource,resource,1,1,COUNT;GROUP BY,COUNT;GROUP BY,2,2
31_2,31,"Make a list of employees who have acted at least 100 times, organized in descending order by the number of actions performed.",SELECT resource FROM event_log GROUP BY resource HAVING count(*) >= 100 ORDER BY count(*) DESC,Domain,medium,1,1,True,resource,resource,1,1,COUNT;GROUP BY,COUNT;GROUP BY,2,2
32_0,32,"Retrieve all cases and their events, ordering them by case number and start date of their performance","SELECT * FROM event_log ORDER BY idcase, timestamp",Generic,easy,0,0,False,idcase;timestamp,idcase;timestamp,2,2,,,0,0
32_1,32,"Select all cases, and their respective events, ordered by case number and the start date of their performance","SELECT * FROM event_log ORDER BY idcase, timestamp",Generic,easy,0,0,False,idcase;timestamp,idcase;timestamp,2,2,,,0,0
32_2,32,"Retrieve the identifier of the cases and their events, ordering them by the case identifier and their start date.","SELECT * FROM event_log ORDER BY idcase, timestamp",Generic,easy,0,0,False,idcase;timestamp,idcase;timestamp,2,2,,,0,0
32_3,32,"Report the identifier of each case and its events, ordering them by case identifier and then by their start date.","SELECT * FROM event_log ORDER BY idcase, timestamp",Generic,easy,0,0,False,idcase;timestamp,idcase;timestamp,2,2,,,0,0
32_4,32,"List all cases and their events, ordering them by case identifier and by their start date.","SELECT * FROM event_log ORDER BY idcase, timestamp",Generic,easy,0,0,False,idcase;timestamp,idcase;timestamp,2,2,,,0,0
32_5,32,Organize all information about the processing of declarations and organize the data in a way ordered by the declaration code and by their start date.,"SELECT * FROM event_log ORDER BY idcase, timestamp",Domain,easy,0,0,False,idcase;timestamp,idcase;timestamp,2,2,,,0,0
33_0,33,How many times was each resource responsible for performing the 'declaration approved by administration' activity?,"SELECT count(*), resource FROM event_log WHERE activity = 'Declaration approved by administration' GROUP BY resource",Value,medium,1,1,True,activity;resource,activity;resource,2,2,COUNT;GROUP BY,COUNT;GROUP BY,2,2
33_1,33,What is the total number of times each resource was responsible for performing the 'declaration approved by administration' activity?,"SELECT count(*), resource FROM event_log WHERE activity = 'Declaration approved by administration' GROUP BY resource",Value,medium,1,1,True,activity;resource,activity;resource,2,2,COUNT;GROUP BY,COUNT;GROUP BY,2,2
33_2,33,Report the total number of times the 'declaration approved by administration' activity was performed by each of the resources.,"SELECT count(*), resource FROM event_log WHERE activity = 'Declaration approved by administration' GROUP BY resource",Value,medium,1,1,True,activity;resource,activity;resource,2,2,COUNT;GROUP BY,COUNT;GROUP BY,2,2
33_3,33,What is the number of occurrences in which the 'declaration approved by administration' activity was performed considering each of the resources available in this business process?,"SELECT count(*), resource FROM event_log WHERE activity = 'Declaration approved by administration' GROUP BY resource",Value,medium,1,1,True,activity;resource,activity;resource,2,2,COUNT;GROUP BY,COUNT;GROUP BY,2,2
33_4,33,How many times has each employee approved a declaration in the role of administrator?,"SELECT count(*), resource FROM event_log WHERE activity = 'Declaration approved by administration' GROUP BY resource",Domain,medium,1,0,True,activity;resource,resource,2,1,COUNT;GROUP BY,COUNT;GROUP BY,2,2
34_0,34,How many performance events of the 'declaration approved by administration' activity were carried out by each resource?,"SELECT count(*), resource FROM event_log WHERE activity = 'Declaration approved by administration' GROUP BY resource",Value,medium,1,1,True,activity;resource,activity;resource,2,2,COUNT;GROUP BY,COUNT;GROUP BY,2,2
34_1,34,In how many events was the 'declaration approved by administration' activity performed? Report the quantity grouped by resource.,"SELECT count(*), resource FROM event_log WHERE activity = 'Declaration approved by administration' GROUP BY resource",Value,medium,1,1,True,activity;resource,activity;resource,2,2,COUNT;GROUP BY,COUNT;GROUP BY,2,2
34_2,34,How many times did each employee serve as an administrator approving a declaration?,"SELECT count(*), resource FROM event_log WHERE activity = 'Declaration approved by administration' GROUP BY resource",Domain,medium,1,0,True,activity;resource,resource,2,1,COUNT;GROUP BY,COUNT;GROUP BY,2,2
35_0,35,How many instances of each activity did the 'Thomas' resource work on in 2017?,"SELECT count(*), activity FROM event_log WHERE  resource = 'Thomas' AND timestamp BETWEEN '2017-01-01' AND '2018-01-01' GROUP BY activity",Value,extra,3,3,True,activity;resource;timestamp,activity;resource,3,2,COUNT;GROUP BY;Temporal,COUNT;GROUP BY;Temporal,3,3
35_1,35,"List the number of times the 'Thomas' resource performed each of the activities of this business process, in the year 2017.","SELECT count(*), activity FROM event_log WHERE  resource = 'Thomas' AND timestamp BETWEEN '2017-01-01' AND '2018-01-01' GROUP BY activity",Value,extra,3,3,True,activity;resource;timestamp,activity;resource;timestamp,3,3,COUNT;GROUP BY;Temporal,COUNT;GROUP BY;Temporal,3,3
35_2,35,Report the number of occurrences of each activity carried out by the 'Thomas' resource during the year 2017.,"SELECT count(*), activity FROM event_log WHERE  resource = 'Thomas' AND timestamp BETWEEN '2017-01-01' AND '2018-01-01' GROUP BY activity",Value,extra,3,3,True,activity;resource;timestamp,activity;resource;timestamp,3,3,COUNT;GROUP BY;Temporal,COUNT;GROUP BY;Temporal,3,3
35_3,35,Report how many times Thomas acted on each of the declaration processing actions in the year 2017,"SELECT count(*), activity FROM event_log WHERE  resource = 'Thomas' AND timestamp BETWEEN '2017-01-01' AND '2018-01-01' GROUP BY activity",Domain,extra,3,3,True,activity;resource;timestamp,timestamp,3,1,COUNT;GROUP BY;Temporal,COUNT;GROUP BY;Temporal,3,3
36_0,36,How many times did the 'Thomas' resource perform an activity in 2017?,SELECT count(*) FROM event_log WHERE  resource = 'Thomas' AND timestamp BETWEEN '2017-01-01' AND '2018-01-01',Value,medium,3,3,True,resource;timestamp,resource,2,1,COUNT;Temporal,COUNT;Temporal,2,2
36_1,36,What was the number of occurrences of activity in which the 'Thomas' resource was involved in the year 2017?,SELECT count(*) FROM event_log WHERE  resource = 'Thomas' AND timestamp BETWEEN '2017-01-01' AND '2018-01-01',Value,medium,3,3,True,resource;timestamp,resource;timestamp,2,2,COUNT;Temporal,COUNT;Temporal,2,2
36_2,36,How many activity performances were carried out by the 'Thomas' resource in 2017?,SELECT count(*) FROM event_log WHERE  resource = 'Thomas' AND timestamp BETWEEN '2017-01-01' AND '2018-01-01',Value,medium,3,3,True,resource;timestamp,resource,2,1,COUNT;Temporal,COUNT;Temporal,2,2
36_3,36,How many events was the 'Thomas' resource involved in in 2017?,SELECT count(*) FROM event_log WHERE  resource = 'Thomas' AND timestamp BETWEEN '2017-01-01' AND '2018-01-01',Value,medium,3,3,True,resource;timestamp,resource,2,1,COUNT;Temporal,COUNT;Temporal,2,2
36_4,36,How many times was the 'Thomas' resource involved in an event in the year 2017?,SELECT count(*) FROM event_log WHERE  resource = 'Thomas' AND timestamp BETWEEN '2017-01-01' AND '2018-01-01',Value,medium,3,3,True,resource;timestamp,resource;timestamp,2,2,COUNT;Temporal,COUNT;Temporal,2,2
36_5,36,What was the workload of the employee Thomas in terms of performing actions for processing declarations in 2017?,SELECT count(*) FROM event_log WHERE  resource = 'Thomas' AND timestamp BETWEEN '2017-01-01' AND '2018-01-01',Domain,medium,3,3,True,resource;timestamp,resource,2,1,COUNT;Temporal,Temporal,2,1
37_0,37,Report the most recent date of the performance of each activity.,"SELECT max(timestamp), activity FROM event_log GROUP BY activity",Generic,medium,0,0,False,activity;timestamp,activity;timestamp,2,2,MAX;GROUP BY,MAX;GROUP BY,2,2
37_1,37,Report the date of the most recent event for each of the activities present in the event log.,"SELECT max(timestamp), activity FROM event_log GROUP BY activity",Generic,medium,0,0,False,activity;timestamp,activity;timestamp,2,2,MAX;GROUP BY,MAX;GROUP BY,2,2
37_2,37,What are the most recent performance dates for each of the activities present in the event log?,"SELECT max(timestamp), activity FROM event_log GROUP BY activity",Generic,medium,0,0,False,activity;timestamp,activity,2,1,MAX;GROUP BY,MAX;GROUP BY,2,2
37_3,37,When was the last performance of each of the business process activities represented by the event log?,"SELECT max(timestamp), activity FROM event_log GROUP BY activity",Generic,medium,0,0,False,activity;timestamp,activity;timestamp,2,2,MAX;GROUP BY,GROUP BY,2,1
37_4,37,When was the latest performance of each of the business process activities represented by the event log?,"SELECT max(timestamp), activity FROM event_log GROUP BY activity",Generic,medium,0,0,False,activity;timestamp,activity;timestamp,2,2,MAX;GROUP BY,GROUP BY,2,1
37_5,37,"For each activity relevant to the event log, report the date of its last occurrence.","SELECT max(timestamp), activity FROM event_log GROUP BY activity",Generic,medium,0,0,False,activity;timestamp,activity;timestamp,2,2,MAX;GROUP BY,GROUP BY,2,1
37_6,37,Most recent date of performance of each activity:,"SELECT max(timestamp), activity FROM event_log GROUP BY activity",Generic,medium,0,0,False,activity;timestamp,activity;timestamp,2,2,MAX;GROUP BY,MAX;GROUP BY,2,2
37_7,37,On what date was the last record of each type of action taken when processing declarations?,"SELECT max(timestamp), activity FROM event_log GROUP BY activity",Domain,medium,0,0,False,activity;timestamp,activity;timestamp,2,2,MAX;GROUP BY,GROUP BY,2,1
38_0,38,"How many times were the 'declaration approved by supervisor' activity and 'permit rejected by employee' activity performed, considering the years 2017 and 2018 respectively?","SELECT activity, count(*) FROM event_log WHERE activity = 'Declaration approved by supervisor' AND timestamp BETWEEN '2017-01-01' AND '2018-01-01' GROUP BY activity  UNION SELECT activity, count(*) FROM event_log WHERE activity = 'Permit rejected by employee'  AND timestamp  BETWEEN '2018-01-01' AND '2019-01-01' GROUP BY activity",Value,extra,6,6,True,activity;timestamp,activity,2,1,COUNT;GROUP BY;Temporal;Set operation,COUNT;GROUP BY;Temporal,4,3
38_1,38,How many instances of the 'declaration approved by supervisor' activity were performed in 2017 and how many instances of the 'permit rejected by employee' activity were performed in 2018?,"SELECT activity, count(*) FROM event_log WHERE activity = 'Declaration approved by supervisor' AND timestamp BETWEEN '2017-01-01' AND '2018-01-01' GROUP BY activity  UNION SELECT activity, count(*) FROM event_log WHERE activity = 'Permit rejected by employee'  AND timestamp  BETWEEN '2018-01-01' AND '2019-01-01' GROUP BY activity",Value,extra,6,6,True,activity;timestamp,activity,2,1,COUNT;GROUP BY;Temporal;Set operation,COUNT;GROUP BY;Temporal,4,3
38_2,38,How many events related to the 'declaration approved by supervisor' activity occurred in 2017 and how many related to the 'permit rejected by employee' activity occurred in 2018?,"SELECT activity, count(*) FROM event_log WHERE activity = 'Declaration approved by supervisor' AND timestamp BETWEEN '2017-01-01' AND '2018-01-01' GROUP BY activity  UNION SELECT activity, count(*) FROM event_log WHERE activity = 'Permit rejected by employee'  AND timestamp  BETWEEN '2018-01-01' AND '2019-01-01' GROUP BY activity",Value,extra,6,6,True,activity;timestamp,activity,2,1,COUNT;GROUP BY;Temporal;Set operation,COUNT;GROUP BY;Temporal,4,3
38_3,38,Count the number of times the 'declaration approved by supervisor' activity was performed in 2017 and the number of times the 'permit rejected by employee' activity was run in 2018.,"SELECT activity, count(*) FROM event_log WHERE activity = 'Declaration approved by supervisor' AND timestamp BETWEEN '2017-01-01' AND '2018-01-01' GROUP BY activity  UNION SELECT activity, count(*) FROM event_log WHERE activity = 'Permit rejected by employee'  AND timestamp  BETWEEN '2018-01-01' AND '2019-01-01' GROUP BY activity",Value,extra,6,6,True,activity;timestamp,activity,2,1,COUNT;GROUP BY;Temporal;Set operation,COUNT;GROUP BY;Temporal,4,3
38_4,38,List the number of times that: the 'declaration approved by supervisor' activity was performed in 2017; the 'permit rejected by employee' activity was performed in '2018'.,"SELECT activity, count(*) FROM event_log WHERE activity = 'Declaration approved by supervisor' AND timestamp BETWEEN '2017-01-01' AND '2018-01-01' GROUP BY activity  UNION SELECT activity, count(*) FROM event_log WHERE activity = 'Permit rejected by employee'  AND timestamp  BETWEEN '2018-01-01' AND '2019-01-01' GROUP BY activity",Value,extra,6,6,True,activity;timestamp,activity,2,1,COUNT;GROUP BY;Temporal;Set operation,COUNT;GROUP BY;Temporal,4,3
38_5,38,How many declaration approvals made by the supervisor occurred in 2017 and how many permits were rejected by an employee in 2018?,"SELECT activity, count(*) FROM event_log WHERE activity = 'Declaration approved by supervisor' AND timestamp BETWEEN '2017-01-01' AND '2018-01-01' GROUP BY activity  UNION SELECT activity, count(*) FROM event_log WHERE activity = 'Permit rejected by employee'  AND timestamp  BETWEEN '2018-01-01' AND '2019-01-01' GROUP BY activity",Domain,extra,6,4,True,activity;timestamp,,2,0,COUNT;GROUP BY;Temporal;Set operation,COUNT;GROUP BY;Temporal,4,3
39_0,39,"Retrieve the activity name, performance end date, and event identifier and sort by performance end date.","SELECT activity, timestamp, id FROM event_log ORDER BY timestamp",Generic,medium,0,0,False,activity;timestamp,activity;timestamp,2,2,,,0,0
39_1,39,"Retrieve the activity, performance end date, and event identifier and sort the result by performance end date.","SELECT activity, timestamp, id FROM event_log ORDER BY timestamp",Generic,medium,0,0,False,activity;timestamp,activity;timestamp,2,2,,,0,0
39_2,39,"I want a list of all the actions performed when processing the declarations, including the activity performed, the performance end date and the action identifier. The list needs to be ordered by end date.","SELECT activity, timestamp, id FROM event_log ORDER BY timestamp",Domain,medium,0,0,False,activity;timestamp,activity;timestamp,2,2,,,0,0
40_0,40,How many times did the 'Thomas' resource act in the performance of the 'declaration submitted by employee' activity?,SELECT count(*) FROM event_log WHERE resource = 'Thomas' AND activity = 'Declaration submitted by employee',Value,medium,2,2,True,activity;resource,activity;resource,2,2,COUNT,COUNT,1,1
40_1,40,Total 'declaration submitted by employee' activities performed by Thomas,SELECT count(*) FROM event_log WHERE resource = 'Thomas' AND activity = 'Declaration submitted by employee',Value,medium,2,2,True,activity;resource,activity;resource,2,2,COUNT,,1,0
40_2,40,In how many instances of the 'declaration submitted by employee' activity was the Thomas resource active?,SELECT count(*) FROM event_log WHERE resource = 'Thomas' AND activity = 'Declaration submitted by employee',Value,medium,2,2,True,activity;resource,activity;resource,2,2,COUNT,COUNT,1,1
40_3,40,Calculate the number of occurrences of the 'declaration submitted by employee' activity performed by the Thomas resource.,SELECT count(*) FROM event_log WHERE resource = 'Thomas' AND activity = 'Declaration submitted by employee',Value,medium,2,2,True,activity;resource,activity;resource,2,2,COUNT,COUNT,1,1
40_4,40,Report the number of times the Thomas resource performed the 'declaration submitted by employee' activity.,SELECT count(*) FROM event_log WHERE resource = 'Thomas' AND activity = 'Declaration submitted by employee',Value,medium,2,2,True,activity;resource,activity;resource,2,2,COUNT,COUNT,1,1
40_5,40,Total number of declaration requests made by the employee Thomas.,SELECT count(*) FROM event_log WHERE resource = 'Thomas' AND activity = 'Declaration submitted by employee',Domain,medium,2,1,True,activity;resource,resource,2,1,COUNT,COUNT,1,1
41_0,41,In how many events associated with the Diana resource is there cost information?,SELECT count(*) FROM event_log WHERE resource = 'Diana' AND cost IS NOT NULL,Value,no_hardness,1,1,True,resource;cost,resource;cost,2,2,COUNT;Negation,COUNT,2,1
41_1,41,List the number of events that the Diana resource worked on and that have an associated cost,SELECT count(*) FROM event_log WHERE resource = 'Diana' AND cost IS NOT NULL,Value,no_hardness,1,1,True,resource;cost,resource;cost,2,2,COUNT;Negation,COUNT,2,1
41_2,41,Count how many events with associated costs are linked to the Diana resource.,SELECT count(*) FROM event_log WHERE resource = 'Diana' AND cost IS NOT NULL,Value,no_hardness,1,1,True,resource;cost,resource;cost,2,2,COUNT;Negation,COUNT,2,1
41_3,41,"Retrieve all interventions carried out by the employee Diana when processing declarations, which have declared cost information.",SELECT count(*) FROM event_log WHERE resource = 'Diana' AND cost IS NOT NULL,Domain,no_hardness,1,1,True,resource;cost,resource;cost,2,2,COUNT;Negation,,2,0
42_0,42,Report the name of the activities in which the 'Diana' resource acted and how many events are associated with them with the existence of a cost.,"SELECT activity, count(*) FROM event_log WHERE resource = 'Diana'  AND cost IS NOT NULL GROUP BY activity",Value,no_hardness,1,1,True,activity;resource;cost,activity;resource;cost,3,3,COUNT;GROUP BY;Negation,COUNT,3,1
42_1,42,How many events are associated with the Diana resource with cost existence? Group the response by activity name.,"SELECT activity, count(*) FROM event_log WHERE resource = 'Diana'  AND cost IS NOT NULL GROUP BY activity",Value,no_hardness,1,1,True,activity;resource;cost,activity;resource;cost,3,3,COUNT;GROUP BY;Negation,COUNT;GROUP BY,3,2
42_2,42,"Retrieve the type of action performed in the interventions carried out by the employee Diana when processing declarations, which has declared cost information.","SELECT activity, count(*) FROM event_log WHERE resource = 'Diana'  AND cost IS NOT NULL GROUP BY activity",Domain,no_hardness,1,1,True,activity;resource;cost,activity;resource;cost,3,3,COUNT;GROUP BY;Negation,GROUP BY,3,1
43_0,43,How many resources acted in cases containing more than 3 events?,SELECT COUNT (DISTINCT resource) FROM event_log WHERE idcase IN (SELECT idcase FROM event_log GROUP BY idcase HAVING COUNT(*) > 3),Generic,hard,1,1,True,idcase;resource,resource,2,1,COUNT;DISTINCT;GROUP BY,COUNT,3,1
43_1,43,Count the active resources in cases containing more than 3 events.,SELECT COUNT (DISTINCT resource) FROM event_log WHERE idcase IN (SELECT idcase FROM event_log GROUP BY idcase HAVING COUNT(*) > 3),Generic,hard,1,1,True,idcase;resource,resource,2,1,COUNT;DISTINCT;GROUP BY,COUNT,3,1
43_2,43,List the number of resources that acted in cases that have more than 3 events.,SELECT COUNT (DISTINCT resource) FROM event_log WHERE idcase IN (SELECT idcase FROM event_log GROUP BY idcase HAVING COUNT(*) > 3),Generic,hard,1,1,True,idcase;resource,resource,2,1,COUNT;DISTINCT;GROUP BY,COUNT,3,1
43_3,43,List the number of resources associated with cases that have more than 3 events.,SELECT COUNT (DISTINCT resource) FROM event_log WHERE idcase IN (SELECT idcase FROM event_log GROUP BY idcase HAVING COUNT(*) > 3),Generic,hard,1,1,True,idcase;resource,resource,2,1,COUNT;DISTINCT;GROUP BY,COUNT,3,1
43_4,43,How many employees acted in processing declarations that involved more than three interventions?,SELECT COUNT (DISTINCT resource) FROM event_log WHERE idcase IN (SELECT idcase FROM event_log GROUP BY idcase HAVING COUNT(*) > 3),Domain,hard,1,0,True,idcase;resource,resource,2,1,COUNT;DISTINCT;GROUP BY,COUNT,3,1
44_0,44,Which resources were responsible for the 'declaration rejected by pre-approver' activity?,select DISTINCT resource from event_log where activity = 'Declaration rejected by pre-approver',Value,easy,1,1,True,activity;resource,activity;resource,2,2,DISTINCT,,1,0
44_1,44,Which resources were associated with the 'declaration rejected by pre-approver' activity?,select DISTINCT resource from event_log where activity = 'Declaration rejected by pre-approver',Value,easy,1,1,True,activity;resource,activity;resource,2,2,DISTINCT,,1,0
44_2,44,List the resources that were responsible for performing the 'declaration rejected by pre-approver' activity.,select DISTINCT resource from event_log where activity = 'Declaration rejected by pre-approver',Value,easy,1,1,True,activity;resource,activity;resource,2,2,DISTINCT,,1,0
44_3,44,What were the resources associated with instances of the 'declaration rejected by pre-approver' activity?,select DISTINCT resource from event_log where activity = 'Declaration rejected by pre-approver',Value,easy,1,1,True,activity;resource,activity;resource,2,2,DISTINCT,,1,0
44_4,44,Report the resources that performed the 'declaration rejected by pre-approver' activity.,select DISTINCT resource from event_log where activity = 'Declaration rejected by pre-approver',Value,easy,1,1,True,activity;resource,activity;resource,2,2,DISTINCT,,1,0
44_5,44,Retrieve all resources that were responsible for performing the 'declaration rejected by pre-approver' activity.,select DISTINCT resource from event_log where activity = 'Declaration rejected by pre-approver',Value,easy,1,1,True,activity;resource,activity;resource,2,2,DISTINCT,,1,0
44_6,44,Which employees decided to reject a declaration in the pre-approval action?,select DISTINCT resource from event_log where activity = 'Declaration rejected by pre-approver',Domain,easy,1,0,True,activity;resource,activity;resource,2,2,DISTINCT,,1,0
45_0,45,How many cases went through the 'declaration final approved by director' activity between months 1 and 5 of 2017?,select count(DISTINCT idcase) from event_log where timestamp between '2017-01-01' and '2017-06-01' and activity = 'Declaration final approved by director',Value,medium,3,3,True,idcase;activity;timestamp,idcase;activity,3,2,COUNT;DISTINCT;Temporal,COUNT;Temporal,3,2
45_1,45,Report the number of cases in which there was at least one performance of the 'declaration final approved by director' activity between January and May 2017.,select count(DISTINCT idcase) from event_log where timestamp between '2017-01-01' and '2017-06-01' and activity = 'Declaration final approved by director',Value,medium,3,3,True,idcase;activity;timestamp,idcase;activity,3,2,COUNT;DISTINCT;Temporal,COUNT;Temporal,3,2
45_2,45,How many cases exist in the event log that went through the 'declaration final approved by director' activity between January and May 2017?,select count(DISTINCT idcase) from event_log where timestamp between '2017-01-01' and '2017-06-01' and activity = 'Declaration final approved by director',Value,medium,3,3,True,idcase;activity;timestamp,idcase;activity,3,2,COUNT;DISTINCT;Temporal,COUNT;Temporal,3,2
45_3,45,How many declarations achieved declaration final approved by a director status between January and May 2017?,select count(DISTINCT idcase) from event_log where timestamp between '2017-01-01' and '2017-06-01' and activity = 'Declaration final approved by director',Domain,medium,3,2,True,idcase;activity;timestamp,idcase,3,1,COUNT;DISTINCT;Temporal,COUNT;Temporal,3,2
46_0,46,Which cases had the Charles resource associated and had no events occurring in January 2018,select  idcase from event_log where resource = 'Charles' except select idcase from event_log where timestamp between '2018-01-01' and '2018-02-01',Value,hard,3,3,True,idcase;resource;timestamp,resource,3,1,Temporal;Set operation,Temporal,2,1
46_1,46,"List the cases that the Charles resource worked on, disregarding those that have at least one event occurring in January 2018.",select  idcase from event_log where resource = 'Charles' except select idcase from event_log where timestamp between '2018-01-01' and '2018-02-01',Value,hard,3,3,True,idcase;resource;timestamp,resource,3,1,Temporal;Set operation,Temporal,2,1
46_2,46,"Considering cases that had no events in January 2018, report those that the Charles resource worked on.",select  idcase from event_log where resource = 'Charles' except select idcase from event_log where timestamp between '2018-01-01' and '2018-02-01',Value,hard,3,3,True,idcase;resource;timestamp,resource,3,1,Temporal;Set operation,Temporal,2,1
46_3,46,"Disregarding cases that had events occurring in January 2018, which are the ones that Charles resource worked on?",select  idcase from event_log where resource = 'Charles' except select idcase from event_log where timestamp between '2018-01-01' and '2018-02-01',Value,hard,3,3,True,idcase;resource;timestamp,resource,3,1,Temporal;Set operation,Temporal,2,1
46_4,46,"What are the declarations that received interventions from the employee Charles, disregarding the interventions carried out in January 2018?",select  idcase from event_log where resource = 'Charles' except select idcase from event_log where timestamp between '2018-01-01' and '2018-02-01',Domain,hard,3,3,True,idcase;resource;timestamp,resource,3,1,Temporal;Set operation,Temporal,2,1
47_0,47,What are the cases that have more than 3 different activities performed?,select idcase from event_log GROUP BY idcase HAVING COUNT(DISTINCT activity) > 3,Generic,easy,1,1,True,idcase;activity,activity,2,1,COUNT;DISTINCT;GROUP BY,DISTINCT,3,1
47_1,47,List the case identifiers that have more than 3 different activities performed.,select idcase from event_log GROUP BY idcase HAVING COUNT(DISTINCT activity) > 3,Generic,easy,1,1,True,idcase;activity,idcase;activity,2,2,COUNT;DISTINCT;GROUP BY,DISTINCT,3,1
47_2,47,Cases that contain more than 3 different activities.,select idcase from event_log GROUP BY idcase HAVING COUNT(DISTINCT activity) > 3,Generic,easy,1,1,True,idcase;activity,activity,2,1,COUNT;DISTINCT;GROUP BY,DISTINCT,3,1
47_3,47,In which cases were more than 3 different activities performed?,select idcase from event_log GROUP BY idcase HAVING COUNT(DISTINCT activity) > 3,Generic,easy,1,1,True,idcase;activity,activity,2,1,COUNT;DISTINCT;GROUP BY,DISTINCT,3,1
47_4,47,Cases that contain more than three different activities.,select idcase from event_log GROUP BY idcase HAVING COUNT(DISTINCT activity) > 3,Generic,easy,1,0,True,idcase;activity,activity,2,1,COUNT;DISTINCT;GROUP BY,DISTINCT,3,1
47_5,47,List the case identifiers that have more than three different activities performed.,select idcase from event_log GROUP BY idcase HAVING COUNT(DISTINCT activity) > 3,Generic,easy,1,0,True,idcase;activity,idcase;activity,2,2,COUNT;DISTINCT;GROUP BY,DISTINCT,3,1
47_6,47,What are the cases that have more than three different activities performed?,select idcase from event_log GROUP BY idcase HAVING COUNT(DISTINCT activity) > 3,Generic,easy,1,0,True,idcase;activity,activity,2,1,COUNT;DISTINCT;GROUP BY,DISTINCT,3,1
47_7,47,In which cases were more than three different activities performed?,select idcase from event_log GROUP BY idcase HAVING COUNT(DISTINCT activity) > 3,Generic,easy,1,0,True,idcase;activity,activity,2,1,COUNT;DISTINCT;GROUP BY,DISTINCT,3,1
47_8,47,Which declarations have undergone more than three different interventions?,select idcase from event_log GROUP BY idcase HAVING COUNT(DISTINCT activity) > 3,Domain,easy,1,0,True,idcase;activity,,2,0,COUNT;DISTINCT;GROUP BY,DISTINCT,3,1
48_0,48,List the case identifiers that have more than 3 events.,select idcase from event_log GROUP BY idcase HAVING COUNT(*) > 3,Generic,easy,1,1,True,idcase,idcase,1,1,COUNT;GROUP BY,,2,0
48_1,48,Cases that contain more than 3 events.,select idcase from event_log GROUP BY idcase HAVING COUNT(*) > 3,Generic,easy,1,1,True,idcase,,1,0,COUNT;GROUP BY,,2,0
48_2,48,What are the cases that have more than 3 events performed?,select idcase from event_log GROUP BY idcase HAVING COUNT(*) > 3,Generic,easy,1,1,True,idcase,,1,0,COUNT;GROUP BY,,2,0
48_3,48,In which cases were more than 3 events performed?,select idcase from event_log GROUP BY idcase HAVING COUNT(*) > 3,Generic,easy,1,1,True,idcase,,1,0,COUNT;GROUP BY,,2,0
48_4,48,Cases that contain more than three events.,select idcase from event_log GROUP BY idcase HAVING COUNT(*) > 3,Generic,easy,1,0,True,idcase,,1,0,COUNT;GROUP BY,,2,0
48_5,48,List the case identifiers that have more than three events.,select idcase from event_log GROUP BY idcase HAVING COUNT(*) > 3,Generic,easy,1,0,True,idcase,idcase,1,1,COUNT;GROUP BY,,2,0
48_6,48,What are the cases that have more than three events performed?,select idcase from event_log GROUP BY idcase HAVING COUNT(*) > 3,Generic,easy,1,0,True,idcase,,1,0,COUNT;GROUP BY,,2,0
48_7,48,In which cases were more than three events performed?,select idcase from event_log GROUP BY idcase HAVING COUNT(*) > 3,Generic,easy,1,0,True,idcase,,1,0,COUNT;GROUP BY,,2,0
48_8,48,Which declarations were subject to more than three interventions?,select idcase from event_log GROUP BY idcase HAVING COUNT(*) > 3,Domain,easy,1,0,True,idcase,,1,0,COUNT;GROUP BY,,2,0
49_0,49,How long did each case last?,"SELECT  idcase, MAX(strftime('%s', timestamp)) - MIN(strftime('%s', timestamp)) FROM  event_log GROUP BY  idcase",Generic,no_hardness,2,0,True,idcase;timestamp,idcase,2,1,MIN;MAX;GROUP BY,GROUP BY,3,1
49_1,49,Approximate total time for each case.,"SELECT  idcase, MAX(strftime('%s', timestamp)) - MIN(strftime('%s', timestamp)) FROM  event_log GROUP BY  idcase",Generic,no_hardness,2,0,True,idcase;timestamp,idcase;timestamp,2,2,MIN;MAX;GROUP BY,GROUP BY,3,1
49_2,49,Calculate the approximate duration of each case.,"SELECT  idcase, MAX(strftime('%s', timestamp)) - MIN(strftime('%s', timestamp)) FROM  event_log GROUP BY  idcase",Generic,no_hardness,2,0,True,idcase;timestamp,idcase;timestamp,2,2,MIN;MAX;GROUP BY,GROUP BY,3,1
49_3,49,How long does each case last?,"SELECT  idcase, MAX(strftime('%s', timestamp)) - MIN(strftime('%s', timestamp)) FROM  event_log GROUP BY  idcase",Generic,no_hardness,2,0,True,idcase;timestamp,idcase,2,1,MIN;MAX;GROUP BY,GROUP BY,3,1
49_4,49,Report the duration of each case.,"SELECT  idcase, MAX(strftime('%s', timestamp)) - MIN(strftime('%s', timestamp)) FROM  event_log GROUP BY  idcase",Generic,no_hardness,2,0,True,idcase;timestamp,idcase;timestamp,2,2,MIN;MAX;GROUP BY,GROUP BY,3,1
49_5,49,What is the duration of processing for each declaration?,"SELECT  idcase, MAX(strftime('%s', timestamp)) - MIN(strftime('%s', timestamp)) FROM  event_log GROUP BY  idcase",Domain,no_hardness,2,0,True,idcase;timestamp,idcase;timestamp,2,2,MIN;MAX;GROUP BY,GROUP BY,3,1
50_0,50,Which cases had the same resource allocated for all performances of their activities and what was the resource?,"SELECT idcase, resource from event_log group by idcase HAVING COUNT(DISTINCT resource)  = 1",Generic,medium,0,0,False,idcase;resource,resource,2,1,COUNT;DISTINCT;GROUP BY,,3,0
50_1,50,Which cases had the same resource allocated to all their activities? Who was the resource?,"SELECT idcase, resource from event_log group by idcase HAVING COUNT(DISTINCT resource)  = 1",Generic,medium,0,0,False,idcase;resource,resource,2,1,COUNT;DISTINCT;GROUP BY,,3,0
50_2,50,"Which cases had the same resource allocated for all performances of their activities, and who was the resource?","SELECT idcase, resource from event_log group by idcase HAVING COUNT(DISTINCT resource)  = 1",Generic,medium,0,0,False,idcase;resource,resource,2,1,COUNT;DISTINCT;GROUP BY,,3,0
50_3,50,List the cases and resource in which all activities are handled by the same resource.,"SELECT idcase, resource from event_log group by idcase HAVING COUNT(DISTINCT resource)  = 1",Generic,medium,0,0,False,idcase;resource,resource,2,1,COUNT;DISTINCT;GROUP BY,GROUP BY,3,1
50_4,50,List the cases and resource in which the activities were all allocated to the same resource.,"SELECT idcase, resource from event_log group by idcase HAVING COUNT(DISTINCT resource)  = 1",Generic,medium,0,0,False,idcase;resource,resource,2,1,COUNT;DISTINCT;GROUP BY,,3,0
50_5,50,Find the cases and resource where the activities are all handled by the same resource.,"SELECT idcase, resource from event_log group by idcase HAVING COUNT(DISTINCT resource)  = 1",Generic,medium,0,0,False,idcase;resource,resource,2,1,COUNT;DISTINCT;GROUP BY,GROUP BY,3,1
50_6,50,Find the cases and resource where all activities were allocated to the same resource.,"SELECT idcase, resource from event_log group by idcase HAVING COUNT(DISTINCT resource)  = 1",Generic,medium,0,0,False,idcase;resource,resource,2,1,COUNT;DISTINCT;GROUP BY,,3,0
50_7,50,"For cases where the activities are all handled by the same resource, identify the case and that resource.","SELECT idcase, resource from event_log group by idcase HAVING COUNT(DISTINCT resource)  = 1",Generic,medium,0,0,False,idcase;resource,idcase;resource,2,2,COUNT;DISTINCT;GROUP BY,GROUP BY,3,1
50_8,50,"For cases where all activities have been allocated to the same resource, identify the case and that resource.","SELECT idcase, resource from event_log group by idcase HAVING COUNT(DISTINCT resource)  = 1",Generic,medium,0,0,False,idcase;resource,idcase;resource,2,2,COUNT;DISTINCT;GROUP BY,,3,0
50_9,50,Which declarations were entirely handled by a single employee and what is the name of that employee?,"SELECT idcase, resource from event_log group by idcase HAVING COUNT(DISTINCT resource)  = 1",Domain,medium,0,0,False,idcase;resource,resource,2,1,COUNT;DISTINCT;GROUP BY,GROUP BY,3,1
51_0,51,Which cases arrived at the 'end trip' activity between 2016 and 2017?,SELECT DISTINCT idcase FROM event_log WHERE activity = 'End trip' AND timestamp BETWEEN '2016-01-01' AND '2018-01-01',Value,medium,3,3,True,idcase;activity;timestamp,idcase;activity,3,2,DISTINCT;Temporal,Temporal,2,1
51_1,51,Which cases went through the 'end trip' activity between 2016 and 2017?,SELECT DISTINCT idcase FROM event_log WHERE activity = 'End trip' AND timestamp BETWEEN '2016-01-01' AND '2018-01-01',Value,medium,3,3,True,idcase;activity;timestamp,idcase;activity,3,2,DISTINCT;Temporal,Temporal,2,1
51_2,51,In which cases was the 'end trip' activity carried out between 2016 and 2017?,SELECT DISTINCT idcase FROM event_log WHERE activity = 'End trip' AND timestamp BETWEEN '2016-01-01' AND '2018-01-01',Value,medium,3,3,True,idcase;activity;timestamp,idcase;activity,3,2,DISTINCT;Temporal,Temporal,2,1
51_3,51,In which process instances was the 'end trip' activity performed between 2016 and 2017?,SELECT DISTINCT idcase FROM event_log WHERE activity = 'End trip' AND timestamp BETWEEN '2016-01-01' AND '2018-01-01',Value,medium,3,3,True,idcase;activity;timestamp,idcase;activity,3,2,DISTINCT;Temporal,Temporal,2,1
51_4,51,List the cases that arrived at the 'end trip' activity between 2016 and 2017.,SELECT DISTINCT idcase FROM event_log WHERE activity = 'End trip' AND timestamp BETWEEN '2016-01-01' AND '2018-01-01',Value,medium,3,3,True,idcase;activity;timestamp,idcase;activity,3,2,DISTINCT;Temporal,Temporal,2,1
51_5,51,List the cases that went through the 'end trip' activity between 2016 and 2017.,SELECT DISTINCT idcase FROM event_log WHERE activity = 'End trip' AND timestamp BETWEEN '2016-01-01' AND '2018-01-01',Value,medium,3,3,True,idcase;activity;timestamp,idcase;activity,3,2,DISTINCT;Temporal,Temporal,2,1
51_6,51,List the cases in which the 'end trip' activity was performed between 2016 and 2017.,SELECT DISTINCT idcase FROM event_log WHERE activity = 'End trip' AND timestamp BETWEEN '2016-01-01' AND '2018-01-01',Value,medium,3,3,True,idcase;activity;timestamp,idcase;activity,3,2,DISTINCT;Temporal,Temporal,2,1
51_7,51,List the process instances that arrived at the 'end trip' activity between 2016 and 2017.,SELECT DISTINCT idcase FROM event_log WHERE activity = 'End trip' AND timestamp BETWEEN '2016-01-01' AND '2018-01-01',Value,medium,3,3,True,idcase;activity;timestamp,idcase;activity,3,2,DISTINCT;Temporal,Temporal,2,1
51_8,51,List the process instances that went through the 'end trip' activity between 2016 and 2017.,SELECT DISTINCT idcase FROM event_log WHERE activity = 'End trip' AND timestamp BETWEEN '2016-01-01' AND '2018-01-01',Value,medium,3,3,True,idcase;activity;timestamp,idcase;activity,3,2,DISTINCT;Temporal,Temporal,2,1
51_9,51,List the process instances where the 'end trip' activity was performed between 2016 and 2017.,SELECT DISTINCT idcase FROM event_log WHERE activity = 'End trip' AND timestamp BETWEEN '2016-01-01' AND '2018-01-01',Value,medium,3,3,True,idcase;activity;timestamp,idcase;activity,3,2,DISTINCT;Temporal,Temporal,2,1
51_10,51,Make a report listing all declarations in which the end of the trip was recorded in the period 2016 and 2017.,SELECT DISTINCT idcase FROM event_log WHERE activity = 'End trip' AND timestamp BETWEEN '2016-01-01' AND '2018-01-01',Domain,medium,3,2,True,idcase;activity;timestamp,idcase;timestamp,3,2,DISTINCT;Temporal,Temporal,2,1
52_0,52,List all data on all events related to the performance of activities that have the word 'rejected' in their name.,SELECT * FROM event_log WHERE activity LIKE '%rejected%' ,Value,medium,1,0,True,activity,activity,1,1,,,0,0
52_1,52,Present all information about events involving the performance of an activity with the word 'rejected' in the name.,SELECT * FROM event_log WHERE activity LIKE '%rejected%' ,Value,medium,1,0,True,activity,activity,1,1,,,0,0
52_2,52,"For all performances of an activity with the word 'rejected' in the name, present all corresponding event information.",SELECT * FROM event_log WHERE activity LIKE '%rejected%' ,Value,medium,1,0,True,activity,activity,1,1,,,0,0
52_3,52,"For all performances of an activity whose name contains the word 'rejected', display all associated event information.",SELECT * FROM event_log WHERE activity LIKE '%rejected%' ,Value,medium,1,0,True,activity,activity,1,1,,,0,0
52_4,52,"For all performances of an activity whose name contains the word 'rejected', present all available information for the corresponding event.",SELECT * FROM event_log WHERE activity LIKE '%rejected%' ,Value,medium,1,0,True,activity,activity,1,1,,,0,0
52_5,52,Present all available information on events associated with an activity containing the word 'rejected' in its name.,SELECT * FROM event_log WHERE activity LIKE '%rejected%' ,Value,medium,1,0,True,activity,activity,1,1,,,0,0
52_6,52,Report data on interventions that result in a rejection of the declaration.,SELECT * FROM event_log WHERE activity LIKE '%rejected%' ,Domain,medium,1,0,True,activity,,1,0,,,0,0
52_7,52,Make a report of information regarding rejection interventions in the declarations.,SELECT * FROM event_log WHERE activity LIKE '%rejected%' ,Domain,medium,1,0,True,activity,,1,0,,,0,0
53_0,53,What are the minimum and maximum costs recorded for each case in which a maximum cost of more than zero is reported?,"SELECT idcase, MIN(cost), MAX(cost) FROM event_log GROUP BY idcase HAVING MAX(cost) > 0",Generic,medium,1,0,True,idcase;cost,idcase;cost,2,2,MIN;MAX;GROUP BY,MIN;MAX;GROUP BY,3,3
53_1,53,What are the minimum and maximum costs recorded for each case in which the maximum cost is more than zero?,"SELECT idcase, MIN(cost), MAX(cost) FROM event_log GROUP BY idcase HAVING MAX(cost) > 0",Generic,medium,1,0,True,idcase;cost,idcase;cost,2,2,MIN;MAX;GROUP BY,MIN;MAX;GROUP BY,3,3
53_2,53,What are the minimum and maximum costs recorded for each case in which the maximum cost reported is more than zero?,"SELECT idcase, MIN(cost), MAX(cost) FROM event_log GROUP BY idcase HAVING MAX(cost) > 0",Generic,medium,1,0,True,idcase;cost,idcase;cost,2,2,MIN;MAX;GROUP BY,MIN;MAX;GROUP BY,3,3
53_3,53,What are the minimum and maximum costs recorded for each case in which the maximum cost reported is greater than zero?,"SELECT idcase, MIN(cost), MAX(cost) FROM event_log GROUP BY idcase HAVING MAX(cost) > 0",Generic,medium,1,0,True,idcase;cost,idcase;cost,2,2,MIN;MAX;GROUP BY,MIN;MAX;GROUP BY,3,3
53_4,53,List the minimum and maximum costs recorded for each case that had a maximum cost of more than zero reported.,"SELECT idcase, MIN(cost), MAX(cost) FROM event_log GROUP BY idcase HAVING MAX(cost) > 0",Generic,medium,1,0,True,idcase;cost,idcase;cost,2,2,MIN;MAX;GROUP BY,MIN;MAX;GROUP BY,3,3
53_5,53,List the minimum and maximum costs recorded for each case that had a maximum cost of more than zero.,"SELECT idcase, MIN(cost), MAX(cost) FROM event_log GROUP BY idcase HAVING MAX(cost) > 0",Generic,medium,1,0,True,idcase;cost,idcase;cost,2,2,MIN;MAX;GROUP BY,MIN;MAX;GROUP BY,3,3
53_6,53,List the minimum and maximum costs recorded for each case that had a maximum cost greater than zero.,"SELECT idcase, MIN(cost), MAX(cost) FROM event_log GROUP BY idcase HAVING MAX(cost) > 0",Generic,medium,1,0,True,idcase;cost,idcase;cost,2,2,MIN;MAX;GROUP BY,MIN;MAX;GROUP BY,3,3
53_7,53,List the minimum and maximum costs recorded for each case in which the maximum cost of more than zero was filled out.,"SELECT idcase, MIN(cost), MAX(cost) FROM event_log GROUP BY idcase HAVING MAX(cost) > 0",Generic,medium,1,0,True,idcase;cost,idcase;cost,2,2,MIN;MAX;GROUP BY,MIN;MAX;GROUP BY,3,3
53_8,53,List the minimum and maximum costs recorded for each case in which the maximum cost of more than zero is reported,"SELECT idcase, MIN(cost), MAX(cost) FROM event_log GROUP BY idcase HAVING MAX(cost) > 0",Generic,medium,1,0,True,idcase;cost,idcase;cost,2,2,MIN;MAX;GROUP BY,MIN;MAX;GROUP BY,3,3
53_9,53,What are the minimum and maximum costs recorded for each case in which the maximum cost of more than zero was reported?,"SELECT idcase, MIN(cost), MAX(cost) FROM event_log GROUP BY idcase HAVING MAX(cost) > 0",Generic,medium,1,0,True,idcase;cost,idcase;cost,2,2,MIN;MAX;GROUP BY,MIN;MAX;GROUP BY,3,3
53_10,53,What are the minimum and maximum costs recorded for each case in which the maximum cost reported was more than zero?,"SELECT idcase, MIN(cost), MAX(cost) FROM event_log GROUP BY idcase HAVING MAX(cost) > 0",Generic,medium,1,0,True,idcase;cost,idcase;cost,2,2,MIN;MAX;GROUP BY,MIN;MAX;GROUP BY,3,3
53_11,53,What are the minimum and maximum costs recorded for each case in which the maximum cost reported was greater than zero?,"SELECT idcase, MIN(cost), MAX(cost) FROM event_log GROUP BY idcase HAVING MAX(cost) > 0",Generic,medium,1,0,True,idcase;cost,idcase;cost,2,2,MIN;MAX;GROUP BY,MIN;MAX;GROUP BY,3,3
53_12,53,What are the minimum and maximum values of interventions carried out for each of the declarations in which the maximum cost reported was greater than zero?,"SELECT idcase, MIN(cost), MAX(cost) FROM event_log GROUP BY idcase HAVING MAX(cost) > 0",Domain,medium,1,0,True,idcase;cost,cost,2,1,MIN;MAX;GROUP BY,MIN;MAX;GROUP BY,3,3
53_13,53,List the minimum and maximum costs recorded for each declaration that had a maximum cost more than zero filled out.,"SELECT idcase, MIN(cost), MAX(cost) FROM event_log GROUP BY idcase HAVING MAX(cost) > 0",Domain,medium,1,0,True,idcase;cost,idcase;cost,2,2,MIN;MAX;GROUP BY,MIN;MAX;GROUP BY,3,3
54_0,54,Show how long it took from the first event of a case to the event related to the activity indicating 'end trip' or to the event related to the activity indicating 'declaration rejected by employee' or the event related to the activity indicating 'payment handled'.,"select p.idcase, strftime('%s', p.timestamp) - strftime('%s', e.start_time) as 'End trip', strftime('%s', x.timestamp) - strftime('%s', e.start_time) as 'Declaration rejected by employee', strftime('%s', y.timestamp) - strftime('%s', e.start_time) as 'Payment handled' from event_log p inner join (select MIN(timestamp) as start_time, idcase FROM event_log GROUP by idcase) e on e.idcase = p.idcase and p.activity = 'End trip' left join event_log x on x.idcase=e.idcase and x.activity = 'Declaration rejected by employee'  left join event_log y on y.idcase=e.idcase and y.activity = 'Payment handled' ",Value,no_hardness,12,6,True,idcase;activity;timestamp,idcase;activity,3,2,MIN;GROUP BY,GROUP BY,2,1
54_1,54,Show how long it took from the first event of a case to the event related to the 'end trip' or 'declaration rejected by employee' or 'payment handled' activity.,"select p.idcase, strftime('%s', p.timestamp) - strftime('%s', e.start_time) as 'End trip', strftime('%s', x.timestamp) - strftime('%s', e.start_time) as 'Declaration rejected by employee', strftime('%s', y.timestamp) - strftime('%s', e.start_time) as 'Payment handled' from event_log p inner join (select MIN(timestamp) as start_time, idcase FROM event_log GROUP by idcase) e on e.idcase = p.idcase and p.activity = 'End trip' left join event_log x on x.idcase=e.idcase and x.activity = 'Declaration rejected by employee'  left join event_log y on y.idcase=e.idcase and y.activity = 'Payment handled' ",Value,no_hardness,12,6,True,idcase;activity;timestamp,idcase;activity,3,2,MIN;GROUP BY,GROUP BY,2,1
54_2,54,"Calculate, for each case, the time elapsed from the first event to the event of interest associated with the 'end trip' or 'declaration rejected by employee' or 'payment handled' activity, and present the calculated time.","select p.idcase, strftime('%s', p.timestamp) - strftime('%s', e.start_time) as 'End trip', strftime('%s', x.timestamp) - strftime('%s', e.start_time) as 'Declaration rejected by employee', strftime('%s', y.timestamp) - strftime('%s', e.start_time) as 'Payment handled' from event_log p inner join (select MIN(timestamp) as start_time, idcase FROM event_log GROUP by idcase) e on e.idcase = p.idcase and p.activity = 'End trip' left join event_log x on x.idcase=e.idcase and x.activity = 'Declaration rejected by employee'  left join event_log y on y.idcase=e.idcase and y.activity = 'Payment handled' ",Value,no_hardness,12,6,True,idcase;activity;timestamp,idcase;activity;timestamp,3,3,MIN;GROUP BY,GROUP BY,2,1
54_3,54,"How long did it take between the first action taken on a declaration until an indication of the finalization of a trip, or until those actions that indicate that the declaration was rejected by an employee or that a payment has already been made?","select p.idcase, strftime('%s', p.timestamp) - strftime('%s', e.start_time) as 'End trip', strftime('%s', x.timestamp) - strftime('%s', e.start_time) as 'Declaration rejected by employee', strftime('%s', y.timestamp) - strftime('%s', e.start_time) as 'Payment handled' from event_log p inner join (select MIN(timestamp) as start_time, idcase FROM event_log GROUP by idcase) e on e.idcase = p.idcase and p.activity = 'End trip' left join event_log x on x.idcase=e.idcase and x.activity = 'Declaration rejected by employee'  left join event_log y on y.idcase=e.idcase and y.activity = 'Payment handled' ",Domain,no_hardness,12,0,True,idcase;activity;timestamp,idcase;activity,3,2,MIN;GROUP BY,GROUP BY,2,1
54_4,54,"Show how long it took from the first intervention on a declaration to the intervention that indicates the end of the trip, or to those that indicate that the declaration was rejected by an employee or that indicate that a payment has already been made.","select p.idcase, strftime('%s', p.timestamp) - strftime('%s', e.start_time) as 'End trip', strftime('%s', x.timestamp) - strftime('%s', e.start_time) as 'Declaration rejected by employee', strftime('%s', y.timestamp) - strftime('%s', e.start_time) as 'Payment handled' from event_log p inner join (select MIN(timestamp) as start_time, idcase FROM event_log GROUP by idcase) e on e.idcase = p.idcase and p.activity = 'End trip' left join event_log x on x.idcase=e.idcase and x.activity = 'Declaration rejected by employee'  left join event_log y on y.idcase=e.idcase and y.activity = 'Payment handled' ",Domain,no_hardness,12,0,True,idcase;activity;timestamp,idcase,3,1,MIN;GROUP BY,GROUP BY,2,1
55_0,55,"Show how long it took from the first event of a case to the event related to 'end trip' and to possible 'declaration rejected by employee' or 'payment handled' activities. Furthermore, report the case and the activity treated as final in this context.","select p.idcase, strftime('%s', p.timestamp) - strftime('%s', e.start_time) as 'End trip', strftime('%s', x.timestamp) - strftime('%s', e.start_time) as 'Declaration rejected by employee', strftime('%s', y.timestamp) - strftime('%s', e.start_time) as 'Payment handled', f.activity from event_log p inner join (select MIN(timestamp) as start_time, idcase FROM event_log GROUP by idcase) e on e.idcase = p.idcase and p.activity = 'End trip' left join event_log x on x.idcase=e.idcase and x.activity = 'Declaration rejected by employee'  left join event_log y on y.idcase=e.idcase and y.activity = 'Payment handled' inner join (select MAX(timestamp) as end_time, activity, idcase FROM event_log WHERE activity='End trip' or activity= 'Declaration rejected by employee' or activity='Payment handled' GROUP by idcase) f on f.idcase=e.idcase ",Value,no_hardness,15,9,True,idcase;activity;timestamp,idcase;activity,3,2,MIN;MAX;GROUP BY,GROUP BY,3,1
55_1,55,"Show how long it took from the first event of a case to the event related to the activity that indicates the end of the trip ('end trip') or to events related to activities that indicate the rejection of declaration submission ('declaration rejected by employee') or related to activities that indicate payment made ('payment handled'). Along with this time, report the case and the activity considered to be the end of this interval.","select p.idcase, strftime('%s', p.timestamp) - strftime('%s', e.start_time) as 'End trip', strftime('%s', x.timestamp) - strftime('%s', e.start_time) as 'Declaration rejected by employee', strftime('%s', y.timestamp) - strftime('%s', e.start_time) as 'Payment handled', f.activity from event_log p inner join (select MIN(timestamp) as start_time, idcase FROM event_log GROUP by idcase) e on e.idcase = p.idcase and p.activity = 'End trip' left join event_log x on x.idcase=e.idcase and x.activity = 'Declaration rejected by employee'  left join event_log y on y.idcase=e.idcase and y.activity = 'Payment handled' inner join (select MAX(timestamp) as end_time, activity, idcase FROM event_log WHERE activity='End trip' or activity= 'Declaration rejected by employee' or activity='Payment handled' GROUP by idcase) f on f.idcase=e.idcase ",Value,no_hardness,15,9,True,idcase;activity;timestamp,idcase;activity;timestamp,3,3,MIN;MAX;GROUP BY,GROUP BY,3,1
55_2,55,"Show how long it took from the first event of a case to the event related to the 'end trip' or 'declaration rejected by employee' or 'payment handled' activity. In addition to this time, return the case and activity considered at the end of this interval.","select p.idcase, strftime('%s', p.timestamp) - strftime('%s', e.start_time) as 'End trip', strftime('%s', x.timestamp) - strftime('%s', e.start_time) as 'Declaration rejected by employee', strftime('%s', y.timestamp) - strftime('%s', e.start_time) as 'Payment handled', f.activity from event_log p inner join (select MIN(timestamp) as start_time, idcase FROM event_log GROUP by idcase) e on e.idcase = p.idcase and p.activity = 'End trip' left join event_log x on x.idcase=e.idcase and x.activity = 'Declaration rejected by employee'  left join event_log y on y.idcase=e.idcase and y.activity = 'Payment handled' inner join (select MAX(timestamp) as end_time, activity, idcase FROM event_log WHERE activity='End trip' or activity= 'Declaration rejected by employee' or activity='Payment handled' GROUP by idcase) f on f.idcase=e.idcase ",Value,no_hardness,15,9,True,idcase;activity;timestamp,idcase;activity;timestamp,3,3,MIN;MAX;GROUP BY,GROUP BY,3,1
55_3,55,"Calculate, for each case, the elapsed time from the first event to the event of interest associated with the 'end trip' or 'declaration rejected by employee' or 'payment handled' activity, and retrieve the case, the activity of the event of interest and the calculated time.","select p.idcase, strftime('%s', p.timestamp) - strftime('%s', e.start_time) as 'End trip', strftime('%s', x.timestamp) - strftime('%s', e.start_time) as 'Declaration rejected by employee', strftime('%s', y.timestamp) - strftime('%s', e.start_time) as 'Payment handled', f.activity from event_log p inner join (select MIN(timestamp) as start_time, idcase FROM event_log GROUP by idcase) e on e.idcase = p.idcase and p.activity = 'End trip' left join event_log x on x.idcase=e.idcase and x.activity = 'Declaration rejected by employee'  left join event_log y on y.idcase=e.idcase and y.activity = 'Payment handled' inner join (select MAX(timestamp) as end_time, activity, idcase FROM event_log WHERE activity='End trip' or activity= 'Declaration rejected by employee' or activity='Payment handled' GROUP by idcase) f on f.idcase=e.idcase ",Value,no_hardness,15,9,True,idcase;activity;timestamp,idcase;activity;timestamp,3,3,MIN;MAX;GROUP BY,GROUP BY,3,1
55_4,55,How long does it take from the start of processing a declaration until the end of the trip is recorded or until it is rejected by an employee or payment is made?,"select p.idcase, strftime('%s', p.timestamp) - strftime('%s', e.start_time) as 'End trip', strftime('%s', x.timestamp) - strftime('%s', e.start_time) as 'Declaration rejected by employee', strftime('%s', y.timestamp) - strftime('%s', e.start_time) as 'Payment handled', f.activity from event_log p inner join (select MIN(timestamp) as start_time, idcase FROM event_log GROUP by idcase) e on e.idcase = p.idcase and p.activity = 'End trip' left join event_log x on x.idcase=e.idcase and x.activity = 'Declaration rejected by employee'  left join event_log y on y.idcase=e.idcase and y.activity = 'Payment handled' inner join (select MAX(timestamp) as end_time, activity, idcase FROM event_log WHERE activity='End trip' or activity= 'Declaration rejected by employee' or activity='Payment handled' GROUP by idcase) f on f.idcase=e.idcase ",Domain,no_hardness,15,0,True,idcase;activity;timestamp,idcase,3,1,MIN;MAX;GROUP BY,GROUP BY,3,1
56_0,56,Retrieve event data associated with 'request payment' activities existing in the event log.,SELECT * FROM event_log WHERE activity = 'Request payment',Value,easy,1,1,True,activity,activity,1,1,,,0,0
56_1,56,"Are there records of 'request payment' activity in the event log? If yes, show the event data associated with the records.",SELECT * FROM event_log WHERE activity = 'Request payment',Value,easy,1,1,True,activity,activity,1,1,,,0,0
56_2,56,"Are there declarations for which a payment request has already been made? If yes, supply the data from these requests.",SELECT * FROM event_log WHERE activity = 'Request payment',Domain,easy,1,0,True,activity,,1,0,,,0,0
56_3,56,"Are there interventions that request payment for declarations? If so, report details of the performance of this intervention.",SELECT * FROM event_log WHERE activity = 'Request payment',Domain,easy,1,1,True,activity,,1,0,,,0,0
57_0,57,What is the mean duration time of each type of activity?,"WITH RankedEvents AS (SELECT id, activity, timestamp, LEAD(timestamp) OVER (PARTITION BY idcase ORDER BY timestamp) AS next_timestamp, idcase FROM event_log), DurationEvents AS (SELECT activity, (strftime('%s', next_timestamp) - strftime('%s', timestamp)) as duration FROM RankedEvents WHERE next_timestamp IS NOT NULL) SELECT activity, AVG(duration) AS average_duration FROM DurationEvents GROUP BY activity",Generic,no_hardness,2,0,True,idcase;activity;timestamp,activity;timestamp,3,2,GROUP BY;Negation,GROUP BY,2,1
57_1,57,What is the average duration time of each activity?,"WITH RankedEvents AS (SELECT id, activity, timestamp, LEAD(timestamp) OVER (PARTITION BY idcase ORDER BY timestamp) AS next_timestamp, idcase FROM event_log), DurationEvents AS (SELECT activity, (strftime('%s', next_timestamp) - strftime('%s', timestamp)) as duration FROM RankedEvents WHERE next_timestamp IS NOT NULL) SELECT activity, AVG(duration) AS average_duration FROM DurationEvents GROUP BY activity",Generic,no_hardness,2,0,True,idcase;activity;timestamp,activity;timestamp,3,2,GROUP BY;Negation,GROUP BY,2,1
57_2,57,What is the mean duration time of each activity?,"WITH RankedEvents AS (SELECT id, activity, timestamp, LEAD(timestamp) OVER (PARTITION BY idcase ORDER BY timestamp) AS next_timestamp, idcase FROM event_log), DurationEvents AS (SELECT activity, (strftime('%s', next_timestamp) - strftime('%s', timestamp)) as duration FROM RankedEvents WHERE next_timestamp IS NOT NULL) SELECT activity, AVG(duration) AS average_duration FROM DurationEvents GROUP BY activity",Generic,no_hardness,2,0,True,idcase;activity;timestamp,activity;timestamp,3,2,GROUP BY;Negation,GROUP BY,2,1
57_3,57,"How long, on average, does each activity last?","WITH RankedEvents AS (SELECT id, activity, timestamp, LEAD(timestamp) OVER (PARTITION BY idcase ORDER BY timestamp) AS next_timestamp, idcase FROM event_log), DurationEvents AS (SELECT activity, (strftime('%s', next_timestamp) - strftime('%s', timestamp)) as duration FROM RankedEvents WHERE next_timestamp IS NOT NULL) SELECT activity, AVG(duration) AS average_duration FROM DurationEvents GROUP BY activity",Generic,no_hardness,2,0,True,idcase;activity;timestamp,activity,3,1,GROUP BY;Negation,GROUP BY,2,1
57_4,57,What is each activity's mean duration?,"WITH RankedEvents AS (SELECT id, activity, timestamp, LEAD(timestamp) OVER (PARTITION BY idcase ORDER BY timestamp) AS next_timestamp, idcase FROM event_log), DurationEvents AS (SELECT activity, (strftime('%s', next_timestamp) - strftime('%s', timestamp)) as duration FROM RankedEvents WHERE next_timestamp IS NOT NULL) SELECT activity, AVG(duration) AS average_duration FROM DurationEvents GROUP BY activity",Generic,no_hardness,2,0,True,idcase;activity;timestamp,timestamp,3,1,GROUP BY;Negation,GROUP BY,2,1
57_5,57,What is the mean duration of each activity?,"WITH RankedEvents AS (SELECT id, activity, timestamp, LEAD(timestamp) OVER (PARTITION BY idcase ORDER BY timestamp) AS next_timestamp, idcase FROM event_log), DurationEvents AS (SELECT activity, (strftime('%s', next_timestamp) - strftime('%s', timestamp)) as duration FROM RankedEvents WHERE next_timestamp IS NOT NULL) SELECT activity, AVG(duration) AS average_duration FROM DurationEvents GROUP BY activity",Generic,no_hardness,2,0,True,idcase;activity;timestamp,activity;timestamp,3,2,GROUP BY;Negation,GROUP BY,2,1
57_6,57,"What is, on average, the duration of each activity?","WITH RankedEvents AS (SELECT id, activity, timestamp, LEAD(timestamp) OVER (PARTITION BY idcase ORDER BY timestamp) AS next_timestamp, idcase FROM event_log), DurationEvents AS (SELECT activity, (strftime('%s', next_timestamp) - strftime('%s', timestamp)) as duration FROM RankedEvents WHERE next_timestamp IS NOT NULL) SELECT activity, AVG(duration) AS average_duration FROM DurationEvents GROUP BY activity",Generic,no_hardness,2,0,True,idcase;activity;timestamp,activity;timestamp,3,2,GROUP BY;Negation,GROUP BY,2,1
57_7,57,What is each activity's average duration?,"WITH RankedEvents AS (SELECT id, activity, timestamp, LEAD(timestamp) OVER (PARTITION BY idcase ORDER BY timestamp) AS next_timestamp, idcase FROM event_log), DurationEvents AS (SELECT activity, (strftime('%s', next_timestamp) - strftime('%s', timestamp)) as duration FROM RankedEvents WHERE next_timestamp IS NOT NULL) SELECT activity, AVG(duration) AS average_duration FROM DurationEvents GROUP BY activity",Generic,no_hardness,2,0,True,idcase;activity;timestamp,timestamp,3,1,GROUP BY;Negation,GROUP BY,2,1
57_8,57,What is the average duration of each activity?,"WITH RankedEvents AS (SELECT id, activity, timestamp, LEAD(timestamp) OVER (PARTITION BY idcase ORDER BY timestamp) AS next_timestamp, idcase FROM event_log), DurationEvents AS (SELECT activity, (strftime('%s', next_timestamp) - strftime('%s', timestamp)) as duration FROM RankedEvents WHERE next_timestamp IS NOT NULL) SELECT activity, AVG(duration) AS average_duration FROM DurationEvents GROUP BY activity",Generic,no_hardness,2,0,True,idcase;activity;timestamp,activity;timestamp,3,2,GROUP BY;Negation,GROUP BY,2,1
57_9,57,How long does each type of activity last on average?,"WITH RankedEvents AS (SELECT id, activity, timestamp, LEAD(timestamp) OVER (PARTITION BY idcase ORDER BY timestamp) AS next_timestamp, idcase FROM event_log), DurationEvents AS (SELECT activity, (strftime('%s', next_timestamp) - strftime('%s', timestamp)) as duration FROM RankedEvents WHERE next_timestamp IS NOT NULL) SELECT activity, AVG(duration) AS average_duration FROM DurationEvents GROUP BY activity",Generic,no_hardness,2,0,True,idcase;activity;timestamp,activity,3,1,GROUP BY;Negation,GROUP BY,2,1
57_10,57,How long does each activity last on average?,"WITH RankedEvents AS (SELECT id, activity, timestamp, LEAD(timestamp) OVER (PARTITION BY idcase ORDER BY timestamp) AS next_timestamp, idcase FROM event_log), DurationEvents AS (SELECT activity, (strftime('%s', next_timestamp) - strftime('%s', timestamp)) as duration FROM RankedEvents WHERE next_timestamp IS NOT NULL) SELECT activity, AVG(duration) AS average_duration FROM DurationEvents GROUP BY activity",Generic,no_hardness,2,0,True,idcase;activity;timestamp,activity,3,1,GROUP BY;Negation,GROUP BY,2,1
57_11,57,Report the mean duration time of each type of activity,"WITH RankedEvents AS (SELECT id, activity, timestamp, LEAD(timestamp) OVER (PARTITION BY idcase ORDER BY timestamp) AS next_timestamp, idcase FROM event_log), DurationEvents AS (SELECT activity, (strftime('%s', next_timestamp) - strftime('%s', timestamp)) as duration FROM RankedEvents WHERE next_timestamp IS NOT NULL) SELECT activity, AVG(duration) AS average_duration FROM DurationEvents GROUP BY activity",Generic,no_hardness,2,0,True,idcase;activity;timestamp,activity;timestamp,3,2,GROUP BY;Negation,GROUP BY,2,1
57_12,57,Report what the mean duration time of each activity is.,"WITH RankedEvents AS (SELECT id, activity, timestamp, LEAD(timestamp) OVER (PARTITION BY idcase ORDER BY timestamp) AS next_timestamp, idcase FROM event_log), DurationEvents AS (SELECT activity, (strftime('%s', next_timestamp) - strftime('%s', timestamp)) as duration FROM RankedEvents WHERE next_timestamp IS NOT NULL) SELECT activity, AVG(duration) AS average_duration FROM DurationEvents GROUP BY activity",Generic,no_hardness,2,0,True,idcase;activity;timestamp,activity;timestamp,3,2,GROUP BY;Negation,GROUP BY,2,1
57_13,57,Report what each activity's mean duration time is.,"WITH RankedEvents AS (SELECT id, activity, timestamp, LEAD(timestamp) OVER (PARTITION BY idcase ORDER BY timestamp) AS next_timestamp, idcase FROM event_log), DurationEvents AS (SELECT activity, (strftime('%s', next_timestamp) - strftime('%s', timestamp)) as duration FROM RankedEvents WHERE next_timestamp IS NOT NULL) SELECT activity, AVG(duration) AS average_duration FROM DurationEvents GROUP BY activity",Generic,no_hardness,2,0,True,idcase;activity;timestamp,timestamp,3,1,GROUP BY;Negation,GROUP BY,2,1
57_14,57,Report the mean duration time of each activity.,"WITH RankedEvents AS (SELECT id, activity, timestamp, LEAD(timestamp) OVER (PARTITION BY idcase ORDER BY timestamp) AS next_timestamp, idcase FROM event_log), DurationEvents AS (SELECT activity, (strftime('%s', next_timestamp) - strftime('%s', timestamp)) as duration FROM RankedEvents WHERE next_timestamp IS NOT NULL) SELECT activity, AVG(duration) AS average_duration FROM DurationEvents GROUP BY activity",Generic,no_hardness,2,0,True,idcase;activity;timestamp,activity;timestamp,3,2,GROUP BY;Negation,GROUP BY,2,1
57_15,57,"Report how long, on average, each activity lasts.","WITH RankedEvents AS (SELECT id, activity, timestamp, LEAD(timestamp) OVER (PARTITION BY idcase ORDER BY timestamp) AS next_timestamp, idcase FROM event_log), DurationEvents AS (SELECT activity, (strftime('%s', next_timestamp) - strftime('%s', timestamp)) as duration FROM RankedEvents WHERE next_timestamp IS NOT NULL) SELECT activity, AVG(duration) AS average_duration FROM DurationEvents GROUP BY activity",Generic,no_hardness,2,0,True,idcase;activity;timestamp,activity,3,1,GROUP BY;Negation,GROUP BY,2,1
57_16,57,Report the mean duration of each type of activity.,"WITH RankedEvents AS (SELECT id, activity, timestamp, LEAD(timestamp) OVER (PARTITION BY idcase ORDER BY timestamp) AS next_timestamp, idcase FROM event_log), DurationEvents AS (SELECT activity, (strftime('%s', next_timestamp) - strftime('%s', timestamp)) as duration FROM RankedEvents WHERE next_timestamp IS NOT NULL) SELECT activity, AVG(duration) AS average_duration FROM DurationEvents GROUP BY activity",Generic,no_hardness,2,0,True,idcase;activity;timestamp,activity;timestamp,3,2,GROUP BY;Negation,GROUP BY,2,1
57_17,57,Report what the mean duration of each activity is.,"WITH RankedEvents AS (SELECT id, activity, timestamp, LEAD(timestamp) OVER (PARTITION BY idcase ORDER BY timestamp) AS next_timestamp, idcase FROM event_log), DurationEvents AS (SELECT activity, (strftime('%s', next_timestamp) - strftime('%s', timestamp)) as duration FROM RankedEvents WHERE next_timestamp IS NOT NULL) SELECT activity, AVG(duration) AS average_duration FROM DurationEvents GROUP BY activity",Generic,no_hardness,2,0,True,idcase;activity;timestamp,activity;timestamp,3,2,GROUP BY;Negation,GROUP BY,2,1
57_18,57,Report what each activity's mean duration is.,"WITH RankedEvents AS (SELECT id, activity, timestamp, LEAD(timestamp) OVER (PARTITION BY idcase ORDER BY timestamp) AS next_timestamp, idcase FROM event_log), DurationEvents AS (SELECT activity, (strftime('%s', next_timestamp) - strftime('%s', timestamp)) as duration FROM RankedEvents WHERE next_timestamp IS NOT NULL) SELECT activity, AVG(duration) AS average_duration FROM DurationEvents GROUP BY activity",Generic,no_hardness,2,0,True,idcase;activity;timestamp,timestamp,3,1,GROUP BY;Negation,GROUP BY,2,1
57_19,57,Report the mean duration of each activity.,"WITH RankedEvents AS (SELECT id, activity, timestamp, LEAD(timestamp) OVER (PARTITION BY idcase ORDER BY timestamp) AS next_timestamp, idcase FROM event_log), DurationEvents AS (SELECT activity, (strftime('%s', next_timestamp) - strftime('%s', timestamp)) as duration FROM RankedEvents WHERE next_timestamp IS NOT NULL) SELECT activity, AVG(duration) AS average_duration FROM DurationEvents GROUP BY activity",Generic,no_hardness,2,0,True,idcase;activity;timestamp,activity;timestamp,3,2,GROUP BY;Negation,GROUP BY,2,1
57_20,57,"Report what is, on average, the duration of each activity.","WITH RankedEvents AS (SELECT id, activity, timestamp, LEAD(timestamp) OVER (PARTITION BY idcase ORDER BY timestamp) AS next_timestamp, idcase FROM event_log), DurationEvents AS (SELECT activity, (strftime('%s', next_timestamp) - strftime('%s', timestamp)) as duration FROM RankedEvents WHERE next_timestamp IS NOT NULL) SELECT activity, AVG(duration) AS average_duration FROM DurationEvents GROUP BY activity",Generic,no_hardness,2,0,True,idcase;activity;timestamp,activity;timestamp,3,2,GROUP BY;Negation,GROUP BY,2,1
57_21,57,Report what the average duration of each activity is.,"WITH RankedEvents AS (SELECT id, activity, timestamp, LEAD(timestamp) OVER (PARTITION BY idcase ORDER BY timestamp) AS next_timestamp, idcase FROM event_log), DurationEvents AS (SELECT activity, (strftime('%s', next_timestamp) - strftime('%s', timestamp)) as duration FROM RankedEvents WHERE next_timestamp IS NOT NULL) SELECT activity, AVG(duration) AS average_duration FROM DurationEvents GROUP BY activity",Generic,no_hardness,2,0,True,idcase;activity;timestamp,activity;timestamp,3,2,GROUP BY;Negation,GROUP BY,2,1
57_22,57,Report what each activity's average duration is.,"WITH RankedEvents AS (SELECT id, activity, timestamp, LEAD(timestamp) OVER (PARTITION BY idcase ORDER BY timestamp) AS next_timestamp, idcase FROM event_log), DurationEvents AS (SELECT activity, (strftime('%s', next_timestamp) - strftime('%s', timestamp)) as duration FROM RankedEvents WHERE next_timestamp IS NOT NULL) SELECT activity, AVG(duration) AS average_duration FROM DurationEvents GROUP BY activity",Generic,no_hardness,2,0,True,idcase;activity;timestamp,timestamp,3,1,GROUP BY;Negation,GROUP BY,2,1
57_23,57,Report the average duration of each activity.,"WITH RankedEvents AS (SELECT id, activity, timestamp, LEAD(timestamp) OVER (PARTITION BY idcase ORDER BY timestamp) AS next_timestamp, idcase FROM event_log), DurationEvents AS (SELECT activity, (strftime('%s', next_timestamp) - strftime('%s', timestamp)) as duration FROM RankedEvents WHERE next_timestamp IS NOT NULL) SELECT activity, AVG(duration) AS average_duration FROM DurationEvents GROUP BY activity",Generic,no_hardness,2,0,True,idcase;activity;timestamp,activity;timestamp,3,2,GROUP BY;Negation,GROUP BY,2,1
57_24,57,Report how long each activity lasts on average.,"WITH RankedEvents AS (SELECT id, activity, timestamp, LEAD(timestamp) OVER (PARTITION BY idcase ORDER BY timestamp) AS next_timestamp, idcase FROM event_log), DurationEvents AS (SELECT activity, (strftime('%s', next_timestamp) - strftime('%s', timestamp)) as duration FROM RankedEvents WHERE next_timestamp IS NOT NULL) SELECT activity, AVG(duration) AS average_duration FROM DurationEvents GROUP BY activity",Generic,no_hardness,2,0,True,idcase;activity;timestamp,activity,3,1,GROUP BY;Negation,GROUP BY,2,1
57_25,57,"How long, on average, does each type of intervention carried out during the processing of declarations last?","WITH RankedEvents AS (SELECT id, activity, timestamp, LEAD(timestamp) OVER (PARTITION BY idcase ORDER BY timestamp) AS next_timestamp, idcase FROM event_log), DurationEvents AS (SELECT activity, (strftime('%s', next_timestamp) - strftime('%s', timestamp)) as duration FROM RankedEvents WHERE next_timestamp IS NOT NULL) SELECT activity, AVG(duration) AS average_duration FROM DurationEvents GROUP BY activity",Domain,no_hardness,2,0,True,idcase;activity;timestamp,,3,0,GROUP BY;Negation,GROUP BY,2,1
58_0,58,Which are the cases with the highest cost?,SELECT idcase FROM event_log GROUP BY idcase HAVING SUM(cost) = (SELECT SUM(cost) FROM event_log  GROUP BY idcase ORDER BY SUM(cost) DESC LIMIT 1) ,Generic,hard,0,0,False,idcase;cost,cost,2,1,SUM;GROUP BY,,2,0
58_1,58,Which cases have the highest cost?,SELECT idcase FROM event_log GROUP BY idcase HAVING SUM(cost) = (SELECT SUM(cost) FROM event_log  GROUP BY idcase ORDER BY SUM(cost) DESC LIMIT 1) ,Generic,hard,0,0,False,idcase;cost,cost,2,1,SUM;GROUP BY,,2,0
58_2,58,Which cases have the maximum cost already recorded in the event log?,SELECT idcase FROM event_log GROUP BY idcase HAVING SUM(cost) = (SELECT SUM(cost) FROM event_log  GROUP BY idcase ORDER BY SUM(cost) DESC LIMIT 1) ,Generic,hard,0,0,False,idcase;cost,cost,2,1,SUM;GROUP BY,,2,0
58_3,58,Present cases whose costs are equal to the highest cost.,SELECT idcase FROM event_log GROUP BY idcase HAVING SUM(cost) = (SELECT SUM(cost) FROM event_log  GROUP BY idcase ORDER BY SUM(cost) DESC LIMIT 1) ,Generic,hard,0,0,False,idcase;cost,cost,2,1,SUM;GROUP BY,,2,0
58_4,58,Present cases whose costs are equal to the maximum cost already recorded in the event log.,SELECT idcase FROM event_log GROUP BY idcase HAVING SUM(cost) = (SELECT SUM(cost) FROM event_log  GROUP BY idcase ORDER BY SUM(cost) DESC LIMIT 1) ,Generic,hard,0,0,False,idcase;cost,cost,2,1,SUM;GROUP BY,,2,0
58_5,58,Present the highest cost cases.,SELECT idcase FROM event_log GROUP BY idcase HAVING SUM(cost) = (SELECT SUM(cost) FROM event_log  GROUP BY idcase ORDER BY SUM(cost) DESC LIMIT 1) ,Generic,hard,0,0,False,idcase;cost,cost,2,1,SUM;GROUP BY,,2,0
58_6,58,Which declarations represent the highest cost to the university?,SELECT idcase FROM event_log GROUP BY idcase HAVING SUM(cost) = (SELECT SUM(cost) FROM event_log  GROUP BY idcase ORDER BY SUM(cost) DESC LIMIT 1) ,Domain,hard,0,0,False,idcase;cost,cost,2,1,SUM;GROUP BY,,2,0
59_0,59,What are the events with the highest cost?,SELECT * FROM event_log WHERE cost = (SELECT MAX(cost) FROM event_log),Generic,hard,0,0,False,cost,cost,1,1,MAX,MAX,1,1
59_1,59,Which events have the highest cost?,SELECT * FROM event_log WHERE cost = (SELECT MAX(cost) FROM event_log),Generic,hard,0,0,False,cost,cost,1,1,MAX,MAX,1,1
59_2,59,Which events have the maximum cost?,SELECT * FROM event_log WHERE cost = (SELECT MAX(cost) FROM event_log),Generic,hard,0,0,False,cost,cost,1,1,MAX,MAX,1,1
59_3,59,Which events have the maximum cost amount?,SELECT * FROM event_log WHERE cost = (SELECT MAX(cost) FROM event_log),Generic,hard,0,0,False,cost,cost,1,1,MAX,MAX,1,1
59_4,59,Present the events whose costs are equal to the highest cost.,SELECT * FROM event_log WHERE cost = (SELECT MAX(cost) FROM event_log),Generic,hard,0,0,False,cost,cost,1,1,MAX,MAX,1,1
59_5,59,Present the events whose costs are maximum.,SELECT * FROM event_log WHERE cost = (SELECT MAX(cost) FROM event_log),Generic,hard,0,0,False,cost,cost,1,1,MAX,MAX,1,1
59_6,59,Present the highest-cost events.,SELECT * FROM event_log WHERE cost = (SELECT MAX(cost) FROM event_log),Generic,hard,0,0,False,cost,,1,0,MAX,MAX,1,1
59_7,59,Present the events whose cost amounts are the highest.,SELECT * FROM event_log WHERE cost = (SELECT MAX(cost) FROM event_log),Generic,hard,0,0,False,cost,cost,1,1,MAX,MAX,1,1
59_8,59,Present the events whose cost amounts are equal to the maximum cost.,SELECT * FROM event_log WHERE cost = (SELECT MAX(cost) FROM event_log),Generic,hard,0,0,False,cost,cost,1,1,MAX,MAX,1,1
59_9,59,Present the events with the highest cost amount.,SELECT * FROM event_log WHERE cost = (SELECT MAX(cost) FROM event_log),Generic,hard,0,0,False,cost,cost,1,1,MAX,MAX,1,1
59_10,59,Report the events whose costs are the highest.,SELECT * FROM event_log WHERE cost = (SELECT MAX(cost) FROM event_log),Generic,hard,0,0,False,cost,cost,1,1,MAX,MAX,1,1
59_11,59,Report the events whose costs are equal to the maximum cost.,SELECT * FROM event_log WHERE cost = (SELECT MAX(cost) FROM event_log),Generic,hard,0,0,False,cost,cost,1,1,MAX,MAX,1,1
59_12,59,Report the highest cost events.,SELECT * FROM event_log WHERE cost = (SELECT MAX(cost) FROM event_log),Generic,hard,0,0,False,cost,cost,1,1,MAX,MAX,1,1
59_13,59,Report the events whose cost amounts are the highest.,SELECT * FROM event_log WHERE cost = (SELECT MAX(cost) FROM event_log),Generic,hard,0,0,False,cost,cost,1,1,MAX,MAX,1,1
59_14,59,Report the events whose cost amounts are the maximum.,SELECT * FROM event_log WHERE cost = (SELECT MAX(cost) FROM event_log),Generic,hard,0,0,False,cost,cost,1,1,MAX,MAX,1,1
59_15,59,Report the events with the highest-cost amount.,SELECT * FROM event_log WHERE cost = (SELECT MAX(cost) FROM event_log),Generic,hard,0,0,False,cost,cost,1,1,MAX,MAX,1,1
59_16,59,Which interventions have their costs equal to the highest cost already recorded?,SELECT * FROM event_log WHERE cost = (SELECT MAX(cost) FROM event_log),Domain,hard,0,0,False,cost,cost,1,1,MAX,MAX,1,1
60_0,60,"List the events, with their attributes, that refer to the 'start trip' activity.",select * from event_log where activity = 'Start trip',Value,easy,1,1,True,activity,activity,1,1,,,0,0
60_1,60,"List the events, with their respective attributes, that refer to the 'start trip' activity.",select * from event_log where activity = 'Start trip',Value,easy,1,1,True,activity,activity,1,1,,,0,0
60_2,60,"List the events, with their attributes, that refer to the performance of the 'start trip' activity.",select * from event_log where activity = 'Start trip',Value,easy,1,1,True,activity,activity,1,1,,,0,0
60_3,60,"List the events, with their respective attributes, that refer to the performance of the 'start trip' activity.",select * from event_log where activity = 'Start trip',Value,easy,1,1,True,activity,activity,1,1,,,0,0
60_4,60,List all available information about the events that relate to the 'start trip' activity.,select * from event_log where activity = 'Start trip',Value,easy,1,1,True,activity,activity,1,1,,,0,0
60_5,60,List all available information about the events that relate to the performance of the 'start trip' activity.,select * from event_log where activity = 'Start trip',Value,easy,1,1,True,activity,activity,1,1,,,0,0
60_6,60,List all available information regarding events related to the performance of the 'start trip' activity.,select * from event_log where activity = 'Start trip',Value,easy,1,1,True,activity,activity,1,1,,,0,0
60_7,60,List all available information regarding the events resulting from the performance of the 'start trip' activity.,select * from event_log where activity = 'Start trip',Value,easy,1,1,True,activity,activity,1,1,,,0,0
60_8,60,"Present the events, with their attributes, that refer to the 'start trip' activity.",select * from event_log where activity = 'Start trip',Value,easy,1,1,True,activity,activity,1,1,,,0,0
60_9,60,"Present the events, with their respective attributes, that refer to the 'start trip' activity.",select * from event_log where activity = 'Start trip',Value,easy,1,1,True,activity,activity,1,1,,,0,0
60_10,60,"Present the events, with their attributes, that refer to the performance of the 'start trip' activity.",select * from event_log where activity = 'Start trip',Value,easy,1,1,True,activity,activity,1,1,,,0,0
60_11,60,Present all available information about the events that relate to the 'start trip' activity.,select * from event_log where activity = 'Start trip',Value,easy,1,1,True,activity,activity,1,1,,,0,0
60_12,60,Present all available information about the events that refer to the 'start trip' activity.,select * from event_log where activity = 'Start trip',Value,easy,1,1,True,activity,activity,1,1,,,0,0
60_13,60,Present all available information about the events that relate to the performance of the 'start trip' activity.,select * from event_log where activity = 'Start trip',Value,easy,1,1,True,activity,activity,1,1,,,0,0
60_14,60,Present all available information referring to the events related to the performance of the 'start trip' activity.,select * from event_log where activity = 'Start trip',Value,easy,1,1,True,activity,activity,1,1,,,0,0
60_15,60,Present all available information referring to the events resulting from the performance of the 'start trip' activity.,select * from event_log where activity = 'Start trip',Value,easy,1,1,True,activity,activity,1,1,,,0,0
60_16,60,Make a report with all the information regarding the interventions that generated a record of the start of the trip.,select * from event_log where activity = 'Start trip',Domain,easy,1,0,True,activity,,1,0,,,0,0
60_17,60,Extract data describing the interventions that determine the start of a trip.,select * from event_log where activity = 'Start trip',Domain,easy,1,0,True,activity,,1,0,,,0,0
61_0,61,What is the total number of records per activity?,"select activity, count(*) from event_log group by activity",Generic,medium,0,0,False,activity,activity,1,1,COUNT;GROUP BY,COUNT;GROUP BY,2,2
61_1,61,What is the total number of performances of each activity?,"select activity, count(*) from event_log group by activity",Generic,medium,0,0,False,activity,activity,1,1,COUNT;GROUP BY,COUNT;GROUP BY,2,2
61_2,61,What is the total quantity of performances of each activity?,"select activity, count(*) from event_log group by activity",Generic,medium,0,0,False,activity,activity,1,1,COUNT;GROUP BY,GROUP BY,2,1
61_3,61,How many events are there associated with each activity?,"select activity, count(*) from event_log group by activity",Generic,medium,0,0,False,activity,activity,1,1,COUNT;GROUP BY,COUNT;GROUP BY,2,2
61_4,61,How many times was each activity performed?,"select activity, count(*) from event_log group by activity",Generic,medium,0,0,False,activity,activity,1,1,COUNT;GROUP BY,COUNT;GROUP BY,2,2
61_5,61,How many performances of each activity were recorded?,"select activity, count(*) from event_log group by activity",Generic,medium,0,0,False,activity,activity,1,1,COUNT;GROUP BY,COUNT;GROUP BY,2,2
61_6,61,Report how many events are associated with the performance of each activity.,"select activity, count(*) from event_log group by activity",Generic,medium,0,0,False,activity,activity,1,1,COUNT;GROUP BY,COUNT;GROUP BY,2,2
61_7,61,"For each activity, how many events are related to its performance?","select activity, count(*) from event_log group by activity",Generic,medium,0,0,False,activity,activity,1,1,COUNT;GROUP BY,COUNT;GROUP BY,2,2
61_8,61,"Report, for each activity, the number of events resulting from its performance","select activity, count(*) from event_log group by activity",Generic,medium,0,0,False,activity,activity,1,1,COUNT;GROUP BY,COUNT;GROUP BY,2,2
61_9,61,"For each activity, how many events result from its performance?","select activity, count(*) from event_log group by activity",Generic,medium,0,0,False,activity,activity,1,1,COUNT;GROUP BY,COUNT;GROUP BY,2,2
61_10,61,"Report, for each activity, the number of events related to its performance","select activity, count(*) from event_log group by activity",Generic,medium,0,0,False,activity,activity,1,1,COUNT;GROUP BY,COUNT;GROUP BY,2,2
61_11,61,How many events are associated with the performance of each activity?,"select activity, count(*) from event_log group by activity",Generic,medium,0,0,False,activity,activity,1,1,COUNT;GROUP BY,COUNT;GROUP BY,2,2
61_12,61,Report the total number of performances for each activity,"select activity, count(*) from event_log group by activity",Generic,medium,0,0,False,activity,activity,1,1,COUNT;GROUP BY,COUNT;GROUP BY,2,2
61_13,61,Report the total quantity of performances for each activity,"select activity, count(*) from event_log group by activity",Generic,medium,0,0,False,activity,activity,1,1,COUNT;GROUP BY,GROUP BY,2,1
61_14,61,Report how many events there are associated with each activity,"select activity, count(*) from event_log group by activity",Generic,medium,0,0,False,activity,activity,1,1,COUNT;GROUP BY,COUNT;GROUP BY,2,2
61_15,61,Report how many times each activity was performed,"select activity, count(*) from event_log group by activity",Generic,medium,0,0,False,activity,activity,1,1,COUNT;GROUP BY,COUNT;GROUP BY,2,2
61_16,61,Report how many performances of each activity were recorded,"select activity, count(*) from event_log group by activity",Generic,medium,0,0,False,activity,activity,1,1,COUNT;GROUP BY,COUNT;GROUP BY,2,2
61_17,61,Each type of possible action during the processing of a declaration is related to a number of interventions. Make a report on this quantity.,"select activity, count(*) from event_log group by activity",Domain,medium,0,0,False,activity,activity,1,1,COUNT;GROUP BY,COUNT;GROUP BY,2,2
61_18,61,"When processing declarations, several actions are possible. How many times was each of these actions performed?","select activity, count(*) from event_log group by activity",Domain,medium,0,0,False,activity,,1,0,COUNT;GROUP BY,COUNT;GROUP BY,2,2
61_19,61,Make a report reporting the number of interventions that have already been registered for each type of possible action in processing declarations.,"select activity, count(*) from event_log group by activity",Domain,medium,0,0,False,activity,activity,1,1,COUNT;GROUP BY,COUNT;GROUP BY,2,2
61_20,61,"Report the number of interventions that were carried out in the declarations, considering each type of possible action.","select activity, count(*) from event_log group by activity",Domain,medium,0,0,False,activity,activity,1,1,COUNT;GROUP BY,COUNT;GROUP BY,2,2
61_21,61,How many interventions have already been recorded for each type of possible action on declarations?,"select activity, count(*) from event_log group by activity",Domain,medium,0,0,False,activity,activity,1,1,COUNT;GROUP BY,COUNT;GROUP BY,2,2
61_22,61,"Recover the number of interventions that were carried out in the declarations, considering each type of possible action.","select activity, count(*) from event_log group by activity",Domain,medium,0,0,False,activity,activity,1,1,COUNT;GROUP BY,COUNT;GROUP BY,2,2
61_23,61,"How many interventions were made in the declarations, considering each type of possible action?","select activity, count(*) from event_log group by activity",Domain,medium,0,0,False,activity,activity,1,1,COUNT;GROUP BY,COUNT;GROUP BY,2,2
62_0,62,"Present the cost of each event and the activity performed, ordered by the cost of the event.","select cost, activity from event_log order by cost",Generic,medium,0,0,False,activity;cost,activity;cost,2,2,,,0,0
62_1,62,"Present the cost of the event and associated activity, ordered by the cost of the event.","select cost, activity from event_log order by cost",Generic,medium,0,0,False,activity;cost,activity;cost,2,2,,,0,0
62_2,62,"Present the cost of each event and the corresponding activity performed, ordered by the cost of the event.","select cost, activity from event_log order by cost",Generic,medium,0,0,False,activity;cost,activity;cost,2,2,,,0,0
62_3,62,"List the cost of each event and associated activity, ordered by the cost of the event.","select cost, activity from event_log order by cost",Generic,medium,0,0,False,activity;cost,activity;cost,2,2,,,0,0
62_4,62,"List the cost of each event and the activity performed, ordered by the cost of the event.","select cost, activity from event_log order by cost",Generic,medium,0,0,False,activity;cost,activity;cost,2,2,,,0,0
62_5,62,"List the cost of each event and the corresponding activity performed, ordered by the cost of the event.","select cost, activity from event_log order by cost",Generic,medium,0,0,False,activity;cost,activity;cost,2,2,,,0,0
62_6,62,"Create a report that informs how much each intervention carried out on the declarations costs, adding information about which action each intervention refers to. Present the report in order from highest to lowest cost already recorded.","select cost, activity from event_log order by cost",Domain,medium,0,0,False,activity;cost,activity;cost,2,2,,,0,0
62_7,62,"Create a report on the costs of performing declaration processing tasks, presenting the information from highest to lowest cost.","select cost, activity from event_log order by cost",Domain,medium,0,0,False,activity;cost,cost,2,1,,,0,0
63_0,63,"List all events, and their attributes, that are associated with 'permit' activities.",SELECT * FROM event_log WHERE activity LIKE '%Permit%',Value,medium,1,0,True,activity,activity,1,1,,,0,0
63_1,63,"List all events, and their corresponding attribute values, that are associated with the 'permit' activity.",SELECT * FROM event_log WHERE activity LIKE '%Permit%',Value,medium,1,0,True,activity,activity,1,1,,,0,0
63_2,63,"Retrieve all events, and their attributes, that are associated with the 'permit' activity.",SELECT * FROM event_log WHERE activity LIKE '%Permit%',Value,medium,1,0,True,activity,activity,1,1,,,0,0
63_3,63,What are the events associated with performing the 'permit' activity? List all event attributes.,SELECT * FROM event_log WHERE activity LIKE '%Permit%',Value,medium,1,0,True,activity,activity,1,1,,,0,0
63_4,63,What are the events associated with performing the 'permit' activity? List all attributes of each event.,SELECT * FROM event_log WHERE activity LIKE '%Permit%',Value,medium,1,0,True,activity,activity,1,1,,,0,0
63_5,63,"What are the events, and their corresponding attribute values, referring to the 'permit' activity?",SELECT * FROM event_log WHERE activity LIKE '%Permit%',Value,medium,1,0,True,activity,activity,1,1,,,0,0
63_6,63,The performances of the 'permit' activity are associated with which events? How are these events characterized?,SELECT * FROM event_log WHERE activity LIKE '%Permit%',Value,medium,1,0,True,activity,activity,1,1,,,0,0
63_7,63,What characterizes the events associated with the performance of the 'permit' activity?,SELECT * FROM event_log WHERE activity LIKE '%Permit%',Value,medium,1,0,True,activity,activity,1,1,,,0,0
63_8,63,Show the attribute values of the events associated with the 'permit' activity.,SELECT * FROM event_log WHERE activity LIKE '%Permit%',Value,medium,1,0,True,activity,activity,1,1,,,0,0
63_9,63,The 'permit' activity is associated with which events? List the attribute values of these events.,SELECT * FROM event_log WHERE activity LIKE '%Permit%',Value,medium,1,0,True,activity,activity,1,1,,,0,0
63_10,63,What characterizes the interventions that generate a permit during the processing of a declaration?,SELECT * FROM event_log WHERE activity LIKE '%Permit%',Domain,medium,1,0,True,activity,,1,0,,,0,0
63_11,63,"What information is associated with permit interventions, within the processing of a declaration?",SELECT * FROM event_log WHERE activity LIKE '%Permit%',Domain,medium,1,0,True,activity,,1,0,,,0,0
64_0,64,What is the highest event cost amount in the event log?,SELECT MAX(cost) FROM event_log,Generic,easy,0,0,False,cost,cost,1,1,MAX,MAX,1,1
64_1,64,What is the highest event cost amount in the log?,SELECT MAX(cost) FROM event_log,Generic,easy,0,0,False,cost,cost,1,1,MAX,MAX,1,1
64_2,64,What is the highest cost in the event log?,SELECT MAX(cost) FROM event_log,Generic,easy,0,0,False,cost,cost,1,1,MAX,MAX,1,1
64_3,64,Report the highest cost already recorded in the event log.,SELECT MAX(cost) FROM event_log,Generic,easy,0,0,False,cost,cost,1,1,MAX,MAX,1,1
64_4,64,Report the highest cost in the event log.,SELECT MAX(cost) FROM event_log,Generic,easy,0,0,False,cost,cost,1,1,MAX,MAX,1,1
64_5,64,What was the amount spent on the most expensive intervention already recorded during the processing of declarations?,SELECT MAX(cost) FROM event_log,Domain,easy,0,0,False,cost,cost,1,1,MAX,MAX,1,1
65_0,65,What were the cases in which both the 'Sara' and 'Thomas' resources participated?,SELECT idcase FROM event_log WHERE resource = 'Sara' INTERSECT SELECT idcase FROM event_log WHERE resource = 'Thomas',Value,hard,2,2,True,idcase;resource,resource,2,1,Set operation,,1,0
65_1,65,Retrieve cases where both the 'Sara' resource and the 'Thomas' resource participated.,SELECT idcase FROM event_log WHERE resource = 'Sara' INTERSECT SELECT idcase FROM event_log WHERE resource = 'Thomas',Value,hard,2,2,True,idcase;resource,resource,2,1,Set operation,,1,0
65_2,65,List the identifiers of the cases in which the 'Sara' and 'Thomas' resources acted.,SELECT idcase FROM event_log WHERE resource = 'Sara' INTERSECT SELECT idcase FROM event_log WHERE resource = 'Thomas',Value,hard,2,2,True,idcase;resource,resource,2,1,Set operation,,1,0
65_3,65,The 'Sara' and 'Thomas' resources both participated in which cases?,SELECT idcase FROM event_log WHERE resource = 'Sara' INTERSECT SELECT idcase FROM event_log WHERE resource = 'Thomas',Value,hard,2,2,True,idcase;resource,resource,2,1,Set operation,,1,0
65_4,65,The 'Sara' and 'Thomas' resources participated together in which cases?,SELECT idcase FROM event_log WHERE resource = 'Sara' INTERSECT SELECT idcase FROM event_log WHERE resource = 'Thomas',Value,hard,2,2,True,idcase;resource,resource,2,1,Set operation,,1,0
65_5,65,What are the declarations in which both Sara and Thomas participated together?,SELECT idcase FROM event_log WHERE resource = 'Sara' INTERSECT SELECT idcase FROM event_log WHERE resource = 'Thomas',Domain,hard,2,2,True,idcase;resource,,2,0,Set operation,,1,0
66_0,66,How many activities named 'declaration rejected by administration' were performed by each resource?,"SELECT COUNT(*), resource FROM event_log WHERE activity = 'Declaration rejected by administration' GROUP BY resource",Value,medium,1,1,True,activity;resource,activity;resource,2,2,COUNT;GROUP BY,COUNT;GROUP BY,2,2
66_1,66,How many activities marked as 'declaration rejected by administration' were performed by each resource?,"SELECT COUNT(*), resource FROM event_log WHERE activity = 'Declaration rejected by administration' GROUP BY resource",Value,medium,1,1,True,activity;resource,activity;resource,2,2,COUNT;GROUP BY,COUNT;GROUP BY,2,2
66_2,66,Report how many activities named 'declaration rejected by administration' were performed by each resource.,"SELECT COUNT(*), resource FROM event_log WHERE activity = 'Declaration rejected by administration' GROUP BY resource",Value,medium,1,1,True,activity;resource,activity;resource,2,2,COUNT;GROUP BY,COUNT;GROUP BY,2,2
66_3,66,Report how many activities marked as 'declaration rejected by administration' were performed by each resource.,"SELECT COUNT(*), resource FROM event_log WHERE activity = 'Declaration rejected by administration' GROUP BY resource",Value,medium,1,1,True,activity;resource,activity;resource,2,2,COUNT;GROUP BY,COUNT;GROUP BY,2,2
66_4,66,How many instances of performing the activity named 'declaration rejected by administration' were the responsibility of each resource?,"SELECT COUNT(*), resource FROM event_log WHERE activity = 'Declaration rejected by administration' GROUP BY resource",Value,medium,1,1,True,activity;resource,activity;resource,2,2,COUNT;GROUP BY,COUNT;GROUP BY,2,2
66_5,66,How many times was each resource responsible for carrying out an activity named 'declaration rejected by administration'?,"SELECT COUNT(*), resource FROM event_log WHERE activity = 'Declaration rejected by administration' GROUP BY resource",Value,medium,1,1,True,activity;resource,activity;resource,2,2,COUNT;GROUP BY,COUNT;GROUP BY,2,2
66_6,66,Report the number of times each resource was associated with the performance of an activity named 'declaration rejected by administration'.,"SELECT COUNT(*), resource FROM event_log WHERE activity = 'Declaration rejected by administration' GROUP BY resource",Value,medium,1,1,True,activity;resource,activity;resource,2,2,COUNT;GROUP BY,COUNT;GROUP BY,2,2
66_7,66,Report how many instances of executing the activity named 'declaration rejected by administration' were the responsibility of each resource.,"SELECT COUNT(*), resource FROM event_log WHERE activity = 'Declaration rejected by administration' GROUP BY resource",Value,medium,1,1,True,activity;resource,activity;resource,2,2,COUNT;GROUP BY,COUNT;GROUP BY,2,2
66_8,66,"For each resource, retrieve information about how many times it has been associated with performing the 'declaration rejected by administration' activity.","SELECT COUNT(*), resource FROM event_log WHERE activity = 'Declaration rejected by administration' GROUP BY resource",Value,medium,1,1,True,activity;resource,activity;resource,2,2,COUNT;GROUP BY,COUNT;GROUP BY,2,2
66_9,66,How many events associated with a 'declaration rejected by administration' were the responsibility of each resource?,"SELECT COUNT(*), resource FROM event_log WHERE activity = 'Declaration rejected by administration' GROUP BY resource",Value,medium,1,1,True,activity;resource,resource,2,1,COUNT;GROUP BY,COUNT;GROUP BY,2,2
66_10,66,How many times was each employee responsible for rejecting a declaration performing the role of administrator?,"SELECT COUNT(*), resource FROM event_log WHERE activity = 'Declaration rejected by administration' GROUP BY resource",Domain,medium,1,0,True,activity;resource,resource,2,1,COUNT;GROUP BY,COUNT;GROUP BY,2,2
67_0,67,Report how many activities named 'declaration rejected by administration' were performed by each resource in each case.,"SELECT COUNT(*), resource, idcase FROM event_log WHERE activity = 'Declaration rejected by administration'  GROUP BY idcase, resource",Value,extra,1,1,True,idcase;activity;resource,idcase;activity;resource,3,3,COUNT;GROUP BY,COUNT;GROUP BY,2,2
67_1,67,How many activities marked as 'declaration rejected by administration' were performed by each resource in each case?,"SELECT COUNT(*), resource, idcase FROM event_log WHERE activity = 'Declaration rejected by administration'  GROUP BY idcase, resource",Value,extra,1,1,True,idcase;activity;resource,idcase;activity;resource,3,3,COUNT;GROUP BY,COUNT;GROUP BY,2,2
67_2,67,Report how many activities marked as 'declaration rejected by administration' were performed by each resource in each case.,"SELECT COUNT(*), resource, idcase FROM event_log WHERE activity = 'Declaration rejected by administration'  GROUP BY idcase, resource",Value,extra,1,1,True,idcase;activity;resource,idcase;activity;resource,3,3,COUNT;GROUP BY,COUNT;GROUP BY,2,2
67_3,67,How many instances of performing the activity named 'declaration rejected by administration' were the responsibility of each resource in each case?,"SELECT COUNT(*), resource, idcase FROM event_log WHERE activity = 'Declaration rejected by administration'  GROUP BY idcase, resource",Value,extra,1,1,True,idcase;activity;resource,idcase;activity;resource,3,3,COUNT;GROUP BY,COUNT;GROUP BY,2,2
67_4,67,How many times was each resource responsible for carrying out an activity named 'declaration rejected by administration' in each case?,"SELECT COUNT(*), resource, idcase FROM event_log WHERE activity = 'Declaration rejected by administration'  GROUP BY idcase, resource",Value,extra,1,1,True,idcase;activity;resource,idcase;activity;resource,3,3,COUNT;GROUP BY,COUNT;GROUP BY,2,2
67_5,67,"Report the number of times each resource was associated with the performance of an activity named 'declaration rejected by administration', in each case.","SELECT COUNT(*), resource, idcase FROM event_log WHERE activity = 'Declaration rejected by administration'  GROUP BY idcase, resource",Value,extra,1,1,True,idcase;activity;resource,idcase;activity;resource,3,3,COUNT;GROUP BY,COUNT;GROUP BY,2,2
67_6,67,Report how many instances of carrying out the activity named 'declaration rejected by administration' were the responsibility of each resource in each case?,"SELECT COUNT(*), resource, idcase FROM event_log WHERE activity = 'Declaration rejected by administration'  GROUP BY idcase, resource",Value,extra,1,1,True,idcase;activity;resource,idcase;activity;resource,3,3,COUNT;GROUP BY,COUNT;GROUP BY,2,2
67_7,67,"For each resource, retrieve information about how many times it was associated with executing the 'declaration rejected by administration' activity in each case.","SELECT COUNT(*), resource, idcase FROM event_log WHERE activity = 'Declaration rejected by administration'  GROUP BY idcase, resource",Value,extra,1,1,True,idcase;activity;resource,idcase;activity;resource,3,3,COUNT;GROUP BY,COUNT;GROUP BY,2,2
67_8,67,How many events associated with a 'declaration rejected by administration' were the responsibility of each resource in each case?,"SELECT COUNT(*), resource, idcase FROM event_log WHERE activity = 'Declaration rejected by administration'  GROUP BY idcase, resource",Value,extra,1,1,True,idcase;activity;resource,idcase;resource,3,2,COUNT;GROUP BY,COUNT;GROUP BY,2,2
67_9,67,"How many times was each employee responsible for rejecting a declaration, performing the role of administrator, in each of the declarations already processed?","SELECT COUNT(*), resource, idcase FROM event_log WHERE activity = 'Declaration rejected by administration'  GROUP BY idcase, resource",Domain,extra,1,0,True,idcase;activity;resource,idcase;resource,3,2,COUNT;GROUP BY,COUNT;GROUP BY,2,2
68_0,68,What is the average event cost for activities other than 'start trip' and 'end trip'?,SELECT AVG(cost) FROM event_log WHERE activity != 'Start trip' AND activity != 'End trip',Value,medium,2,2,True,activity;cost,activity;cost,2,2,Negation,Negation,1,1
68_1,68,What is the average cost of events associated with activities other than 'start trip' and 'end trip'?,SELECT AVG(cost) FROM event_log WHERE activity != 'Start trip' AND activity != 'End trip',Value,medium,2,2,True,activity;cost,activity;cost,2,2,Negation,Negation,1,1
68_2,68,What is the mean cost of events associated with activities other than 'start trip' and 'end trip'?,SELECT AVG(cost) FROM event_log WHERE activity != 'Start trip' AND activity != 'End trip',Value,medium,2,2,True,activity;cost,activity;cost,2,2,Negation,Negation,1,1
68_3,68,Report the average cost of events associated with activities other than 'start trip' and 'end trip'.,SELECT AVG(cost) FROM event_log WHERE activity != 'Start trip' AND activity != 'End trip',Value,medium,2,2,True,activity;cost,activity;cost,2,2,Negation,Negation,1,1
68_4,68,Report the mean cost of events associated with activities other than 'start trip' and 'end trip'.,SELECT AVG(cost) FROM event_log WHERE activity != 'Start trip' AND activity != 'End trip',Value,medium,2,2,True,activity;cost,activity;cost,2,2,Negation,Negation,1,1
68_5,68,Calculate the average cost of events associated with activities other than 'start trip' and 'end trip'.,SELECT AVG(cost) FROM event_log WHERE activity != 'Start trip' AND activity != 'End trip',Value,medium,2,2,True,activity;cost,activity;cost,2,2,Negation,Negation,1,1
68_6,68,Calculate the mean cost of events associated with activities other than 'start trip' and 'end trip'.,SELECT AVG(cost) FROM event_log WHERE activity != 'Start trip' AND activity != 'End trip',Value,medium,2,2,True,activity;cost,activity;cost,2,2,Negation,Negation,1,1
68_7,68,What is the average cost of events associated with activities that do not relate to the labels 'start trip' and 'end trip'?,SELECT AVG(cost) FROM event_log WHERE activity != 'Start trip' AND activity != 'End trip',Value,medium,2,2,True,activity;cost,activity;cost,2,2,Negation,Negation,1,1
68_8,68,What is the average cost of events associated with activities that are not named 'start trip' and 'end trip'?,SELECT AVG(cost) FROM event_log WHERE activity != 'Start trip' AND activity != 'End trip',Value,medium,2,2,True,activity;cost,activity;cost,2,2,Negation,Negation,1,1
68_9,68,"How much, on average, does an intervention cost, other than those that indicate the beginning or end of a trip?",SELECT AVG(cost) FROM event_log WHERE activity != 'Start trip' AND activity != 'End trip',Domain,medium,2,0,True,activity;cost,cost,2,1,Negation,Negation,1,1
69_0,69,Retrieve the attributes of the five highest-cost events.,SELECT * FROM event_log WHERE cost IN (SELECT DISTINCT cost FROM event_log ORDER BY cost DESC LIMIT 5),Value,hard,1,0,True,cost,,1,0,DISTINCT,,1,0
69_1,69,Select the five events with the highest costs. List all attributes of these events.,SELECT * FROM event_log WHERE cost IN (SELECT DISTINCT cost FROM event_log ORDER BY cost DESC LIMIT 5),Value,hard,1,0,True,cost,cost,1,1,DISTINCT,,1,0
69_2,69,What is the information on the 5 highest-cost events?,SELECT * FROM event_log WHERE cost IN (SELECT DISTINCT cost FROM event_log ORDER BY cost DESC LIMIT 5),Value,hard,1,1,True,cost,,1,0,DISTINCT,,1,0
69_3,69,List the attribute values of the five highest-cost events.,SELECT * FROM event_log WHERE cost IN (SELECT DISTINCT cost FROM event_log ORDER BY cost DESC LIMIT 5),Value,hard,1,0,True,cost,,1,0,DISTINCT,,1,0
69_4,69,Select the five highest-cost events. List all attributes of these events.,SELECT * FROM event_log WHERE cost IN (SELECT DISTINCT cost FROM event_log ORDER BY cost DESC LIMIT 5),Value,hard,1,0,True,cost,,1,0,DISTINCT,,1,0
69_5,69,Recover the attributes of the five highest-cost events.,SELECT * FROM event_log WHERE cost IN (SELECT DISTINCT cost FROM event_log ORDER BY cost DESC LIMIT 5),Value,hard,1,0,True,cost,,1,0,DISTINCT,,1,0
69_6,69,List the values of the attributes of the five highest-cost events.,SELECT * FROM event_log WHERE cost IN (SELECT DISTINCT cost FROM event_log ORDER BY cost DESC LIMIT 5),Value,hard,1,0,True,cost,,1,0,DISTINCT,,1,0
69_7,69,Create a report that organizes data relating to the five most expensive interventions already recorded.,SELECT * FROM event_log WHERE cost IN (SELECT DISTINCT cost FROM event_log ORDER BY cost DESC LIMIT 5),Domain,hard,1,0,True,cost,,1,0,DISTINCT,,1,0
69_8,69,Select the five events with the highest costs.,SELECT * FROM event_log WHERE cost IN (SELECT DISTINCT cost FROM event_log ORDER BY cost DESC LIMIT 5),Generic,hard,1,0,True,cost,cost,1,1,DISTINCT,,1,0
69_9,69,What are the 5 highest-cost events?,SELECT * FROM event_log WHERE cost IN (SELECT DISTINCT cost FROM event_log ORDER BY cost DESC LIMIT 5),Generic,hard,1,1,True,cost,,1,0,DISTINCT,,1,0
69_10,69,Recover the five highest-cost events.,SELECT * FROM event_log WHERE cost IN (SELECT DISTINCT cost FROM event_log ORDER BY cost DESC LIMIT 5),Generic,hard,1,0,True,cost,,1,0,DISTINCT,,1,0
69_11,69,List five higher-cost events.,SELECT * FROM event_log WHERE cost IN (SELECT DISTINCT cost FROM event_log ORDER BY cost DESC LIMIT 5),Generic,hard,1,0,True,cost,,1,0,DISTINCT,,1,0
69_12,69,Select the five highest-cost events.,SELECT * FROM event_log WHERE cost IN (SELECT DISTINCT cost FROM event_log ORDER BY cost DESC LIMIT 5),Generic,hard,1,0,True,cost,,1,0,DISTINCT,,1,0
69_13,69,Recover the five highest-cost events.,SELECT * FROM event_log WHERE cost IN (SELECT DISTINCT cost FROM event_log ORDER BY cost DESC LIMIT 5),Generic,hard,1,0,True,cost,,1,0,DISTINCT,,1,0
69_14,69,List the five highest-cost events.,SELECT * FROM event_log WHERE cost IN (SELECT DISTINCT cost FROM event_log ORDER BY cost DESC LIMIT 5),Generic,hard,1,0,True,cost,,1,0,DISTINCT,,1,0
69_15,69,What were the five most costly interventions in the processing of declarations?,SELECT * FROM event_log WHERE cost IN (SELECT DISTINCT cost FROM event_log ORDER BY cost DESC LIMIT 5),Domain,hard,1,0,True,cost,,1,0,DISTINCT,,1,0
71_0,71,What are the cases that have more than one event.,SELECT idcase FROM event_log GROUP BY idcase HAVING COUNT(*) > 1,Generic,easy,0,0,False,idcase,,1,0,COUNT;GROUP BY,,2,0
71_1,71,Retrieve the cases that have more than one event.,SELECT idcase FROM event_log GROUP BY idcase HAVING COUNT(*) > 1,Generic,easy,0,0,False,idcase,,1,0,COUNT;GROUP BY,,2,0
71_2,71,Report which cases have more than one event.,SELECT idcase FROM event_log GROUP BY idcase HAVING COUNT(*) > 1,Generic,easy,0,0,False,idcase,,1,0,COUNT;GROUP BY,,2,0
71_3,71,In which cases was more than one event performed?,SELECT idcase FROM event_log GROUP BY idcase HAVING COUNT(*) > 1,Generic,easy,0,0,False,idcase,,1,0,COUNT;GROUP BY,,2,0
71_4,71,In which cases did more than one event occur?,SELECT idcase FROM event_log GROUP BY idcase HAVING COUNT(*) > 1,Generic,easy,0,0,False,idcase,,1,0,COUNT;GROUP BY,,2,0
71_5,71,Which declarations have undergone more than one intervention?,SELECT idcase FROM event_log GROUP BY idcase HAVING COUNT(*) > 1,Domain,easy,0,0,False,idcase,,1,0,COUNT;GROUP BY,,2,0
72_0,72,In which cases is there more than one occurrence of activity?,"SELECT DISTINCT idcase FROM event_log GROUP BY idcase, activity HAVING COUNT(*) > 1",Generic,medium,0,0,False,idcase;activity,activity,2,1,COUNT;DISTINCT;GROUP BY,COUNT,3,1
72_1,72,Retrieve the cases that have more than one instance of activity.,"SELECT DISTINCT idcase FROM event_log GROUP BY idcase, activity HAVING COUNT(*) > 1",Generic,medium,0,0,False,idcase;activity,activity,2,1,COUNT;DISTINCT;GROUP BY,,3,0
72_2,72,Report which cases have more than one occurrence of activity.,"SELECT DISTINCT idcase FROM event_log GROUP BY idcase, activity HAVING COUNT(*) > 1",Generic,medium,0,0,False,idcase;activity,activity,2,1,COUNT;DISTINCT;GROUP BY,COUNT,3,1
72_3,72,In which cases was there more than one occurrence of activity?,"SELECT DISTINCT idcase FROM event_log GROUP BY idcase, activity HAVING COUNT(*) > 1",Generic,medium,0,0,False,idcase;activity,activity,2,1,COUNT;DISTINCT;GROUP BY,COUNT,3,1
72_4,72,In which declarations did an action have to be performed more than once?,"SELECT DISTINCT idcase FROM event_log GROUP BY idcase, activity HAVING COUNT(*) > 1",Domain,medium,0,0,False,idcase;activity,activity,2,1,COUNT;DISTINCT;GROUP BY,,3,0
73_0,73,"What events, and their attributes, occurred on the dates '2018-10-01' and '2018-10-02'?",SELECT * FROM event_log WHERE timestamp BETWEEN '2018-10-01' AND '2018-10-03',Value,easy,2,2,True,timestamp,,1,0,Temporal,Temporal,1,1
73_1,73,Which records occur on the dates '2018-10-01' and '2018-10-02'?,SELECT * FROM event_log WHERE timestamp BETWEEN '2018-10-01' AND '2018-10-03',Value,easy,2,2,True,timestamp,,1,0,Temporal,Temporal,1,1
73_2,73,"Retrieve the events, and their attributes, that occurred on the dates '2018-10-01' and '2018-10-02'.",SELECT * FROM event_log WHERE timestamp BETWEEN '2018-10-01' AND '2018-10-03',Value,easy,2,2,True,timestamp,,1,0,Temporal,Temporal,1,1
73_3,73,"List the events, and their attributes, that occurred on the dates '2018-10-01' and '2018-10-02'.",SELECT * FROM event_log WHERE timestamp BETWEEN '2018-10-01' AND '2018-10-03',Value,easy,2,2,True,timestamp,,1,0,Temporal,Temporal,1,1
73_4,73,"Report the events, and their attributes, that occurred on the dates '2018-10-01' and '2018-10-02'.",SELECT * FROM event_log WHERE timestamp BETWEEN '2018-10-01' AND '2018-10-03',Value,easy,2,2,True,timestamp,,1,0,Temporal,Temporal,1,1
73_5,73,On the dates '2018-10-01' and '2018-10-02' which events occurred. List all their attributes.,SELECT * FROM event_log WHERE timestamp BETWEEN '2018-10-01' AND '2018-10-03',Value,easy,2,2,True,timestamp,,1,0,Temporal,Temporal,1,1
73_6,73,What is the information regarding the events that occurred on the dates '2018-10-01' and '2018-10-02'?,SELECT * FROM event_log WHERE timestamp BETWEEN '2018-10-01' AND '2018-10-03',Value,easy,2,2,True,timestamp,,1,0,Temporal,Temporal,1,1
73_7,73,Retrieve data relating to events that occurred on the dates '2018-10-01' and '2018-10-02'.,SELECT * FROM event_log WHERE timestamp BETWEEN '2018-10-01' AND '2018-10-03',Value,easy,2,2,True,timestamp,,1,0,Temporal,Temporal,1,1
73_8,73,What happened in the declarations between '2018-10-01' and '2018-10-02'?,SELECT * FROM event_log WHERE timestamp BETWEEN '2018-10-01' AND '2018-10-03',Domain,easy,2,2,True,timestamp,,1,0,Temporal,Temporal,1,1
73_9,73,"What events, and their attributes, occurred on October first, 2018 and October second, 2018?",SELECT * FROM event_log WHERE timestamp BETWEEN '2018-10-01' AND '2018-10-03',Value,easy,2,2,True,timestamp,,1,0,Temporal,Temporal,1,1
73_10,73,"Retrieve the events, and their attributes, that occurred on the dates of October first, 2018 and October second, 2018.",SELECT * FROM event_log WHERE timestamp BETWEEN '2018-10-01' AND '2018-10-03',Value,easy,2,2,True,timestamp,,1,0,Temporal,Temporal,1,1
73_11,73,"List the events, and their attributes, that occurred on the dates of October first, 2018 and October second, 2018.",SELECT * FROM event_log WHERE timestamp BETWEEN '2018-10-01' AND '2018-10-03',Value,easy,2,2,True,timestamp,,1,0,Temporal,Temporal,1,1
73_12,73,"Report the events, and their attributes, that occurred on the dates of October first, 2018 and October second, 2018.",SELECT * FROM event_log WHERE timestamp BETWEEN '2018-10-01' AND '2018-10-03',Value,easy,2,2,True,timestamp,,1,0,Temporal,Temporal,1,1
73_13,73,"On dates October first, 2018 and October second, 2018 which events occurred? List all their attributes.",SELECT * FROM event_log WHERE timestamp BETWEEN '2018-10-01' AND '2018-10-03',Value,easy,2,2,True,timestamp,,1,0,Temporal,Temporal,1,1
73_14,73,"What is the information regarding the events that occurred on the dates of October first, 2018 and October second, 2018?",SELECT * FROM event_log WHERE timestamp BETWEEN '2018-10-01' AND '2018-10-03',Value,easy,2,2,True,timestamp,,1,0,Temporal,Temporal,1,1
73_15,73,"Retrieve data relating to events that occurred on the dates of October first, 2018 and October second, 2018.",SELECT * FROM event_log WHERE timestamp BETWEEN '2018-10-01' AND '2018-10-03',Value,easy,2,2,True,timestamp,,1,0,Temporal,Temporal,1,1
73_16,73,"What happened in the declarations between October first and second, 2018?",SELECT * FROM event_log WHERE timestamp BETWEEN '2018-10-01' AND '2018-10-03',Domain,easy,2,2,True,timestamp,,1,0,Temporal,Temporal,1,1
73_17,73,What interventions were carried out between October first and October second of the year 2018?,SELECT * FROM event_log WHERE timestamp BETWEEN '2018-10-01' AND '2018-10-03',Domain,easy,2,2,True,timestamp,timestamp,1,1,Temporal,Temporal,1,1
73_18,73,"What was done in the declarations between October first, 2018 and October second of the same year?",SELECT * FROM event_log WHERE timestamp BETWEEN '2018-10-01' AND '2018-10-03',Domain,easy,2,2,True,timestamp,timestamp,1,1,Temporal,Temporal,1,1
75_0,75,"Retrieve all events, and their attributes, that were performed by resources whose name starts with the letter 'M'.",SELECT * FROM event_log WHERE resource LIKE 'M%',Value,medium,1,0,True,resource,resource,1,1,,,0,0
75_1,75,What events were performed by resources whose name starts with the letter 'M'? List the events with all their attributes,SELECT * FROM event_log WHERE resource LIKE 'M%',Value,medium,1,0,True,resource,resource,1,1,,,0,0
75_2,75,"List all events, and their attributes, that were performed by resources whose name starts with the letter 'M'.",SELECT * FROM event_log WHERE resource LIKE 'M%',Value,medium,1,0,True,resource,resource,1,1,,,0,0
75_3,75,"Report all events, and their attributes, that were performed by resources whose name starts with the letter 'M'.",SELECT * FROM event_log WHERE resource LIKE 'M%',Value,medium,1,0,True,resource,resource,1,1,,,0,0
75_4,75,Retrieve all attributes of events that were performed by resources whose name starts with the letter 'M'.,SELECT * FROM event_log WHERE resource LIKE 'M%',Value,medium,1,0,True,resource,resource,1,1,,,0,0
75_5,75,What are the values of the attributes that characterize the events performed by resources whose name starts with the letter 'M'.,SELECT * FROM event_log WHERE resource LIKE 'M%',Value,medium,1,0,True,resource,resource,1,1,,,0,0
75_6,75,What have employees with names starting with the letter 'M' been doing during the processing of declarations?,SELECT * FROM event_log WHERE resource LIKE 'M%',Domain,medium,1,0,True,resource,resource,1,1,,,0,0
75_7,75,What were the interventions carried out by employees whose name starts with 'M'? Report everything about these interventions.,SELECT * FROM event_log WHERE resource LIKE 'M%',Domain,medium,1,0,True,resource,resource,1,1,,,0,0
76_0,76,Which activities were performed more than five times?,SELECT activity FROM event_log GROUP BY activity HAVING COUNT(*) > 5,Generic,easy,1,0,True,activity,activity,1,1,COUNT;GROUP BY,,2,0
76_1,76,What activities have more than 5 records?,SELECT activity FROM event_log GROUP BY activity HAVING COUNT(*) > 5,Generic,easy,1,1,True,activity,activity,1,1,COUNT;GROUP BY,,2,0
76_2,76,What activities appear more than five times in the event log?,SELECT activity FROM event_log GROUP BY activity HAVING COUNT(*) > 5,Generic,easy,1,0,True,activity,activity,1,1,COUNT;GROUP BY,,2,0
76_3,76,Which activities have more than five occurrences in the event log?,SELECT activity FROM event_log GROUP BY activity HAVING COUNT(*) > 5,Generic,easy,1,0,True,activity,activity,1,1,COUNT;GROUP BY,COUNT,2,1
76_4,76,Which activities are associated with more than five events?,SELECT activity FROM event_log GROUP BY activity HAVING COUNT(*) > 5,Generic,easy,1,0,True,activity,activity,1,1,COUNT;GROUP BY,,2,0
76_5,76,Retrieve the names of activities that have more than five occurrences in the event log.,SELECT activity FROM event_log GROUP BY activity HAVING COUNT(*) > 5,Generic,easy,1,0,True,activity,activity,1,1,COUNT;GROUP BY,COUNT,2,1
76_6,76,Retrieve the names of activities that are associated with more than five events.,SELECT activity FROM event_log GROUP BY activity HAVING COUNT(*) > 5,Generic,easy,1,0,True,activity,activity,1,1,COUNT;GROUP BY,,2,0
76_7,76,Retrieve the names of activities that appear more than five times in the event log.,SELECT activity FROM event_log GROUP BY activity HAVING COUNT(*) > 5,Generic,easy,1,0,True,activity,activity,1,1,COUNT;GROUP BY,,2,0
76_8,76,Report activities that have more than five occurrences in the event log.,SELECT activity FROM event_log GROUP BY activity HAVING COUNT(*) > 5,Generic,easy,1,0,True,activity,activity,1,1,COUNT;GROUP BY,COUNT,2,1
76_9,76,Report activities that are associated with more than five events.,SELECT activity FROM event_log GROUP BY activity HAVING COUNT(*) > 5,Generic,easy,1,0,True,activity,activity,1,1,COUNT;GROUP BY,,2,0
76_10,76,Report activities that appear more than five times in the event log.,SELECT activity FROM event_log GROUP BY activity HAVING COUNT(*) > 5,Generic,easy,1,0,True,activity,activity,1,1,COUNT;GROUP BY,,2,0
76_11,76,Which actions were performed more than five times during the processing of declarations?,SELECT activity FROM event_log GROUP BY activity HAVING COUNT(*) > 5,Domain,easy,1,0,True,activity,,1,0,COUNT;GROUP BY,,2,0
77_0,77,Which activities were performed more than three times per case?,"SELECT DISTINCT activity FROM event_log GROUP BY activity, idcase HAVING count(activity) > 3",Generic,medium,1,0,True,idcase;activity,idcase;activity,2,2,COUNT;DISTINCT;GROUP BY,GROUP BY,3,1
77_1,77,What activities appear more than three times in a single case?,"SELECT DISTINCT activity FROM event_log GROUP BY activity, idcase HAVING count(activity) > 3",Generic,medium,1,0,True,idcase;activity,idcase;activity,2,2,COUNT;DISTINCT;GROUP BY,,3,0
77_2,77,Which activities have more than three occurrences per case?,"SELECT DISTINCT activity FROM event_log GROUP BY activity, idcase HAVING count(activity) > 3",Generic,medium,1,0,True,idcase;activity,idcase;activity,2,2,COUNT;DISTINCT;GROUP BY,COUNT;GROUP BY,3,2
77_3,77,Which activities are associated with more than three events per case?,"SELECT DISTINCT activity FROM event_log GROUP BY activity, idcase HAVING count(activity) > 3",Generic,medium,1,0,True,idcase;activity,idcase;activity,2,2,COUNT;DISTINCT;GROUP BY,GROUP BY,3,1
77_4,77,Retrieve the names of activities that have more than three occurrences in a single case.,"SELECT DISTINCT activity FROM event_log GROUP BY activity, idcase HAVING count(activity) > 3",Generic,medium,1,0,True,idcase;activity,idcase;activity,2,2,COUNT;DISTINCT;GROUP BY,COUNT,3,1
77_5,77,Retrieve the names of activities that are associated with more than three events in a single case.,"SELECT DISTINCT activity FROM event_log GROUP BY activity, idcase HAVING count(activity) > 3",Generic,medium,1,0,True,idcase;activity,idcase;activity,2,2,COUNT;DISTINCT;GROUP BY,,3,0
77_6,77,Retrieve the names of activities that appear more than three times per case.,"SELECT DISTINCT activity FROM event_log GROUP BY activity, idcase HAVING count(activity) > 3",Generic,medium,1,0,True,idcase;activity,idcase;activity,2,2,COUNT;DISTINCT;GROUP BY,GROUP BY,3,1
77_7,77,Report activities that have more than three occurrences per case.,"SELECT DISTINCT activity FROM event_log GROUP BY activity, idcase HAVING count(activity) > 3",Generic,medium,1,0,True,idcase;activity,idcase;activity,2,2,COUNT;DISTINCT;GROUP BY,COUNT;GROUP BY,3,2
77_8,77,Report activities that are associated with more than three events per case.,"SELECT DISTINCT activity FROM event_log GROUP BY activity, idcase HAVING count(activity) > 3",Generic,medium,1,0,True,idcase;activity,idcase;activity,2,2,COUNT;DISTINCT;GROUP BY,GROUP BY,3,1
77_9,77,Report activities that appear more than three times in a single case.,"SELECT DISTINCT activity FROM event_log GROUP BY activity, idcase HAVING count(activity) > 3",Generic,medium,1,0,True,idcase;activity,idcase;activity,2,2,COUNT;DISTINCT;GROUP BY,,3,0
77_10,77,Analyze the declarations and check which actions were performed more than three times in each of them.,"SELECT DISTINCT activity FROM event_log GROUP BY activity, idcase HAVING count(activity) > 3",Domain,medium,1,0,True,idcase;activity,,2,0,COUNT;DISTINCT;GROUP BY,GROUP BY,3,1
78_0,78,How many events occurred for the 'declaration 56300' case?,SELECT count(*) FROM event_log WHERE idcase = 'declaration 56300',Value,easy,1,1,True,idcase,idcase,1,1,COUNT,COUNT,1,1
78_1,78,What is the size of the trace associated with the 'declaration 56300' case?,SELECT count(*) FROM event_log WHERE idcase = 'declaration 56300',Value,easy,1,1,True,idcase,idcase,1,1,COUNT,,1,0
78_2,78,How many events occurred in the 'declaration 56300' case?,SELECT count(*) FROM event_log WHERE idcase = 'declaration 56300',Value,easy,1,1,True,idcase,idcase,1,1,COUNT,COUNT,1,1
78_3,78,How many events were performed in the 'declaration 56300' case?,SELECT count(*) FROM event_log WHERE idcase = 'declaration 56300',Value,easy,1,1,True,idcase,idcase,1,1,COUNT,COUNT,1,1
78_4,78,How many events does the 'declaration 56300' case have?,SELECT count(*) FROM event_log WHERE idcase = 'declaration 56300',Value,easy,1,1,True,idcase,idcase,1,1,COUNT,COUNT,1,1
78_5,78,How many events were performed for the 'declaration 56300' case?,SELECT count(*) FROM event_log WHERE idcase = 'declaration 56300',Value,easy,1,1,True,idcase,idcase,1,1,COUNT,COUNT,1,1
78_6,78,Report how many actions happened in declaration 56300.,SELECT count(*) FROM event_log WHERE idcase = 'declaration 56300',Domain,easy,1,1,True,idcase,idcase,1,1,COUNT,COUNT,1,1
79_0,79,"Which activities were performed more than once before 01/10/2017, and how many times were they performed?","SELECT COUNT(*), activity FROM event_log WHERE timestamp < '2017-01-10' GROUP BY activity HAVING COUNT(*) > 1",Value,medium,1,1,True,activity;timestamp,activity,2,1,COUNT;GROUP BY,COUNT,2,1
79_1,79,"Report the activities that were performed more than once before 01/10/2017, and how many times they were performed.","SELECT COUNT(*), activity FROM event_log WHERE timestamp < '2017-01-10' GROUP BY activity HAVING COUNT(*) > 1",Value,medium,1,1,True,activity;timestamp,activity,2,1,COUNT;GROUP BY,COUNT,2,1
79_2,79,List the activities that were performed more than once before 01/10/2017 and how many times they were performed.,"SELECT COUNT(*), activity FROM event_log WHERE timestamp < '2017-01-10' GROUP BY activity HAVING COUNT(*) > 1",Value,medium,1,1,True,activity;timestamp,activity,2,1,COUNT;GROUP BY,COUNT,2,1
79_3,79,"Retrieve activities that were performed more than once before 01/10/2017, and how many times they were performed.","SELECT COUNT(*), activity FROM event_log WHERE timestamp < '2017-01-10' GROUP BY activity HAVING COUNT(*) > 1",Value,medium,1,1,True,activity;timestamp,activity,2,1,COUNT;GROUP BY,COUNT,2,1
79_4,79,"If any activity was performed more than once before 01/10/2017, retrieve the name of the activity and how many times it was performed.","SELECT COUNT(*), activity FROM event_log WHERE timestamp < '2017-01-10' GROUP BY activity HAVING COUNT(*) > 1",Value,medium,1,1,True,activity;timestamp,activity,2,1,COUNT;GROUP BY,COUNT,2,1
79_5,79,"If any activity was performed more than once before 01/10/2017, list the name of the activity and how many times it was performed.","SELECT COUNT(*), activity FROM event_log WHERE timestamp < '2017-01-10' GROUP BY activity HAVING COUNT(*) > 1",Value,medium,1,1,True,activity;timestamp,activity,2,1,COUNT;GROUP BY,COUNT,2,1
79_6,79,"If any activity was performed more than once before 01/10/2017, report the name of the activity and how many times it was performed.","SELECT COUNT(*), activity FROM event_log WHERE timestamp < '2017-01-10' GROUP BY activity HAVING COUNT(*) > 1",Value,medium,1,1,True,activity;timestamp,activity,2,1,COUNT;GROUP BY,COUNT,2,1
79_7,79,"Report the activities that were performed more than once before 01/10/2017, and the number of times they were performed.","SELECT COUNT(*), activity FROM event_log WHERE timestamp < '2017-01-10' GROUP BY activity HAVING COUNT(*) > 1",Value,medium,1,1,True,activity;timestamp,activity,2,1,COUNT;GROUP BY,COUNT,2,1
79_8,79,"List the activities that were performed more than once before 01/10/2017, and the number of times they were performed.","SELECT COUNT(*), activity FROM event_log WHERE timestamp < '2017-01-10' GROUP BY activity HAVING COUNT(*) > 1",Value,medium,1,1,True,activity;timestamp,activity,2,1,COUNT;GROUP BY,COUNT,2,1
79_9,79,"What actions were performed to process the declarations, before 01/10/2017, and how many times were they performed?","SELECT COUNT(*), activity FROM event_log WHERE timestamp < '2017-01-10' GROUP BY activity HAVING COUNT(*) > 1",Domain,medium,1,1,True,activity;timestamp,,2,0,COUNT;GROUP BY,COUNT,2,1
79_10,79,"Create a report stating how many times actions that were performed more than once occurred for processing performed before January 10, 2017.","SELECT COUNT(*), activity FROM event_log WHERE timestamp < '2017-01-10' GROUP BY activity HAVING COUNT(*) > 1",Domain,medium,1,1,True,activity;timestamp,,2,0,COUNT;GROUP BY,COUNT,2,1
80_0,80,In how many cases did each resource act?,"SELECT COUNT(DISTINCT idcase), resource FROM event_log GROUP BY resource",Generic,medium,0,0,False,idcase;resource,resource,2,1,COUNT;DISTINCT;GROUP BY,COUNT;GROUP BY,3,2
80_1,80,In how many process instances did each resource act?,"SELECT COUNT(DISTINCT idcase), resource FROM event_log GROUP BY resource",Generic,medium,0,0,False,idcase;resource,idcase;resource,2,2,COUNT;DISTINCT;GROUP BY,COUNT;GROUP BY,3,2
80_2,80,Report the number of cases in which each resource acted.,"SELECT COUNT(DISTINCT idcase), resource FROM event_log GROUP BY resource",Generic,medium,0,0,False,idcase;resource,resource,2,1,COUNT;DISTINCT;GROUP BY,COUNT;GROUP BY,3,2
80_3,80,Report the number of cases each resource worked on.,"SELECT COUNT(DISTINCT idcase), resource FROM event_log GROUP BY resource",Generic,medium,0,0,False,idcase;resource,resource,2,1,COUNT;DISTINCT;GROUP BY,COUNT;GROUP BY,3,2
80_4,80,Report the number of cases in which each resource was involved.,"SELECT COUNT(DISTINCT idcase), resource FROM event_log GROUP BY resource",Generic,medium,0,0,False,idcase;resource,resource,2,1,COUNT;DISTINCT;GROUP BY,COUNT;GROUP BY,3,2
80_5,80,Report the number of cases to which each resource was allocated.,"SELECT COUNT(DISTINCT idcase), resource FROM event_log GROUP BY resource",Generic,medium,0,0,False,idcase;resource,resource,2,1,COUNT;DISTINCT;GROUP BY,COUNT;GROUP BY,3,2
80_6,80,In how many cases did each resource act?,"SELECT COUNT(DISTINCT idcase), resource FROM event_log GROUP BY resource",Generic,medium,0,0,False,idcase;resource,resource,2,1,COUNT;DISTINCT;GROUP BY,COUNT;GROUP BY,3,2
80_7,80,How many cases was each resource allocated to?,"SELECT COUNT(DISTINCT idcase), resource FROM event_log GROUP BY resource",Generic,medium,0,0,False,idcase;resource,resource,2,1,COUNT;DISTINCT;GROUP BY,COUNT;GROUP BY,3,2
80_8,80,In how many process instances did each resource act?,"SELECT COUNT(DISTINCT idcase), resource FROM event_log GROUP BY resource",Generic,medium,0,0,False,idcase;resource,idcase;resource,2,2,COUNT;DISTINCT;GROUP BY,COUNT;GROUP BY,3,2
80_9,80,How many process instances was each resource associated with?,"SELECT COUNT(DISTINCT idcase), resource FROM event_log GROUP BY resource",Generic,medium,0,0,False,idcase;resource,idcase;resource,2,2,COUNT;DISTINCT;GROUP BY,COUNT;GROUP BY,3,2
80_10,80,How many declarations has each of our collaborators already worked on?,"SELECT COUNT(DISTINCT idcase), resource FROM event_log GROUP BY resource",Domain,medium,0,0,False,idcase;resource,,2,0,COUNT;DISTINCT;GROUP BY,COUNT;GROUP BY,3,2
81_0,81,How many events did each resource act on?,"SELECT COUNT(*), resource FROM event_log GROUP BY resource",Generic,medium,0,0,False,resource,resource,1,1,COUNT;GROUP BY,COUNT;GROUP BY,2,2
81_1,81,Retrieve the number of times a resource has been allocated.,"SELECT COUNT(*), resource FROM event_log GROUP BY resource",Generic,medium,0,0,False,resource,resource,1,1,COUNT;GROUP BY,COUNT,2,1
81_2,81,How many times did a resource act?,"SELECT COUNT(*), resource FROM event_log GROUP BY resource",Generic,medium,0,0,False,resource,resource,1,1,COUNT;GROUP BY,COUNT,2,1
81_3,81,How many events was each resource associated with?,"SELECT COUNT(*), resource FROM event_log GROUP BY resource",Generic,medium,0,0,False,resource,resource,1,1,COUNT;GROUP BY,COUNT;GROUP BY,2,2
81_4,81,What is the number of occurrences of a resource acting?,"SELECT COUNT(*), resource FROM event_log GROUP BY resource",Generic,medium,0,0,False,resource,resource,1,1,COUNT;GROUP BY,COUNT,2,1
81_5,81,Calculate the number of times a resource has been associated with executing activities.,"SELECT COUNT(*), resource FROM event_log GROUP BY resource",Generic,medium,0,0,False,resource,resource,1,1,COUNT;GROUP BY,COUNT,2,1
81_6,81,Report the number of occurrences of a resource acting.,"SELECT COUNT(*), resource FROM event_log GROUP BY resource",Generic,medium,0,0,False,resource,resource,1,1,COUNT;GROUP BY,COUNT,2,1
81_7,81,How many interventions have been carried out by each employee?,"SELECT COUNT(*), resource FROM event_log GROUP BY resource",Domain,medium,0,0,False,resource,resource,1,1,COUNT;GROUP BY,COUNT;GROUP BY,2,2
82_0,82,"What are the cases that the Thomas, Diana, or Sara resource worked on?",SELECT DISTINCT idcase FROM event_log where resource = 'Thomas' OR resource = 'Diana' OR resource = 'Sara',Value,hard,3,3,True,idcase;resource,resource,2,1,DISTINCT,,1,0
82_1,82,"List all cases that one of the following resources worked on: Thomas, Diana, or Sara.",SELECT DISTINCT idcase FROM event_log where resource = 'Thomas' OR resource = 'Diana' OR resource = 'Sara',Value,hard,3,3,True,idcase;resource,resource,2,1,DISTINCT,,1,0
82_2,82,"Retrieve the identifiers of the cases in which any of the following resources acted: Thomas, Diana, or Sara.",SELECT DISTINCT idcase FROM event_log where resource = 'Thomas' OR resource = 'Diana' OR resource = 'Sara',Value,hard,3,3,True,idcase;resource,resource,2,1,DISTINCT,,1,0
82_3,82,"What are the cases in which one of the following resources acted: Thomas, Diana, or Sara?",SELECT DISTINCT idcase FROM event_log where resource = 'Thomas' OR resource = 'Diana' OR resource = 'Sara',Value,hard,3,3,True,idcase;resource,resource,2,1,DISTINCT,,1,0
82_4,82,"What declarations were made by Thomas, Diana, or Sara?",SELECT DISTINCT idcase FROM event_log where resource = 'Thomas' OR resource = 'Diana' OR resource = 'Sara',Domain,hard,3,3,True,idcase;resource,,2,0,DISTINCT,,1,0
83_0,83,In how many cases that occurred between 5/1/2017 and 6/1/2017 is each resource associated?,"SELECT COUNT(DISTINCT idcase), resource FROM event_log WHERE timestamp between '2017-05-01' and '2017-06-01' GROUP BY resource",Value,medium,2,2,True,idcase;resource;timestamp,resource,3,1,COUNT;DISTINCT;GROUP BY;Temporal,COUNT;GROUP BY;Temporal,4,3
83_1,83,Report the number of cases that occurred between 5/1/2017 and 6/1/2017 with which each resource was associated.,"SELECT COUNT(DISTINCT idcase), resource FROM event_log WHERE timestamp between '2017-05-01' and '2017-06-01' GROUP BY resource",Value,medium,2,2,True,idcase;resource;timestamp,resource,3,1,COUNT;DISTINCT;GROUP BY;Temporal,COUNT;GROUP BY;Temporal,4,3
83_2,83,List the number of cases that occurred between 5/1/2017 and 6/1/2017 with which each resource was associated.,"SELECT COUNT(DISTINCT idcase), resource FROM event_log WHERE timestamp between '2017-05-01' and '2017-06-01' GROUP BY resource",Value,medium,2,2,True,idcase;resource;timestamp,resource,3,1,COUNT;DISTINCT;GROUP BY;Temporal,COUNT;GROUP BY;Temporal,4,3
83_3,83,Retrieve the number of cases that occurred between 5/1/2017 and 6/1/2017 with which each resource was associated.,"SELECT COUNT(DISTINCT idcase), resource FROM event_log WHERE timestamp between '2017-05-01' and '2017-06-01' GROUP BY resource",Value,medium,2,2,True,idcase;resource;timestamp,resource,3,1,COUNT;DISTINCT;GROUP BY;Temporal,COUNT;GROUP BY;Temporal,4,3
83_4,83,Calculate the number of cases that occurred between 5/1/2017 and 6/1/2017 with which each resource was associated.,"SELECT COUNT(DISTINCT idcase), resource FROM event_log WHERE timestamp between '2017-05-01' and '2017-06-01' GROUP BY resource",Value,medium,2,2,True,idcase;resource;timestamp,resource,3,1,COUNT;DISTINCT;GROUP BY;Temporal,COUNT;GROUP BY;Temporal,4,3
83_5,83,How many process instances that occurred between 5/1/2017 and 6/1/2017 is each resource associated with?,"SELECT COUNT(DISTINCT idcase), resource FROM event_log WHERE timestamp between '2017-05-01' and '2017-06-01' GROUP BY resource",Value,medium,2,2,True,idcase;resource;timestamp,idcase;resource,3,2,COUNT;DISTINCT;GROUP BY;Temporal,COUNT;GROUP BY;Temporal,4,3
83_6,83,"In how many process instances, performed between 5/1/2017 and 6/1/2017, is each resource associated?","SELECT COUNT(DISTINCT idcase), resource FROM event_log WHERE timestamp between '2017-05-01' and '2017-06-01' GROUP BY resource",Value,medium,2,2,True,idcase;resource;timestamp,idcase;resource,3,2,COUNT;DISTINCT;GROUP BY;Temporal,COUNT;GROUP BY;Temporal,4,3
83_7,83,"In how many cases, performed between 5/1/2017 and 6/1/2017, is each resource associated?","SELECT COUNT(DISTINCT idcase), resource FROM event_log WHERE timestamp between '2017-05-01' and '2017-06-01' GROUP BY resource",Value,medium,2,2,True,idcase;resource;timestamp,resource,3,1,COUNT;DISTINCT;GROUP BY;Temporal,COUNT;GROUP BY;Temporal,4,3
83_8,83,How many declarations processed between 5/1/2017 and 6/1/2017 were each employee allocated?,"SELECT COUNT(DISTINCT idcase), resource FROM event_log WHERE timestamp between '2017-05-01' and '2017-06-01' GROUP BY resource",Domain,medium,2,2,True,idcase;resource;timestamp,resource,3,1,COUNT;DISTINCT;GROUP BY;Temporal,COUNT;GROUP BY;Temporal,4,3
84_0,84,"How many cases, whose event occurred between 5/1/2017 and 6/1/2017, is each resource associated with?","SELECT COUNT(DISTINCT idcase), resource FROM event_log WHERE timestamp between '2017-05-01' and '2017-06-01' GROUP BY resource",Value,medium,2,2,True,idcase;resource;timestamp,resource,3,1,COUNT;DISTINCT;GROUP BY;Temporal,COUNT;GROUP BY;Temporal,4,3
84_1,84,"How many cases was each resource associated with, considering events that occurred between 5/1/2017 and 6/1/2017?","SELECT COUNT(DISTINCT idcase), resource FROM event_log WHERE timestamp between '2017-05-01' and '2017-06-01' GROUP BY resource",Value,medium,2,2,True,idcase;resource;timestamp,resource,3,1,COUNT;DISTINCT;GROUP BY;Temporal,COUNT;GROUP BY;Temporal,4,3
84_2,84,"How many declarations, that went through any intervention between 5/01/2017 and 6/01/2017, were each of our employees allocated to?","SELECT COUNT(DISTINCT idcase), resource FROM event_log WHERE timestamp between '2017-05-01' and '2017-06-01' GROUP BY resource",Domain,medium,2,2,True,idcase;resource;timestamp,resource,3,1,COUNT;DISTINCT;GROUP BY;Temporal,COUNT;GROUP BY;Temporal,4,3
85_0,85,"List the activities and resources associated with events, disregarding those in which the Joshua and Teresa resources are involved.","SELECT activity, resource FROM event_log WHERE resource != 'Joshua' AND resource != 'Teresa'",Value,medium,2,2,True,activity;resource,activity;resource,2,2,Negation,,1,0
85_1,85,"Report the activities and resources associated with events, disregarding those in which the Joshua and Teresa resources are involved.","SELECT activity, resource FROM event_log WHERE resource != 'Joshua' AND resource != 'Teresa'",Value,medium,2,2,True,activity;resource,activity;resource,2,2,Negation,,1,0
85_2,85,"Retrieve the activity names and resource names associated with events, disregarding those in which the Joshua and Teresa resources are involved.","SELECT activity, resource FROM event_log WHERE resource != 'Joshua' AND resource != 'Teresa'",Value,medium,2,2,True,activity;resource,activity;resource,2,2,Negation,,1,0
85_3,85,I need to know what actions and employees were associated with interventions in the processing of the declarations that were not the responsibility of Joshua and Teresa.,"SELECT activity, resource FROM event_log WHERE resource != 'Joshua' AND resource != 'Teresa'",Domain,medium,2,2,True,activity;resource,resource,2,1,Negation,Negation,1,1
85_4,85,"List all actions, and the respective responsible employee, associated with interventions in the declarations management process that were not under the responsibility of Joshua and Teresa.","SELECT activity, resource FROM event_log WHERE resource != 'Joshua' AND resource != 'Teresa'",Domain,medium,2,2,True,activity;resource,resource,2,1,Negation,Negation,1,1
86_0,86,List the cases in which the 'start trip' or 'end trip' activities occurred and in which the 'request payment' and 'payment handled' activities did not occur.,SELECT DISTINCT idcase from event_log WHERE (activity = 'Start trip' OR activity = 'End trip') and idcase NOT IN (SELECT idcase from event_log WHERE activity = 'Request payment' INTERSECT SELECT idcase from event_log WHERE activity = 'Payment handled') ,Value,no_hardness,4,4,True,idcase;activity,idcase;activity,2,2,DISTINCT;Negation;Set operation,Negation,3,1
86_1,86,"List the process instances in which 'start trip' or 'end trip' activities occurred, however, 'request payment' and 'payment handled' activities did not occur.",SELECT DISTINCT idcase from event_log WHERE (activity = 'Start trip' OR activity = 'End trip') and idcase NOT IN (SELECT idcase from event_log WHERE activity = 'Request payment' INTERSECT SELECT idcase from event_log WHERE activity = 'Payment handled') ,Value,no_hardness,4,4,True,idcase;activity,idcase;activity,2,2,DISTINCT;Negation;Set operation,Negation,3,1
86_2,86,Report the cases in which 'start trip' or 'end trip' activities occurred and in which 'request payment' and 'payment handled' activities did not occur.,SELECT DISTINCT idcase from event_log WHERE (activity = 'Start trip' OR activity = 'End trip') and idcase NOT IN (SELECT idcase from event_log WHERE activity = 'Request payment' INTERSECT SELECT idcase from event_log WHERE activity = 'Payment handled') ,Value,no_hardness,4,4,True,idcase;activity,idcase;activity,2,2,DISTINCT;Negation;Set operation,Negation,3,1
86_3,86,Retrieve the process instances in which the 'start trip' or 'trip end' activities occurred but the 'request payment' and 'payment handled' activities did not occur.,SELECT DISTINCT idcase from event_log WHERE (activity = 'Start trip' OR activity = 'End trip') and idcase NOT IN (SELECT idcase from event_log WHERE activity = 'Request payment' INTERSECT SELECT idcase from event_log WHERE activity = 'Payment handled') ,Value,no_hardness,4,3,True,idcase;activity,idcase;activity,2,2,DISTINCT;Negation;Set operation,Negation,3,1
86_4,86,Retrieve the cases in which 'start trip' or 'end trip' activities occur but 'request payment' and 'payment handled' activities do not occur.,SELECT DISTINCT idcase from event_log WHERE (activity = 'Start trip' OR activity = 'End trip') and idcase NOT IN (SELECT idcase from event_log WHERE activity = 'Request payment' INTERSECT SELECT idcase from event_log WHERE activity = 'Payment handled') ,Value,no_hardness,4,4,True,idcase;activity,idcase;activity,2,2,DISTINCT;Negation;Set operation,Negation,3,1
86_5,86,Report all cases relating to activities started or completed for which payments have not yet been requested or made.,SELECT DISTINCT idcase from event_log WHERE (activity = 'Start trip' OR activity = 'End trip') and idcase NOT IN (SELECT idcase from event_log WHERE activity = 'Request payment' INTERSECT SELECT idcase from event_log WHERE activity = 'Payment handled') ,Domain,no_hardness,4,0,True,idcase;activity,activity,2,1,DISTINCT;Negation;Set operation,Negation,3,1
86_6,86,What are the cases in which there was a record of the beginning of the trip or the end of the trip but there was no record of payment request and execution?,SELECT DISTINCT idcase from event_log WHERE (activity = 'Start trip' OR activity = 'End trip') and idcase NOT IN (SELECT idcase from event_log WHERE activity = 'Request payment' INTERSECT SELECT idcase from event_log WHERE activity = 'Payment handled') ,Domain,no_hardness,4,0,True,idcase;activity,idcase,2,1,DISTINCT;Negation;Set operation,Negation,3,1
86_7,86,"In which instances of processes, marking the beginning or end of the trip, were the payment request and execution not observed?",SELECT DISTINCT idcase from event_log WHERE (activity = 'Start trip' OR activity = 'End trip') and idcase NOT IN (SELECT idcase from event_log WHERE activity = 'Request payment' INTERSECT SELECT idcase from event_log WHERE activity = 'Payment handled') ,Domain,no_hardness,4,0,True,idcase;activity,idcase,2,1,DISTINCT;Negation;Set operation,Negation,3,1
86_8,86,In which travel declarations marking the beginning or end of the trip were the payment request and execution not observed?,SELECT DISTINCT idcase from event_log WHERE (activity = 'Start trip' OR activity = 'End trip') and idcase NOT IN (SELECT idcase from event_log WHERE activity = 'Request payment' INTERSECT SELECT idcase from event_log WHERE activity = 'Payment handled') ,Domain,no_hardness,4,0,True,idcase;activity,idcase,2,1,DISTINCT;Negation;Set operation,Negation,3,1
86_9,86,Which trips have started or ended and payments have still not yet been requested or made?,SELECT DISTINCT idcase from event_log WHERE (activity = 'Start trip' OR activity = 'End trip') and idcase NOT IN (SELECT idcase from event_log WHERE activity = 'Request payment' INTERSECT SELECT idcase from event_log WHERE activity = 'Payment handled') ,Domain,no_hardness,4,0,True,idcase;activity,,2,0,DISTINCT;Negation;Set operation,Negation,3,1
87_0,87,List all events that are not associated with resources.,SELECT * FROM event_log WHERE resource IS NULL,Generic,no_hardness,0,0,False,resource,resource,1,1,,,0,0
87_1,87,List events in which resources were not used or reported.,SELECT * FROM event_log WHERE resource IS NULL,Generic,no_hardness,0,0,False,resource,resource,1,1,,,0,0
87_2,87,What are the events that are not associated with resources?,SELECT * FROM event_log WHERE resource IS NULL,Generic,no_hardness,0,0,False,resource,resource,1,1,,,0,0
87_3,87,Retrieve events that are not associated with resources.,SELECT * FROM event_log WHERE resource IS NULL,Generic,no_hardness,0,0,False,resource,resource,1,1,,,0,0
87_4,87,List all events for which no resources are associated.,SELECT * FROM event_log WHERE resource IS NULL,Generic,no_hardness,0,0,False,resource,resource,1,1,,,0,0
87_5,87,What are the events that no resources have been associated with?,SELECT * FROM event_log WHERE resource IS NULL,Generic,no_hardness,0,0,False,resource,resource,1,1,,,0,0
87_6,87,Retrieve events with which no resource was associated.,SELECT * FROM event_log WHERE resource IS NULL,Generic,no_hardness,0,0,False,resource,resource,1,1,,,0,0
87_7,87,"Make a report of all interventions in which employees were not allocated, or the allocation was not reported.",SELECT * FROM event_log WHERE resource IS NULL,Domain,no_hardness,0,0,False,resource,resource,1,1,,,0,0
88_0,88,Which cases had their first log record before March 2017?,select idcase from event_log GROUP BY idcase HAVING min(timestamp) < '2017-03-01',Value,easy,1,1,True,idcase;timestamp,,2,0,MIN;GROUP BY,,2,0
88_1,88,Which cases started before March 2017?,select idcase from event_log GROUP BY idcase HAVING min(timestamp) < '2017-03-01',Value,easy,1,1,True,idcase;timestamp,,2,0,MIN;GROUP BY,,2,0
88_2,88,In which cases did the first performance of activity occur before March 2017?,select idcase from event_log GROUP BY idcase HAVING min(timestamp) < '2017-03-01',Value,easy,1,1,True,idcase;timestamp,,2,0,MIN;GROUP BY,,2,0
88_3,88,Which process instances started before March 2017?,select idcase from event_log GROUP BY idcase HAVING min(timestamp) < '2017-03-01',Value,easy,1,1,True,idcase;timestamp,idcase,2,1,MIN;GROUP BY,,2,0
88_4,88,Which process instances had their first log record before March 2017?,select idcase from event_log GROUP BY idcase HAVING min(timestamp) < '2017-03-01',Value,easy,1,1,True,idcase;timestamp,idcase,2,1,MIN;GROUP BY,,2,0
88_5,88,In which process instances did the first activity performance occur before March 2017?,select idcase from event_log GROUP BY idcase HAVING min(timestamp) < '2017-03-01',Value,easy,1,1,True,idcase;timestamp,idcase,2,1,MIN;GROUP BY,,2,0
88_6,88,Which declarations began to be processed before March 2017?,select idcase from event_log GROUP BY idcase HAVING min(timestamp) < '2017-03-01',Domain,easy,1,1,True,idcase;timestamp,,2,0,MIN;GROUP BY,,2,0
88_7,88,Which declarations had the first intervention registered in the system before March 2017?,select idcase from event_log GROUP BY idcase HAVING min(timestamp) < '2017-03-01',Domain,easy,1,1,True,idcase;timestamp,,2,0,MIN;GROUP BY,,2,0
88_8,88,For which declarations was there an intervention record before March 2017?,select idcase from event_log GROUP BY idcase HAVING min(timestamp) < '2017-03-01',Domain,easy,1,1,True,idcase;timestamp,,2,0,MIN;GROUP BY,,2,0
88_9,88,Processing records began occurring before March 2017 for which declarations?,select idcase from event_log GROUP BY idcase HAVING min(timestamp) < '2017-03-01',Domain,easy,1,1,True,idcase;timestamp,,2,0,MIN;GROUP BY,,2,0
89_0,89,Which cases were started with the performance of the 'start trip' activity in March 2017.,"select DISTINCT idcase FROM (select idcase, timestamp, activity FROM event_log GROUP BY idcase HAVING strftime('%Y-%m', MIN(timestamp)) = '2017-03') where activity = 'Start trip'",Value,no_hardness,3,2,True,idcase;activity;timestamp,idcase;activity,3,2,DISTINCT;MIN;GROUP BY,,3,0
89_1,89,In which cases was the 'start trip' activity carried out first and in the period from 3/01/2017 to 3/31/2017?,"select DISTINCT idcase FROM (select idcase, timestamp, activity FROM event_log GROUP BY idcase HAVING strftime('%Y-%m', MIN(timestamp)) = '2017-03') where activity = 'Start trip'",Value,no_hardness,3,2,True,idcase;activity;timestamp,idcase;activity;timestamp,3,3,DISTINCT;MIN;GROUP BY,,3,0
89_2,89,What are the cases initiated by executing the 'start trip' activity in March 2017?,"select DISTINCT idcase FROM (select idcase, timestamp, activity FROM event_log GROUP BY idcase HAVING strftime('%Y-%m', MIN(timestamp)) = '2017-03') where activity = 'Start trip'",Value,no_hardness,3,2,True,idcase;activity;timestamp,idcase;activity,3,2,DISTINCT;MIN;GROUP BY,GROUP BY,3,1
89_3,89,"List the identifiers of the cases in which the 'start trip' activity associated with the first event was carried out, necessarily in March 2017.","select DISTINCT idcase FROM (select idcase, timestamp, activity FROM event_log GROUP BY idcase HAVING strftime('%Y-%m', MIN(timestamp)) = '2017-03') where activity = 'Start trip'",Value,no_hardness,3,2,True,idcase;activity;timestamp,idcase;activity,3,2,DISTINCT;MIN;GROUP BY,,3,0
89_4,89,Retrieve the process instances in which the 'start trip' activity was the first to be performed and within the period from 03/1/2017 to 03/31/2017. Report only the identifier of these process instances.,"select DISTINCT idcase FROM (select idcase, timestamp, activity FROM event_log GROUP BY idcase HAVING strftime('%Y-%m', MIN(timestamp)) = '2017-03') where activity = 'Start trip'",Value,no_hardness,3,2,True,idcase;activity;timestamp,idcase;activity;timestamp,3,3,DISTINCT;MIN;GROUP BY,,3,0
89_5,89,List the identifiers of the process instances whose first event refers to the 'start trip' activity and occurred between 03/1/2017 and 03/31/2017.,"select DISTINCT idcase FROM (select idcase, timestamp, activity FROM event_log GROUP BY idcase HAVING strftime('%Y-%m', MIN(timestamp)) = '2017-03') where activity = 'Start trip'",Value,no_hardness,3,2,True,idcase;activity;timestamp,idcase;activity,3,2,DISTINCT;MIN;GROUP BY,,3,0
89_6,89,Which declarations started with the start of the trip information in March 2017?,"select DISTINCT idcase FROM (select idcase, timestamp, activity FROM event_log GROUP BY idcase HAVING strftime('%Y-%m', MIN(timestamp)) = '2017-03') where activity = 'Start trip'",Domain,no_hardness,3,1,True,idcase;activity;timestamp,idcase,3,1,DISTINCT;MIN;GROUP BY,,3,0
90_0,90,Which resources acted more than five times in the same case?,"SELECT DISTINCT resource FROM event_log GROUP BY resource, idcase HAVING COUNT(*) > 5",Generic,medium,1,0,True,idcase;resource,idcase;resource,2,2,COUNT;DISTINCT;GROUP BY,,3,0
90_1,90,List all resources that acted more than five times in the same case.,"SELECT DISTINCT resource FROM event_log GROUP BY resource, idcase HAVING COUNT(*) > 5",Generic,medium,1,0,True,idcase;resource,idcase;resource,2,2,COUNT;DISTINCT;GROUP BY,,3,0
90_2,90,Which resources acted more than five times in the same case?,"SELECT DISTINCT resource FROM event_log GROUP BY resource, idcase HAVING COUNT(*) > 5",Generic,medium,1,0,True,idcase;resource,idcase;resource,2,2,COUNT;DISTINCT;GROUP BY,,3,0
90_3,90,"If a resource acted more than five times in the same case, list the name of the resource.","SELECT DISTINCT resource FROM event_log GROUP BY resource, idcase HAVING COUNT(*) > 5",Generic,medium,1,0,True,idcase;resource,idcase;resource,2,2,COUNT;DISTINCT;GROUP BY,,3,0
90_4,90,"If a resource has acted on more than five events in the same case, list the name of this resource.","SELECT DISTINCT resource FROM event_log GROUP BY resource, idcase HAVING COUNT(*) > 5",Generic,medium,1,0,True,idcase;resource,idcase;resource,2,2,COUNT;DISTINCT;GROUP BY,,3,0
90_5,90,List the resources that worked on executing more than five events in the same case.,"SELECT DISTINCT resource FROM event_log GROUP BY resource, idcase HAVING COUNT(*) > 5",Generic,medium,1,0,True,idcase;resource,idcase;resource,2,2,COUNT;DISTINCT;GROUP BY,,3,0
90_6,90,What resources were allocated to more than five events in the same case?,"SELECT DISTINCT resource FROM event_log GROUP BY resource, idcase HAVING COUNT(*) > 5",Generic,medium,1,0,True,idcase;resource,idcase;resource,2,2,COUNT;DISTINCT;GROUP BY,,3,0
90_7,90,Which resources acted more than five times on a declaration?,"SELECT DISTINCT resource FROM event_log GROUP BY resource, idcase HAVING COUNT(*) > 5",Domain,medium,1,0,True,idcase;resource,idcase;resource,2,2,COUNT;DISTINCT;GROUP BY,,3,0
90_8,90,Which resources acted more than five times on a single declaration?,"SELECT DISTINCT resource FROM event_log GROUP BY resource, idcase HAVING COUNT(*) > 5",Domain,medium,1,0,True,idcase;resource,idcase;resource,2,2,COUNT;DISTINCT;GROUP BY,,3,0
90_9,90,Which collaborators worked on more than five interventions in a single declaration?,"SELECT DISTINCT resource FROM event_log GROUP BY resource, idcase HAVING COUNT(*) > 5",Domain,medium,1,0,True,idcase;resource,idcase,2,1,COUNT;DISTINCT;GROUP BY,,3,0
90_10,90,Which resources have more than 5 actions in a single declaration?,"SELECT DISTINCT resource FROM event_log GROUP BY resource, idcase HAVING COUNT(*) > 5",Domain,medium,1,1,True,idcase;resource,idcase;resource,2,2,COUNT;DISTINCT;GROUP BY,,3,0
91_0,91,Which activities appear most often in the event log?,SELECT activity from event_log GROUP BY activity HAVING  COUNT(*) = (SELECT COUNT(*) FROM event_log  GROUP BY activity ORDER BY COUNT(*)  desc LIMIT 1) ,Generic,hard,0,0,False,activity,activity,1,1,COUNT;GROUP BY,,2,0
91_1,91,What are the most recurring activities in the log?,SELECT activity from event_log GROUP BY activity HAVING  COUNT(*) = (SELECT COUNT(*) FROM event_log  GROUP BY activity ORDER BY COUNT(*)  desc LIMIT 1) ,Generic,hard,0,0,False,activity,activity,1,1,COUNT;GROUP BY,,2,0
91_2,91,What are the names of the activities that were performed most times in this business process?,SELECT activity from event_log GROUP BY activity HAVING  COUNT(*) = (SELECT COUNT(*) FROM event_log  GROUP BY activity ORDER BY COUNT(*)  desc LIMIT 1) ,Generic,hard,0,0,False,activity,activity,1,1,COUNT;GROUP BY,,2,0
91_3,91,Report the name of the most frequent activities in this event log.,SELECT activity from event_log GROUP BY activity HAVING  COUNT(*) = (SELECT COUNT(*) FROM event_log  GROUP BY activity ORDER BY COUNT(*)  desc LIMIT 1) ,Generic,hard,0,0,False,activity,activity,1,1,COUNT;GROUP BY,,2,0
91_4,91,What are the most common actions when processing declarations?,SELECT activity from event_log GROUP BY activity HAVING  COUNT(*) = (SELECT COUNT(*) FROM event_log  GROUP BY activity ORDER BY COUNT(*)  desc LIMIT 1) ,Domain,hard,0,0,False,activity,,1,0,COUNT;GROUP BY,,2,0
92_0,92,"Present, in descending order, the 10 resources that performed the most in the 'declaration final approved by supervisor' activity.",select resource FROM event_log where activity = 'Declaration final approved by supervisor' group by resource HAVING COUNT(*) IN (select COUNT(*) from event_log where activity = 'Declaration final approved by supervisor' group by resource order by count(*) DESC limit 10) ORDER BY COUNT(*) DESC ,Value,extra,3,3,True,activity;resource,activity;resource,2,2,COUNT;GROUP BY,GROUP BY,2,1
92_1,92,Which 10 resources were most used in the 'declaration final approved by supervisor' activity? Considering from largest to smallest.,select resource FROM event_log where activity = 'Declaration final approved by supervisor' group by resource HAVING COUNT(*) IN (select COUNT(*) from event_log where activity = 'Declaration final approved by supervisor' group by resource order by count(*) DESC limit 10) ORDER BY COUNT(*) DESC ,Value,extra,3,3,True,activity;resource,activity;resource,2,2,COUNT;GROUP BY,GROUP BY,2,1
92_2,92,"I need to know who are the ten employees who most approved a declaration, definitively, using the supervisor position. The list must be presented from the employee most allocated to the activity to the employee least allocated.",select resource FROM event_log where activity = 'Declaration final approved by supervisor' group by resource HAVING COUNT(*) IN (select COUNT(*) from event_log where activity = 'Declaration final approved by supervisor' group by resource order by count(*) DESC limit 10) ORDER BY COUNT(*) DESC ,Domain,extra,3,0,True,activity;resource,activity;resource,2,2,COUNT;GROUP BY,,2,0
93_0,93,List the existing resources in the event log in descending order of the number of times each of them acted on the 'declaration final approved by supervisor' activity.,select resource from event_log where activity = 'Declaration final approved by supervisor' group by resource order by count(*) DESC,Value,hard,1,1,True,activity;resource,activity;resource,2,2,COUNT;GROUP BY,COUNT;GROUP BY,2,2
93_1,93,List all resources in descending order considering the number of times each one was associated with the performance of the 'declaration final approved by supervisor' activity.,select resource from event_log where activity = 'Declaration final approved by supervisor' group by resource order by count(*) DESC,Value,hard,1,1,True,activity;resource,activity;resource,2,2,COUNT;GROUP BY,COUNT;GROUP BY,2,2
93_2,93,Present a list of the resources that acted in carrying out the 'declaration final approved by supervisor' activity. Sort the list by the number of times each resource was associated with the activity.,select resource from event_log where activity = 'Declaration final approved by supervisor' group by resource order by count(*) DESC,Value,hard,1,1,True,activity;resource,activity;resource,2,2,COUNT;GROUP BY,COUNT;GROUP BY,2,2
93_3,93,Present the resources present in the event log in descending order according to the number of times each one acted on the 'declaration final approved by supervisor' activity.,select resource from event_log where activity = 'Declaration final approved by supervisor' group by resource order by count(*) DESC,Value,hard,1,1,True,activity;resource,activity;resource,2,2,COUNT;GROUP BY,COUNT;GROUP BY,2,2
93_4,93,"I need to know who the employees are that definitively approved a declaration, using the position of supervisor. The list must be presented from the employee most allocated to the activity to the employee least allocated.",select resource from event_log where activity = 'Declaration final approved by supervisor' group by resource order by count(*) DESC,Domain,hard,1,0,True,activity;resource,activity;resource,2,2,COUNT;GROUP BY,,2,0
94_0,94,In how many cases were the Eugene or Marie resources associated with the performance of the 'declaration approved by budget owner' activity?,select count(distinct idcase) from event_log where activity = 'Declaration approved by budget owner' AND (resource = 'Marie' or resource = 'Eugene'),Value,no_hardness,3,3,True,idcase;activity;resource,idcase;activity;resource,3,3,COUNT;DISTINCT,COUNT,2,1
94_1,94,In how many cases was there an association between the Eugene or Marie resources and the performance of the 'declaration approved by budget owner' activity?,select count(distinct idcase) from event_log where activity = 'Declaration approved by budget owner' AND (resource = 'Marie' or resource = 'Eugene'),Value,no_hardness,3,3,True,idcase;activity;resource,idcase;activity;resource,3,3,COUNT;DISTINCT,COUNT,2,1
94_2,94,Report the number of cases in which the 'declaration approved by budget owner' activity was associated with the Eugene or Marie resources.,select count(distinct idcase) from event_log where activity = 'Declaration approved by budget owner' AND (resource = 'Marie' or resource = 'Eugene'),Value,no_hardness,3,3,True,idcase;activity;resource,idcase;activity;resource,3,3,COUNT;DISTINCT,COUNT,2,1
94_3,94,In how many cases was the 'declaration approved by budget owner' activity associated with the Eugene or Marie resources?,select count(distinct idcase) from event_log where activity = 'Declaration approved by budget owner' AND (resource = 'Marie' or resource = 'Eugene'),Value,no_hardness,3,3,True,idcase;activity;resource,idcase;activity;resource,3,3,COUNT;DISTINCT,COUNT,2,1
94_4,94,In how many cases were events related to the 'declaration approved by budget owner' activity associated with the Eugene or Marie resources?,select count(distinct idcase) from event_log where activity = 'Declaration approved by budget owner' AND (resource = 'Marie' or resource = 'Eugene'),Value,no_hardness,3,3,True,idcase;activity;resource,idcase;activity;resource,3,3,COUNT;DISTINCT,COUNT,2,1
94_5,94,How many process instances was the 'declaration approved by budget owner' activity associated with the Eugine resource or the Marie resource?,select count(distinct idcase) from event_log where activity = 'Declaration approved by budget owner' AND (resource = 'Marie' or resource = 'Eugene'),Value,no_hardness,3,2,True,idcase;activity;resource,idcase;activity;resource,3,3,COUNT;DISTINCT,COUNT,2,1
94_6,94,Report the number of cases in which the 'declaration approved by budget owner' activity was associated with the Eugine or Marie resources.,select count(distinct idcase) from event_log where activity = 'Declaration approved by budget owner' AND (resource = 'Marie' or resource = 'Eugene'),Value,no_hardness,3,2,True,idcase;activity;resource,idcase;activity;resource,3,3,COUNT;DISTINCT,COUNT,2,1
94_7,94,Eugene or Marie approved how many declarations in their role as budget holders?,select count(distinct idcase) from event_log where activity = 'Declaration approved by budget owner' AND (resource = 'Marie' or resource = 'Eugene'),Domain,no_hardness,3,2,True,idcase;activity;resource,resource,3,1,COUNT;DISTINCT,COUNT,2,1
94_8,94,"How many declarations were approved by Eugene or Marie, as budget holders?",select count(distinct idcase) from event_log where activity = 'Declaration approved by budget owner' AND (resource = 'Marie' or resource = 'Eugene'),Domain,no_hardness,3,2,True,idcase;activity;resource,resource,3,1,COUNT;DISTINCT,COUNT,2,1
95_0,95,Which activities that exist in the 'declaration 49464' case do not occur in the 'declaration 76667' case?,select activity from event_log where idcase = 'declaration 49464' except select activity from event_log where idcase = 'declaration 76667',Value,hard,2,2,True,idcase;activity,idcase;activity,2,2,Set operation,,1,0
95_1,95,List all activities that were performed in the 'declaration 49464' case but were not performed in the 'declaration 76667' case.,select activity from event_log where idcase = 'declaration 49464' except select activity from event_log where idcase = 'declaration 76667',Value,hard,2,2,True,idcase;activity,idcase;activity,2,2,Set operation,,1,0
95_2,95,Retrieve the names of activities that were part of the 'declaration 49464' case and were not part of the 'declaration 76667' case.,select activity from event_log where idcase = 'declaration 49464' except select activity from event_log where idcase = 'declaration 76667',Value,hard,2,2,True,idcase;activity,idcase;activity,2,2,Set operation,,1,0
95_3,95,What occurred in declaration 49464 that did not occur in declaration 76667?,select activity from event_log where idcase = 'declaration 49464' except select activity from event_log where idcase = 'declaration 76667',Domain,hard,2,2,True,idcase;activity,idcase,2,1,Set operation,,1,0
96_0,96,"For each resource that acted in the 'declaration submitted by employee' activity more than twice, report the number of times this action occurred.","select resource, count(*) from event_log where activity = 'Declaration submitted by employee' group by resource having count(*) > 2",Value,medium,2,1,True,activity;resource,activity;resource,2,2,COUNT;GROUP BY,COUNT;GROUP BY,2,2
96_1,96,"Which resources worked on the 'declaration submitted by employee' activity more than twice? Also, list the performance count of each resource in this activity.","select resource, count(*) from event_log where activity = 'Declaration submitted by employee' group by resource having count(*) > 2",Value,medium,2,1,True,activity;resource,activity;resource,2,2,COUNT;GROUP BY,COUNT;GROUP BY,2,2
96_2,96,"Which resources acted in the 'declaration submitted by employee' activity more than twice? Also, list the performance count of each resource in this activity.","select resource, count(*) from event_log where activity = 'Declaration submitted by employee' group by resource having count(*) > 2",Value,medium,2,1,True,activity;resource,activity;resource,2,2,COUNT;GROUP BY,COUNT;GROUP BY,2,2
96_3,96,Report how many times each resource acted in the 'declaration submitted by employee' activity if this occurred more than twice.,"select resource, count(*) from event_log where activity = 'Declaration submitted by employee' group by resource having count(*) > 2",Value,medium,2,1,True,activity;resource,activity;resource,2,2,COUNT;GROUP BY,COUNT;GROUP BY,2,2
96_4,96,"If a resource acted more than twice in the 'declaration submitted by employee' activity, report the name of the resource and the number of times this action occurred.","select resource, count(*) from event_log where activity = 'Declaration submitted by employee' group by resource having count(*) > 2",Value,medium,2,1,True,activity;resource,activity;resource,2,2,COUNT;GROUP BY,COUNT;GROUP BY,2,2
96_5,96,"If a resource has acted in more than twice in event relating to the 'declaration submitted by employee' activity, report the name of this resource and the number of events in which this action occurred.","select resource, count(*) from event_log where activity = 'Declaration submitted by employee' group by resource having count(*) > 2",Value,medium,2,1,True,activity;resource,activity;resource,2,2,COUNT;GROUP BY,COUNT;GROUP BY,2,2
96_6,96,Submit a report with the employee's name and the number of times they requested a declaration if they did so more than twice.,"select resource, count(*) from event_log where activity = 'Declaration submitted by employee' group by resource having count(*) > 2",Domain,medium,2,0,True,activity;resource,resource,2,1,COUNT;GROUP BY,COUNT,2,1
97_0,97,Which cases went through the 'request payment' activity between '2017-05-01' and '2017-05-10'?,SELECT DISTINCT idcase FROM event_log WHERE activity = 'Request payment' AND timestamp BETWEEN '2017-05-01' AND '2017-05-10',Value,medium,3,3,True,idcase;activity;timestamp,activity,3,1,DISTINCT;Temporal,Temporal,2,1
97_1,97,Which cases went through the 'request payment' activity in the first ten days of May 2017?,SELECT DISTINCT idcase FROM event_log WHERE activity = 'Request payment' AND timestamp BETWEEN '2017-05-01' AND '2017-05-10',Value,medium,3,3,True,idcase;activity;timestamp,activity,3,1,DISTINCT;Temporal,Temporal,2,1
97_2,97,Which process instances performed the 'request payment' activity in the first ten days of May 2017?,SELECT DISTINCT idcase FROM event_log WHERE activity = 'Request payment' AND timestamp BETWEEN '2017-05-01' AND '2017-05-10',Value,medium,3,3,True,idcase;activity;timestamp,idcase;activity,3,2,DISTINCT;Temporal,Temporal,2,1
97_3,97,Report the identifier of the cases that have a record of the performance of the 'request payment' activity between '2017-05-01' and '2017-05-10'.,SELECT DISTINCT idcase FROM event_log WHERE activity = 'Request payment' AND timestamp BETWEEN '2017-05-01' AND '2017-05-10',Value,medium,3,3,True,idcase;activity;timestamp,idcase;activity,3,2,DISTINCT;Temporal,Temporal,2,1
97_4,97,"Which cases went through the 'request payment' activity between May 1, 2017 and May 10, 2017?",SELECT DISTINCT idcase FROM event_log WHERE activity = 'Request payment' AND timestamp BETWEEN '2017-05-01' AND '2017-05-10',Value,medium,3,3,True,idcase;activity;timestamp,activity,3,1,DISTINCT;Temporal,Temporal,2,1
97_5,97,Retrieve the identifiers of cases where events associated with the performance of the 'request payment' activity occurred between '2017-05-01' and '2017-05-10'.,SELECT DISTINCT idcase FROM event_log WHERE activity = 'Request payment' AND timestamp BETWEEN '2017-05-01' AND '2017-05-10',Value,medium,3,3,True,idcase;activity;timestamp,activity,3,1,DISTINCT;Temporal,Temporal,2,1
97_6,97,Payment requests were registered between '2017-05-01' and '2017-05-10' for which declarations?,SELECT DISTINCT idcase FROM event_log WHERE activity = 'Request payment' AND timestamp BETWEEN '2017-05-01' AND '2017-05-10',Domain,medium,3,2,True,idcase;activity;timestamp,,3,0,DISTINCT;Temporal,Temporal,2,1
97_7,97,"For which declarations was the payment request made between May 1 and 10, 2017?",SELECT DISTINCT idcase FROM event_log WHERE activity = 'Request payment' AND timestamp BETWEEN '2017-05-01' AND '2017-05-10',Domain,medium,3,2,True,idcase;activity;timestamp,,3,0,DISTINCT;Temporal,Temporal,2,1
98_0,98,How many resources worked on each case?,"SELECT idcase, count(distinct resource) FROM event_log group by idcase",Generic,medium,0,0,False,idcase;resource,idcase;resource,2,2,COUNT;DISTINCT;GROUP BY,COUNT;GROUP BY,3,2
98_1,98,How many 'resource' identifiers are there for each 'case' identifier?,"SELECT idcase, count(distinct resource) FROM event_log group by idcase",Generic,medium,0,0,False,idcase;resource,idcase;resource,2,2,COUNT;DISTINCT;GROUP BY,COUNT;GROUP BY,3,2
98_2,98,Report how many resources were needed to execute each case.,"SELECT idcase, count(distinct resource) FROM event_log group by idcase",Generic,medium,0,0,False,idcase;resource,idcase;resource,2,2,COUNT;DISTINCT;GROUP BY,COUNT;GROUP BY,3,2
98_3,98,Report the number of resources associated with each case.,"SELECT idcase, count(distinct resource) FROM event_log group by idcase",Generic,medium,0,0,False,idcase;resource,idcase;resource,2,2,COUNT;DISTINCT;GROUP BY,COUNT;GROUP BY,3,2
98_4,98,How many resources worked on each process instance?,"SELECT idcase, count(distinct resource) FROM event_log group by idcase",Generic,medium,0,0,False,idcase;resource,idcase;resource,2,2,COUNT;DISTINCT;GROUP BY,COUNT;GROUP BY,3,2
98_5,98,Retrieve information about the number of resources that worked on executing each process instance.,"SELECT idcase, count(distinct resource) FROM event_log group by idcase",Generic,medium,0,0,False,idcase;resource,idcase;resource,2,2,COUNT;DISTINCT;GROUP BY,COUNT;GROUP BY,3,2
98_6,98,How many resources were needed to execute each case?,"SELECT idcase, count(distinct resource) FROM event_log group by idcase",Generic,medium,0,0,False,idcase;resource,idcase;resource,2,2,COUNT;DISTINCT;GROUP BY,COUNT;GROUP BY,3,2
98_7,98,How many employees were needed to process each of the declarations?,"SELECT idcase, count(distinct resource) FROM event_log group by idcase",Domain,medium,0,0,False,idcase;resource,idcase;resource,2,2,COUNT;DISTINCT;GROUP BY,COUNT;GROUP BY,3,2
99_0,99,Which cases were entirely handled by Christopher?,SELECT idcase from event_log group by idcase HAVING COUNT(DISTINCT resource) = 1 AND resource = 'Christopher',Value,easy,1,1,True,idcase;resource,,2,0,COUNT;DISTINCT;GROUP BY,GROUP BY,3,1
99_1,99,Which cases were fully handled by Christopher?,SELECT idcase from event_log group by idcase HAVING COUNT(DISTINCT resource) = 1 AND resource = 'Christopher',Value,easy,1,1,True,idcase;resource,,2,0,COUNT;DISTINCT;GROUP BY,GROUP BY,3,1
99_2,99,Which instances of processes were entirely Christopher's responsibility?,SELECT idcase from event_log group by idcase HAVING COUNT(DISTINCT resource) = 1 AND resource = 'Christopher',Value,easy,1,1,True,idcase;resource,,2,0,COUNT;DISTINCT;GROUP BY,,3,0
99_3,99,In which cases did the Christopher resource act and was responsible for carrying out all activities?,SELECT idcase from event_log group by idcase HAVING COUNT(DISTINCT resource) = 1 AND resource = 'Christopher',Value,easy,1,1,True,idcase;resource,resource,2,1,COUNT;DISTINCT;GROUP BY,,3,0
99_4,99,Report the cases in which the Christopher resource acted as the sole responsible party.,SELECT idcase from event_log group by idcase HAVING COUNT(DISTINCT resource) = 1 AND resource = 'Christopher',Value,easy,1,1,True,idcase;resource,resource,2,1,COUNT;DISTINCT;GROUP BY,,3,0
99_5,99,Which process instances were entirely handled by the collaborator Christopher?,SELECT idcase from event_log group by idcase HAVING COUNT(DISTINCT resource) = 1 AND resource = 'Christopher',Value,easy,1,1,True,idcase;resource,idcase;resource,2,2,COUNT;DISTINCT;GROUP BY,GROUP BY,3,1
99_6,99,Which process instances were fully handled by the employee Christopher?,SELECT idcase from event_log group by idcase HAVING COUNT(DISTINCT resource) = 1 AND resource = 'Christopher',Value,easy,1,1,True,idcase;resource,idcase;resource,2,2,COUNT;DISTINCT;GROUP BY,GROUP BY,3,1
99_7,99,Which declarations were the sole responsibility of the employee Christopher?,SELECT idcase from event_log group by idcase HAVING COUNT(DISTINCT resource) = 1 AND resource = 'Christopher',Domain,easy,1,1,True,idcase;resource,resource,2,1,COUNT;DISTINCT;GROUP BY,,3,0
100_0,100,Which cases were entirely handled by the same resource?,SELECT idcase from event_log group by idcase HAVING COUNT(DISTINCT resource) = 1,Generic,easy,0,0,False,idcase;resource,resource,2,1,COUNT;DISTINCT;GROUP BY,GROUP BY,3,1
100_1,100,Which process instances were entirely handled by the same resource?,SELECT idcase from event_log group by idcase HAVING COUNT(DISTINCT resource) = 1,Generic,easy,0,0,False,idcase;resource,idcase;resource,2,2,COUNT;DISTINCT;GROUP BY,GROUP BY,3,1
100_2,100,Which cases were fully handled by a single resource?,SELECT idcase from event_log group by idcase HAVING COUNT(DISTINCT resource) = 1,Generic,easy,0,0,False,idcase;resource,resource,2,1,COUNT;DISTINCT;GROUP BY,GROUP BY,3,1
100_3,100,List the cases in which all activities were performed by the same resource.,SELECT idcase from event_log group by idcase HAVING COUNT(DISTINCT resource) = 1,Generic,easy,0,0,False,idcase;resource,resource,2,1,COUNT;DISTINCT;GROUP BY,GROUP BY,3,1
100_4,100,List the cases in which all events were associated with the same resource.,SELECT idcase from event_log group by idcase HAVING COUNT(DISTINCT resource) = 1,Generic,easy,0,0,False,idcase;resource,resource,2,1,COUNT;DISTINCT;GROUP BY,,3,0
100_5,100,Which process instances were entirely the responsibility of the same collaborator?,SELECT idcase from event_log group by idcase HAVING COUNT(DISTINCT resource) = 1,Generic,easy,0,0,False,idcase;resource,idcase;resource,2,2,COUNT;DISTINCT;GROUP BY,,3,0
100_6,100,Report which process instances were performed by the same employee.,SELECT idcase from event_log group by idcase HAVING COUNT(DISTINCT resource) = 1,Generic,easy,0,0,False,idcase;resource,idcase;resource,2,2,COUNT;DISTINCT;GROUP BY,GROUP BY,3,1
100_7,100,Make a list of all declarations that were the responsibility of just one employee.,SELECT idcase from event_log group by idcase HAVING COUNT(DISTINCT resource) = 1,Domain,easy,0,0,False,idcase;resource,resource,2,1,COUNT;DISTINCT;GROUP BY,,3,0
101_0,101,Which cases recorded multiple events in one day?,"SELECT DISTINCT(idcase) FROM (SELECT idcase, strftime('%Y-%m-%d', timestamp) as event_date, COUNT(*) as event_count FROM event_log GROUP BY idcase, event_date HAVING event_count > 1)",Generic,no_hardness,1,0,True,idcase;timestamp,timestamp,2,1,COUNT;DISTINCT;GROUP BY,,3,0
101_1,101,Which cases recorded more than one event in one day?,"SELECT DISTINCT(idcase) FROM (SELECT idcase, strftime('%Y-%m-%d', timestamp) as event_date, COUNT(*) as event_count FROM event_log GROUP BY idcase, event_date HAVING event_count > 1)",Generic,no_hardness,1,0,True,idcase;timestamp,timestamp,2,1,COUNT;DISTINCT;GROUP BY,,3,0
101_2,101,Retrieve all cases that went through more than one event record in a day.,"SELECT DISTINCT(idcase) FROM (SELECT idcase, strftime('%Y-%m-%d', timestamp) as event_date, COUNT(*) as event_count FROM event_log GROUP BY idcase, event_date HAVING event_count > 1)",Generic,no_hardness,1,0,True,idcase;timestamp,timestamp,2,1,COUNT;DISTINCT;GROUP BY,,3,0
101_3,101,Report cases that are associated with multiple events in one day.,"SELECT DISTINCT(idcase) FROM (SELECT idcase, strftime('%Y-%m-%d', timestamp) as event_date, COUNT(*) as event_count FROM event_log GROUP BY idcase, event_date HAVING event_count > 1)",Generic,no_hardness,1,0,True,idcase;timestamp,timestamp,2,1,COUNT;DISTINCT;GROUP BY,,3,0
101_4,101,List the cases for which more than one event was recorded on the same day.,"SELECT DISTINCT(idcase) FROM (SELECT idcase, strftime('%Y-%m-%d', timestamp) as event_date, COUNT(*) as event_count FROM event_log GROUP BY idcase, event_date HAVING event_count > 1)",Generic,no_hardness,1,0,True,idcase;timestamp,timestamp,2,1,COUNT;DISTINCT;GROUP BY,,3,0
101_5,101,List the declarations that went through more than one intervention on the same day.,"SELECT DISTINCT(idcase) FROM (SELECT idcase, strftime('%Y-%m-%d', timestamp) as event_date, COUNT(*) as event_count FROM event_log GROUP BY idcase, event_date HAVING event_count > 1)",Domain,no_hardness,1,0,True,idcase;timestamp,timestamp,2,1,COUNT;DISTINCT;GROUP BY,,3,0
101_6,101,Which declarations went through multiple interventions in a single day?,"SELECT DISTINCT(idcase) FROM (SELECT idcase, strftime('%Y-%m-%d', timestamp) as event_date, COUNT(*) as event_count FROM event_log GROUP BY idcase, event_date HAVING event_count > 1)",Domain,no_hardness,1,0,True,idcase;timestamp,timestamp,2,1,COUNT;DISTINCT;GROUP BY,,3,0
102_0,102,How many null cost events are associated with each resource in each case?,"select idcase, resource, count(*) FROM event_log WHERE cost IS NULL GROUP BY idcase, resource",Generic,no_hardness,0,0,False,idcase;resource;cost,idcase;resource;cost,3,3,COUNT;GROUP BY,COUNT;GROUP BY,2,2
102_1,102,"For each case, how many null cost events are there associated with each resource?","select idcase, resource, count(*) FROM event_log WHERE cost IS NULL GROUP BY idcase, resource",Generic,no_hardness,0,0,False,idcase;resource;cost,idcase;resource;cost,3,3,COUNT;GROUP BY,COUNT;GROUP BY,2,2
102_2,102,"How many null cost events are there for each case, associated with each resource?","select idcase, resource, count(*) FROM event_log WHERE cost IS NULL GROUP BY idcase, resource",Generic,no_hardness,0,0,False,idcase;resource;cost,idcase;resource;cost,3,3,COUNT;GROUP BY,COUNT;GROUP BY,2,2
102_3,102,"For each process instance, how many null cost events are there associated with each resource?","select idcase, resource, count(*) FROM event_log WHERE cost IS NULL GROUP BY idcase, resource",Generic,no_hardness,0,0,False,idcase;resource;cost,idcase;resource;cost,3,3,COUNT;GROUP BY,COUNT;GROUP BY,2,2
102_4,102,List how many null cost events are associated with each resource in each of the process instances.,"select idcase, resource, count(*) FROM event_log WHERE cost IS NULL GROUP BY idcase, resource",Generic,no_hardness,0,0,False,idcase;resource;cost,idcase;resource;cost,3,3,COUNT;GROUP BY,COUNT;GROUP BY,2,2
102_5,102,Report how many null cost events there are associated with each employee in each of the process instances recorded in the log.,"select idcase, resource, count(*) FROM event_log WHERE cost IS NULL GROUP BY idcase, resource",Generic,no_hardness,0,0,False,idcase;resource;cost,idcase;resource;cost,3,3,COUNT;GROUP BY,COUNT;GROUP BY,2,2
102_6,102,Make a report stating how many interventions by each employee did not report costs in the processing of declarations.,"select idcase, resource, count(*) FROM event_log WHERE cost IS NULL GROUP BY idcase, resource",Domain,no_hardness,0,0,False,idcase;resource;cost,resource;cost,3,2,COUNT;GROUP BY,COUNT;GROUP BY,2,2
102_7,102,"How many interventions, per employee, did not report costs during the processing of declarations?","select idcase, resource, count(*) FROM event_log WHERE cost IS NULL GROUP BY idcase, resource",Domain,no_hardness,0,0,False,idcase;resource;cost,resource;cost,3,2,COUNT;GROUP BY,COUNT;GROUP BY,2,2
103_0,103,What events are associated with the 'permit rejected by director' activity?,select * from event_log where activity = 'Permit rejected by director',Value,easy,1,1,True,activity,activity,1,1,,,0,0
103_1,103,What are the events associated with the 'permit rejected by director' activity?,select * from event_log where activity = 'Permit rejected by director',Value,easy,1,1,True,activity,activity,1,1,,,0,0
103_2,103,List the events associated with the 'permit rejected by director' activity.,select * from event_log where activity = 'Permit rejected by director',Value,easy,1,1,True,activity,activity,1,1,,,0,0
103_3,103,Report the events related to the performance of the 'permit rejected by the director' activity.,select * from event_log where activity = 'Permit rejected by director',Value,easy,1,0,True,activity,activity,1,1,,,0,0
103_4,103,Retrieve all events that concern the performance of the 'permit rejected by director' activity.,select * from event_log where activity = 'Permit rejected by director',Value,easy,1,1,True,activity,activity,1,1,,,0,0
103_5,103,What are the events arising from the performance of the 'permit rejected by director' activity?,select * from event_log where activity = 'Permit rejected by director',Value,easy,1,1,True,activity,activity,1,1,,,0,0
103_6,103,What are the interventions recorded in the processing of declarations regarding permit rejected by a director?,select * from event_log where activity = 'Permit rejected by director',Domain,easy,1,0,True,activity,,1,0,,,0,0
103_7,103,What are the interventions of a director rejecting a permit?,select * from event_log where activity = 'Permit rejected by director',Domain,easy,1,0,True,activity,,1,0,,,0,0
104_0,104,What is the total cost of events per day?,"select strftime('%Y-%m-%d', timestamp), sum(cost) from event_log group by strftime('%Y-%m-%d', timestamp)",Generic,no_hardness,2,0,True,timestamp;cost,timestamp;cost,2,2,SUM;GROUP BY,SUM;GROUP BY,2,2
104_1,104,What is the total cost of all events occurred per day?,"select strftime('%Y-%m-%d', timestamp), sum(cost) from event_log group by strftime('%Y-%m-%d', timestamp)",Generic,no_hardness,2,0,True,timestamp;cost,timestamp;cost,2,2,SUM;GROUP BY,SUM;GROUP BY,2,2
104_2,104,Report the total cost of all events occurred per day.,"select strftime('%Y-%m-%d', timestamp), sum(cost) from event_log group by strftime('%Y-%m-%d', timestamp)",Generic,no_hardness,2,0,True,timestamp;cost,timestamp;cost,2,2,SUM;GROUP BY,SUM;GROUP BY,2,2
104_3,104,"List for each day, the total cost of the events occurred that day.","select strftime('%Y-%m-%d', timestamp), sum(cost) from event_log group by strftime('%Y-%m-%d', timestamp)",Generic,no_hardness,2,0,True,timestamp;cost,timestamp;cost,2,2,SUM;GROUP BY,SUM;GROUP BY,2,2
104_4,104,"For each day, calculate the total cost of events occurred that day.","select strftime('%Y-%m-%d', timestamp), sum(cost) from event_log group by strftime('%Y-%m-%d', timestamp)",Generic,no_hardness,2,0,True,timestamp;cost,timestamp;cost,2,2,SUM;GROUP BY,SUM;GROUP BY,2,2
104_5,104,Recover the sum of the costs of all events occurred each day.,"select strftime('%Y-%m-%d', timestamp), sum(cost) from event_log group by strftime('%Y-%m-%d', timestamp)",Generic,no_hardness,2,0,True,timestamp;cost,timestamp;cost,2,2,SUM;GROUP BY,SUM;GROUP BY,2,2
104_6,104,Calculate the sum of events for each day recorded in the event log.,"select strftime('%Y-%m-%d', timestamp), sum(cost) from event_log group by strftime('%Y-%m-%d', timestamp)",Generic,no_hardness,2,0,True,timestamp;cost,timestamp,2,1,SUM;GROUP BY,SUM;GROUP BY,2,2
104_7,104,What is the total cost of the declaration handling process each day?,"select strftime('%Y-%m-%d', timestamp), sum(cost) from event_log group by strftime('%Y-%m-%d', timestamp)",Domain,no_hardness,2,0,True,timestamp;cost,timestamp;cost,2,2,SUM;GROUP BY,SUM;GROUP BY,2,2
105_0,105,Which activities cost more than 1000 and were carried out under the responsibility of a supervisor or director?,SELECT DISTINCT activity FROM event_log WHERE (activity LIKE '%supervisor%' OR activity LIKE '%director%' ) AND cost > 1000,Domain,no_hardness,3,1,True,activity;cost,activity;cost,2,2,DISTINCT,,1,0
105_1,105,"Of the activities that require a supervisor or director, which ones cost more than 1000?",SELECT DISTINCT activity FROM event_log WHERE (activity LIKE '%supervisor%' OR activity LIKE '%director%' ) AND cost > 1000,Domain,no_hardness,3,1,True,activity;cost,activity;cost,2,2,DISTINCT,,1,0
105_2,105,Report which activities cost more than 1000 and require a supervisor or director associated with their performance.,SELECT DISTINCT activity FROM event_log WHERE (activity LIKE '%supervisor%' OR activity LIKE '%director%' ) AND cost > 1000,Domain,no_hardness,3,1,True,activity;cost,activity;cost,2,2,DISTINCT,,1,0
105_3,105,List the activities associated with supervisors or directors and whose performance cost more than 1000.,SELECT DISTINCT activity FROM event_log WHERE (activity LIKE '%supervisor%' OR activity LIKE '%director%' ) AND cost > 1000,Domain,no_hardness,3,1,True,activity;cost,activity;cost,2,2,DISTINCT,,1,0
105_4,105,Which actions have a cost greater than 1000 and require a supervisor or director?,SELECT DISTINCT activity FROM event_log WHERE (activity LIKE '%supervisor%' OR activity LIKE '%director%' ) AND cost > 1000,Domain,no_hardness,3,1,True,activity;cost,cost,2,1,DISTINCT,,1,0
105_5,105,"Of the activities that require a supervisor or director, which ones cost more than 1000?",SELECT DISTINCT activity FROM event_log WHERE (activity LIKE '%supervisor%' OR activity LIKE '%director%' ) AND cost > 1000,Domain,no_hardness,3,1,True,activity;cost,activity;cost,2,2,DISTINCT,,1,0
106_0,106,What is the number of events per case?,"SELECT count (*), idcase FROM event_log group by idcase",Generic,medium,0,0,False,idcase,idcase,1,1,COUNT;GROUP BY,COUNT;GROUP BY,2,2
106_1,106,What is the amount of events per case?,"SELECT count (*), idcase FROM event_log group by idcase",Generic,medium,0,0,False,idcase,idcase,1,1,COUNT;GROUP BY,GROUP BY,2,1
106_2,106,How many events were performed in each case?,"SELECT count (*), idcase FROM event_log group by idcase",Generic,medium,0,0,False,idcase,idcase,1,1,COUNT;GROUP BY,COUNT;GROUP BY,2,2
106_3,106,How big is each case in terms of number of events?,"SELECT count (*), idcase FROM event_log group by idcase",Generic,medium,0,0,False,idcase,idcase,1,1,COUNT;GROUP BY,COUNT;GROUP BY,2,2
106_4,106,List the number of events associated with each case.,"SELECT count (*), idcase FROM event_log group by idcase",Generic,medium,0,0,False,idcase,idcase,1,1,COUNT;GROUP BY,COUNT;GROUP BY,2,2
106_5,106,Retrieve how many events were performed in each process instance.,"SELECT count (*), idcase FROM event_log group by idcase",Generic,medium,0,0,False,idcase,idcase,1,1,COUNT;GROUP BY,COUNT;GROUP BY,2,2
106_6,106,How many interventions were carried out in the processing of each declaration?,"SELECT count (*), idcase FROM event_log group by idcase",Domain,medium,0,0,False,idcase,idcase,1,1,COUNT;GROUP BY,COUNT;GROUP BY,2,2
107_0,107,How many tasks were assigned to each resource?,"SELECT COUNT(*), resource FROM event_log GROUP BY resource",Generic,medium,0,0,False,resource,resource,1,1,COUNT;GROUP BY,COUNT;GROUP BY,2,2
107_1,107,How many tasks were assigned per resource?,"SELECT COUNT(*), resource FROM event_log GROUP BY resource",Generic,medium,0,0,False,resource,resource,1,1,COUNT;GROUP BY,COUNT;GROUP BY,2,2
107_2,107,How many activities were performed per resource?,"SELECT COUNT(*), resource FROM event_log GROUP BY resource",Generic,medium,0,0,False,resource,resource,1,1,COUNT;GROUP BY,COUNT;GROUP BY,2,2
107_3,107,How many activities were associated with each resource?,"SELECT COUNT(*), resource FROM event_log GROUP BY resource",Generic,medium,0,0,False,resource,resource,1,1,COUNT;GROUP BY,COUNT;GROUP BY,2,2
107_4,107,Report the number of activities associated with each resource present in the event log.,"SELECT COUNT(*), resource FROM event_log GROUP BY resource",Generic,medium,0,0,False,resource,resource,1,1,COUNT;GROUP BY,COUNT;GROUP BY,2,2
107_5,107,"For each resource, list the number of tasks associated with it.","SELECT COUNT(*), resource FROM event_log GROUP BY resource",Generic,medium,0,0,False,resource,resource,1,1,COUNT;GROUP BY,COUNT;GROUP BY,2,2
107_6,107,How many actions were determined for each employee to perform?,"SELECT COUNT(*), resource FROM event_log GROUP BY resource",Domain,medium,0,0,False,resource,resource,1,1,COUNT;GROUP BY,COUNT;GROUP BY,2,2
108_0,108,What cases were assigned to Alexis to solve and how many activities is she involved in per case?,"SELECT idcase, count(*) FROM event_log where resource = 'Alexis' GROUP by idcase",Value,medium,1,1,True,idcase;resource,idcase,2,1,COUNT;GROUP BY,COUNT;GROUP BY,2,2
108_1,108,In which cases are there activities assigned to Alexis and how many activities is she involved in in each of these cases?,"SELECT idcase, count(*) FROM event_log where resource = 'Alexis' GROUP by idcase",Value,medium,1,1,True,idcase;resource,,2,0,COUNT;GROUP BY,COUNT;GROUP BY,2,2
108_2,108,"Which cases did Alexis work on and, for each case, report how many activities were associated with her in each case.","SELECT idcase, count(*) FROM event_log where resource = 'Alexis' GROUP by idcase",Value,medium,1,1,True,idcase;resource,idcase,2,1,COUNT;GROUP BY,COUNT;GROUP BY,2,2
108_3,108,Report which cases Alexis worked on and also how many activities were associated with her in each of them.,"SELECT idcase, count(*) FROM event_log where resource = 'Alexis' GROUP by idcase",Value,medium,1,1,True,idcase;resource,,2,0,COUNT;GROUP BY,COUNT;GROUP BY,2,2
108_4,108,List the identifier of the cases in which Alexis appears as a resource and report how many activities she worked on in these cases.,"SELECT idcase, count(*) FROM event_log where resource = 'Alexis' GROUP by idcase",Value,medium,1,1,True,idcase;resource,idcase;resource,2,2,COUNT;GROUP BY,COUNT,2,1
108_5,108,How many activities were assigned to Alexis in each of the cases in which she worked and what were these cases?,"SELECT idcase, count(*) FROM event_log where resource = 'Alexis' GROUP by idcase",Value,medium,1,1,True,idcase;resource,,2,0,COUNT;GROUP BY,COUNT;GROUP BY,2,2
108_6,108,What tasks were associated with Alexis in each of the process instances in which she worked and what are these instances?,"SELECT idcase, count(*) FROM event_log where resource = 'Alexis' GROUP by idcase",Value,medium,1,1,True,idcase;resource,idcase,2,1,COUNT;GROUP BY,GROUP BY,2,1
108_7,108,The collaborator Alexis worked on which declarations and how many actions did she engage in for each declaration in this set of declarations?,"SELECT idcase, count(*) FROM event_log where resource = 'Alexis' GROUP by idcase",Domain,medium,1,1,True,idcase;resource,idcase;resource,2,2,COUNT;GROUP BY,COUNT;GROUP BY,2,2
109_0,109,How many cases went through the 'permit final approved by supervisor' activity before going through the 'start trip' activity?,SELECT count(DISTINCT e1.idcase) FROM event_log e1 INNER JOIN event_log e2 ON e1.idcase = e2.idcase WHERE e1.activity = 'Permit final approved by supervisor' AND e2.activity = 'Start trip' AND e1.timestamp < e2.timestamp,Value,no_hardness,2,2,True,idcase;activity;timestamp,idcase;activity,3,2,COUNT;DISTINCT,COUNT,2,1
109_1,109,In how many cases did the 'permit final approved by supervisor' activity occur before the 'start trip' activity?,SELECT count(DISTINCT e1.idcase) FROM event_log e1 INNER JOIN event_log e2 ON e1.idcase = e2.idcase WHERE e1.activity = 'Permit final approved by supervisor' AND e2.activity = 'Start trip' AND e1.timestamp < e2.timestamp,Value,no_hardness,2,2,True,idcase;activity;timestamp,idcase;activity,3,2,COUNT;DISTINCT,COUNT,2,1
109_2,109,In how many cases does the 'start trip' activity eventually follow the 'permit final approved by supervisor' activity?,SELECT count(DISTINCT e1.idcase) FROM event_log e1 INNER JOIN event_log e2 ON e1.idcase = e2.idcase WHERE e1.activity = 'Permit final approved by supervisor' AND e2.activity = 'Start trip' AND e1.timestamp < e2.timestamp,Value,no_hardness,2,2,True,idcase;activity;timestamp,idcase;activity,3,2,COUNT;DISTINCT,COUNT,2,1
109_3,109,In how many process instances does an event relating to the 'permit final approved by supervisor' activity occur before the event relating to the 'start trip' activity?,SELECT count(DISTINCT e1.idcase) FROM event_log e1 INNER JOIN event_log e2 ON e1.idcase = e2.idcase WHERE e1.activity = 'Permit final approved by supervisor' AND e2.activity = 'Start trip' AND e1.timestamp < e2.timestamp,Value,no_hardness,2,2,True,idcase;activity;timestamp,idcase;activity,3,2,COUNT;DISTINCT,COUNT,2,1
109_4,109,In how many cases does the 'start trip' activity occur after the 'permit final approved by supervisor' activity occurs?,SELECT count(DISTINCT e1.idcase) FROM event_log e1 INNER JOIN event_log e2 ON e1.idcase = e2.idcase WHERE e1.activity = 'Permit final approved by supervisor' AND e2.activity = 'Start trip' AND e1.timestamp < e2.timestamp,Value,no_hardness,2,2,True,idcase;activity;timestamp,idcase;activity,3,2,COUNT;DISTINCT,COUNT,2,1
109_5,109,Report the number of declarations in which the start of the trip occurs after the permit with final approval from the supervisor.,SELECT count(DISTINCT e1.idcase) FROM event_log e1 INNER JOIN event_log e2 ON e1.idcase = e2.idcase WHERE e1.activity = 'Permit final approved by supervisor' AND e2.activity = 'Start trip' AND e1.timestamp < e2.timestamp,Domain,no_hardness,2,0,True,idcase;activity;timestamp,idcase,3,1,COUNT;DISTINCT,COUNT,2,1
109_6,109,In how many declarations does the permit with final approval from the supervisor record appear before the start of the trip record?,SELECT count(DISTINCT e1.idcase) FROM event_log e1 INNER JOIN event_log e2 ON e1.idcase = e2.idcase WHERE e1.activity = 'Permit final approved by supervisor' AND e2.activity = 'Start trip' AND e1.timestamp < e2.timestamp,Domain,no_hardness,2,0,True,idcase;activity;timestamp,idcase,3,1,COUNT;DISTINCT,COUNT,2,1
109_7,109,How many declarations were allowed with final approval from the supervisor before the start of the trip?,SELECT count(DISTINCT e1.idcase) FROM event_log e1 INNER JOIN event_log e2 ON e1.idcase = e2.idcase WHERE e1.activity = 'Permit final approved by supervisor' AND e2.activity = 'Start trip' AND e1.timestamp < e2.timestamp,Domain,no_hardness,2,0,True,idcase;activity;timestamp,idcase,3,1,COUNT;DISTINCT,COUNT,2,1
110_0,110,"Which events associated with the 'end trip' activity did not occur on December 12, 2017?","select * from event_log where activity = 'End trip' and strftime('%Y-%m-%d', timestamp) !=  '2017-12-12'",Value,no_hardness,3,2,True,activity;timestamp,activity,2,1,Negation,Negation,1,1
110_1,110,"What events associated with the 'end trip' activity occurred before or after December 12, 2017?","select * from event_log where activity = 'End trip' and strftime('%Y-%m-%d', timestamp) !=  '2017-12-12'",Value,no_hardness,3,2,True,activity;timestamp,activity,2,1,Negation,,1,0
110_2,110,"List the event related to the performance of the 'end trip' activity that occurred before or after December 12, 2017.","select * from event_log where activity = 'End trip' and strftime('%Y-%m-%d', timestamp) !=  '2017-12-12'",Value,no_hardness,3,2,True,activity;timestamp,activity,2,1,Negation,,1,0
110_3,110,"List the event related to the performance of the 'end trip' activity, considering only those that occurred before or after December 12, 2017.","select * from event_log where activity = 'End trip' and strftime('%Y-%m-%d', timestamp) !=  '2017-12-12'",Value,no_hardness,3,2,True,activity;timestamp,activity,2,1,Negation,,1,0
110_4,110,"List the events that did not occur on December 12, 2017 and that are a result of the performance of the 'end trip' activity.","select * from event_log where activity = 'End trip' and strftime('%Y-%m-%d', timestamp) !=  '2017-12-12'",Value,no_hardness,3,2,True,activity;timestamp,activity,2,1,Negation,Negation,1,1
110_5,110,"What events associated with the 'end trip' activity did not take place on December 12, 2017?","select * from event_log where activity = 'End trip' and strftime('%Y-%m-%d', timestamp) !=  '2017-12-12'",Value,no_hardness,3,2,True,activity;timestamp,activity,2,1,Negation,Negation,1,1
110_6,110,"Which actions indicating the end of a trip were not recorded on the twelfth of December, twenty seventeen?","select * from event_log where activity = 'End trip' and strftime('%Y-%m-%d', timestamp) !=  '2017-12-12'",Domain,no_hardness,3,1,True,activity;timestamp,,2,0,Negation,Negation,1,1
111_0,111,How many events did each resource act on?,"SELECT count (*), resource FROM event_log group by resource",Generic,medium,0,0,False,resource,resource,1,1,COUNT;GROUP BY,COUNT;GROUP BY,2,2
111_1,111,How many events did each resource work on?,"SELECT count (*), resource FROM event_log group by resource",Generic,medium,0,0,False,resource,resource,1,1,COUNT;GROUP BY,COUNT;GROUP BY,2,2
111_2,111,How many events were associated with each resource?,"SELECT count (*), resource FROM event_log group by resource",Generic,medium,0,0,False,resource,resource,1,1,COUNT;GROUP BY,COUNT;GROUP BY,2,2
111_3,111,How many activities did each person responsible perform?,"SELECT count (*), resource FROM event_log group by resource",Domain,medium,0,0,False,resource,resource,1,1,COUNT;GROUP BY,COUNT;GROUP BY,2,2
111_4,111,How many events did each person in charge act in?,"SELECT count (*), resource FROM event_log group by resource",Domain,medium,0,0,False,resource,resource,1,1,COUNT;GROUP BY,COUNT;GROUP BY,2,2
111_5,111,How many times did each responsible person act in processing declarations?,"SELECT count (*), resource FROM event_log group by resource",Domain,medium,0,0,False,resource,resource,1,1,COUNT;GROUP BY,COUNT;GROUP BY,2,2
111_6,111,How many actions were the responsibility of each person involved in the trip declaration process?,"SELECT count (*), resource FROM event_log group by resource",Domain,medium,0,0,False,resource,resource,1,1,COUNT;GROUP BY,COUNT;GROUP BY,2,2
112_0,112,In how many activities has each resource already acted?,"SELECT resource, COUNT(*) FROM event_log group by resource",Generic,medium,0,0,False,resource,resource,1,1,COUNT;GROUP BY,COUNT;GROUP BY,2,2
112_1,112,In how many activities has each resource worked?,"SELECT resource, COUNT(*) FROM event_log group by resource",Generic,medium,0,0,False,resource,resource,1,1,COUNT;GROUP BY,COUNT;GROUP BY,2,2
112_2,112,How many activities were associated with each of the resources?,"SELECT resource, COUNT(*) FROM event_log group by resource",Generic,medium,0,0,False,resource,resource,1,1,COUNT;GROUP BY,COUNT;GROUP BY,2,2
112_3,112,List the number of activities that have already been associated with each of the resources.,"SELECT resource, COUNT(*) FROM event_log group by resource",Generic,medium,0,0,False,resource,resource,1,1,COUNT;GROUP BY,COUNT;GROUP BY,2,2
112_4,112,"For each resource, report the number of activities that have already been associated with it.","SELECT resource, COUNT(*) FROM event_log group by resource",Generic,medium,0,0,False,resource,resource,1,1,COUNT;GROUP BY,COUNT;GROUP BY,2,2
112_5,112,How many actions has each employee already acted in?,"SELECT resource, COUNT(*) FROM event_log group by resource",Domain,medium,0,0,False,resource,resource,1,1,COUNT;GROUP BY,COUNT;GROUP BY,2,2
113_0,113,In which activities has the Virginia resource not yet acted?,SELECT activity FROM event_log EXCEPT SELECT activity FROM event_log where resource = 'Virginia',Value,hard,1,1,True,activity;resource,activity;resource,2,2,Set operation,,1,0
113_1,113,List the label of activities that the Virginia resource has not yet acted on.,SELECT activity FROM event_log EXCEPT SELECT activity FROM event_log where resource = 'Virginia',Value,hard,1,1,True,activity;resource,activity;resource,2,2,Set operation,,1,0
113_2,113,What are the activities that Virginia has not yet been associated with?,SELECT activity FROM event_log EXCEPT SELECT activity FROM event_log where resource = 'Virginia',Value,hard,1,1,True,activity;resource,activity,2,1,Set operation,,1,0
113_3,113,For which activities is there still no record of employee Virginia’s activities?,SELECT activity FROM event_log EXCEPT SELECT activity FROM event_log where resource = 'Virginia',Value,hard,1,1,True,activity;resource,activity;resource,2,2,Set operation,,1,0
113_4,113,Retrieve the label of activities that have not yet been associated with the employee Virginia.,SELECT activity FROM event_log EXCEPT SELECT activity FROM event_log where resource = 'Virginia',Value,hard,1,1,True,activity;resource,activity;resource,2,2,Set operation,,1,0
113_5,113,In which actions does Virginia not yet have experience?,SELECT activity FROM event_log EXCEPT SELECT activity FROM event_log where resource = 'Virginia',Domain,hard,1,1,True,activity;resource,,2,0,Set operation,,1,0
114_0,114,What is the average cost of cases that went through the 'rejected' activity?,SELECT AVG(cost) FROM event_log WHERE idcase IN (SELECT DISTINCT idcase FROM event_log where activity LIKE '%rejected%') ,Value,hard,1,0,True,idcase;activity;cost,activity;cost,3,2,DISTINCT,,1,0
114_1,114,Calculate the average cost of cases that went through the 'rejected' activity.,SELECT AVG(cost) FROM event_log WHERE idcase IN (SELECT DISTINCT idcase FROM event_log where activity LIKE '%rejected%') ,Value,hard,1,0,True,idcase;activity;cost,activity;cost,3,2,DISTINCT,,1,0
114_2,114,Calculate the average cost of cases that include at least one instance of the 'rejected' activity.,SELECT AVG(cost) FROM event_log WHERE idcase IN (SELECT DISTINCT idcase FROM event_log where activity LIKE '%rejected%') ,Value,hard,1,0,True,idcase;activity;cost,activity;cost,3,2,DISTINCT,,1,0
114_3,114,Report the mean cost of cases that include at least one instance of the 'rejected' activity.,SELECT AVG(cost) FROM event_log WHERE idcase IN (SELECT DISTINCT idcase FROM event_log where activity LIKE '%rejected%') ,Value,hard,1,0,True,idcase;activity;cost,activity;cost,3,2,DISTINCT,,1,0
114_4,114,Filter the cases that went through the 'rejected' activity and then calculate the mean of their costs.,SELECT AVG(cost) FROM event_log WHERE idcase IN (SELECT DISTINCT idcase FROM event_log where activity LIKE '%rejected%') ,Value,hard,1,0,True,idcase;activity;cost,activity;cost,3,2,DISTINCT,,1,0
114_5,114,What is the mean cost in travel declaration processes that were rejected?,SELECT AVG(cost) FROM event_log WHERE idcase IN (SELECT DISTINCT idcase FROM event_log where activity LIKE '%rejected%') ,Domain,hard,1,0,True,idcase;activity;cost,idcase;cost,3,2,DISTINCT,,1,0
114_6,114,What is the average cost of travel declarations that had some phase of the process rejected?,SELECT AVG(cost) FROM event_log WHERE idcase IN (SELECT DISTINCT idcase FROM event_log where activity LIKE '%rejected%') ,Domain,hard,1,0,True,idcase;activity;cost,idcase;cost,3,2,DISTINCT,,1,0
115_0,115,What was the duration of the 'declaration approved by supervisor' activity in each case?,"WITH RankedEvents AS (SELECT id, activity, timestamp, LEAD(timestamp) OVER (PARTITION BY idcase ORDER BY timestamp) AS next_timestamp, idcase FROM event_log) SELECT idcase, coalesce((strftime('%s', next_timestamp) - strftime('%s', timestamp)),0) as duration FROM RankedEvents WHERE activity='Declaration approved by supervisor'",Value,no_hardness,4,1,True,idcase;activity;timestamp,idcase;activity;timestamp,3,3,,,0,0
115_1,115,How long did the 'declaration approved by supervisor' activity last in each case?,"WITH RankedEvents AS (SELECT id, activity, timestamp, LEAD(timestamp) OVER (PARTITION BY idcase ORDER BY timestamp) AS next_timestamp, idcase FROM event_log) SELECT idcase, coalesce((strftime('%s', next_timestamp) - strftime('%s', timestamp)),0) as duration FROM RankedEvents WHERE activity='Declaration approved by supervisor'",Value,no_hardness,4,1,True,idcase;activity;timestamp,idcase;activity,3,2,,,0,0
115_2,115,How long did the 'declaration approved by supervisor' activity last in each process instance?,"WITH RankedEvents AS (SELECT id, activity, timestamp, LEAD(timestamp) OVER (PARTITION BY idcase ORDER BY timestamp) AS next_timestamp, idcase FROM event_log) SELECT idcase, coalesce((strftime('%s', next_timestamp) - strftime('%s', timestamp)),0) as duration FROM RankedEvents WHERE activity='Declaration approved by supervisor'",Value,no_hardness,4,1,True,idcase;activity;timestamp,idcase;activity,3,2,,,0,0
115_3,115,"For each process instance, report the duration of the 'declaration approved by supervisor' activity.","WITH RankedEvents AS (SELECT id, activity, timestamp, LEAD(timestamp) OVER (PARTITION BY idcase ORDER BY timestamp) AS next_timestamp, idcase FROM event_log) SELECT idcase, coalesce((strftime('%s', next_timestamp) - strftime('%s', timestamp)),0) as duration FROM RankedEvents WHERE activity='Declaration approved by supervisor'",Value,no_hardness,4,1,True,idcase;activity;timestamp,idcase;activity;timestamp,3,3,,,0,0
115_4,115,Report the duration of the 'declaration approved by supervisor' activity in each process instance.,"WITH RankedEvents AS (SELECT id, activity, timestamp, LEAD(timestamp) OVER (PARTITION BY idcase ORDER BY timestamp) AS next_timestamp, idcase FROM event_log) SELECT idcase, coalesce((strftime('%s', next_timestamp) - strftime('%s', timestamp)),0) as duration FROM RankedEvents WHERE activity='Declaration approved by supervisor'",Value,no_hardness,4,1,True,idcase;activity;timestamp,idcase;activity;timestamp,3,3,,,0,0
115_5,115,What is the performance of actions that are associated with the declaration being approved by the supervisor?,"WITH RankedEvents AS (SELECT id, activity, timestamp, LEAD(timestamp) OVER (PARTITION BY idcase ORDER BY timestamp) AS next_timestamp, idcase FROM event_log) SELECT idcase, coalesce((strftime('%s', next_timestamp) - strftime('%s', timestamp)),0) as duration FROM RankedEvents WHERE activity='Declaration approved by supervisor'",Domain,no_hardness,4,0,True,idcase;activity;timestamp,idcase,3,1,,,0,0
115_6,115,What was the time spent for a declaration to be approved by the supervisor?,"WITH RankedEvents AS (SELECT id, activity, timestamp, LEAD(timestamp) OVER (PARTITION BY idcase ORDER BY timestamp) AS next_timestamp, idcase FROM event_log) SELECT idcase, coalesce((strftime('%s', next_timestamp) - strftime('%s', timestamp)),0) as duration FROM RankedEvents WHERE activity='Declaration approved by supervisor'",Domain,no_hardness,4,0,True,idcase;activity;timestamp,idcase;timestamp,3,2,,,0,0
116_0,116,How many times has the 'declaration rejected by pre-approver' activity been performed?,SELECT count(*) FROM event_log WHERE activity = 'Declaration rejected by pre-approver',Value,easy,1,1,True,activity,activity,1,1,COUNT,COUNT,1,1
116_1,116,How many occurrences of the 'declaration rejected by pre-approver' activity are there in the event log?,SELECT count(*) FROM event_log WHERE activity = 'Declaration rejected by pre-approver',Value,easy,1,1,True,activity,activity,1,1,COUNT,COUNT,1,1
116_2,116,How many occurrences of the 'declaration rejected by pre-approver' activity were recorded in the event log?,SELECT count(*) FROM event_log WHERE activity = 'Declaration rejected by pre-approver',Value,easy,1,1,True,activity,activity,1,1,COUNT,COUNT,1,1
116_3,116,How many times did the 'declaration rejected by pre-approver' activity occur?,SELECT count(*) FROM event_log WHERE activity = 'Declaration rejected by pre-approver',Value,easy,1,1,True,activity,activity,1,1,COUNT,COUNT,1,1
116_4,116,Report the number of times the 'declaration rejected by pre-approver' activity was performed.,SELECT count(*) FROM event_log WHERE activity = 'Declaration rejected by pre-approver',Value,easy,1,1,True,activity,activity,1,1,COUNT,COUNT,1,1
116_5,116,List the number of occurrences of the 'declaration rejected by pre-approver' activity.,SELECT count(*) FROM event_log WHERE activity = 'Declaration rejected by pre-approver',Value,easy,1,1,True,activity,activity,1,1,COUNT,COUNT,1,1
116_6,116,How many times has a declaration been rejected at the pre-approval stage?,SELECT count(*) FROM event_log WHERE activity = 'Declaration rejected by pre-approver',Domain,easy,1,0,True,activity,,1,0,COUNT,COUNT,1,1
116_7,116,How many times has the pre-approver rejected a declaration?,SELECT count(*) FROM event_log WHERE activity = 'Declaration rejected by pre-approver',Domain,easy,1,0,True,activity,,1,0,COUNT,COUNT,1,1
117_0,117,"List the cases and the date of occurrence of the 'end trip' activity in each case, ordering the answer in relation to the resource responsible for the activity.","SELECT idcase, timestamp FROM event_log WHERE activity = 'End trip' ORDER BY resource",Value,medium,1,1,True,idcase;activity;resource;timestamp,idcase;activity;resource;timestamp,4,4,,,0,0
117_1,117,"Return the case identifier and the date the 'end trip' activity was performed for this case, ordering the response according to the resource associated with performing the activity.","SELECT idcase, timestamp FROM event_log WHERE activity = 'End trip' ORDER BY resource",Value,medium,1,1,True,idcase;activity;resource;timestamp,idcase;activity;resource;timestamp,4,4,,,0,0
117_2,117,"Provide a list, ordered by resource, of cases in which the 'end trip' activity occurred and the dates of events associated with these occurrences.","SELECT idcase, timestamp FROM event_log WHERE activity = 'End trip' ORDER BY resource",Value,medium,1,1,True,idcase;activity;resource;timestamp,idcase;activity;resource,4,3,,,0,0
117_3,117,Which cases went through the 'end trip' activity and on what date? Sort the response by resource associated with the occurrence of the activity.,"SELECT idcase, timestamp FROM event_log WHERE activity = 'End trip' ORDER BY resource",Value,medium,1,1,True,idcase;activity;resource;timestamp,idcase;activity;resource;timestamp,4,4,,,0,0
117_4,117,Which declarations have already registered the end of the trip and when was this registration? Order the list according to the name of the employee responsible for registering the end of the trip for that declaration.,"SELECT idcase, timestamp FROM event_log WHERE activity = 'End trip' ORDER BY resource",Domain,medium,1,0,True,idcase;activity;resource;timestamp,idcase;resource;timestamp,4,3,,,0,0
117_5,117,Make a report in which we have the code of the processed declaration and the date on which the trip ended in that declaration. Sort the report according to the name of the employee who was responsible for recording the end of the trip in the system.,"SELECT idcase, timestamp FROM event_log WHERE activity = 'End trip' ORDER BY resource",Domain,medium,1,0,True,idcase;activity;resource;timestamp,idcase;resource;timestamp,4,3,,,0,0
118_0,118,How many events were recorded for each case?,"SELECT count (*), idcase FROM event_log group by idcase",Generic,medium,0,0,False,idcase,idcase,1,1,COUNT;GROUP BY,COUNT;GROUP BY,2,2
118_1,118,How many events were recorded for each process instance?,"SELECT count (*), idcase FROM event_log group by idcase",Generic,medium,0,0,False,idcase,idcase,1,1,COUNT;GROUP BY,COUNT;GROUP BY,2,2
118_2,118,How many events were performed in each case?,"SELECT count (*), idcase FROM event_log group by idcase",Generic,medium,0,0,False,idcase,idcase,1,1,COUNT;GROUP BY,COUNT;GROUP BY,2,2
118_3,118,How many events were performed for each process instance?,"SELECT count (*), idcase FROM event_log group by idcase",Generic,medium,0,0,False,idcase,idcase,1,1,COUNT;GROUP BY,COUNT;GROUP BY,2,2
118_4,118,List the number of events associated with each case.,"SELECT count (*), idcase FROM event_log group by idcase",Generic,medium,0,0,False,idcase,idcase,1,1,COUNT;GROUP BY,COUNT;GROUP BY,2,2
118_5,118,List the number of events recorded for each case.,"SELECT count (*), idcase FROM event_log group by idcase",Generic,medium,0,0,False,idcase,idcase,1,1,COUNT;GROUP BY,COUNT;GROUP BY,2,2
118_6,118,How many actions were taken for each travel declaration?,"SELECT count (*), idcase FROM event_log group by idcase",Domain,medium,0,0,False,idcase,idcase,1,1,COUNT;GROUP BY,COUNT;GROUP BY,2,2
118_7,118,How many interventions were necessary to process each travel declaration?,"SELECT count (*), idcase FROM event_log group by idcase",Domain,medium,0,0,False,idcase,idcase,1,1,COUNT;GROUP BY,COUNT;GROUP BY,2,2
119_0,119,How many cases went through the 'end trip' activity between 05/02/2017 and 05/12/2017?,SELECT COUNT(DISTINCT idcase) FROM event_log WHERE activity = 'End trip' AND timestamp BETWEEN '2017-05-02' and '2017-05-12',Value,medium,3,3,True,idcase;activity;timestamp,idcase;activity,3,2,COUNT;DISTINCT;Temporal,COUNT;Temporal,3,2
119_1,119,Report the number of process instances that went through the 'end trip' activity between 05/02/2017 and 05/12/2017.,SELECT COUNT(DISTINCT idcase) FROM event_log WHERE activity = 'End trip' AND timestamp BETWEEN '2017-05-02' and '2017-05-12',Value,medium,3,3,True,idcase;activity;timestamp,idcase;activity,3,2,COUNT;DISTINCT;Temporal,COUNT;Temporal,3,2
119_2,119,"In how many cases was the 'end trip' activity carried out between the second of May, 2017 and the twelfth of May, 2017?",SELECT COUNT(DISTINCT idcase) FROM event_log WHERE activity = 'End trip' AND timestamp BETWEEN '2017-05-02' and '2017-05-12',Value,medium,3,3,True,idcase;activity;timestamp,idcase;activity,3,2,COUNT;DISTINCT;Temporal,COUNT;Temporal,3,2
119_3,119,"How many process instances include the performance of the 'end trip' activity between the second of May, 2017 and the twelfth of May, 2017?",SELECT COUNT(DISTINCT idcase) FROM event_log WHERE activity = 'End trip' AND timestamp BETWEEN '2017-05-02' and '2017-05-12',Value,medium,3,3,True,idcase;activity;timestamp,idcase;activity,3,2,COUNT;DISTINCT;Temporal,COUNT;Temporal,3,2
119_4,119,In how many cases did the 'end trip' activity occur considering the time interval of 05/02/2017 and 05/12/2017?,SELECT COUNT(DISTINCT idcase) FROM event_log WHERE activity = 'End trip' AND timestamp BETWEEN '2017-05-02' and '2017-05-12',Value,medium,3,3,True,idcase;activity;timestamp,idcase;activity;timestamp,3,3,COUNT;DISTINCT;Temporal,COUNT;Temporal,3,2
119_5,119,How many cases went through the 'end trip' activity considering the time interval of 05/02/2017 and 05/12/2017?,SELECT COUNT(DISTINCT idcase) FROM event_log WHERE activity = 'End trip' AND timestamp BETWEEN '2017-05-02' and '2017-05-12',Value,medium,3,3,True,idcase;activity;timestamp,idcase;activity;timestamp,3,3,COUNT;DISTINCT;Temporal,COUNT;Temporal,3,2
119_6,119,How many trips ended between 05/02/2017 and 05/12/2017?,SELECT COUNT(DISTINCT idcase) FROM event_log WHERE activity = 'End trip' AND timestamp BETWEEN '2017-05-02' and '2017-05-12',Domain,medium,3,2,True,idcase;activity;timestamp,,3,0,COUNT;DISTINCT;Temporal,COUNT;Temporal,3,2
119_7,119,In how many declarations did the end of the trip occur between 05/02/2017 and 05/12/2017?,SELECT COUNT(DISTINCT idcase) FROM event_log WHERE activity = 'End trip' AND timestamp BETWEEN '2017-05-02' and '2017-05-12',Domain,medium,3,2,True,idcase;activity;timestamp,idcase,3,1,COUNT;DISTINCT;Temporal,COUNT;Temporal,3,2
120_0,120,"Report the case identifier, resource, event identifier and completion date of occurrences of the 'send reminder' activity, considering the chronological order of completion.","SELECT idcase, resource, id, timestamp FROM event_log WHERE activity = 'Send reminder' ORDER BY timestamp",Value,medium,1,1,True,idcase;activity;resource;timestamp,idcase;activity;resource;timestamp,4,4,,,0,0
120_1,120,"Retrieve the case identifier, resource, event identifier and completion date of occurrences of the 'send reminder' activity. Sort the information in chronological order by completion date.","SELECT idcase, resource, id, timestamp FROM event_log WHERE activity = 'Send reminder' ORDER BY timestamp",Value,medium,1,1,True,idcase;activity;resource;timestamp,idcase;activity;resource;timestamp,4,4,,,0,0
120_2,120,"Report, in chronological order of completion, the cases that include the 'send reminder' activity, the associated resources, the associated event identifiers and the activity completion date.","SELECT idcase, resource, id, timestamp FROM event_log WHERE activity = 'Send reminder' ORDER BY timestamp",Value,medium,1,1,True,idcase;activity;resource;timestamp,activity;resource;timestamp,4,3,,,0,0
120_3,120,"The 'send reminder' activity appears in which cases, with which resources, in which events, and with what completion date? Sort the information in chronological order by completion date.","SELECT idcase, resource, id, timestamp FROM event_log WHERE activity = 'Send reminder' ORDER BY timestamp",Value,medium,1,1,True,idcase;activity;resource;timestamp,activity;resource;timestamp,4,3,,,0,0
120_4,120,"For cases where the 'send reminder' activity occurs, list in chronological order of completion: case identifier, event identifier, associated resource and completion date of the activity.","SELECT idcase, resource, id, timestamp FROM event_log WHERE activity = 'Send reminder' ORDER BY timestamp",Value,medium,1,1,True,idcase;activity;resource;timestamp,idcase;activity;resource;timestamp,4,4,,,0,0
120_5,120,"In chronological order of completion, which cases include the 'send reminder' activity and what are the corresponding resource, event ID, and completion date of this activity?","SELECT idcase, resource, id, timestamp FROM event_log WHERE activity = 'Send reminder' ORDER BY timestamp",Value,medium,1,1,True,idcase;activity;resource;timestamp,idcase;activity;resource;timestamp,4,4,,,0,0
120_6,120,"Make a report providing the code of the declaration process in which it was necessary to send reminders. Also, provide the resource that recorded this submission, the identifier of this submission occurrence and completion date, ordering the result by completion date.","SELECT idcase, resource, id, timestamp FROM event_log WHERE activity = 'Send reminder' ORDER BY timestamp",Domain,medium,1,1,True,idcase;activity;resource;timestamp,idcase;resource;timestamp,4,3,,,0,0
121_0,121,List all resources in alphabetical order and without repetitions.,SELECT DISTINCT resource FROM event_log ORDER BY resource,Generic,easy,0,0,False,resource,resource,1,1,DISTINCT,,1,0
121_1,121,List all resources alphabetically and without duplicates.,SELECT DISTINCT resource FROM event_log ORDER BY resource,Generic,easy,0,0,False,resource,resource,1,1,DISTINCT,,1,0
121_2,121,List all distinct resources in alphabetical order.,SELECT DISTINCT resource FROM event_log ORDER BY resource,Generic,easy,0,0,False,resource,resource,1,1,DISTINCT,DISTINCT,1,1
121_3,121,What resources are recorded in the event log? List in alphabetical order and without repetitions.,SELECT DISTINCT resource FROM event_log ORDER BY resource,Generic,easy,0,0,False,resource,resource,1,1,DISTINCT,,1,0
121_4,121,"Retrieve, in alphabetical order and without repetitions, all resources recorded in the log.",SELECT DISTINCT resource FROM event_log ORDER BY resource,Generic,easy,0,0,False,resource,resource,1,1,DISTINCT,,1,0
121_5,121,"List, in alphabetical order and without repetitions, the names of the resources recorded in the event log.",SELECT DISTINCT resource FROM event_log ORDER BY resource,Generic,easy,0,0,False,resource,resource,1,1,DISTINCT,,1,0
121_6,121,"List the names of all employees who have worked on declaration processes, in alphabetical order.",SELECT DISTINCT resource FROM event_log ORDER BY resource,Domain,easy,0,0,False,resource,resource,1,1,DISTINCT,,1,0
122_0,122,What resources are associated with more than two hundred cases?,SELECT resource FROM event_log GROUP BY resource HAVING COUNT(DISTINCT idcase) > 200,Generic,easy,1,0,True,idcase;resource,resource,2,1,COUNT;DISTINCT;GROUP BY,,3,0
122_1,122,What resources are associated with more than two hundred process instances?,SELECT resource FROM event_log GROUP BY resource HAVING COUNT(DISTINCT idcase) > 200,Generic,easy,1,0,True,idcase;resource,idcase;resource,2,2,COUNT;DISTINCT;GROUP BY,,3,0
122_2,122,What resources are associated with more than two hundred travel declarations?,SELECT resource FROM event_log GROUP BY resource HAVING COUNT(DISTINCT idcase) > 200,Domain,easy,1,0,True,idcase;resource,idcase;resource,2,2,COUNT;DISTINCT;GROUP BY,,3,0
122_3,122,List the names of resources associated with more than two hundred travel declarations.,SELECT resource FROM event_log GROUP BY resource HAVING COUNT(DISTINCT idcase) > 200,Domain,easy,1,0,True,idcase;resource,idcase;resource,2,2,COUNT;DISTINCT;GROUP BY,,3,0
122_4,122,List the names of people associated with more than two hundred travel declarations.,SELECT resource FROM event_log GROUP BY resource HAVING COUNT(DISTINCT idcase) > 200,Domain,easy,1,0,True,idcase;resource,idcase;resource,2,2,COUNT;DISTINCT;GROUP BY,,3,0
122_5,122,List the names of employees associated with more than two hundred travel declarations.,SELECT resource FROM event_log GROUP BY resource HAVING COUNT(DISTINCT idcase) > 200,Domain,easy,1,0,True,idcase;resource,idcase;resource,2,2,COUNT;DISTINCT;GROUP BY,,3,0
122_6,122,What resources have more than 200 travel declarations?,SELECT resource FROM event_log GROUP BY resource HAVING COUNT(DISTINCT idcase) > 200,Domain,easy,1,1,True,idcase;resource,idcase;resource,2,2,COUNT;DISTINCT;GROUP BY,,3,0
123_0,123,How many resources appear in the event log?,SELECT COUNT (DISTINCT resource) FROM event_log,Generic,easy,0,0,False,resource,resource,1,1,COUNT;DISTINCT,COUNT,2,1
123_1,123,How many resources are recorded in the event log?,SELECT COUNT (DISTINCT resource) FROM event_log,Generic,easy,0,0,False,resource,resource,1,1,COUNT;DISTINCT,COUNT,2,1
123_2,123,How many employees are associated with handling declarations?,SELECT COUNT (DISTINCT resource) FROM event_log,Domain,easy,0,0,False,resource,resource,1,1,COUNT;DISTINCT,COUNT,2,1
123_3,123,How many people are associated with handling declarations?,SELECT COUNT (DISTINCT resource) FROM event_log,Domain,easy,0,0,False,resource,resource,1,1,COUNT;DISTINCT,COUNT,2,1
123_4,123,How many people are associated with activities in the event log?,SELECT COUNT (DISTINCT resource) FROM event_log,Domain,easy,0,0,False,resource,resource,1,1,COUNT;DISTINCT,COUNT,2,1
123_5,123,How many people are associated with performing activities in the event log?,SELECT COUNT (DISTINCT resource) FROM event_log,Domain,easy,0,0,False,resource,resource,1,1,COUNT;DISTINCT,COUNT,2,1
123_6,123,How many people were responsible for performing activities in the declaration management process?,SELECT COUNT (DISTINCT resource) FROM event_log,Domain,easy,0,0,False,resource,resource,1,1,COUNT;DISTINCT,COUNT,2,1
123_7,123,How many people were responsible for handling declarations?,SELECT COUNT (DISTINCT resource) FROM event_log,Domain,easy,0,0,False,resource,resource,1,1,COUNT;DISTINCT,COUNT,2,1
123_8,123,How many employees have already been associated with declaration handling actions?,SELECT COUNT (DISTINCT resource) FROM event_log,Domain,easy,0,0,False,resource,resource,1,1,COUNT;DISTINCT,COUNT,2,1
124_0,124,What are the activities that contain the word 'declaration' in their name?,SELECT DISTINCT activity FROM event_log WHERE activity LIKE '%declaration%',Value,medium,1,0,True,activity,activity,1,1,DISTINCT,,1,0
124_1,124,Which activities contain the word 'declaration' in their label?,SELECT DISTINCT activity FROM event_log WHERE activity LIKE '%declaration%',Value,medium,1,0,True,activity,activity,1,1,DISTINCT,,1,0
124_2,124,Which activities contain the word 'declaration' in their identifier?,SELECT DISTINCT activity FROM event_log WHERE activity LIKE '%declaration%',Value,medium,1,0,True,activity,activity,1,1,DISTINCT,,1,0
124_3,124,Retrieve activities that contain the word 'declaration' in their name.,SELECT DISTINCT activity FROM event_log WHERE activity LIKE '%declaration%',Value,medium,1,0,True,activity,activity,1,1,DISTINCT,,1,0
124_4,124,List the activities that contain the word 'declaration' in their name.,SELECT DISTINCT activity FROM event_log WHERE activity LIKE '%declaration%',Value,medium,1,0,True,activity,activity,1,1,DISTINCT,,1,0
124_5,124,I need to know which actions are being registered with the word 'declaration' in their name.,SELECT DISTINCT activity FROM event_log WHERE activity LIKE '%declaration%',Domain,medium,1,0,True,activity,,1,0,DISTINCT,,1,0
124_6,124,What different actions are registered with a name that contains the word 'declaration' in each travel declaration?,SELECT DISTINCT activity FROM event_log WHERE activity LIKE '%declaration%',Domain,medium,1,0,True,activity,,1,0,DISTINCT,DISTINCT,1,1
124_7,124,List the actions that are registered in the system with a label that contains the word 'declaration'.,SELECT DISTINCT activity FROM event_log WHERE activity LIKE '%declaration%',Domain,medium,1,0,True,activity,,1,0,DISTINCT,,1,0
125_0,125,What is the mean cost related to performing each activity?,"SELECT AVG(cost), activity  FROM event_log GROUP BY activity",Generic,medium,0,0,False,activity;cost,activity;cost,2,2,GROUP BY,GROUP BY,1,1
125_1,125,"How much does it cost, on average, to perform each activity?","SELECT AVG(cost), activity  FROM event_log GROUP BY activity",Generic,medium,0,0,False,activity;cost,activity;cost,2,2,GROUP BY,GROUP BY,1,1
125_2,125,"On average, how much would each activity cost?","SELECT AVG(cost), activity  FROM event_log GROUP BY activity",Generic,medium,0,0,False,activity;cost,activity;cost,2,2,GROUP BY,GROUP BY,1,1
125_3,125,"For each activity, what is the mean cost of performing it?","SELECT AVG(cost), activity  FROM event_log GROUP BY activity",Generic,medium,0,0,False,activity;cost,activity;cost,2,2,GROUP BY,GROUP BY,1,1
125_4,125,What is the mean cost of performances grouped by activity?,"SELECT AVG(cost), activity  FROM event_log GROUP BY activity",Generic,medium,0,0,False,activity;cost,activity;cost,2,2,GROUP BY,GROUP BY,1,1
125_5,125,"Report the cost, on average, of performing each activity.","SELECT AVG(cost), activity  FROM event_log GROUP BY activity",Generic,medium,0,0,False,activity;cost,activity;cost,2,2,GROUP BY,GROUP BY,1,1
125_6,125,Retrieve the average cost of performing each activity.,"SELECT AVG(cost), activity  FROM event_log GROUP BY activity",Generic,medium,0,0,False,activity;cost,activity;cost,2,2,GROUP BY,GROUP BY,1,1
125_7,125,Find the mean cost of performing each of the activities.,"SELECT AVG(cost), activity  FROM event_log GROUP BY activity",Generic,medium,0,0,False,activity;cost,activity;cost,2,2,GROUP BY,GROUP BY,1,1
125_8,125,What is the mean cost of each type of action required to process travel declarations?,"SELECT AVG(cost), activity  FROM event_log GROUP BY activity",Domain,medium,0,0,False,activity;cost,activity;cost,2,2,GROUP BY,GROUP BY,1,1
126_0,126,How many cases have no cost?,SELECT COUNT(*) FROM (SELECT DISTINCT idcase FROM event_log where cost IS NULL EXCEPT SELECT DISTINCT idcase FROM event_log where cost IS NOT NULL) ,Generic,no_hardness,0,0,False,idcase;cost,cost,2,1,COUNT;DISTINCT;Negation;Set operation,COUNT;Negation,4,2
126_1,126,How many process instances have no cost?,SELECT COUNT(*) FROM (SELECT DISTINCT idcase FROM event_log where cost IS NULL EXCEPT SELECT DISTINCT idcase FROM event_log where cost IS NOT NULL) ,Generic,no_hardness,0,0,False,idcase;cost,idcase;cost,2,2,COUNT;DISTINCT;Negation;Set operation,COUNT;Negation,4,2
126_2,126,How many cases have no costs?,SELECT COUNT(*) FROM (SELECT DISTINCT idcase FROM event_log where cost IS NULL EXCEPT SELECT DISTINCT idcase FROM event_log where cost IS NOT NULL) ,Generic,no_hardness,0,0,False,idcase;cost,cost,2,1,COUNT;DISTINCT;Negation;Set operation,COUNT;Negation,4,2
126_3,126,How many cases had no costs?,SELECT COUNT(*) FROM (SELECT DISTINCT idcase FROM event_log where cost IS NULL EXCEPT SELECT DISTINCT idcase FROM event_log where cost IS NOT NULL) ,Generic,no_hardness,0,0,False,idcase;cost,cost,2,1,COUNT;DISTINCT;Negation;Set operation,COUNT;Negation,4,2
126_4,126,How many process instances had no cost?,SELECT COUNT(*) FROM (SELECT DISTINCT idcase FROM event_log where cost IS NULL EXCEPT SELECT DISTINCT idcase FROM event_log where cost IS NOT NULL) ,Generic,no_hardness,0,0,False,idcase;cost,idcase;cost,2,2,COUNT;DISTINCT;Negation;Set operation,COUNT;Negation,4,2
126_5,126,In how many cases do all events have null cost?,SELECT COUNT(*) FROM (SELECT DISTINCT idcase FROM event_log where cost IS NULL EXCEPT SELECT DISTINCT idcase FROM event_log where cost IS NOT NULL) ,Generic,no_hardness,0,0,False,idcase;cost,cost,2,1,COUNT;DISTINCT;Negation;Set operation,COUNT,4,1
126_6,126,How many cases have only events without costs?,SELECT COUNT(*) FROM (SELECT DISTINCT idcase FROM event_log where cost IS NULL EXCEPT SELECT DISTINCT idcase FROM event_log where cost IS NOT NULL) ,Generic,no_hardness,0,0,False,idcase;cost,cost,2,1,COUNT;DISTINCT;Negation;Set operation,COUNT;Negation,4,2
126_7,126,How many declarations did the costs not reported to the university?,SELECT COUNT(*) FROM (SELECT DISTINCT idcase FROM event_log where cost IS NULL EXCEPT SELECT DISTINCT idcase FROM event_log where cost IS NOT NULL) ,Domain,no_hardness,0,0,False,idcase;cost,cost,2,1,COUNT;DISTINCT;Negation;Set operation,COUNT;Negation,4,2
126_8,126,How many declarations have no cost?,SELECT COUNT(*) FROM (SELECT DISTINCT idcase FROM event_log where cost IS NULL EXCEPT SELECT DISTINCT idcase FROM event_log where cost IS NOT NULL) ,Domain,no_hardness,0,0,False,idcase;cost,cost,2,1,COUNT;DISTINCT;Negation;Set operation,COUNT;Negation,4,2
127_0,127,What activities involve 'permit' or 'declaration'?,SELECT DISTINCT activity FROM event_log WHERE activity LIKE '%permit%' OR activity LIKE '%declaration%',Value,extra,2,0,True,activity,activity,1,1,DISTINCT,,1,0
127_1,127,What activities involve a permit or declaration?,SELECT DISTINCT activity FROM event_log WHERE activity LIKE '%permit%' OR activity LIKE '%declaration%',Value,extra,2,0,True,activity,activity,1,1,DISTINCT,,1,0
127_2,127,Which of the activities involve 'permit' or 'declaration' actions?,SELECT DISTINCT activity FROM event_log WHERE activity LIKE '%permit%' OR activity LIKE '%declaration%',Value,extra,2,0,True,activity,activity,1,1,DISTINCT,,1,0
127_3,127,Which of the activities in the log involve 'permit' or 'declare' actions?,SELECT DISTINCT activity FROM event_log WHERE activity LIKE '%permit%' OR activity LIKE '%declaration%',Value,extra,2,0,True,activity,activity,1,1,DISTINCT,,1,0
127_4,127,What activities have 'permit' or 'declaration' in their identifier?,SELECT DISTINCT activity FROM event_log WHERE activity LIKE '%permit%' OR activity LIKE '%declaration%',Value,extra,2,0,True,activity,activity,1,1,DISTINCT,,1,0
127_5,127,What activities have 'permit' or 'declaration' in their name?,SELECT DISTINCT activity FROM event_log WHERE activity LIKE '%permit%' OR activity LIKE '%declaration%',Value,extra,2,0,True,activity,activity,1,1,DISTINCT,,1,0
127_6,127,List the activities that contain 'permit' or 'declaration' in their name.,SELECT DISTINCT activity FROM event_log WHERE activity LIKE '%permit%' OR activity LIKE '%declaration%',Value,extra,2,0,True,activity,activity,1,1,DISTINCT,,1,0
127_7,127,Retrieve activities that contain 'permit' or 'declaration' in their identifier name.,SELECT DISTINCT activity FROM event_log WHERE activity LIKE '%permit%' OR activity LIKE '%declaration%',Value,extra,2,0,True,activity,activity,1,1,DISTINCT,,1,0
127_8,127,What are the actions related to permits and explicit declarations in the declaration management process?,SELECT DISTINCT activity FROM event_log WHERE activity LIKE '%permit%' OR activity LIKE '%declaration%',Domain,extra,2,0,True,activity,,1,0,DISTINCT,,1,0
128_0,128,How many times has the 'declaration rejected by director' activity been performed?,SELECT COUNT (*) FROM event_log WHERE activity = 'Declaration rejected by director',Value,easy,1,1,True,activity,activity,1,1,COUNT,COUNT,1,1
128_1,128,How many occurrences of activities are classified as 'declaration rejected by director'?,SELECT COUNT (*) FROM event_log WHERE activity = 'Declaration rejected by director',Value,easy,1,1,True,activity,activity,1,1,COUNT,COUNT,1,1
128_2,128,How many occurrences of activities are named as 'declaration rejected by director'?,SELECT COUNT (*) FROM event_log WHERE activity = 'Declaration rejected by director',Value,easy,1,1,True,activity,activity,1,1,COUNT,COUNT,1,1
128_3,128,How many events are associated with the 'declaration rejected by director' activity?,SELECT COUNT (*) FROM event_log WHERE activity = 'Declaration rejected by director',Value,easy,1,1,True,activity,activity,1,1,COUNT,COUNT,1,1
128_4,128,How many instances of 'declaration rejected by director' are there in the event log?,SELECT COUNT (*) FROM event_log WHERE activity = 'Declaration rejected by director',Value,easy,1,1,True,activity,activity,1,1,COUNT,COUNT,1,1
128_5,128,How many instances of 'declaration rejected by director' are there in the process?,SELECT COUNT (*) FROM event_log WHERE activity = 'Declaration rejected by director',Value,easy,1,1,True,activity,,1,0,COUNT,COUNT,1,1
128_6,128,How many times has an action of declaration of rejection of responsibility of the director been carried out?,SELECT COUNT (*) FROM event_log WHERE activity = 'Declaration rejected by director',Domain,easy,1,0,True,activity,activity,1,1,COUNT,COUNT,1,1
129_0,129,What is the mean cost of an event?,SELECT AVG (cost) FROM event_log,Generic,easy,0,0,False,cost,cost,1,1,,,0,0
129_1,129,What is the mean cost of an event in this event log?,SELECT AVG (cost) FROM event_log,Generic,easy,0,0,False,cost,cost,1,1,,,0,0
129_2,129,What is the mean cost associated with the events in this event log?,SELECT AVG (cost) FROM event_log,Generic,easy,0,0,False,cost,cost,1,1,,,0,0
129_3,129,What is the mean cost of performing an activity in this event log?,SELECT AVG (cost) FROM event_log,Generic,easy,0,0,False,cost,cost,1,1,,,0,0
129_4,129,What is the average cost of an event in this event log?,SELECT AVG (cost) FROM event_log,Generic,easy,0,0,False,cost,cost,1,1,,,0,0
129_5,129,What is the mean cost associated with events?,SELECT AVG (cost) FROM event_log,Generic,easy,0,0,False,cost,cost,1,1,,,0,0
129_6,129,What is the mean cost of performing an activity?,SELECT AVG (cost) FROM event_log,Generic,easy,0,0,False,cost,cost,1,1,,,0,0
129_7,129,What is the mean cost amount associated with events?,SELECT AVG (cost) FROM event_log,Generic,easy,0,0,False,cost,cost,1,1,,,0,0
129_8,129,What is the mean cost amount associated with this business process?,SELECT AVG (cost) FROM event_log,Generic,easy,0,0,False,cost,cost,1,1,,,0,0
129_9,129,What is the mean cost of the actions required to process a declaration?,SELECT AVG (cost) FROM event_log,Domain,easy,0,0,False,cost,cost,1,1,,,0,0
130_0,130,In how many different cases was each resource used?,"SELECT resource, COUNT(DISTINCT idcase) from event_log GROUP BY resource",Generic,medium,0,0,False,idcase;resource,resource,2,1,COUNT;DISTINCT;GROUP BY,COUNT;DISTINCT;GROUP BY,3,3
130_1,130,How many different cases was each resource associated with?,"SELECT resource, COUNT(DISTINCT idcase) from event_log GROUP BY resource",Generic,medium,0,0,False,idcase;resource,resource,2,1,COUNT;DISTINCT;GROUP BY,COUNT;DISTINCT;GROUP BY,3,3
130_2,130,How many cases was each resource associated with?,"SELECT resource, COUNT(DISTINCT idcase) from event_log GROUP BY resource",Generic,medium,0,0,False,idcase;resource,resource,2,1,COUNT;DISTINCT;GROUP BY,COUNT;GROUP BY,3,2
130_3,130,Report the number of cases to which each resource was associated.,"SELECT resource, COUNT(DISTINCT idcase) from event_log GROUP BY resource",Generic,medium,0,0,False,idcase;resource,resource,2,1,COUNT;DISTINCT;GROUP BY,COUNT;GROUP BY,3,2
130_4,130,Identify the number of cases each resource was associated with.,"SELECT resource, COUNT(DISTINCT idcase) from event_log GROUP BY resource",Generic,medium,0,0,False,idcase;resource,resource,2,1,COUNT;DISTINCT;GROUP BY,COUNT;GROUP BY,3,2
130_5,130,Retrieve the number of cases to which each resource was associated.,"SELECT resource, COUNT(DISTINCT idcase) from event_log GROUP BY resource",Generic,medium,0,0,False,idcase;resource,resource,2,1,COUNT;DISTINCT;GROUP BY,COUNT;GROUP BY,3,2
130_6,130,Each resource is associated with how many different cases?,"SELECT resource, COUNT(DISTINCT idcase) from event_log GROUP BY resource",Generic,medium,0,0,False,idcase;resource,resource,2,1,COUNT;DISTINCT;GROUP BY,COUNT;DISTINCT;GROUP BY,3,3
130_7,130,How many declarations has each employee already acted on?,"SELECT resource, COUNT(DISTINCT idcase) from event_log GROUP BY resource",Domain,medium,0,0,False,idcase;resource,resource,2,1,COUNT;DISTINCT;GROUP BY,COUNT;GROUP BY,3,2
131_0,131,How many events were associated with Peter?,SELECT count(*) FROM event_log WHERE resource = 'Peter',Value,easy,1,1,True,resource,,1,0,COUNT,COUNT,1,1
131_1,131,How many events are linked to Peter?,SELECT count(*) FROM event_log WHERE resource = 'Peter',Value,easy,1,1,True,resource,,1,0,COUNT,COUNT,1,1
131_2,131,How many events involved Peter's work?,SELECT count(*) FROM event_log WHERE resource = 'Peter',Value,easy,1,1,True,resource,,1,0,COUNT,COUNT,1,1
131_3,131,What was the employee Peter's performance in terms of number of actions performed?,SELECT count(*) FROM event_log WHERE resource = 'Peter',Domain,easy,1,1,True,resource,resource,1,1,COUNT,COUNT,1,1
132_0,132,Which people worked on more than three declarations?,SELECT resource FROM event_log GROUP BY resource HAVING COUNT(DISTINCT idcase) > 3,Domain,easy,1,0,True,idcase;resource,resource,2,1,COUNT;DISTINCT;GROUP BY,,3,0
132_1,132,Which employees worked on processing more than three declarations?,SELECT resource FROM event_log GROUP BY resource HAVING COUNT(DISTINCT idcase) > 3,Domain,easy,1,0,True,idcase;resource,resource,2,1,COUNT;DISTINCT;GROUP BY,,3,0
132_2,132,Which people worked on more than three cases?,SELECT resource FROM event_log GROUP BY resource HAVING COUNT(DISTINCT idcase) > 3,Domain,easy,1,0,True,idcase;resource,resource,2,1,COUNT;DISTINCT;GROUP BY,,3,0
132_3,132,Which employees worked on more than three cases?,SELECT resource FROM event_log GROUP BY resource HAVING COUNT(DISTINCT idcase) > 3,Domain,easy,1,0,True,idcase;resource,resource,2,1,COUNT;DISTINCT;GROUP BY,,3,0
132_4,132,Which people were associated with more than three process instances?,SELECT resource FROM event_log GROUP BY resource HAVING COUNT(DISTINCT idcase) > 3,Domain,easy,1,0,True,idcase;resource,idcase;resource,2,2,COUNT;DISTINCT;GROUP BY,,3,0
132_5,132,Which employees were associated with more than three process instances?,SELECT resource FROM event_log GROUP BY resource HAVING COUNT(DISTINCT idcase) > 3,Domain,easy,1,0,True,idcase;resource,idcase;resource,2,2,COUNT;DISTINCT;GROUP BY,,3,0
133_0,133,"What are the cases that went through 'request payment' activities? Report the identifiers of these cases, ordering them increasingly by the number of events per case.",SELECT idcase FROM event_log WHERE idcase IN (SELECT DISTINCT idcase FROM event_log WHERE activity = 'Request payment' ) GROUP BY idcase ORDER BY count(*),Value,extra,1,1,True,idcase;activity,idcase;activity,2,2,COUNT;DISTINCT;GROUP BY,COUNT;GROUP BY,3,2
133_1,133,Report the identifiers of cases that went through the 'request payment' activity. Sort the list ascendingly according to the number of events per case.,SELECT idcase FROM event_log WHERE idcase IN (SELECT DISTINCT idcase FROM event_log WHERE activity = 'Request payment' ) GROUP BY idcase ORDER BY count(*),Value,extra,1,1,True,idcase;activity,idcase;activity,2,2,COUNT;DISTINCT;GROUP BY,COUNT;GROUP BY,3,2
133_2,133,Retrieve the identifiers of cases that went through any of the activities that contain 'request payment' in their identification. Order them increasingly by the number of events per case.,SELECT idcase FROM event_log WHERE idcase IN (SELECT DISTINCT idcase FROM event_log WHERE activity = 'Request payment' ) GROUP BY idcase ORDER BY count(*),Value,extra,1,1,True,idcase;activity,idcase;activity,2,2,COUNT;DISTINCT;GROUP BY,COUNT;GROUP BY,3,2
133_3,133,What are the identifiers for cases that have undergone 'request payment' activities? Sort the list increasingly by the number of events per case.,SELECT idcase FROM event_log WHERE idcase IN (SELECT DISTINCT idcase FROM event_log WHERE activity = 'Request payment' ) GROUP BY idcase ORDER BY count(*),Value,extra,1,1,True,idcase;activity,idcase;activity,2,2,COUNT;DISTINCT;GROUP BY,COUNT;GROUP BY,3,2
133_4,133,"Sorting their identifiers increasingly by the number of events per case, retrieve the cases that went through 'request payment' activities.",SELECT idcase FROM event_log WHERE idcase IN (SELECT DISTINCT idcase FROM event_log WHERE activity = 'Request payment' ) GROUP BY idcase ORDER BY count(*),Value,extra,1,1,True,idcase;activity,idcase;activity,2,2,COUNT;DISTINCT;GROUP BY,COUNT;GROUP BY,3,2
133_5,133,"Ordering the respective identifiers in increasing order by the number of events per case, retrieve the cases that went through 'request payment' activities.",SELECT idcase FROM event_log WHERE idcase IN (SELECT DISTINCT idcase FROM event_log WHERE activity = 'Request payment' ) GROUP BY idcase ORDER BY count(*),Value,extra,1,1,True,idcase;activity,idcase;activity,2,2,COUNT;DISTINCT;GROUP BY,COUNT;GROUP BY,3,2
133_6,133,"I need a report that describes which declarations have already requested payment, with the list ordered from the declaration with the least activities performed to the declaration with the most activities performed.",SELECT idcase FROM event_log WHERE idcase IN (SELECT DISTINCT idcase FROM event_log WHERE activity = 'Request payment' ) GROUP BY idcase ORDER BY count(*),Domain,extra,1,0,True,idcase;activity,idcase;activity,2,2,COUNT;DISTINCT;GROUP BY,,3,0
133_7,133,Make a list of the declarations in which the payment request was registered in the system. The list must be ordered from the declaration with the lowest number of actions to the declaration with the highest number of actions registered.,SELECT idcase FROM event_log WHERE idcase IN (SELECT DISTINCT idcase FROM event_log WHERE activity = 'Request payment' ) GROUP BY idcase ORDER BY count(*),Domain,extra,1,0,True,idcase;activity,idcase,2,1,COUNT;DISTINCT;GROUP BY,COUNT,3,1
134_0,134,What are the performance dates for the 'end trip' or 'declaration rejected by employee' activities? Order from oldest to newest.,SELECT timestamp FROM event_log WHERE activity = 'End trip' OR activity = 'Declaration rejected by employee' ORDER BY timestamp,Value,hard,2,2,True,activity;timestamp,activity,2,1,,,0,0
134_1,134,"Extract the dates when cases went through the 'end trip' or 'declaration rejected by employee' activities, arranging them from oldest to newest",SELECT timestamp FROM event_log WHERE activity = 'End trip' OR activity = 'Declaration rejected by employee' ORDER BY timestamp,Value,hard,2,2,True,activity;timestamp,activity;timestamp,2,2,,,0,0
134_2,134,"Retrieve the dates on which the performance of the 'end trip' or 'declaration rejected by employee' activities were recorded, ordering from oldest to most recent.",SELECT timestamp FROM event_log WHERE activity = 'End trip' OR activity = 'Declaration rejected by employee' ORDER BY timestamp,Value,hard,2,2,True,activity;timestamp,activity,2,1,,,0,0
134_3,134,"From oldest to most recent, what are the dates on which the performance of 'end trip' or 'declaration rejected by employee' activities were recorded?",SELECT timestamp FROM event_log WHERE activity = 'End trip' OR activity = 'Declaration rejected by employee' ORDER BY timestamp,Value,hard,2,2,True,activity;timestamp,activity,2,1,,,0,0
134_4,134,"Ordering from oldest to most recent, what are the recording dates for the performance of 'end trip' or 'closed' activities?",SELECT timestamp FROM event_log WHERE activity = 'End trip' OR activity = 'Declaration rejected by employee' ORDER BY timestamp,Value,hard,2,1,True,activity;timestamp,activity,2,1,,,0,0
134_5,134,What are the dates on which performances of 'end trip' or 'declaration rejected by employee' activities were recorded? Order from oldest to newest.,SELECT timestamp FROM event_log WHERE activity = 'End trip' OR activity = 'Declaration rejected by employee' ORDER BY timestamp,Value,hard,2,2,True,activity;timestamp,activity,2,1,,,0,0
134_6,134,What were the dates on which there was a record of the end of the trip or a declaration rejected by an employee? Report the dates in ascending order.,SELECT timestamp FROM event_log WHERE activity = 'End trip' OR activity = 'Declaration rejected by employee' ORDER BY timestamp,Domain,hard,2,0,True,activity;timestamp,,2,0,,,0,0
134_7,134,Make a report with all the dates of registration of an end of trip or rejection of a declaration by an employee. Sort the listing from oldest to newest.,SELECT timestamp FROM event_log WHERE activity = 'End trip' OR activity = 'Declaration rejected by employee' ORDER BY timestamp,Domain,hard,2,0,True,activity;timestamp,,2,0,,,0,0
135_0,135,How many occurrences of activities were assigned to each resource? List alphabetically by resource.,"SELECT resource, COUNT(*) FROM event_log GROUP BY resource",Generic,medium,0,0,False,resource,resource,1,1,COUNT;GROUP BY,COUNT;GROUP BY,2,2
135_1,135,How many performances of activities were assigned to each resource? Order the answer alphabetically by resource name.,"SELECT resource, COUNT(*) FROM event_log GROUP BY resource",Generic,medium,0,0,False,resource,resource,1,1,COUNT;GROUP BY,COUNT;GROUP BY,2,2
135_2,135,How many activity performances were assigned to each resource? Order the answer alphabetically by the resource identifier name.,"SELECT resource, COUNT(*) FROM event_log GROUP BY resource",Generic,medium,0,0,False,resource,resource,1,1,COUNT;GROUP BY,COUNT;GROUP BY,2,2
135_3,135,"Retrieve how many activity performances were assigned to each resource, ordering the answer alphabetically by the resource's identifying name.","SELECT resource, COUNT(*) FROM event_log GROUP BY resource",Generic,medium,0,0,False,resource,resource,1,1,COUNT;GROUP BY,COUNT;GROUP BY,2,2
135_4,135,"Retrieve the amount of activity performances assigned to each resource, ordering the response alphabetically by the resource's identifying name.","SELECT resource, COUNT(*) FROM event_log GROUP BY resource",Generic,medium,0,0,False,resource,resource,1,1,COUNT;GROUP BY,GROUP BY,2,1
135_5,135,"Retrieve the number of activity performances that were assigned to each resource, ordering the response alphabetically by the resource's identifying name.","SELECT resource, COUNT(*) FROM event_log GROUP BY resource",Generic,medium,0,0,False,resource,resource,1,1,COUNT;GROUP BY,COUNT;GROUP BY,2,2
135_6,135,How many occurrences of activity are there when grouped by resource? Order the answer alphabetically by resource name.,"SELECT resource, COUNT(*) FROM event_log GROUP BY resource",Generic,medium,0,0,False,resource,resource,1,1,COUNT;GROUP BY,COUNT;GROUP BY,2,2
135_7,135,"Grouping by resource, how many activity occurrences are there? Order the answer alphabetically by resource name.","SELECT resource, COUNT(*) FROM event_log GROUP BY resource",Generic,medium,0,0,False,resource,resource,1,1,COUNT;GROUP BY,COUNT;GROUP BY,2,2
135_8,135,"Ordering alphabetically by resource name and grouping by resource, how many are the activity occurrences?","SELECT resource, COUNT(*) FROM event_log GROUP BY resource",Generic,medium,0,0,False,resource,resource,1,1,COUNT;GROUP BY,COUNT;GROUP BY,2,2
135_9,135,How many times did each employee process the different declarations recorded in the system? Present this answer in alphabetical order of the employee's name.,"SELECT resource, COUNT(*) FROM event_log GROUP BY resource",Domain,medium,0,0,False,resource,resource,1,1,COUNT;GROUP BY,COUNT;GROUP BY,2,2
135_10,135,"Considering an alphabetical list of employee names, present a report with the number of times each employee performed an action during the processing of a declaration.","SELECT resource, COUNT(*) FROM event_log GROUP BY resource",Domain,medium,0,0,False,resource,resource,1,1,COUNT;GROUP BY,COUNT;GROUP BY,2,2
136_0,136,What are the events associated with activities whose name starts with the letter 'E'?,SELECT * FROM event_log WHERE activity LIKE 'E%',Value,medium,1,0,True,activity,activity,1,1,,,0,0
136_1,136,Find all events that are associated with activities that start with the letter 'E'.,SELECT * FROM event_log WHERE activity LIKE 'E%',Value,medium,1,0,True,activity,activity,1,1,,,0,0
136_2,136,Retrieve all events in which activities starting with the letter 'E' were performed.,SELECT * FROM event_log WHERE activity LIKE 'E%',Value,medium,1,0,True,activity,activity,1,1,,,0,0
136_3,136,Retrieve all events that record the performance of activities starting with the letter 'E'.,SELECT * FROM event_log WHERE activity LIKE 'E%',Value,medium,1,0,True,activity,activity,1,1,,,0,0
136_4,136,What are the events associated with the performance of activities starting with the letter 'E'?,SELECT * FROM event_log WHERE activity LIKE 'E%',Value,medium,1,0,True,activity,activity,1,1,,,0,0
136_5,136,What are the events associated with the performance of activities starting with 'E'?,SELECT * FROM event_log WHERE activity LIKE 'E%',Value,medium,1,0,True,activity,activity,1,1,,,0,0
136_6,136,List the processing actions for a declaration named with a label starting with the letter 'E'.,SELECT * FROM event_log WHERE activity LIKE 'E%',Domain,medium,1,0,True,activity,,1,0,,,0,0
136_7,136,What are the actions performed for activities whose label starts with the letter 'E'?,SELECT * FROM event_log WHERE activity LIKE 'E%',Domain,medium,1,0,True,activity,activity,1,1,,,0,0
137_0,137,"Select the event identifier, activity performed, resource, and cost for events whose cost is between 50 and 400.","SELECT id, activity, resource, cost FROM event_log WHERE cost BETWEEN 50 AND 400",Value,medium,2,2,True,activity;resource;cost,activity;resource;cost,3,3,Temporal,Temporal,1,1
137_1,137,"Select events based on their cost being between 50 and 400. Display the identifier, activity performed, resource and cost associated with the event.","SELECT id, activity, resource, cost FROM event_log WHERE cost BETWEEN 50 AND 400",Value,medium,2,2,True,activity;resource;cost,activity;resource;cost,3,3,Temporal,Temporal,1,1
137_2,137,"Select the events with costs between 50 and 400 and report the respective event identifiers, activities carried out, resources and costs.","SELECT id, activity, resource, cost FROM event_log WHERE cost BETWEEN 50 AND 400",Value,medium,2,2,True,activity;resource;cost,activity;resource;cost,3,3,Temporal,Temporal,1,1
137_3,137,"Identify the events that cost are between 50 and 400 and, for each of them, report the event identifier, activity performed, resource and cost.","SELECT id, activity, resource, cost FROM event_log WHERE cost BETWEEN 50 AND 400",Value,medium,2,2,True,activity;resource;cost,activity;resource;cost,3,3,Temporal,Temporal,1,1
137_4,137,"Select events whose registered cost ranges from fifty to four hundred and report the respective event identifiers, activities carried out, resources and costs.","SELECT id, activity, resource, cost FROM event_log WHERE cost BETWEEN 50 AND 400",Value,medium,2,0,True,activity;resource;cost,activity;resource;cost,3,3,Temporal,,1,0
137_5,137,"What are the events whose cost is between 50 and 400? Report the event identifier, the activity carried out, the resource and the cost of each of them.","SELECT id, activity, resource, cost FROM event_log WHERE cost BETWEEN 50 AND 400",Value,medium,2,2,True,activity;resource;cost,activity;resource;cost,3,3,Temporal,Temporal,1,1
137_6,137,"What are the events whose cost recorded in the log is between 50 and 400? Report the event identifier, the activity performed, the resource and the cost of each of these events.","SELECT id, activity, resource, cost FROM event_log WHERE cost BETWEEN 50 AND 400",Value,medium,2,2,True,activity;resource;cost,activity;resource;cost,3,3,Temporal,Temporal,1,1
137_7,137,"Which events have a cost recorded in the log between 50 and 400? List them in terms of their respective event identifiers, activities performed, resources, and costs.","SELECT id, activity, resource, cost FROM event_log WHERE cost BETWEEN 50 AND 400",Value,medium,2,2,True,activity;resource;cost,activity;resource;cost,3,3,Temporal,Temporal,1,1
137_8,137,"For declaration processing actions that cost between 50 and 400, present their identifier, the activity associated with it, the responsible employee and its specific cost.","SELECT id, activity, resource, cost FROM event_log WHERE cost BETWEEN 50 AND 400",Domain,medium,2,2,True,activity;resource;cost,activity;resource;cost,3,3,Temporal,Temporal,1,1
138_0,138,What resources have already been associated with the 'declaration saved by employee' activity?,SELECT DISTINCT resource FROM event_log WHERE activity = 'Declaration saved by employee',Value,easy,1,1,True,activity;resource,activity;resource,2,2,DISTINCT,,1,0
138_1,138,What resources were associated with the 'declaration saved by employee' activity?,SELECT DISTINCT resource FROM event_log WHERE activity = 'Declaration saved by employee',Value,easy,1,1,True,activity;resource,activity;resource,2,2,DISTINCT,,1,0
138_2,138,Which employees registered a saved declaration?,SELECT DISTINCT resource FROM event_log WHERE activity = 'Declaration saved by employee',Domain,easy,1,0,True,activity;resource,resource,2,1,DISTINCT,,1,0
138_3,138,Which employees have already saved a declaration?,SELECT DISTINCT resource FROM event_log WHERE activity = 'Declaration saved by employee',Domain,easy,1,0,True,activity;resource,resource,2,1,DISTINCT,,1,0
139_0,139,Select the activities from the events that ended on '2018-04-12'.,"SELECT DISTINCT activity FROM (SELECT idcase, activity, timestamp, LEAD(timestamp) OVER (PARTITION BY idcase ORDER BY timestamp) AS next_timestamp FROM event_log) WHERE next_timestamp BETWEEN '2018-04-12' AND '2018-04-13' ",Value,no_hardness,2,2,True,idcase;activity;timestamp,activity,3,1,DISTINCT;Temporal,Temporal,2,1
139_1,139,"Report the activities whose performance ended on the twelfth of April, twenty eighteen.","SELECT DISTINCT activity FROM (SELECT idcase, activity, timestamp, LEAD(timestamp) OVER (PARTITION BY idcase ORDER BY timestamp) AS next_timestamp FROM event_log) WHERE next_timestamp BETWEEN '2018-04-12' AND '2018-04-13' ",Value,no_hardness,2,2,True,idcase;activity;timestamp,activity,3,1,DISTINCT;Temporal,Temporal,2,1
139_2,139,Select activities from events that ended on '2018-04-12'.,"SELECT DISTINCT activity FROM (SELECT idcase, activity, timestamp, LEAD(timestamp) OVER (PARTITION BY idcase ORDER BY timestamp) AS next_timestamp FROM event_log) WHERE next_timestamp BETWEEN '2018-04-12' AND '2018-04-13' ",Value,no_hardness,2,2,True,idcase;activity;timestamp,activity,3,1,DISTINCT;Temporal,Temporal,2,1
139_3,139,Select the event activities that have '2018-04-12' as their end date.,"SELECT DISTINCT activity FROM (SELECT idcase, activity, timestamp, LEAD(timestamp) OVER (PARTITION BY idcase ORDER BY timestamp) AS next_timestamp FROM event_log) WHERE next_timestamp BETWEEN '2018-04-12' AND '2018-04-13' ",Value,no_hardness,2,2,True,idcase;activity;timestamp,activity;timestamp,3,2,DISTINCT;Temporal,Temporal,2,1
139_4,139,Retrieve activities for which any of their performances were recorded in an event that ended on '2018-04-12'.,"SELECT DISTINCT activity FROM (SELECT idcase, activity, timestamp, LEAD(timestamp) OVER (PARTITION BY idcase ORDER BY timestamp) AS next_timestamp FROM event_log) WHERE next_timestamp BETWEEN '2018-04-12' AND '2018-04-13' ",Value,no_hardness,2,2,True,idcase;activity;timestamp,activity,3,1,DISTINCT;Temporal,Temporal,2,1
139_5,139,For which activities were performances registered that have '2018-04-12' as their end date?,"SELECT DISTINCT activity FROM (SELECT idcase, activity, timestamp, LEAD(timestamp) OVER (PARTITION BY idcase ORDER BY timestamp) AS next_timestamp FROM event_log) WHERE next_timestamp BETWEEN '2018-04-12' AND '2018-04-13' ",Value,no_hardness,2,2,True,idcase;activity;timestamp,activity;timestamp,3,2,DISTINCT;Temporal,Temporal,2,1
139_6,139,Which activities have '2018-04-12' as their end date for any of their performances?,"SELECT DISTINCT activity FROM (SELECT idcase, activity, timestamp, LEAD(timestamp) OVER (PARTITION BY idcase ORDER BY timestamp) AS next_timestamp FROM event_log) WHERE next_timestamp BETWEEN '2018-04-12' AND '2018-04-13' ",Value,no_hardness,2,2,True,idcase;activity;timestamp,activity;timestamp,3,2,DISTINCT;Temporal,Temporal,2,1
139_7,139,Which activities have '2018-04-12' as their end date for any of the events related to their performances?,"SELECT DISTINCT activity FROM (SELECT idcase, activity, timestamp, LEAD(timestamp) OVER (PARTITION BY idcase ORDER BY timestamp) AS next_timestamp FROM event_log) WHERE next_timestamp BETWEEN '2018-04-12' AND '2018-04-13' ",Value,no_hardness,2,2,True,idcase;activity;timestamp,activity;timestamp,3,2,DISTINCT;Temporal,Temporal,2,1
139_8,139,"Report the name of the task associated with declaration processing actions completed on April 12, 2018.","SELECT DISTINCT activity FROM (SELECT idcase, activity, timestamp, LEAD(timestamp) OVER (PARTITION BY idcase ORDER BY timestamp) AS next_timestamp FROM event_log) WHERE next_timestamp BETWEEN '2018-04-12' AND '2018-04-13' ",Domain,no_hardness,2,2,True,idcase;activity;timestamp,idcase;activity,3,2,DISTINCT;Temporal,Temporal,2,1
140_0,140,"List the event identifier, associated activity, and performance end date, of all events associated with the 'permit final approved by supervisor' or 'declaration approved by supervisor' activities, ordered by end date.","SELECT id, activity, timestamp FROM event_log WHERE activity = 'Permit final approved by supervisor' OR activity = 'Declaration approved by supervisor' ORDER BY timestamp",Value,hard,2,2,True,activity;timestamp,activity;timestamp,2,2,,,0,0
140_1,140,"Identify the events corresponding to performances of the 'permit final approved by supervisor' or 'declaration approved by supervisor' activities and list the respective event identifiers, activity performed and performance end dates, ordering them by end dates.","SELECT id, activity, timestamp FROM event_log WHERE activity = 'Permit final approved by supervisor' OR activity = 'Declaration approved by supervisor' ORDER BY timestamp",Value,hard,2,2,True,activity;timestamp,activity,2,1,,,0,0
140_2,140,"List the events associated with the 'permit final approved by the supervisor' or 'declaration approved by the supervisor' activities, stating the event identifier, the associated activity and the performance end date of each of them and ordering them by end date.","SELECT id, activity, timestamp FROM event_log WHERE activity = 'Permit final approved by supervisor' OR activity = 'Declaration approved by supervisor' ORDER BY timestamp",Value,hard,2,0,True,activity;timestamp,activity;timestamp,2,2,,,0,0
140_3,140,"What are the events corresponding to performances of the 'permit final approved by supervisor' or 'declaration approved by supervisor' activities? List the respective event identifiers, activities performed, and performance end dates, ordering them by end dates.","SELECT id, activity, timestamp FROM event_log WHERE activity = 'Permit final approved by supervisor' OR activity = 'Declaration approved by supervisor' ORDER BY timestamp",Value,hard,2,2,True,activity;timestamp,activity,2,1,,,0,0
140_4,140,"What are the events corresponding to occurrences of the 'permit final approved by supervisor' or 'declaration approved by supervisor' activities? Sort the list by their respective end dates and report the event identifier, the activity performed and the performance end date for each of them.","SELECT id, activity, timestamp FROM event_log WHERE activity = 'Permit final approved by supervisor' OR activity = 'Declaration approved by supervisor' ORDER BY timestamp",Value,hard,2,2,True,activity;timestamp,activity;timestamp,2,2,,,0,0
140_5,140,"Which events correspond to occurrences of the 'permit final approved by supervisor' or 'declaration approved by supervisor' activities? Order them by their respective end dates, providing their event identifier, the activity performed and the performance end date.","SELECT id, activity, timestamp FROM event_log WHERE activity = 'Permit final approved by supervisor' OR activity = 'Declaration approved by supervisor' ORDER BY timestamp",Value,hard,2,2,True,activity;timestamp,activity;timestamp,2,2,,,0,0
140_6,140,"What are the records identifiers of final approval of a permit or approval of a declaration by a supervisor, what is the activity associated with each of these records, and what is the performance end date of these actions? Sort the report by performance end date.","SELECT id, activity, timestamp FROM event_log WHERE activity = 'Permit final approved by supervisor' OR activity = 'Declaration approved by supervisor' ORDER BY timestamp",Domain,hard,2,0,True,activity;timestamp,activity;timestamp,2,2,,,0,0
140_7,140,"What is the action identifier, associated activity, and completion date that indicates final approval of a permit or indicates approval of a declaration by a supervisor? Present the information ordered according to the end date of the action performance.","SELECT id, activity, timestamp FROM event_log WHERE activity = 'Permit final approved by supervisor' OR activity = 'Declaration approved by supervisor' ORDER BY timestamp",Domain,hard,2,0,True,activity;timestamp,activity;timestamp,2,2,,,0,0
141_0,141,Select all events whose cost is not null.,SELECT * FROM event_log WHERE cost IS NOT NULL,Generic,no_hardness,0,0,False,cost,cost,1,1,Negation,Negation,1,1
141_1,141,Select all tuples where the event cost is not null.,SELECT * FROM event_log WHERE cost IS NOT NULL,Generic,no_hardness,0,0,False,cost,cost,1,1,Negation,Negation,1,1
141_2,141,Select all lines where there is an associated cost.,SELECT * FROM event_log WHERE cost IS NOT NULL,Generic,no_hardness,0,0,False,cost,cost,1,1,Negation,,1,0
141_3,141,Select all tuples where there is an associated cost.,SELECT * FROM event_log WHERE cost IS NOT NULL,Generic,no_hardness,0,0,False,cost,cost,1,1,Negation,,1,0
141_4,141,Select all events that have an associated cost.,SELECT * FROM event_log WHERE cost IS NOT NULL,Generic,no_hardness,0,0,False,cost,cost,1,1,Negation,,1,0
141_5,141,Retrieve all information about events that have an associated cost.,SELECT * FROM event_log WHERE cost IS NOT NULL,Generic,no_hardness,0,0,False,cost,cost,1,1,Negation,,1,0
141_6,141,Retrieve all information about events that have a cost.,SELECT * FROM event_log WHERE cost IS NOT NULL,Generic,no_hardness,0,0,False,cost,cost,1,1,Negation,,1,0
141_7,141,"Report all actions carried out during the processing of each declaration, which costs are not null.",SELECT * FROM event_log WHERE cost IS NOT NULL,Domain,no_hardness,0,0,False,cost,cost,1,1,Negation,Negation,1,1
142_0,142,How many performances of the 'permit final approved by director' activity were recorded in the log?,SELECT count(*) FROM event_log WHERE activity = 'Permit final approved by director',Value,easy,1,1,True,activity,activity,1,1,COUNT,COUNT,1,1
142_1,142,How many times has the 'permit final approved by director' activity been performed?,SELECT count(*) FROM event_log WHERE activity = 'Permit final approved by director',Value,easy,1,1,True,activity,activity,1,1,COUNT,COUNT,1,1
142_2,142,Report the number of times the 'permit final approved by director' activity was performed.,SELECT count(*) FROM event_log WHERE activity = 'Permit final approved by director',Value,easy,1,1,True,activity,activity,1,1,COUNT,COUNT,1,1
142_3,142,Report the number of times the performance of the 'permit final approved by director' activity was recorded.,SELECT count(*) FROM event_log WHERE activity = 'Permit final approved by director',Value,easy,1,1,True,activity,activity,1,1,COUNT,COUNT,1,1
142_4,142,How many events are there related to the performance of the 'permit final approved by director' activity?,SELECT count(*) FROM event_log WHERE activity = 'Permit final approved by director',Value,easy,1,1,True,activity,activity,1,1,COUNT,COUNT,1,1
142_5,142,How many events are recorded related to the performance of the 'permit final approved by director' activity?,SELECT count(*) FROM event_log WHERE activity = 'Permit final approved by director',Value,easy,1,1,True,activity,activity,1,1,COUNT,COUNT,1,1
142_6,142,How many times has the performance of the 'permit final approved by director' activity been recorded?,SELECT count(*) FROM event_log WHERE activity = 'Permit final approved by director',Value,easy,1,1,True,activity,activity,1,1,COUNT,COUNT,1,1
142_7,142,What is the number of times the performance of the 'permit final approved by director' activity was recorded?,SELECT count(*) FROM event_log WHERE activity = 'Permit final approved by director',Value,easy,1,1,True,activity,activity,1,1,COUNT,COUNT,1,1
142_8,142,Retrieve the number of times the performance of the 'permit final approved by director' activity was recorded,SELECT count(*) FROM event_log WHERE activity = 'Permit final approved by director',Value,easy,1,1,True,activity,activity,1,1,COUNT,COUNT,1,1
142_9,142,Retrieve the number of times events related to the performance of the 'permit final approved by a director' activity were recorded.,SELECT count(*) FROM event_log WHERE activity = 'Permit final approved by director',Value,easy,1,0,True,activity,activity,1,1,COUNT,COUNT,1,1
142_10,142,How many times has the processing of declarations required a final permit to be granted by a director?,SELECT count(*) FROM event_log WHERE activity = 'Permit final approved by director',Domain,easy,1,0,True,activity,,1,0,COUNT,COUNT,1,1
142_11,142,How many times has a final permit been approved by a director?,SELECT count(*) FROM event_log WHERE activity = 'Permit final approved by director',Domain,easy,1,0,True,activity,,1,0,COUNT,COUNT,1,1
143_0,143,Retrieve the performance moments of the 'start trip' activity carried out by resources whose name ends with 's'.,SELECT timestamp FROM event_log WHERE resource LIKE '%s' AND activity = 'Start trip',Value,medium,2,1,True,activity;resource;timestamp,activity;resource,3,2,Temporal,,1,0
143_1,143,At what moments were the 'start trip' activities performed by resources whose name ends with 's'?,SELECT timestamp FROM event_log WHERE resource LIKE '%s' AND activity = 'Start trip',Value,medium,2,1,True,activity;resource;timestamp,activity;resource,3,2,Temporal,,1,0
143_2,143,What are the performance moments for the 'start trip' activity associated with resources whose name ends with 's'?,SELECT timestamp FROM event_log WHERE resource LIKE '%s' AND activity = 'Start trip',Value,medium,2,1,True,activity;resource;timestamp,activity;resource,3,2,Temporal,,1,0
143_3,143,"Considering the events associated with the 'start trip' activity and resources whose name ends with 's', recover their performance moments.",SELECT timestamp FROM event_log WHERE resource LIKE '%s' AND activity = 'Start trip',Value,medium,2,1,True,activity;resource;timestamp,activity;resource,3,2,Temporal,,1,0
143_4,143,What are the performance moments of the 'start trip' activity in which the associated resource has a name ending in 's'?,SELECT timestamp FROM event_log WHERE resource LIKE '%s' AND activity = 'Start trip',Value,medium,2,1,True,activity;resource;timestamp,activity;resource,3,2,Temporal,,1,0
143_5,143,What are the moments of the events associated with the performance of the 'start trip' activity in which the associated resource has a name ending in 's'?,SELECT timestamp FROM event_log WHERE resource LIKE '%s' AND activity = 'Start trip',Value,medium,2,1,True,activity;resource;timestamp,activity;resource,3,2,Temporal,,1,0
143_6,143,Report what are the moments of the events associated with the performance of the 'start trip' activity in which the associated resource has a name ending in 's'.,SELECT timestamp FROM event_log WHERE resource LIKE '%s' AND activity = 'Start trip',Value,medium,2,1,True,activity;resource;timestamp,activity;resource,3,2,Temporal,,1,0
143_7,143,Report the moments of the events associated with the performance of the 'start trip' activity in which the associated resource has a name ending in 's'.,SELECT timestamp FROM event_log WHERE resource LIKE '%s' AND activity = 'Start trip',Value,medium,2,1,True,activity;resource;timestamp,activity;resource,3,2,Temporal,,1,0
143_8,143,What are the dates on which a resource whose name ends with 's' carried out an intervention relating to recording the start of a trip?,SELECT timestamp FROM event_log WHERE resource LIKE '%s' AND activity = 'Start trip',Domain,medium,2,0,True,activity;resource;timestamp,resource,3,1,Temporal,,1,0
143_9,143,What are the dates on which a trip start record was registered by a resource whose name ends with 's'?,SELECT timestamp FROM event_log WHERE resource LIKE '%s' AND activity = 'Start trip',Domain,medium,2,0,True,activity;resource;timestamp,resource,3,1,Temporal,,1,0
144_0,144,Add up event costs grouping by activity and resource.,"SELECT activity, resource, SUM(cost) from event_log group by activity, resource",Generic,medium,0,0,False,activity;resource;cost,activity;resource;cost,3,3,SUM;GROUP BY,GROUP BY,2,1
144_1,144,What is the total cost of events associated with an activity and resource pair?,"SELECT activity, resource, SUM(cost) from event_log group by activity, resource",Generic,medium,0,0,False,activity;resource;cost,activity;resource;cost,3,3,SUM;GROUP BY,SUM,2,1
144_2,144,What is the total sum of event costs considering each activity-resource pair?,"SELECT activity, resource, SUM(cost) from event_log group by activity, resource",Generic,medium,0,0,False,activity;resource;cost,activity;cost,3,2,SUM;GROUP BY,SUM;GROUP BY,2,2
144_3,144,"For each activity and resource pair, what is the total sum of costs of their events?","SELECT activity, resource, SUM(cost) from event_log group by activity, resource",Generic,medium,0,0,False,activity;resource;cost,activity;resource;cost,3,3,SUM;GROUP BY,SUM;GROUP BY,2,2
144_4,144,"For each activity and resource pair, what is the total sum of costs of the events in which each pair was recorded?","SELECT activity, resource, SUM(cost) from event_log group by activity, resource",Generic,medium,0,0,False,activity;resource;cost,activity;resource;cost,3,3,SUM;GROUP BY,SUM;GROUP BY,2,2
144_5,144,"Grouping events by activity and resource, what is the total cost of events for each activity-resource pair?","SELECT activity, resource, SUM(cost) from event_log group by activity, resource",Generic,medium,0,0,False,activity;resource;cost,activity;resource;cost,3,3,SUM;GROUP BY,SUM;GROUP BY,2,2
144_6,144,"Select the sum of event costs, grouping by activity and resource.","SELECT activity, resource, SUM(cost) from event_log group by activity, resource",Generic,medium,0,0,False,activity;resource;cost,activity;resource;cost,3,3,SUM;GROUP BY,SUM;GROUP BY,2,2
144_7,144,Report how much was spent on each association of activities and employees involved in processing the declarations.,"SELECT activity, resource, SUM(cost) from event_log group by activity, resource",Domain,medium,0,0,False,activity;resource;cost,activity;resource,3,2,SUM;GROUP BY,GROUP BY,2,1
145_0,145,How many events recorded the performance of 'start trip' and 'end trip' activities?,"select count(*), activity from event_log where activity = 'Start trip' or activity = 'End trip' GROUP BY activity",Value,hard,2,2,True,activity,activity,1,1,COUNT;GROUP BY,COUNT,2,1
145_1,145,Select the number of occurrences of 'start trip' and 'end trip' activities.,"select count(*), activity from event_log where activity = 'Start trip' or activity = 'End trip' GROUP BY activity",Value,hard,2,2,True,activity,activity,1,1,COUNT;GROUP BY,COUNT,2,1
145_2,145,Retrieve the number of times 'start trip' or 'end trip' activities occurred,"select count(*), activity from event_log where activity = 'Start trip' or activity = 'End trip' GROUP BY activity",Value,hard,2,2,True,activity,activity,1,1,COUNT;GROUP BY,COUNT,2,1
145_3,145,Retrieve the number of events related to the performance of 'start trip' and 'end trip' activities.,"select count(*), activity from event_log where activity = 'Start trip' or activity = 'End trip' GROUP BY activity",Value,hard,2,2,True,activity,activity,1,1,COUNT;GROUP BY,COUNT,2,1
145_4,145,Report the number of times the performance of 'start trip' and 'end trip' activities was recorded.,"select count(*), activity from event_log where activity = 'Start trip' or activity = 'End trip' GROUP BY activity",Value,hard,2,2,True,activity,activity,1,1,COUNT;GROUP BY,COUNT,2,1
145_5,145,Report the number of events that recorded the performance of 'start trip' and 'end trip' activities.,"select count(*), activity from event_log where activity = 'Start trip' or activity = 'End trip' GROUP BY activity",Value,hard,2,2,True,activity,activity,1,1,COUNT;GROUP BY,COUNT,2,1
145_6,145,Select the number of occurrences of the 'start trip' and 'end trip' activities.,"select count(*), activity from event_log where activity = 'Start trip' or activity = 'End trip' GROUP BY activity",Value,hard,2,2,True,activity,activity,1,1,COUNT;GROUP BY,COUNT,2,1
145_7,145,How many times were 'start trip' and 'end trip' activities performed?,"select count(*), activity from event_log where activity = 'Start trip' or activity = 'End trip' GROUP BY activity",Value,hard,2,2,True,activity,activity,1,1,COUNT;GROUP BY,COUNT,2,1
145_8,145,The beginning of a trip and the end of a trip are recorded for how many travel declarations?,"select count(*), activity from event_log where activity = 'Start trip' or activity = 'End trip' GROUP BY activity",Domain,hard,2,0,True,activity,,1,0,COUNT;GROUP BY,COUNT,2,1
145_9,145,How many times were the beginning of a trip and the end of a trip recorded when processing the travel declarations?,"select count(*), activity from event_log where activity = 'Start trip' or activity = 'End trip' GROUP BY activity",Domain,hard,2,0,True,activity,,1,0,COUNT;GROUP BY,COUNT,2,1
146_0,146,Which activities were performed more than three times?,SELECT activity FROM event_log GROUP BY activity HAVING COUNT(*) > 3,Generic,easy,1,0,True,activity,activity,1,1,COUNT;GROUP BY,,2,0
146_1,146,List activities that were performed more than three times.,SELECT activity FROM event_log GROUP BY activity HAVING COUNT(*) > 3,Generic,easy,1,0,True,activity,activity,1,1,COUNT;GROUP BY,,2,0
146_2,146,List the activities that were performed more than three times.,SELECT activity FROM event_log GROUP BY activity HAVING COUNT(*) > 3,Generic,easy,1,0,True,activity,activity,1,1,COUNT;GROUP BY,,2,0
146_3,146,Recover activities that have been performed more than three times.,SELECT activity FROM event_log GROUP BY activity HAVING COUNT(*) > 3,Generic,easy,1,0,True,activity,activity,1,1,COUNT;GROUP BY,,2,0
146_4,146,What activities were performed more than three times?,SELECT activity FROM event_log GROUP BY activity HAVING COUNT(*) > 3,Generic,easy,1,0,True,activity,activity,1,1,COUNT;GROUP BY,,2,0
146_5,146,What are the activities for which there are more than three records of their performance?,SELECT activity FROM event_log GROUP BY activity HAVING COUNT(*) > 3,Generic,easy,1,0,True,activity,activity,1,1,COUNT;GROUP BY,,2,0
146_6,146,What are the activities for which there are more than three events recording their performance?,SELECT activity FROM event_log GROUP BY activity HAVING COUNT(*) > 3,Generic,easy,1,0,True,activity,activity,1,1,COUNT;GROUP BY,,2,0
146_7,146,Retrieve which activities have more than three events recording their performance.,SELECT activity FROM event_log GROUP BY activity HAVING COUNT(*) > 3,Generic,easy,1,0,True,activity,activity,1,1,COUNT;GROUP BY,,2,0
146_8,146,"In the processing of declarations, there are activities that are performed many times. Inform me of those that were performed more than three times.",SELECT activity FROM event_log GROUP BY activity HAVING COUNT(*) > 3,Domain,easy,1,0,True,activity,activity,1,1,COUNT;GROUP BY,,2,0
146_9,146,I need to know which activities had more than three records when processing travel declarations.,SELECT activity FROM event_log GROUP BY activity HAVING COUNT(*) > 3,Domain,easy,1,0,True,activity,activity,1,1,COUNT;GROUP BY,,2,0
147_0,147,What was the last activity performed and what is the resource associated with its performance?,"SELECT resource, activity FROM event_log ORDER BY timestamp DESC LIMIT 1",Generic,medium,0,0,False,activity;resource;timestamp,activity;resource,3,2,,,0,0
147_1,147,Report the last activity performed and the resource associated with its performance,"SELECT resource, activity FROM event_log ORDER BY timestamp DESC LIMIT 1",Generic,medium,0,0,False,activity;resource;timestamp,activity;resource,3,2,,,0,0
147_2,147,Retrieve the last activity performed and the resource associated with its performance,"SELECT resource, activity FROM event_log ORDER BY timestamp DESC LIMIT 1",Generic,medium,0,0,False,activity;resource;timestamp,activity;resource,3,2,,,0,0
147_3,147,The last recorded event refers to the performance of which activity and what is the resource associated with it?,"SELECT resource, activity FROM event_log ORDER BY timestamp DESC LIMIT 1",Generic,medium,0,0,False,activity;resource;timestamp,activity;resource,3,2,,,0,0
147_4,147,Retrieve the last recorded event and report the activity performed and the associated resource.,"SELECT resource, activity FROM event_log ORDER BY timestamp DESC LIMIT 1",Generic,medium,0,0,False,activity;resource;timestamp,activity;resource,3,2,,,0,0
147_5,147,"Considering the last recorded event, what activity was performed and what resource was associated with its performance?","SELECT resource, activity FROM event_log ORDER BY timestamp DESC LIMIT 1",Generic,medium,0,0,False,activity;resource;timestamp,activity;resource,3,2,,,0,0
147_6,147,"In the last recorded event, what activity was performed and what resource was associated with its performance?","SELECT resource, activity FROM event_log ORDER BY timestamp DESC LIMIT 1",Generic,medium,0,0,False,activity;resource;timestamp,activity;resource,3,2,,,0,0
147_7,147,Who was the person who made the last entry in travel declaration processing? This record refers to the performance of which task?,"SELECT resource, activity FROM event_log ORDER BY timestamp DESC LIMIT 1",Domain,medium,0,0,False,activity;resource;timestamp,activity;resource,3,2,,,0,0
147_8,147,Who was the employee who performed the last activity ever recorded in the travel declaration process and what was that activity?,"SELECT resource, activity FROM event_log ORDER BY timestamp DESC LIMIT 1",Domain,medium,0,0,False,activity;resource;timestamp,activity;resource,3,2,,,0,0
148_0,148,"What are the events and who is responsible for the activity performed in the event, that occurred after an event performing the 'end trip' activity in the same case?","select e1.activity, e1.resource, e1.idcase from event_log AS e1 inner join event_log AS e2 on e1.idcase = e2.idcase WHERE e2.activity = 'End trip' and e1.timestamp > e2.timestamp",Value,no_hardness,1,1,True,idcase;activity;resource;timestamp,idcase;activity,4,2,,,0,0
148_1,148,"Find the case events and the person responsible for the activity performed in the event, that occurred after an event performing the 'end trip' activity.","select e1.activity, e1.resource, e1.idcase from event_log AS e1 inner join event_log AS e2 on e1.idcase = e2.idcase WHERE e2.activity = 'End trip' and e1.timestamp > e2.timestamp",Value,no_hardness,1,1,True,idcase;activity;resource;timestamp,idcase;activity;resource,4,3,,,0,0
148_2,148,"Find the case events, as well as the person responsible for the activity performed in the event, that occurred after an event performing the 'end trip' activity.","select e1.activity, e1.resource, e1.idcase from event_log AS e1 inner join event_log AS e2 on e1.idcase = e2.idcase WHERE e2.activity = 'End trip' and e1.timestamp > e2.timestamp",Value,no_hardness,1,1,True,idcase;activity;resource;timestamp,idcase;activity;resource,4,3,,,0,0
148_3,148,"Find the events and the person responsible for the activity performed in the event, that occurred after an event performing the 'end trip' activity in the same case.","select e1.activity, e1.resource, e1.idcase from event_log AS e1 inner join event_log AS e2 on e1.idcase = e2.idcase WHERE e2.activity = 'End trip' and e1.timestamp > e2.timestamp",Value,no_hardness,1,1,True,idcase;activity;resource;timestamp,idcase;activity;resource,4,3,,,0,0
148_4,148,"Find the events, as well as the person responsible for the activity performed in the event, that occurred after an event performing the 'end trip' activity in the same case.","select e1.activity, e1.resource, e1.idcase from event_log AS e1 inner join event_log AS e2 on e1.idcase = e2.idcase WHERE e2.activity = 'End trip' and e1.timestamp > e2.timestamp",Value,no_hardness,1,1,True,idcase;activity;resource;timestamp,idcase;activity;resource,4,3,,,0,0
148_5,148,"For each case, find the events, as well as the person responsible for the activity performed in the event, that occurred after an event performing the 'end trip' activity.","select e1.activity, e1.resource, e1.idcase from event_log AS e1 inner join event_log AS e2 on e1.idcase = e2.idcase WHERE e2.activity = 'End trip' and e1.timestamp > e2.timestamp",Value,no_hardness,1,1,True,idcase;activity;resource;timestamp,idcase;activity;resource,4,3,,,0,0
148_6,148,"List the case events and the person responsible for the activity performed in the event, that occurred after an event performing the 'end trip' activity.","select e1.activity, e1.resource, e1.idcase from event_log AS e1 inner join event_log AS e2 on e1.idcase = e2.idcase WHERE e2.activity = 'End trip' and e1.timestamp > e2.timestamp",Value,no_hardness,1,1,True,idcase;activity;resource;timestamp,idcase;activity;resource,4,3,,,0,0
148_7,148,"List the case events, as well as the person responsible for the activity performed in the event, that occurred after an event performing the 'end trip' activity.","select e1.activity, e1.resource, e1.idcase from event_log AS e1 inner join event_log AS e2 on e1.idcase = e2.idcase WHERE e2.activity = 'End trip' and e1.timestamp > e2.timestamp",Value,no_hardness,1,1,True,idcase;activity;resource;timestamp,idcase;activity;resource,4,3,,,0,0
148_8,148,"List the events and the person responsible for the activity performed in the event, that occurred after an event performing the 'end trip' activity in the same case.","select e1.activity, e1.resource, e1.idcase from event_log AS e1 inner join event_log AS e2 on e1.idcase = e2.idcase WHERE e2.activity = 'End trip' and e1.timestamp > e2.timestamp",Value,no_hardness,1,1,True,idcase;activity;resource;timestamp,idcase;activity;resource,4,3,,,0,0
148_9,148,"List the events, as well as the person responsible for the activity performed in the event, that occurred after an event performing the 'end trip' activity in the same case.","select e1.activity, e1.resource, e1.idcase from event_log AS e1 inner join event_log AS e2 on e1.idcase = e2.idcase WHERE e2.activity = 'End trip' and e1.timestamp > e2.timestamp",Value,no_hardness,1,1,True,idcase;activity;resource;timestamp,idcase;activity;resource,4,3,,,0,0
148_10,148,"For each case, list the events, as well as the person responsible for the activity performed in the event, that occurred after an event performing the 'end trip' activity.","select e1.activity, e1.resource, e1.idcase from event_log AS e1 inner join event_log AS e2 on e1.idcase = e2.idcase WHERE e2.activity = 'End trip' and e1.timestamp > e2.timestamp",Value,no_hardness,1,1,True,idcase;activity;resource;timestamp,idcase;activity;resource,4,3,,,0,0
148_11,148,"What are the case events, as well as the person responsible for the activity performed in the event, that occurred after an event performing the 'end trip' activity?","select e1.activity, e1.resource, e1.idcase from event_log AS e1 inner join event_log AS e2 on e1.idcase = e2.idcase WHERE e2.activity = 'End trip' and e1.timestamp > e2.timestamp",Value,no_hardness,1,1,True,idcase;activity;resource;timestamp,idcase;activity;resource,4,3,,,0,0
148_12,148,"For each case, what are the events, as well as the person responsible for the activity carried out in the event, that occurred after an event performing the 'end trip' activity?","select e1.activity, e1.resource, e1.idcase from event_log AS e1 inner join event_log AS e2 on e1.idcase = e2.idcase WHERE e2.activity = 'End trip' and e1.timestamp > e2.timestamp",Value,no_hardness,1,1,True,idcase;activity;resource;timestamp,idcase;activity;resource,4,3,,,0,0
148_13,148,"Considering the events related to each case, which of them occurred after an event involving the performance of the 'end trip' activity? Include in your response information about who was responsible for the activity carried out at the event.","select e1.activity, e1.resource, e1.idcase from event_log AS e1 inner join event_log AS e2 on e1.idcase = e2.idcase WHERE e2.activity = 'End trip' and e1.timestamp > e2.timestamp",Value,no_hardness,1,1,True,idcase;activity;resource;timestamp,idcase;activity,4,2,,,0,0
148_14,148,"Considering the events related to each case, which of them occurred after an event involving the performance of the 'end trip' activity? Include in your response information about the person responsible for the activity carried out at the event.","select e1.activity, e1.resource, e1.idcase from event_log AS e1 inner join event_log AS e2 on e1.idcase = e2.idcase WHERE e2.activity = 'End trip' and e1.timestamp > e2.timestamp",Value,no_hardness,1,1,True,idcase;activity;resource;timestamp,idcase;activity;resource,4,3,,,0,0
148_15,148,"List all actions performed after the end of trip registration, in each of the travel declarations already processed and registered in the system, and the person who was responsible for these performances.","select e1.activity, e1.resource, e1.idcase from event_log AS e1 inner join event_log AS e2 on e1.idcase = e2.idcase WHERE e2.activity = 'End trip' and e1.timestamp > e2.timestamp",Domain,no_hardness,1,0,True,idcase;activity;resource;timestamp,idcase;resource,4,2,,,0,0
148_16,148,"For each of the travel declarations, report which actions occurred after recording the end of the trip, and who was the employee who carried out these actions.","select e1.activity, e1.resource, e1.idcase from event_log AS e1 inner join event_log AS e2 on e1.idcase = e2.idcase WHERE e2.activity = 'End trip' and e1.timestamp > e2.timestamp",Domain,no_hardness,1,0,True,idcase;activity;resource;timestamp,idcase;resource,4,2,,,0,0
149_0,149,Find the number of events performed by each resource that do not concern the 'end trip' activity.,"SELECT COUNT(*), resource FROM event_log WHERE activity != 'End trip' GROUP BY resource",Value,medium,1,1,True,activity;resource,activity;resource,2,2,COUNT;GROUP BY;Negation,COUNT;GROUP BY;Negation,3,3
149_1,149,Find the number of events performed by each resource that are not associated with the 'end trip' activity.,"SELECT COUNT(*), resource FROM event_log WHERE activity != 'End trip' GROUP BY resource",Value,medium,1,1,True,activity;resource,activity;resource,2,2,COUNT;GROUP BY;Negation,COUNT;GROUP BY;Negation,3,3
149_2,149,Find the number of events performed by each resource that are not related to the 'end trip' activity.,"SELECT COUNT(*), resource FROM event_log WHERE activity != 'End trip' GROUP BY resource",Value,medium,1,1,True,activity;resource,activity;resource,2,2,COUNT;GROUP BY;Negation,COUNT;GROUP BY;Negation,3,3
149_3,149,Find the number of events that do not correspond to the 'end trip' activity performed by each resource.,"SELECT COUNT(*), resource FROM event_log WHERE activity != 'End trip' GROUP BY resource",Value,medium,1,1,True,activity;resource,activity;resource,2,2,COUNT;GROUP BY;Negation,COUNT;GROUP BY;Negation,3,3
149_4,149,Find the number of events performed by each resource that do not correspond to the 'end trip' activity.,"SELECT COUNT(*), resource FROM event_log WHERE activity != 'End trip' GROUP BY resource",Value,medium,1,1,True,activity;resource,activity;resource,2,2,COUNT;GROUP BY;Negation,COUNT;GROUP BY;Negation,3,3
149_5,149,Find the number of events performed by each resource that do not correspond to the performance of the 'end trip' activity.,"SELECT COUNT(*), resource FROM event_log WHERE activity != 'End trip' GROUP BY resource",Value,medium,1,1,True,activity;resource,activity;resource,2,2,COUNT;GROUP BY;Negation,COUNT;GROUP BY;Negation,3,3
149_6,149,Find the number of events that do not correspond to the performance of the 'end trip' activity performed by each resource.,"SELECT COUNT(*), resource FROM event_log WHERE activity != 'End trip' GROUP BY resource",Value,medium,1,1,True,activity;resource,activity;resource,2,2,COUNT;GROUP BY;Negation,COUNT;GROUP BY;Negation,3,3
149_7,149,Calculate the number of events performed by each resource that do not concern the 'end trip' activity.,"SELECT COUNT(*), resource FROM event_log WHERE activity != 'End trip' GROUP BY resource",Value,medium,1,1,True,activity;resource,activity;resource,2,2,COUNT;GROUP BY;Negation,COUNT;GROUP BY;Negation,3,3
149_8,149,Calculate the number of events that do not concern the 'end trip' activity performed by each resource.,"SELECT COUNT(*), resource FROM event_log WHERE activity != 'End trip' GROUP BY resource",Value,medium,1,1,True,activity;resource,activity;resource,2,2,COUNT;GROUP BY;Negation,COUNT;GROUP BY;Negation,3,3
149_9,149,Calculate the number of events performed by each resource that are not related to the 'end trip' activity.,"SELECT COUNT(*), resource FROM event_log WHERE activity != 'End trip' GROUP BY resource",Value,medium,1,1,True,activity;resource,activity;resource,2,2,COUNT;GROUP BY;Negation,COUNT;GROUP BY;Negation,3,3
149_10,149,Calculate the number of events performed by each resource that do not correspond to the 'end trip' activity.,"SELECT COUNT(*), resource FROM event_log WHERE activity != 'End trip' GROUP BY resource",Value,medium,1,1,True,activity;resource,activity;resource,2,2,COUNT;GROUP BY;Negation,COUNT;GROUP BY;Negation,3,3
149_11,149,Calculate the number of events that do not correspond to the 'end trip' activity performed by each resource.,"SELECT COUNT(*), resource FROM event_log WHERE activity != 'End trip' GROUP BY resource",Value,medium,1,1,True,activity;resource,activity;resource,2,2,COUNT;GROUP BY;Negation,COUNT;GROUP BY;Negation,3,3
149_12,149,Calculate the number of events performed by each resource that do not correspond to the performance of the 'end trip' activity.,"SELECT COUNT(*), resource FROM event_log WHERE activity != 'End trip' GROUP BY resource",Value,medium,1,1,True,activity;resource,activity;resource,2,2,COUNT;GROUP BY;Negation,COUNT;GROUP BY;Negation,3,3
149_13,149,Calculate the number of events that do not correspond to the performance of the 'end trip' activity performed by each resource.,"SELECT COUNT(*), resource FROM event_log WHERE activity != 'End trip' GROUP BY resource",Value,medium,1,1,True,activity;resource,activity;resource,2,2,COUNT;GROUP BY;Negation,COUNT;GROUP BY;Negation,3,3
149_14,149,Find the events amount performed by each resource that do not concern the 'end trip' activity.,"SELECT COUNT(*), resource FROM event_log WHERE activity != 'End trip' GROUP BY resource",Value,medium,1,1,True,activity;resource,activity;resource,2,2,COUNT;GROUP BY;Negation,GROUP BY;Negation,3,2
149_15,149,Find the events amount that do not concern the 'end trip' activity performed by each resource.,"SELECT COUNT(*), resource FROM event_log WHERE activity != 'End trip' GROUP BY resource",Value,medium,1,1,True,activity;resource,activity;resource,2,2,COUNT;GROUP BY;Negation,GROUP BY;Negation,3,2
149_16,149,Find the events amount performed by each resource that are not related to the 'end trip' activity.,"SELECT COUNT(*), resource FROM event_log WHERE activity != 'End trip' GROUP BY resource",Value,medium,1,1,True,activity;resource,activity;resource,2,2,COUNT;GROUP BY;Negation,GROUP BY;Negation,3,2
149_17,149,Find the events amount performed by each resource that do not correspond to the 'end trip' activity .,"SELECT COUNT(*), resource FROM event_log WHERE activity != 'End trip' GROUP BY resource",Value,medium,1,1,True,activity;resource,activity;resource,2,2,COUNT;GROUP BY;Negation,GROUP BY;Negation,3,2
149_18,149,Find the events amount that do not correspond to the 'end trip' activity performed by each resource.,"SELECT COUNT(*), resource FROM event_log WHERE activity != 'End trip' GROUP BY resource",Value,medium,1,1,True,activity;resource,activity;resource,2,2,COUNT;GROUP BY;Negation,GROUP BY;Negation,3,2
149_19,149,Find the events amounts performed by each resource that do not correspond to the performance of the 'end trip' activity.,"SELECT COUNT(*), resource FROM event_log WHERE activity != 'End trip' GROUP BY resource",Value,medium,1,1,True,activity;resource,activity;resource,2,2,COUNT;GROUP BY;Negation,GROUP BY;Negation,3,2
149_20,149,Find the events amount that do not correspond to the performance of the 'end trip' activity performed by each resource.,"SELECT COUNT(*), resource FROM event_log WHERE activity != 'End trip' GROUP BY resource",Value,medium,1,1,True,activity;resource,activity;resource,2,2,COUNT;GROUP BY;Negation,GROUP BY;Negation,3,2
149_21,149,Calculate the events amount performed by each resource that do not concern the 'end trip' activity.,"SELECT COUNT(*), resource FROM event_log WHERE activity != 'End trip' GROUP BY resource",Value,medium,1,1,True,activity;resource,activity;resource,2,2,COUNT;GROUP BY;Negation,GROUP BY;Negation,3,2
149_22,149,Calculate the events amount that do not concern the 'end trip' activity performed by each resource.,"SELECT COUNT(*), resource FROM event_log WHERE activity != 'End trip' GROUP BY resource",Value,medium,1,1,True,activity;resource,activity;resource,2,2,COUNT;GROUP BY;Negation,GROUP BY;Negation,3,2
149_23,149,Calculate the events amount that are not related to the 'end trip' activity performed by each resource.,"SELECT COUNT(*), resource FROM event_log WHERE activity != 'End trip' GROUP BY resource",Value,medium,1,1,True,activity;resource,activity;resource,2,2,COUNT;GROUP BY;Negation,GROUP BY;Negation,3,2
149_24,149,Calculate the events amount that do not correspond to the 'end trip' activity performed by each resource.,"SELECT COUNT(*), resource FROM event_log WHERE activity != 'End trip' GROUP BY resource",Value,medium,1,1,True,activity;resource,activity;resource,2,2,COUNT;GROUP BY;Negation,GROUP BY;Negation,3,2
149_25,149,Calculate the events amount performed by each resource that do not correspond to the 'end trip' activity.,"SELECT COUNT(*), resource FROM event_log WHERE activity != 'End trip' GROUP BY resource",Value,medium,1,1,True,activity;resource,activity;resource,2,2,COUNT;GROUP BY;Negation,GROUP BY;Negation,3,2
149_26,149,Calculate the events amount that do not correspond to the performance of the 'end trip' activity performed by each resource.,"SELECT COUNT(*), resource FROM event_log WHERE activity != 'End trip' GROUP BY resource",Value,medium,1,1,True,activity;resource,activity;resource,2,2,COUNT;GROUP BY;Negation,GROUP BY;Negation,3,2
149_27,149,Calculate the events amount performed by each resource that do not correspond to the performance of the 'end trip' activity.,"SELECT COUNT(*), resource FROM event_log WHERE activity != 'End trip' GROUP BY resource",Value,medium,1,1,True,activity;resource,activity;resource,2,2,COUNT;GROUP BY;Negation,GROUP BY;Negation,3,2
149_28,149,"Retrieve the number of times an employee worked on processing a travel declaration, except those in which they were responsible for recording the end of a trip.","SELECT COUNT(*), resource FROM event_log WHERE activity != 'End trip' GROUP BY resource",Domain,medium,1,0,True,activity;resource,resource,2,1,COUNT;GROUP BY;Negation,COUNT;Negation,3,2
149_29,149,"How many actions did each employee perform, disregarding those that record the end of a trip?","SELECT COUNT(*), resource FROM event_log WHERE activity != 'End trip' GROUP BY resource",Domain,medium,1,0,True,activity;resource,resource,2,1,COUNT;GROUP BY;Negation,COUNT;GROUP BY,3,2
150_0,150,List the case identifier from most recent to oldest in terms of the start date of the first case event.,SELECT idcase FROM event_log GROUP BY idcase ORDER BY MIN(timestamp) DESC,Generic,medium,0,0,False,idcase;timestamp,idcase;timestamp,2,2,MIN;GROUP BY,,2,0
150_1,150,"Present all case identifiers, ordered from most recent to oldest considering the start date of the first event in the case.",SELECT idcase FROM event_log GROUP BY idcase ORDER BY MIN(timestamp) DESC,Generic,medium,0,0,False,idcase;timestamp,idcase;timestamp,2,2,MIN;GROUP BY,,2,0
150_2,150,"Considering that the start of the case is the start date of their first event, list the case identifiers in descending chronological order.",SELECT idcase FROM event_log GROUP BY idcase ORDER BY MIN(timestamp) DESC,Generic,medium,0,0,False,idcase;timestamp,idcase;timestamp,2,2,MIN;GROUP BY,,2,0
150_3,150,List the case identifiers in descending chronological order considering the start date of the first event in the case.,SELECT idcase FROM event_log GROUP BY idcase ORDER BY MIN(timestamp) DESC,Generic,medium,0,0,False,idcase;timestamp,idcase;timestamp,2,2,MIN;GROUP BY,,2,0
150_4,150,"Present all travel declarations, in terms of their identifiers and ordered according to the dates of registration of the first action taken in each one.",SELECT idcase FROM event_log GROUP BY idcase ORDER BY MIN(timestamp) DESC,Domain,medium,0,0,False,idcase;timestamp,idcase,2,1,MIN;GROUP BY,GROUP BY,2,1
150_5,150,"Build an ordered list of travel declarations, from oldest to newest. In this list, present the declaration identifier.",SELECT idcase FROM event_log GROUP BY idcase ORDER BY MIN(timestamp) DESC,Domain,medium,0,0,False,idcase;timestamp,idcase,2,1,MIN;GROUP BY,,2,0
151_0,151,How many process instances went through the 'request payment' activity?,SELECT COUNT(DISTINCT idcase) FROM event_log WHERE activity = 'Request payment',Value,easy,1,1,True,idcase;activity,idcase;activity,2,2,COUNT;DISTINCT,COUNT,2,1
151_1,151,The 'request payment' activity is present in how many process instances?,SELECT COUNT(DISTINCT idcase) FROM event_log WHERE activity = 'Request payment',Value,easy,1,1,True,idcase;activity,idcase;activity,2,2,COUNT;DISTINCT,COUNT,2,1
151_2,151,The 'request payment' activity is present in how many cases?,SELECT COUNT(DISTINCT idcase) FROM event_log WHERE activity = 'Request payment',Value,easy,1,1,True,idcase;activity,activity,2,1,COUNT;DISTINCT,COUNT,2,1
151_3,151,Report the number of cases that include the performance of the 'request payment' activity.,SELECT COUNT(DISTINCT idcase) FROM event_log WHERE activity = 'Request payment',Value,easy,1,1,True,idcase;activity,activity,2,1,COUNT;DISTINCT,COUNT,2,1
151_4,151,Report the number of cases in which there is at least one occurrence of the 'request payment' activity.,SELECT COUNT(DISTINCT idcase) FROM event_log WHERE activity = 'Request payment',Value,easy,1,1,True,idcase;activity,activity,2,1,COUNT;DISTINCT,COUNT,2,1
151_5,151,For how many declarations were payment requests registered?,SELECT COUNT(DISTINCT idcase) FROM event_log WHERE activity = 'Request payment',Domain,easy,1,0,True,idcase;activity,,2,0,COUNT;DISTINCT,COUNT,2,1
151_6,151,How many declarations required a payment request?,SELECT COUNT(DISTINCT idcase) FROM event_log WHERE activity = 'Request payment',Domain,easy,1,0,True,idcase;activity,,2,0,COUNT;DISTINCT,COUNT,2,1
152_0,152,Which case was the last to perform a 'declaration final approved by director' activity?,SELECT idcase FROM event_log WHERE activity = 'Declaration final approved by director' ORDER by timestamp DESC LIMIT 1,Value,hard,1,1,True,idcase;activity;timestamp,idcase;activity,3,2,,,0,0
152_1,152,What was the last process instance to perform the 'declaration final approved by director' activity?,SELECT idcase FROM event_log WHERE activity = 'Declaration final approved by director' ORDER by timestamp DESC LIMIT 1,Value,hard,1,1,True,idcase;activity;timestamp,idcase;activity,3,2,,,0,0
152_2,152,Report the identifier of the case that performed the 'declaration final approved by director' activity most recently.,SELECT idcase FROM event_log WHERE activity = 'Declaration final approved by director' ORDER by timestamp DESC LIMIT 1,Value,hard,1,1,True,idcase;activity;timestamp,idcase;activity,3,2,,,0,0
152_3,152,Report the identifier of the case that was the last to perform the 'declaration final approved by director' activity.,SELECT idcase FROM event_log WHERE activity = 'Declaration final approved by director' ORDER by timestamp DESC LIMIT 1,Value,hard,1,1,True,idcase;activity;timestamp,idcase;activity,3,2,,,0,0
152_4,152,In which case is the last occurrence of the 'declaration final approved by director' activity?,SELECT idcase FROM event_log WHERE activity = 'Declaration final approved by director' ORDER by timestamp DESC LIMIT 1,Value,hard,1,1,True,idcase;activity;timestamp,idcase;activity,3,2,,,0,0
152_5,152,The last time a director gave final approval for a declaration was for which declaration?,SELECT idcase FROM event_log WHERE activity = 'Declaration final approved by director' ORDER by timestamp DESC LIMIT 1,Domain,hard,1,0,True,idcase;activity;timestamp,idcase;timestamp,3,2,,,0,0
152_6,152,What was the last declaration to receive final approval from a director?,SELECT idcase FROM event_log WHERE activity = 'Declaration final approved by director' ORDER by timestamp DESC LIMIT 1,Domain,hard,1,0,True,idcase;activity;timestamp,idcase,3,1,,,0,0
153_0,153,Which resource is most active in the 'declaration approved by administration' activity?,SELECT resource FROM event_log WHERE activity = 'Declaration approved by administration' GROUP BY resource ORDER BY COUNT(*) DESC LIMIT 1,Value,extra,1,1,True,activity;resource,activity;resource,2,2,COUNT;GROUP BY,GROUP BY,2,1
153_1,153,Which resource was most active in the 'declaration approved by administration' activity?,SELECT resource FROM event_log WHERE activity = 'Declaration approved by administration' GROUP BY resource ORDER BY COUNT(*) DESC LIMIT 1,Value,extra,1,1,True,activity;resource,activity;resource,2,2,COUNT;GROUP BY,GROUP BY,2,1
153_2,153,Which resource is associated with the greatest number of occurrences of the 'declaration approved by administration' activity?,SELECT resource FROM event_log WHERE activity = 'Declaration approved by administration' GROUP BY resource ORDER BY COUNT(*) DESC LIMIT 1,Value,extra,1,1,True,activity;resource,activity;resource,2,2,COUNT;GROUP BY,COUNT;GROUP BY,2,2
153_3,153,Which resource worked on the greatest number of events in which the 'declaration approved by administration' activity was performed?,SELECT resource FROM event_log WHERE activity = 'Declaration approved by administration' GROUP BY resource ORDER BY COUNT(*) DESC LIMIT 1,Value,extra,1,1,True,activity;resource,activity;resource,2,2,COUNT;GROUP BY,COUNT;GROUP BY,2,2
153_4,153,What was the resource that worked the most with the 'declaration approved by administration' activity?,SELECT resource FROM event_log WHERE activity = 'Declaration approved by administration' GROUP BY resource ORDER BY COUNT(*) DESC LIMIT 1,Value,extra,1,1,True,activity;resource,activity;resource,2,2,COUNT;GROUP BY,GROUP BY,2,1
153_5,153,Who is the most active administrator in approving declarations?,SELECT resource FROM event_log WHERE activity = 'Declaration approved by administration' GROUP BY resource ORDER BY COUNT(*) DESC LIMIT 1,Domain,extra,1,0,True,activity;resource,resource,2,1,COUNT;GROUP BY,,2,0
153_6,153,Which administration employee approves declarations the most?,SELECT resource FROM event_log WHERE activity = 'Declaration approved by administration' GROUP BY resource ORDER BY COUNT(*) DESC LIMIT 1,Domain,extra,1,0,True,activity;resource,resource,2,1,COUNT;GROUP BY,,2,0
154_0,154,In how many cases did each resource act in the first activity performed?,"SELECT COUNT(*), resource FROM (SELECT resource, MIN(timestamp) from event_log GROUP BY idcase) GROUP BY resource",Generic,no_hardness,0,0,False,idcase;resource;timestamp,resource,3,1,COUNT;MIN;GROUP BY,COUNT;GROUP BY,3,2
154_1,154,Report in how many cases each resource was responsible for performing the first event.,"SELECT COUNT(*), resource FROM (SELECT resource, MIN(timestamp) from event_log GROUP BY idcase) GROUP BY resource",Generic,no_hardness,0,0,False,idcase;resource;timestamp,resource,3,1,COUNT;MIN;GROUP BY,COUNT;GROUP BY,3,2
154_2,154,Report the number of times each resource performed the first activity of a case.,"SELECT COUNT(*), resource FROM (SELECT resource, MIN(timestamp) from event_log GROUP BY idcase) GROUP BY resource",Generic,no_hardness,0,0,False,idcase;resource;timestamp,idcase;resource,3,2,COUNT;MIN;GROUP BY,COUNT;GROUP BY,3,2
154_3,154,How many times did each resource act on the first event of a process instance?,"SELECT COUNT(*), resource FROM (SELECT resource, MIN(timestamp) from event_log GROUP BY idcase) GROUP BY resource",Generic,no_hardness,0,0,False,idcase;resource;timestamp,idcase;resource,3,2,COUNT;MIN;GROUP BY,COUNT;GROUP BY,3,2
154_4,154,"For each resource, indicate the number of times they were the first to act on a case.","SELECT COUNT(*), resource FROM (SELECT resource, MIN(timestamp) from event_log GROUP BY idcase) GROUP BY resource",Generic,no_hardness,0,0,False,idcase;resource;timestamp,idcase;resource,3,2,COUNT;MIN;GROUP BY,COUNT;GROUP BY,3,2
154_5,154,Report in how many declarations each employee was involved in executing the first action.,"SELECT COUNT(*), resource FROM (SELECT resource, MIN(timestamp) from event_log GROUP BY idcase) GROUP BY resource",Domain,no_hardness,0,0,False,idcase;resource;timestamp,resource,3,1,COUNT;MIN;GROUP BY,COUNT;GROUP BY,3,2
154_6,154,How many declaration processes were initiated by each of the employees?,"SELECT COUNT(*), resource FROM (SELECT resource, MIN(timestamp) from event_log GROUP BY idcase) GROUP BY resource",Domain,no_hardness,0,0,False,idcase;resource;timestamp,idcase;resource,3,2,COUNT;MIN;GROUP BY,COUNT;GROUP BY,3,2
155_0,155,In how many cases did the activity containing the word 'approved' in its name occur?,SELECT COUNT(DISTINCT idcase) FROM event_log WHERE activity LIKE '%approved%',Value,medium,1,0,True,idcase;activity,activity,2,1,COUNT;DISTINCT,COUNT,2,1
155_1,155,How many cases have gone through the activity that contains the word 'approved' in its name?,SELECT COUNT(DISTINCT idcase) FROM event_log WHERE activity LIKE '%approved%',Value,medium,1,0,True,idcase;activity,activity,2,1,COUNT;DISTINCT,COUNT,2,1
155_2,155,The activity that contains the word 'approved' in its label appears in how many cases?,SELECT COUNT(DISTINCT idcase) FROM event_log WHERE activity LIKE '%approved%',Value,medium,1,0,True,idcase;activity,activity,2,1,COUNT;DISTINCT,COUNT,2,1
155_3,155,The activity that contains the word 'approved' in its label occurred in how many cases?,SELECT COUNT(DISTINCT idcase) FROM event_log WHERE activity LIKE '%approved%',Value,medium,1,0,True,idcase;activity,activity,2,1,COUNT;DISTINCT,COUNT,2,1
155_4,155,In how many cases are there instances of the activity with the word 'approved' in its name?,SELECT COUNT(DISTINCT idcase) FROM event_log WHERE activity LIKE '%approved%',Value,medium,1,0,True,idcase;activity,activity,2,1,COUNT;DISTINCT,COUNT,2,1
155_5,155,Report the number of cases in which the performance of an activity whose name involves the word 'approved' was recorded.,SELECT COUNT(DISTINCT idcase) FROM event_log WHERE activity LIKE '%approved%',Value,medium,1,0,True,idcase;activity,activity,2,1,COUNT;DISTINCT,COUNT,2,1
155_6,155,How many declarations were approved at some decision level?,SELECT COUNT(DISTINCT idcase) FROM event_log WHERE activity LIKE '%approved%',Domain,medium,1,0,True,idcase;activity,,2,0,COUNT;DISTINCT,COUNT,2,1
155_7,155,Approval actions appear in how many declarations?,SELECT COUNT(DISTINCT idcase) FROM event_log WHERE activity LIKE '%approved%',Domain,medium,1,0,True,idcase;activity,,2,0,COUNT;DISTINCT,COUNT,2,1
156_0,156,In how many cases were 'rejected' activities performed per day?,"SELECT strftime('%Y-%m-%d', timestamp), count(DISTINCT idcase) FROM event_log WHERE activity LIKE '%rejected%' GROUP BY strftime('%Y-%m-%d', timestamp)",Value,no_hardness,3,0,True,idcase;activity;timestamp,activity;timestamp,3,2,COUNT;DISTINCT;GROUP BY;Temporal,COUNT;GROUP BY;Temporal,4,3
156_1,156,How many cases go through 'rejected' activity per day?,"SELECT strftime('%Y-%m-%d', timestamp), count(DISTINCT idcase) FROM event_log WHERE activity LIKE '%rejected%' GROUP BY strftime('%Y-%m-%d', timestamp)",Value,no_hardness,3,0,True,idcase;activity;timestamp,activity;timestamp,3,2,COUNT;DISTINCT;GROUP BY;Temporal,COUNT;GROUP BY;Temporal,4,3
156_2,156,How many process instances went through 'rejected' activity per day?,"SELECT strftime('%Y-%m-%d', timestamp), count(DISTINCT idcase) FROM event_log WHERE activity LIKE '%rejected%' GROUP BY strftime('%Y-%m-%d', timestamp)",Value,no_hardness,3,0,True,idcase;activity;timestamp,idcase;activity;timestamp,3,3,COUNT;DISTINCT;GROUP BY;Temporal,COUNT;GROUP BY;Temporal,4,3
156_3,156,Rejected' activity occurred in how many cases per day.,"SELECT strftime('%Y-%m-%d', timestamp), count(DISTINCT idcase) FROM event_log WHERE activity LIKE '%rejected%' GROUP BY strftime('%Y-%m-%d', timestamp)",Value,no_hardness,3,0,True,idcase;activity;timestamp,activity;timestamp,3,2,COUNT;DISTINCT;GROUP BY;Temporal,COUNT;GROUP BY;Temporal,4,3
156_4,156,"Each day, how many cases recorded the occurrence of 'rejected' activity?","SELECT strftime('%Y-%m-%d', timestamp), count(DISTINCT idcase) FROM event_log WHERE activity LIKE '%rejected%' GROUP BY strftime('%Y-%m-%d', timestamp)",Value,no_hardness,3,0,True,idcase;activity;timestamp,activity;timestamp,3,2,COUNT;DISTINCT;GROUP BY;Temporal,COUNT;GROUP BY;Temporal,4,3
156_5,156,"Each day, in how many cases were instances of 'rejected' activity found?","SELECT strftime('%Y-%m-%d', timestamp), count(DISTINCT idcase) FROM event_log WHERE activity LIKE '%rejected%' GROUP BY strftime('%Y-%m-%d', timestamp)",Value,no_hardness,3,0,True,idcase;activity;timestamp,activity;timestamp,3,2,COUNT;DISTINCT;GROUP BY;Temporal,COUNT;GROUP BY;Temporal,4,3
156_6,156,"How many declarations are rejected, at some decision level, per day?","SELECT strftime('%Y-%m-%d', timestamp), count(DISTINCT idcase) FROM event_log WHERE activity LIKE '%rejected%' GROUP BY strftime('%Y-%m-%d', timestamp)",Domain,no_hardness,3,0,True,idcase;activity;timestamp,timestamp,3,1,COUNT;DISTINCT;GROUP BY;Temporal,COUNT;GROUP BY;Temporal,4,3
156_7,156,Rejection actions appear in how many declarations each day?,"SELECT strftime('%Y-%m-%d', timestamp), count(DISTINCT idcase) FROM event_log WHERE activity LIKE '%rejected%' GROUP BY strftime('%Y-%m-%d', timestamp)",Domain,no_hardness,3,0,True,idcase;activity;timestamp,timestamp,3,1,COUNT;DISTINCT;GROUP BY;Temporal,COUNT;GROUP BY;Temporal,4,3
157_0,157,What are the five cases with the most events and what are their durations?,"select strftime('%s', MAX(timestamp)) - strftime('%s', MIN(timestamp)), idcase FROM event_log where idcase in (select idcase from event_log group by idcase having  count(*) IN (select count(*) from event_log group by idcase order by count(*) desc limit 5)) group by idcase ",Generic,no_hardness,3,0,True,idcase;timestamp,,2,0,COUNT;MIN;MAX;GROUP BY,MAX,4,1
157_1,157,What are the five cases with the most events and how long did each of them last?,"select strftime('%s', MAX(timestamp)) - strftime('%s', MIN(timestamp)), idcase FROM event_log where idcase in (select idcase from event_log group by idcase having  count(*) IN (select count(*) from event_log group by idcase order by count(*) desc limit 5)) group by idcase ",Generic,no_hardness,3,0,True,idcase;timestamp,,2,0,COUNT;MIN;MAX;GROUP BY,MAX;GROUP BY,4,2
157_2,157,List the identifiers of the five cases in which the most events were performed and report how long each lasted.,"select strftime('%s', MAX(timestamp)) - strftime('%s', MIN(timestamp)), idcase FROM event_log where idcase in (select idcase from event_log group by idcase having  count(*) IN (select count(*) from event_log group by idcase order by count(*) desc limit 5)) group by idcase ",Generic,no_hardness,3,0,True,idcase;timestamp,,2,0,COUNT;MIN;MAX;GROUP BY,MAX;GROUP BY,4,2
157_3,157,What were the five cases with the most events and what was the duration of each of them?,"select strftime('%s', MAX(timestamp)) - strftime('%s', MIN(timestamp)), idcase FROM event_log where idcase in (select idcase from event_log group by idcase having  count(*) IN (select count(*) from event_log group by idcase order by count(*) desc limit 5)) group by idcase ",Generic,no_hardness,3,0,True,idcase;timestamp,timestamp,2,1,COUNT;MIN;MAX;GROUP BY,MAX;GROUP BY,4,2
157_4,157,What were the five cases with the most performances of activities and what was the duration of each of them?,"select strftime('%s', MAX(timestamp)) - strftime('%s', MIN(timestamp)), idcase FROM event_log where idcase in (select idcase from event_log group by idcase having  count(*) IN (select count(*) from event_log group by idcase order by count(*) desc limit 5)) group by idcase ",Generic,no_hardness,3,0,True,idcase;timestamp,timestamp,2,1,COUNT;MIN;MAX;GROUP BY,MAX;GROUP BY,4,2
157_5,157,Report which are the five longest cases in terms of events and what was the duration of each of these cases.,"select strftime('%s', MAX(timestamp)) - strftime('%s', MIN(timestamp)), idcase FROM event_log where idcase in (select idcase from event_log group by idcase having  count(*) IN (select count(*) from event_log group by idcase order by count(*) desc limit 5)) group by idcase ",Generic,no_hardness,3,0,True,idcase;timestamp,timestamp,2,1,COUNT;MIN;MAX;GROUP BY,GROUP BY,4,1
157_6,157,What are the five cases that have the most associated events and what is the duration of each of these cases?,"select strftime('%s', MAX(timestamp)) - strftime('%s', MIN(timestamp)), idcase FROM event_log where idcase in (select idcase from event_log group by idcase having  count(*) IN (select count(*) from event_log group by idcase order by count(*) desc limit 5)) group by idcase ",Generic,no_hardness,3,0,True,idcase;timestamp,timestamp,2,1,COUNT;MIN;MAX;GROUP BY,MAX;GROUP BY,4,2
157_7,157,What are the 5 declarations that went through the greatest number of actions and how long did each of them take to process?,"select strftime('%s', MAX(timestamp)) - strftime('%s', MIN(timestamp)), idcase FROM event_log where idcase in (select idcase from event_log group by idcase having  count(*) IN (select count(*) from event_log group by idcase order by count(*) desc limit 5)) group by idcase ",Domain,no_hardness,3,1,True,idcase;timestamp,idcase,2,1,COUNT;MIN;MAX;GROUP BY,COUNT;MAX;GROUP BY,4,3
157_8,157,What are the five most labor-intensive declarations (most requiring some action to be performed) and how long did each one take to be processed?,"select strftime('%s', MAX(timestamp)) - strftime('%s', MIN(timestamp)), idcase FROM event_log where idcase in (select idcase from event_log group by idcase having  count(*) IN (select count(*) from event_log group by idcase order by count(*) desc limit 5)) group by idcase ",Domain,no_hardness,3,0,True,idcase;timestamp,,2,0,COUNT;MIN;MAX;GROUP BY,MAX;GROUP BY,4,2
158_0,158,"What are the five longest cases in terms of number of events, among those with at least 20 events, and what is the duration of each of these cases?","select strftime('%s', MAX(timestamp)) - strftime('%s', MIN(timestamp)), idcase FROM event_log where idcase in (select idcase from event_log group by idcase having  count(*) IN (select count(*) from event_log group by idcase HAVING count(*) >= 20 order by count(*) desc limit 5)) group by idcase ",Generic,no_hardness,4,1,True,idcase;timestamp,timestamp,2,1,COUNT;MIN;MAX;GROUP BY,COUNT;MIN;GROUP BY,4,3
158_1,158,"Find the five cases that have the highest number of events, considering that they have at least 20 events, and report the duration of these cases.","select strftime('%s', MAX(timestamp)) - strftime('%s', MIN(timestamp)), idcase FROM event_log where idcase in (select idcase from event_log group by idcase having  count(*) IN (select count(*) from event_log group by idcase HAVING count(*) >= 20 order by count(*) desc limit 5)) group by idcase ",Generic,no_hardness,4,1,True,idcase;timestamp,timestamp,2,1,COUNT;MIN;MAX;GROUP BY,COUNT;MIN;MAX,4,3
158_2,158,"What are the five process instances with the most activity performances, considering those in which at least 20 events occurred, and what are the durations of these instances?","select strftime('%s', MAX(timestamp)) - strftime('%s', MIN(timestamp)), idcase FROM event_log where idcase in (select idcase from event_log group by idcase having  count(*) IN (select count(*) from event_log group by idcase HAVING count(*) >= 20 order by count(*) desc limit 5)) group by idcase ",Generic,no_hardness,4,1,True,idcase;timestamp,idcase,2,1,COUNT;MIN;MAX;GROUP BY,MIN;MAX,4,2
158_3,158,"Among the process instances with 20 or more events, list the five largest and report how long they lasted.","select strftime('%s', MAX(timestamp)) - strftime('%s', MIN(timestamp)), idcase FROM event_log where idcase in (select idcase from event_log group by idcase having  count(*) IN (select count(*) from event_log group by idcase HAVING count(*) >= 20 order by count(*) desc limit 5)) group by idcase ",Generic,no_hardness,4,1,True,idcase;timestamp,idcase,2,1,COUNT;MIN;MAX;GROUP BY,MAX,4,1
158_4,158,"Considering cases with 20 events or more, list the five that have the most events and report how long each of them lasted.","select strftime('%s', MAX(timestamp)) - strftime('%s', MIN(timestamp)), idcase FROM event_log where idcase in (select idcase from event_log group by idcase having  count(*) IN (select count(*) from event_log group by idcase HAVING count(*) >= 20 order by count(*) desc limit 5)) group by idcase ",Generic,no_hardness,4,1,True,idcase;timestamp,,2,0,COUNT;MIN;MAX;GROUP BY,MAX;GROUP BY,4,2
158_5,158,"Within the subset of cases that have at least 20 events, which are the five with the greatest number of events and how long did each of these cases take to perform?","select strftime('%s', MAX(timestamp)) - strftime('%s', MIN(timestamp)), idcase FROM event_log where idcase in (select idcase from event_log group by idcase having  count(*) IN (select count(*) from event_log group by idcase HAVING count(*) >= 20 order by count(*) desc limit 5)) group by idcase ",Generic,no_hardness,4,1,True,idcase;timestamp,,2,0,COUNT;MIN;MAX;GROUP BY,COUNT;MIN;MAX;GROUP BY,4,4
158_6,158,"What are the five longest declaration processes in terms of events, which have at least 20 events, and what are their durations?","select strftime('%s', MAX(timestamp)) - strftime('%s', MIN(timestamp)), idcase FROM event_log where idcase in (select idcase from event_log group by idcase having  count(*) IN (select count(*) from event_log group by idcase HAVING count(*) >= 20 order by count(*) desc limit 5)) group by idcase ",Generic,no_hardness,4,1,True,idcase;timestamp,idcase,2,1,COUNT;MIN;MAX;GROUP BY,MIN,4,1
158_7,158,"Among the declarations with 20 actions or more performed, report the 5 largest and how long their processing took.","select strftime('%s', MAX(timestamp)) - strftime('%s', MIN(timestamp)), idcase FROM event_log where idcase in (select idcase from event_log group by idcase having  count(*) IN (select count(*) from event_log group by idcase HAVING count(*) >= 20 order by count(*) desc limit 5)) group by idcase ",Domain,no_hardness,4,2,True,idcase;timestamp,,2,0,COUNT;MIN;MAX;GROUP BY,MAX,4,1
159_0,159,What are the ten most recent cases in which the 'request payment' activity was not performed?,"SELECT DISTINCT e.idcase FROM event_log AS e join (SELECT idcase, MIN(timestamp) as start_date FROM event_log GROUP BY idcase) AS e1 ON e1.idcase = e.idcase WHERE e.activity = 'Request payment' ORDER BY e1.start_date DESC LIMIT 10 ",Value,no_hardness,2,1,True,idcase;activity;timestamp,activity,3,1,DISTINCT;MIN;GROUP BY,,3,0
159_1,159,What are the ten most recent travel declaration processes in which the 'request payment' activity was not performed?,"SELECT DISTINCT e.idcase FROM event_log AS e join (SELECT idcase, MIN(timestamp) as start_date FROM event_log GROUP BY idcase) AS e1 ON e1.idcase = e.idcase WHERE e.activity = 'Request payment' ORDER BY e1.start_date DESC LIMIT 10 ",Value,no_hardness,2,1,True,idcase;activity;timestamp,idcase;activity,3,2,DISTINCT;MIN;GROUP BY,,3,0
159_2,159,What are the 10 most recent cases where the 'request payment' activity was not performed?,"SELECT DISTINCT e.idcase FROM event_log AS e join (SELECT idcase, MIN(timestamp) as start_date FROM event_log GROUP BY idcase) AS e1 ON e1.idcase = e.idcase WHERE e.activity = 'Request payment' ORDER BY e1.start_date DESC LIMIT 10 ",Value,no_hardness,2,2,True,idcase;activity;timestamp,activity,3,1,DISTINCT;MIN;GROUP BY,,3,0
159_3,159,What are the ten newest cases in which the 'request payment' activity was not performed?,"SELECT DISTINCT e.idcase FROM event_log AS e join (SELECT idcase, MIN(timestamp) as start_date FROM event_log GROUP BY idcase) AS e1 ON e1.idcase = e.idcase WHERE e.activity = 'Request payment' ORDER BY e1.start_date DESC LIMIT 10 ",Value,no_hardness,2,1,True,idcase;activity;timestamp,activity,3,1,DISTINCT;MIN;GROUP BY,,3,0
159_4,159,What are the last 10 cases where the 'request payment' activity was not performed?,"SELECT DISTINCT e.idcase FROM event_log AS e join (SELECT idcase, MIN(timestamp) as start_date FROM event_log GROUP BY idcase) AS e1 ON e1.idcase = e.idcase WHERE e.activity = 'Request payment' ORDER BY e1.start_date DESC LIMIT 10 ",Value,no_hardness,2,2,True,idcase;activity;timestamp,activity,3,1,DISTINCT;MIN;GROUP BY,,3,0
159_5,159,What are the ten most recent cases that did not go through the 'request payment' activity?,"SELECT DISTINCT e.idcase FROM event_log AS e join (SELECT idcase, MIN(timestamp) as start_date FROM event_log GROUP BY idcase) AS e1 ON e1.idcase = e.idcase WHERE e.activity = 'Request payment' ORDER BY e1.start_date DESC LIMIT 10 ",Value,no_hardness,2,1,True,idcase;activity;timestamp,activity,3,1,DISTINCT;MIN;GROUP BY,,3,0
159_6,159,Report the 10 most recent cases that did not go through the 'request payment' activity.,"SELECT DISTINCT e.idcase FROM event_log AS e join (SELECT idcase, MIN(timestamp) as start_date FROM event_log GROUP BY idcase) AS e1 ON e1.idcase = e.idcase WHERE e.activity = 'Request payment' ORDER BY e1.start_date DESC LIMIT 10 ",Value,no_hardness,2,2,True,idcase;activity;timestamp,activity,3,1,DISTINCT;MIN;GROUP BY,,3,0
159_7,159,Retrieve the 10 newest cases in which the 'request payment' activity was not performed.,"SELECT DISTINCT e.idcase FROM event_log AS e join (SELECT idcase, MIN(timestamp) as start_date FROM event_log GROUP BY idcase) AS e1 ON e1.idcase = e.idcase WHERE e.activity = 'Request payment' ORDER BY e1.start_date DESC LIMIT 10 ",Value,no_hardness,2,2,True,idcase;activity;timestamp,activity,3,1,DISTINCT;MIN;GROUP BY,,3,0
159_8,159,List the last ten cases for which there is no record of the performance of the 'request payment' activity.,"SELECT DISTINCT e.idcase FROM event_log AS e join (SELECT idcase, MIN(timestamp) as start_date FROM event_log GROUP BY idcase) AS e1 ON e1.idcase = e.idcase WHERE e.activity = 'Request payment' ORDER BY e1.start_date DESC LIMIT 10 ",Value,no_hardness,2,1,True,idcase;activity;timestamp,activity,3,1,DISTINCT;MIN;GROUP BY,,3,0
159_9,159,List the 10 most recent cases for which there is no record of the performance of the 'request payment' activity.,"SELECT DISTINCT e.idcase FROM event_log AS e join (SELECT idcase, MIN(timestamp) as start_date FROM event_log GROUP BY idcase) AS e1 ON e1.idcase = e.idcase WHERE e.activity = 'Request payment' ORDER BY e1.start_date DESC LIMIT 10 ",Value,no_hardness,2,2,True,idcase;activity;timestamp,activity,3,1,DISTINCT;MIN;GROUP BY,,3,0
159_10,159,List the 10 most recent cases in which there are no occurrences of the 'request payment' activity.,"SELECT DISTINCT e.idcase FROM event_log AS e join (SELECT idcase, MIN(timestamp) as start_date FROM event_log GROUP BY idcase) AS e1 ON e1.idcase = e.idcase WHERE e.activity = 'Request payment' ORDER BY e1.start_date DESC LIMIT 10 ",Value,no_hardness,2,2,True,idcase;activity;timestamp,activity,3,1,DISTINCT;MIN;GROUP BY,,3,0
159_11,159,What are the 10 most recent processing declarations where no payment requests were registered?,"SELECT DISTINCT e.idcase FROM event_log AS e join (SELECT idcase, MIN(timestamp) as start_date FROM event_log GROUP BY idcase) AS e1 ON e1.idcase = e.idcase WHERE e.activity = 'Request payment' ORDER BY e1.start_date DESC LIMIT 10 ",Domain,no_hardness,2,1,True,idcase;activity;timestamp,,3,0,DISTINCT;MIN;GROUP BY,,3,0
160_0,160,Which cases had 10 or fewer events performed?,SELECT idcase FROM event_log group by idcase having count(*) <= 10,Generic,easy,1,1,True,idcase,,1,0,COUNT;GROUP BY,,2,0
160_1,160,Which cases had ten or fewer events performed?,SELECT idcase FROM event_log group by idcase having count(*) <= 10,Generic,easy,1,0,True,idcase,,1,0,COUNT;GROUP BY,,2,0
160_2,160,List all cases that had up to ten events performed.,SELECT idcase FROM event_log group by idcase having count(*) <= 10,Generic,easy,1,0,True,idcase,,1,0,COUNT;GROUP BY,,2,0
160_3,160,Retrieve cases that had a maximum of 10 events performed.,SELECT idcase FROM event_log group by idcase having count(*) <= 10,Generic,easy,1,1,True,idcase,,1,0,COUNT;GROUP BY,,2,0
160_4,160,Report cases made up of up to ten events.,SELECT idcase FROM event_log group by idcase having count(*) <= 10,Generic,easy,1,0,True,idcase,,1,0,COUNT;GROUP BY,,2,0
160_5,160,Which process instances have up to 10 activity occurrences?,SELECT idcase FROM event_log group by idcase having count(*) <= 10,Generic,easy,1,1,True,idcase,idcase,1,1,COUNT;GROUP BY,COUNT,2,1
160_6,160,In which process instances were there ten or fewer events?,SELECT idcase FROM event_log group by idcase having count(*) <= 10,Generic,easy,1,0,True,idcase,idcase,1,1,COUNT;GROUP BY,,2,0
160_7,160,What are the cases for which there are up to ten events recorded in the event log?,SELECT idcase FROM event_log group by idcase having count(*) <= 10,Generic,easy,1,0,True,idcase,,1,0,COUNT;GROUP BY,,2,0
160_8,160,In which process instances is the performance of ten events or fewer observed?,SELECT idcase FROM event_log group by idcase having count(*) <= 10,Generic,easy,1,0,True,idcase,idcase,1,1,COUNT;GROUP BY,,2,0
160_9,160,What are the cases in which the performance of up to ten events is observed?,SELECT idcase FROM event_log group by idcase having count(*) <= 10,Generic,easy,1,0,True,idcase,,1,0,COUNT;GROUP BY,,2,0
160_10,160,In which travel declaration processes were ten or fewer actions performed?,SELECT idcase FROM event_log group by idcase having count(*) <= 10,Domain,easy,1,0,True,idcase,idcase,1,1,COUNT;GROUP BY,,2,0
160_11,160,Which declarations had 10 events or fewer?,SELECT idcase FROM event_log group by idcase having count(*) <= 10,Domain,easy,1,1,True,idcase,,1,0,COUNT;GROUP BY,,2,0
161_0,161,"What is the average cost of the 'payment handled' activity, for events held before 2018?",SELECT AVG(cost) FROM event_log WHERE timestamp < '2018-01-01' AND activity = 'Payment handled',Value,medium,2,2,True,activity;timestamp;cost,activity;cost,3,2,,,0,0
161_1,161,"What is the average cost of the 'payment handled' activity, for the events held before 2018?",SELECT AVG(cost) FROM event_log WHERE timestamp < '2018-01-01' AND activity = 'Payment handled',Value,medium,2,2,True,activity;timestamp;cost,activity;cost,3,2,,,0,0
161_2,161,What is the mean cost of the 'payment handled' activity in the events held before 2018?,SELECT AVG(cost) FROM event_log WHERE timestamp < '2018-01-01' AND activity = 'Payment handled',Value,medium,2,2,True,activity;timestamp;cost,activity;cost,3,2,,,0,0
161_3,161,Calculate the mean cost for executing the 'payment handled' activity in the events held before 2018.,SELECT AVG(cost) FROM event_log WHERE timestamp < '2018-01-01' AND activity = 'Payment handled',Value,medium,2,2,True,activity;timestamp;cost,activity;cost,3,2,,,0,0
161_4,161,Report the average costs of occurrences of the 'payment handled' activity in the occurrences of activities performed before 2018.,SELECT AVG(cost) FROM event_log WHERE timestamp < '2018-01-01' AND activity = 'Payment handled',Value,medium,2,2,True,activity;timestamp;cost,activity;cost,3,2,,,0,0
161_5,161,"Within the subset of events performed before 2018, what was the mean cost for performing the 'payment handled' activity?",SELECT AVG(cost) FROM event_log WHERE timestamp < '2018-01-01' AND activity = 'Payment handled',Value,medium,2,2,True,activity;timestamp;cost,activity;cost,3,2,,,0,0
161_6,161,"Considering only the occurrences of events before 2018, calculate the mean cost of performing the 'payment handled' activity.",SELECT AVG(cost) FROM event_log WHERE timestamp < '2018-01-01' AND activity = 'Payment handled',Value,medium,2,2,True,activity;timestamp;cost,activity;cost,3,2,,,0,0
161_7,161,Calculate the mean cost of performing the 'payment handled' activity in the context of events performed before 2018.,SELECT AVG(cost) FROM event_log WHERE timestamp < '2018-01-01' AND activity = 'Payment handled',Value,medium,2,2,True,activity;timestamp;cost,activity;cost,3,2,,,0,0
161_8,161,What is the mean cost of actions relating to payments made before 2018?,SELECT AVG(cost) FROM event_log WHERE timestamp < '2018-01-01' AND activity = 'Payment handled',Domain,medium,2,1,True,activity;timestamp;cost,cost,3,1,,,0,0
162_0,162,How many times were 'permit' activities performed in each case?,"SELECT idcase, COUNT(*) FROM event_log WHERE activity LIKE 'Permit%' GROUP by idcase",Value,hard,1,0,True,idcase;activity,idcase;activity,2,2,COUNT;GROUP BY,COUNT;GROUP BY,2,2
162_1,162,How many 'permit' activities were performed for each case?,"SELECT idcase, COUNT(*) FROM event_log WHERE activity LIKE 'Permit%' GROUP by idcase",Value,hard,1,0,True,idcase;activity,idcase;activity,2,2,COUNT;GROUP BY,COUNT;GROUP BY,2,2
162_2,162,"For each case, report the number of times a 'permit' activity was performed.","SELECT idcase, COUNT(*) FROM event_log WHERE activity LIKE 'Permit%' GROUP by idcase",Value,hard,1,0,True,idcase;activity,idcase;activity,2,2,COUNT;GROUP BY,COUNT;GROUP BY,2,2
162_3,162,How many instances of 'permit' activities are there in each of the cases?,"SELECT idcase, COUNT(*) FROM event_log WHERE activity LIKE 'Permit%' GROUP by idcase",Value,hard,1,0,True,idcase;activity,idcase;activity,2,2,COUNT;GROUP BY,COUNT;GROUP BY,2,2
162_4,162,How many event records related to 'permit' activities can be found in the event log for each of the cases?,"SELECT idcase, COUNT(*) FROM event_log WHERE activity LIKE 'Permit%' GROUP by idcase",Value,hard,1,0,True,idcase;activity,idcase;activity,2,2,COUNT;GROUP BY,COUNT;GROUP BY,2,2
162_5,162,"List, for each case, how many records about the performance of 'permit' activities exist.","SELECT idcase, COUNT(*) FROM event_log WHERE activity LIKE 'Permit%' GROUP by idcase",Value,hard,1,0,True,idcase;activity,idcase;activity,2,2,COUNT;GROUP BY,COUNT;GROUP BY,2,2
162_6,162,Report the number of occurrences of 'permit' activities for each of the cases recorded in the event log.,"SELECT idcase, COUNT(*) FROM event_log WHERE activity LIKE 'Permit%' GROUP by idcase",Value,hard,1,0,True,idcase;activity,idcase;activity,2,2,COUNT;GROUP BY,COUNT;GROUP BY,2,2
162_7,162,How many events associated with 'permit' activities are recorded for each case in the event log?,"SELECT idcase, COUNT(*) FROM event_log WHERE activity LIKE 'Permit%' GROUP by idcase",Value,hard,1,0,True,idcase;activity,idcase;activity,2,2,COUNT;GROUP BY,COUNT;GROUP BY,2,2
162_8,162,How many times have permits been registered for each of the declarations already processed?,"SELECT idcase, COUNT(*) FROM event_log WHERE activity LIKE 'Permit%' GROUP by idcase",Domain,hard,1,0,True,idcase;activity,,2,0,COUNT;GROUP BY,COUNT;GROUP BY,2,2
162_9,162,How many times was each declaration given a 'permit' during its processing?,"SELECT idcase, COUNT(*) FROM event_log WHERE activity LIKE 'Permit%' GROUP by idcase",Domain,hard,1,0,True,idcase;activity,idcase,2,1,COUNT;GROUP BY,COUNT;GROUP BY,2,2
163_0,163,How many cases went through the 'declaration rejected by supervisor' activity and which resources were responsible?,"SELECT COUNT(DISTINCT idcase), resource FROM event_log WHERE activity = 'Declaration rejected by supervisor'  GROUP BY resource",Value,medium,1,1,True,idcase;activity;resource,idcase;activity;resource,3,3,COUNT;DISTINCT;GROUP BY,COUNT;GROUP BY,3,2
163_1,163,How many cases went through the 'declaration rejected by supervisor' activity and what are the resources associated with carrying out these activities?,"SELECT COUNT(DISTINCT idcase), resource FROM event_log WHERE activity = 'Declaration rejected by supervisor'  GROUP BY resource",Value,medium,1,1,True,idcase;activity;resource,idcase;activity;resource,3,3,COUNT;DISTINCT;GROUP BY,COUNT;GROUP BY,3,2
163_2,163,"How many cases went through the 'declaration rejected by supervisor' activity, grouped by resource associated with its performance?","SELECT COUNT(DISTINCT idcase), resource FROM event_log WHERE activity = 'Declaration rejected by supervisor'  GROUP BY resource",Value,medium,1,1,True,idcase;activity;resource,idcase;activity;resource,3,3,COUNT;DISTINCT;GROUP BY,COUNT;GROUP BY,3,2
163_3,163,How many of the cases in the event log went through the 'declaration rejected by supervisor' activity? Retrieve the quantity per resource associated with their performance.,"SELECT COUNT(DISTINCT idcase), resource FROM event_log WHERE activity = 'Declaration rejected by supervisor'  GROUP BY resource",Value,medium,1,1,True,idcase;activity;resource,idcase;activity;resource,3,3,COUNT;DISTINCT;GROUP BY,COUNT;GROUP BY,3,2
163_4,163,"Retrieve the number of cases that went through the 'declaration rejected by supervisor' activity, considering each resource associated with its performance.","SELECT COUNT(DISTINCT idcase), resource FROM event_log WHERE activity = 'Declaration rejected by supervisor'  GROUP BY resource",Value,medium,1,1,True,idcase;activity;resource,idcase;activity;resource,3,3,COUNT;DISTINCT;GROUP BY,COUNT;GROUP BY,3,2
163_5,163,"Report how many cases went through the 'declaration rejected by supervisor' activity, grouped by the resource(s) associated with its performance.","SELECT COUNT(DISTINCT idcase), resource FROM event_log WHERE activity = 'Declaration rejected by supervisor'  GROUP BY resource",Value,medium,1,1,True,idcase;activity;resource,idcase;activity;resource,3,3,COUNT;DISTINCT;GROUP BY,COUNT;GROUP BY,3,2
163_6,163,"Rejections made by a supervisor appear in how many declarations, considering each of the supervisors registered in the system?","SELECT COUNT(DISTINCT idcase), resource FROM event_log WHERE activity = 'Declaration rejected by supervisor'  GROUP BY resource",Domain,medium,1,0,True,idcase;activity;resource,resource,3,1,COUNT;DISTINCT;GROUP BY,COUNT;GROUP BY,3,2
163_7,163,How many declarations were rejected by a supervisor and which supervisors were involved?,"SELECT COUNT(DISTINCT idcase), resource FROM event_log WHERE activity = 'Declaration rejected by supervisor'  GROUP BY resource",Domain,medium,1,0,True,idcase;activity;resource,resource,3,1,COUNT;DISTINCT;GROUP BY,COUNT;GROUP BY,3,2
164_0,164,How many cases are related to each of the possible activities?,"SELECT COUNT(DISTINCT idcase), activity FROM event_log GROUP BY activity",Generic,medium,0,0,False,idcase;activity,activity,2,1,COUNT;DISTINCT;GROUP BY,COUNT;GROUP BY,3,2
164_1,164,"For each existing activity, how many cases were recorded?","SELECT COUNT(DISTINCT idcase), activity FROM event_log GROUP BY activity",Generic,medium,0,0,False,idcase;activity,activity,2,1,COUNT;DISTINCT;GROUP BY,COUNT;GROUP BY,3,2
164_2,164,"For each activity, report how many cases were carried out.","SELECT COUNT(DISTINCT idcase), activity FROM event_log GROUP BY activity",Generic,medium,0,0,False,idcase;activity,activity,2,1,COUNT;DISTINCT;GROUP BY,COUNT;GROUP BY,3,2
164_3,164,Report in how many cases each of the activities were performed.,"SELECT COUNT(DISTINCT idcase), activity FROM event_log GROUP BY activity",Generic,medium,0,0,False,idcase;activity,activity,2,1,COUNT;DISTINCT;GROUP BY,COUNT;GROUP BY,3,2
164_4,164,What is the number of cases in which each of the possible activities had its performance recorded?,"SELECT COUNT(DISTINCT idcase), activity FROM event_log GROUP BY activity",Generic,medium,0,0,False,idcase;activity,activity,2,1,COUNT;DISTINCT;GROUP BY,COUNT;GROUP BY,3,2
164_5,164,Consider each of the possible activities and report the number of cases in which its performance was recorded.,"SELECT COUNT(DISTINCT idcase), activity FROM event_log GROUP BY activity",Generic,medium,0,0,False,idcase;activity,activity,2,1,COUNT;DISTINCT;GROUP BY,COUNT;GROUP BY,3,2
164_6,164,"Various actions, activities or tasks are possible when processing a declaration. It is useful to know the number of declarations associated with the performance of each of these actions, activities or tasks.","SELECT COUNT(DISTINCT idcase), activity FROM event_log GROUP BY activity",Domain,medium,0,0,False,idcase;activity,idcase;activity,2,2,COUNT;DISTINCT;GROUP BY,COUNT;GROUP BY,3,2
164_7,164,How many declarations are associated with the performance of each of the possible actions in travel declaration processing?,"SELECT COUNT(DISTINCT idcase), activity FROM event_log GROUP BY activity",Domain,medium,0,0,False,idcase;activity,idcase,2,1,COUNT;DISTINCT;GROUP BY,COUNT;GROUP BY,3,2
165_0,165,Which events associated with tasks that start with 'R' occurred after all events associated with tasks that start with 'D'?,"SELECT e.* from event_log e INNER JOIN (select idcase, MAX(timestamp) as timestamp from event_log where activity like 'D%' group by idcase) e1 on e.idcase = e1.idcase and e.timestamp > e1.timestamp and e.activity like 'R%'",Value,no_hardness,2,0,True,idcase;activity;timestamp,,3,0,MAX;GROUP BY;Temporal,Temporal,3,1
165_1,165,What are the events that record activities started by 'R' that occur after all the events that record activities started by 'D'?,"SELECT e.* from event_log e INNER JOIN (select idcase, MAX(timestamp) as timestamp from event_log where activity like 'D%' group by idcase) e1 on e.idcase = e1.idcase and e.timestamp > e1.timestamp and e.activity like 'R%'",Value,no_hardness,2,0,True,idcase;activity;timestamp,activity,3,1,MAX;GROUP BY;Temporal,GROUP BY;Temporal,3,2
165_2,165,Which events record the performance of activities started by 'R' that occur after all events recording the performance of activities started by 'D'?,"SELECT e.* from event_log e INNER JOIN (select idcase, MAX(timestamp) as timestamp from event_log where activity like 'D%' group by idcase) e1 on e.idcase = e1.idcase and e.timestamp > e1.timestamp and e.activity like 'R%'",Value,no_hardness,2,0,True,idcase;activity;timestamp,activity,3,1,MAX;GROUP BY;Temporal,GROUP BY;Temporal,3,2
165_3,165,Retrieve events associated with tasks starting with 'R' that had their performance registered after all events associated with tasks starting with 'D'.,"SELECT e.* from event_log e INNER JOIN (select idcase, MAX(timestamp) as timestamp from event_log where activity like 'D%' group by idcase) e1 on e.idcase = e1.idcase and e.timestamp > e1.timestamp and e.activity like 'R%'",Value,no_hardness,2,0,True,idcase;activity;timestamp,,3,0,MAX;GROUP BY;Temporal,Temporal,3,1
165_4,165,Identify which events record the performance of tasks whose name starts with the character 'R' and that occurred after all records of the performance of tasks with names starting with 'D'.,"SELECT e.* from event_log e INNER JOIN (select idcase, MAX(timestamp) as timestamp from event_log where activity like 'D%' group by idcase) e1 on e.idcase = e1.idcase and e.timestamp > e1.timestamp and e.activity like 'R%'",Value,no_hardness,2,0,True,idcase;activity;timestamp,,3,0,MAX;GROUP BY;Temporal,Temporal,3,1
165_5,165,"Filtering events that occurred after all activity performance records starting with 'D', retrieve events that record activities starting with 'R'.","SELECT e.* from event_log e INNER JOIN (select idcase, MAX(timestamp) as timestamp from event_log where activity like 'D%' group by idcase) e1 on e.idcase = e1.idcase and e.timestamp > e1.timestamp and e.activity like 'R%'",Value,no_hardness,2,0,True,idcase;activity;timestamp,activity,3,1,MAX;GROUP BY;Temporal,Temporal,3,1
165_6,165,Which actions starting with the letter 'R' occurred after actions starting with the letter 'D' during the processing of a declaration?,"SELECT e.* from event_log e INNER JOIN (select idcase, MAX(timestamp) as timestamp from event_log where activity like 'D%' group by idcase) e1 on e.idcase = e1.idcase and e.timestamp > e1.timestamp and e.activity like 'R%'",Domain,no_hardness,2,0,True,idcase;activity;timestamp,idcase,3,1,MAX;GROUP BY;Temporal,Temporal,3,1
165_7,165,What are the registrations that are associated with a declaration processing action whose name begins with the letter 'R' and which were carried out after the registration of actions with the initial letter 'D'?,"SELECT e.* from event_log e INNER JOIN (select idcase, MAX(timestamp) as timestamp from event_log where activity like 'D%' group by idcase) e1 on e.idcase = e1.idcase and e.timestamp > e1.timestamp and e.activity like 'R%'",Domain,no_hardness,2,0,True,idcase;activity;timestamp,idcase;activity,3,2,MAX;GROUP BY;Temporal,Temporal,3,1
166_0,166,How many times was each activity performed by each resource?,"select count(*), activity, resource from event_log group by resource, activity",Generic,medium,0,0,False,activity;resource,activity;resource,2,2,COUNT;GROUP BY,COUNT;GROUP BY,2,2
166_1,166,What was the number of times each activity was performed by each resource?,"select count(*), activity, resource from event_log group by resource, activity",Generic,medium,0,0,False,activity;resource,activity;resource,2,2,COUNT;GROUP BY,COUNT;GROUP BY,2,2
166_2,166,Count how many times each activity was performed by each resource.,"select count(*), activity, resource from event_log group by resource, activity",Generic,medium,0,0,False,activity;resource,activity;resource,2,2,COUNT;GROUP BY,COUNT;GROUP BY,2,2
166_3,166,Report the number of times each resource was responsible for performing each activity,"select count(*), activity, resource from event_log group by resource, activity",Generic,medium,0,0,False,activity;resource,activity;resource,2,2,COUNT;GROUP BY,COUNT;GROUP BY,2,2
166_4,166,How many times was a given resource associated with the performance of each activity?,"select count(*), activity, resource from event_log group by resource, activity",Generic,medium,0,0,False,activity;resource,activity;resource,2,2,COUNT;GROUP BY,COUNT;GROUP BY,2,2
166_5,166,How many times was each declaration processing action performed by each employee?,"select count(*), activity, resource from event_log group by resource, activity",Domain,medium,0,0,False,activity;resource,activity;resource,2,2,COUNT;GROUP BY,COUNT;GROUP BY,2,2
166_6,166,How many times was each activity performed by each university employee?,"select count(*), activity, resource from event_log group by resource, activity",Domain,medium,0,0,False,activity;resource,activity;resource,2,2,COUNT;GROUP BY,COUNT;GROUP BY,2,2
167_0,167,What are the names of the activities carried out in the first semester of 2018?,select DISTINCT activity from event_log where timestamp between '2018-01-01' and '2018-07-01',Value,easy,2,2,True,activity;timestamp,activity,2,1,DISTINCT;Temporal,Temporal,2,1
167_1,167,List the activities carried out in the first semester of 2018.,select DISTINCT activity from event_log where timestamp between '2018-01-01' and '2018-07-01',Value,easy,2,2,True,activity;timestamp,activity,2,1,DISTINCT;Temporal,Temporal,2,1
167_2,167,Consider only the first semester of 2018 to list which activities were carried out.,select DISTINCT activity from event_log where timestamp between '2018-01-01' and '2018-07-01',Value,easy,2,2,True,activity;timestamp,activity,2,1,DISTINCT;Temporal,Temporal,2,1
167_3,167,"What activities were carried out from January 1, 2018 to July 31, 2018?",select DISTINCT activity from event_log where timestamp between '2018-01-01' and '2018-07-01',Value,easy,2,2,True,activity;timestamp,activity,2,1,DISTINCT;Temporal,Temporal,2,1
167_4,167,What activities are associated with the events that occurred in the first semester of 2018?,select DISTINCT activity from event_log where timestamp between '2018-01-01' and '2018-07-01',Value,easy,2,2,True,activity;timestamp,activity,2,1,DISTINCT;Temporal,Temporal,2,1
167_5,167,What activities were carried out in the first semester of 2018?,select DISTINCT activity from event_log where timestamp between '2018-01-01' and '2018-07-01',Value,easy,2,2,True,activity;timestamp,activity,2,1,DISTINCT;Temporal,Temporal,2,1
167_6,167,What was done in the processing carried out in the first semester of 2018?,select DISTINCT activity from event_log where timestamp between '2018-01-01' and '2018-07-01',Domain,easy,2,2,True,activity;timestamp,,2,0,DISTINCT;Temporal,Temporal,2,1
168_0,168,"List the cases in which the 'Wayne' resource was allocated, ordering the response by case identifier.",SELECT DISTINCT idcase FROM event_log WHERE resource = 'Wayne' ORDER BY idcase,Value,medium,1,1,True,idcase;resource,idcase;resource,2,2,DISTINCT,,1,0
168_1,168,Which cases were associated with the 'Wayne' resource? Sort by case identifier.,SELECT DISTINCT idcase FROM event_log WHERE resource = 'Wayne' ORDER BY idcase,Value,medium,1,1,True,idcase;resource,idcase;resource,2,2,DISTINCT,,1,0
168_2,168,In which cases does the 'Wayne' resource appear associated with the performance of an event? Sort the response by case identifier.,SELECT DISTINCT idcase FROM event_log WHERE resource = 'Wayne' ORDER BY idcase,Value,medium,1,1,True,idcase;resource,idcase;resource,2,2,DISTINCT,,1,0
168_3,168,Report which cases have events associated with the 'Wayne' resource. Use the case identifier to order your answer.,SELECT DISTINCT idcase FROM event_log WHERE resource = 'Wayne' ORDER BY idcase,Value,medium,1,1,True,idcase;resource,idcase;resource,2,2,DISTINCT,,1,0
168_4,168,Which process instances involved the work of the 'Wayne' resource? Provide the answer in an ordered manner.,SELECT DISTINCT idcase FROM event_log WHERE resource = 'Wayne' ORDER BY idcase,Value,medium,1,1,True,idcase;resource,idcase;resource,2,2,DISTINCT,,1,0
168_5,168,Which process instances include events that were the responsibility of the 'Wayne' resource? List the instances in an ordered manner.,SELECT DISTINCT idcase FROM event_log WHERE resource = 'Wayne' ORDER BY idcase,Value,medium,1,1,True,idcase;resource,idcase;resource,2,2,DISTINCT,,1,0
168_6,168,"Retrieve, in an ordered manner, the identifiers of the cases in which the 'Wayne' resource acted.",SELECT DISTINCT idcase FROM event_log WHERE resource = 'Wayne' ORDER BY idcase,Value,medium,1,1,True,idcase;resource,resource,2,1,DISTINCT,,1,0
168_7,168,"Retrieve, in an ordered manner, all process instances in which the 'Wayne' resource acted.",SELECT DISTINCT idcase FROM event_log WHERE resource = 'Wayne' ORDER BY idcase,Value,medium,1,1,True,idcase;resource,idcase;resource,2,2,DISTINCT,,1,0
168_8,168,What declarations does the employee Wayne work on? Present the ordered list.,SELECT DISTINCT idcase FROM event_log WHERE resource = 'Wayne' ORDER BY idcase,Domain,medium,1,1,True,idcase;resource,resource,2,1,DISTINCT,,1,0
168_9,168,What declarations does Wayne work on? Present an ordered list.,SELECT DISTINCT idcase FROM event_log WHERE resource = 'Wayne' ORDER BY idcase,Domain,medium,1,1,True,idcase;resource,,2,0,DISTINCT,,1,0
169_0,169,"For each activity, return how many cases it was performed in, considering only those cases that ended on March 12, 2018.","select activity, count(DISTINCT idcase) FROM event_log where idcase in (SELECT idcase FROM event_log GROUP BY idcase  HAVING strftime('%Y-%m-%d', MAX(timestamp)) =  '2018-03-12') group by activity",Value,no_hardness,2,1,True,idcase;activity;timestamp,activity,3,1,COUNT;DISTINCT;MAX;GROUP BY,COUNT;GROUP BY,4,2
169_1,169,"For each activity, return how many process instances each of them was performed in, considering only those process instances that ended on March 12, 2018.","select activity, count(DISTINCT idcase) FROM event_log where idcase in (SELECT idcase FROM event_log GROUP BY idcase  HAVING strftime('%Y-%m-%d', MAX(timestamp)) =  '2018-03-12') group by activity",Value,no_hardness,2,1,True,idcase;activity;timestamp,idcase;activity,3,2,COUNT;DISTINCT;MAX;GROUP BY,COUNT;GROUP BY,4,2
169_2,169,"Considering the subset of cases completed on March 12, 2018, provide a list that associates each activity and in how many cases they appear.","select activity, count(DISTINCT idcase) FROM event_log where idcase in (SELECT idcase FROM event_log GROUP BY idcase  HAVING strftime('%Y-%m-%d', MAX(timestamp)) =  '2018-03-12') group by activity",Value,no_hardness,2,1,True,idcase;activity;timestamp,activity,3,1,COUNT;DISTINCT;MAX;GROUP BY,COUNT;GROUP BY,4,2
169_3,169,"Provide a list including activity and number of cases in which it appears, considering the subset of cases completed on March 12, 2018.","select activity, count(DISTINCT idcase) FROM event_log where idcase in (SELECT idcase FROM event_log GROUP BY idcase  HAVING strftime('%Y-%m-%d', MAX(timestamp)) =  '2018-03-12') group by activity",Value,no_hardness,2,1,True,idcase;activity;timestamp,activity,3,1,COUNT;DISTINCT;MAX;GROUP BY,COUNT,4,1
169_4,169,"Relate the activities to the number of cases in which they appear, considering only the cases whose last event ended on March 12, 2018.","select activity, count(DISTINCT idcase) FROM event_log where idcase in (SELECT idcase FROM event_log GROUP BY idcase  HAVING strftime('%Y-%m-%d', MAX(timestamp)) =  '2018-03-12') group by activity",Value,no_hardness,2,1,True,idcase;activity;timestamp,activity,3,1,COUNT;DISTINCT;MAX;GROUP BY,COUNT,4,1
169_5,169,"Extract from the subset of cases completed on March 12, 2018, information about activities that occurred and the number of cases in which they occurred.","select activity, count(DISTINCT idcase) FROM event_log where idcase in (SELECT idcase FROM event_log GROUP BY idcase  HAVING strftime('%Y-%m-%d', MAX(timestamp)) =  '2018-03-12') group by activity",Value,no_hardness,2,1,True,idcase;activity;timestamp,activity,3,1,COUNT;DISTINCT;MAX;GROUP BY,COUNT,4,1
169_6,169,"Each of the possible processing actions was performed on how many declarations processed and ended on March 12, 2018?","select activity, count(DISTINCT idcase) FROM event_log where idcase in (SELECT idcase FROM event_log GROUP BY idcase  HAVING strftime('%Y-%m-%d', MAX(timestamp)) =  '2018-03-12') group by activity",Domain,no_hardness,2,1,True,idcase;activity;timestamp,,3,0,COUNT;DISTINCT;MAX;GROUP BY,COUNT;GROUP BY,4,2
169_7,169,"I need to know in how many declarations performed and ended on March 12, 2018 each of the different processing actions were performed.","select activity, count(DISTINCT idcase) FROM event_log where idcase in (SELECT idcase FROM event_log GROUP BY idcase  HAVING strftime('%Y-%m-%d', MAX(timestamp)) =  '2018-03-12') group by activity",Domain,no_hardness,2,1,True,idcase;activity;timestamp,,3,0,COUNT;DISTINCT;MAX;GROUP BY,COUNT;DISTINCT;GROUP BY,4,3
170_0,170,How many cases started with an activity whose label starts with the word 'permit'?,"SELECT COUNT(idcase) FROM (SELECT idcase, activity, MIN(timestamp) FROM event_log  GROUP BY idcase) AS e1 WHERE e1.activity LIKE 'Permit%'",Value,no_hardness,1,0,True,idcase;activity;timestamp,idcase;activity,3,2,COUNT;MIN;GROUP BY;Temporal,COUNT,4,1
170_1,170,There is a subset of activities whose label starts with 'permit'. Report how many cases started with one of these activities.,"SELECT COUNT(idcase) FROM (SELECT idcase, activity, MIN(timestamp) FROM event_log  GROUP BY idcase) AS e1 WHERE e1.activity LIKE 'Permit%'",Value,no_hardness,1,0,True,idcase;activity;timestamp,idcase;activity,3,2,COUNT;MIN;GROUP BY;Temporal,COUNT,4,1
170_2,170,"Given a list of activities whose name starts with 'permit', retrieve how many cases started with one of these activities.","SELECT COUNT(idcase) FROM (SELECT idcase, activity, MIN(timestamp) FROM event_log  GROUP BY idcase) AS e1 WHERE e1.activity LIKE 'Permit%'",Value,no_hardness,1,0,True,idcase;activity;timestamp,idcase;activity,3,2,COUNT;MIN;GROUP BY;Temporal,COUNT,4,1
170_3,170,What is the number of cases whose first event is associated with an activity with a name starting with 'permit'?,"SELECT COUNT(idcase) FROM (SELECT idcase, activity, MIN(timestamp) FROM event_log  GROUP BY idcase) AS e1 WHERE e1.activity LIKE 'Permit%'",Value,no_hardness,1,0,True,idcase;activity;timestamp,idcase;activity,3,2,COUNT;MIN;GROUP BY;Temporal,COUNT,4,1
170_4,170,Report the number of cases in which the first event is associated with an activity whose label begins with the word 'permit'.,"SELECT COUNT(idcase) FROM (SELECT idcase, activity, MIN(timestamp) FROM event_log  GROUP BY idcase) AS e1 WHERE e1.activity LIKE 'Permit%'",Value,no_hardness,1,0,True,idcase;activity;timestamp,idcase;activity,3,2,COUNT;MIN;GROUP BY;Temporal,COUNT,4,1
170_5,170,How many process instances have as their first activity those whose names begin with the word 'permit'?,"SELECT COUNT(idcase) FROM (SELECT idcase, activity, MIN(timestamp) FROM event_log  GROUP BY idcase) AS e1 WHERE e1.activity LIKE 'Permit%'",Value,no_hardness,1,0,True,idcase;activity;timestamp,idcase;activity,3,2,COUNT;MIN;GROUP BY;Temporal,COUNT,4,1
170_6,170,What is the number of process instances that started with an activity whose name starts with the word 'permit'?,"SELECT COUNT(idcase) FROM (SELECT idcase, activity, MIN(timestamp) FROM event_log  GROUP BY idcase) AS e1 WHERE e1.activity LIKE 'Permit%'",Value,no_hardness,1,0,True,idcase;activity;timestamp,idcase;activity,3,2,COUNT;MIN;GROUP BY;Temporal,COUNT,4,1
170_7,170,Retrieve the number of times processing of a travel declaration started with an activity associated with a permit.,"SELECT COUNT(idcase) FROM (SELECT idcase, activity, MIN(timestamp) FROM event_log  GROUP BY idcase) AS e1 WHERE e1.activity LIKE 'Permit%'",Domain,no_hardness,1,0,True,idcase;activity;timestamp,idcase;activity,3,2,COUNT;MIN;GROUP BY;Temporal,COUNT,4,1
170_8,170,How many travel declarations have a permit action associated with the start of their processing?,"SELECT COUNT(idcase) FROM (SELECT idcase, activity, MIN(timestamp) FROM event_log  GROUP BY idcase) AS e1 WHERE e1.activity LIKE 'Permit%'",Domain,no_hardness,1,0,True,idcase;activity;timestamp,idcase;activity,3,2,COUNT;MIN;GROUP BY;Temporal,COUNT,4,1
171_0,171,Which cases have not yet gone through the 'request payment' or 'payment handled' activities?,SELECT DISTINCT idcase FROM event_log WHERE idcase NOT IN (SELECT idcase FROM event_log WHERE activity = 'Request payment' OR activity = 'Payment handled'),Value,hard,2,2,True,idcase;activity,activity,2,1,DISTINCT;Negation,Negation,2,1
171_1,171,Which process instances have not yet gone through the 'request payment' or 'payment handled' activities?,SELECT DISTINCT idcase FROM event_log WHERE idcase NOT IN (SELECT idcase FROM event_log WHERE activity = 'Request payment' OR activity = 'Payment handled'),Value,hard,2,2,True,idcase;activity,idcase;activity,2,2,DISTINCT;Negation,Negation,2,1
171_2,171,Recover cases that have not yet gone through the 'request payment' or 'payment handled' activities.,SELECT DISTINCT idcase FROM event_log WHERE idcase NOT IN (SELECT idcase FROM event_log WHERE activity = 'Request payment' OR activity = 'Payment handled'),Value,hard,2,2,True,idcase;activity,activity,2,1,DISTINCT;Negation,Negation,2,1
171_3,171,Retrieve process instances that have not yet gone through the 'request payment' or 'payment handled' activities,SELECT DISTINCT idcase FROM event_log WHERE idcase NOT IN (SELECT idcase FROM event_log WHERE activity = 'Request payment' OR activity = 'Payment handled'),Value,hard,2,2,True,idcase;activity,idcase;activity,2,2,DISTINCT;Negation,Negation,2,1
171_4,171,What are the cases for which there is still no record of the occurrence of 'request payment' or 'payment handled' activities?,SELECT DISTINCT idcase FROM event_log WHERE idcase NOT IN (SELECT idcase FROM event_log WHERE activity = 'Request payment' OR activity = 'Payment handled'),Value,hard,2,2,True,idcase;activity,activity,2,1,DISTINCT;Negation,Negation,2,1
171_5,171,What are the process instances for which there is still no record of the occurrence of 'request payment' or 'payment handled' activities?,SELECT DISTINCT idcase FROM event_log WHERE idcase NOT IN (SELECT idcase FROM event_log WHERE activity = 'Request payment' OR activity = 'Payment handled'),Value,hard,2,2,True,idcase;activity,idcase;activity,2,2,DISTINCT;Negation,Negation,2,1
171_6,171,Report which cases there is no record of events associated with the 'request payment' or 'payment handled' activities.,SELECT DISTINCT idcase FROM event_log WHERE idcase NOT IN (SELECT idcase FROM event_log WHERE activity = 'Request payment' OR activity = 'Payment handled'),Value,hard,2,2,True,idcase;activity,activity,2,1,DISTINCT;Negation,Negation,2,1
171_7,171,Report for which process instances there is no record of events associated with the 'request payment' or 'payment handled' activities.,SELECT DISTINCT idcase FROM event_log WHERE idcase NOT IN (SELECT idcase FROM event_log WHERE activity = 'Request payment' OR activity = 'Payment handled'),Value,hard,2,2,True,idcase;activity,idcase;activity,2,2,DISTINCT;Negation,Negation,2,1
171_8,171,In which cases are 'request payment' or 'payment handled' activities still not observed?,SELECT DISTINCT idcase FROM event_log WHERE idcase NOT IN (SELECT idcase FROM event_log WHERE activity = 'Request payment' OR activity = 'Payment handled'),Value,hard,2,2,True,idcase;activity,activity,2,1,DISTINCT;Negation,Negation,2,1
171_9,171,In which process instances have 'request payment' or 'payment handled' activities not yet been observed?,SELECT DISTINCT idcase FROM event_log WHERE idcase NOT IN (SELECT idcase FROM event_log WHERE activity = 'Request payment' OR activity = 'Payment handled'),Value,hard,2,2,True,idcase;activity,idcase;activity,2,2,DISTINCT;Negation,Negation,2,1
171_10,171,In how many declarations is there still no record of payment made or payment request?,SELECT DISTINCT idcase FROM event_log WHERE idcase NOT IN (SELECT idcase FROM event_log WHERE activity = 'Request payment' OR activity = 'Payment handled'),Domain,hard,2,0,True,idcase;activity,,2,0,DISTINCT;Negation,Negation,2,1
171_11,171,What declarations are still pending in relation to payment request and payment made records?,SELECT DISTINCT idcase FROM event_log WHERE idcase NOT IN (SELECT idcase FROM event_log WHERE activity = 'Request payment' OR activity = 'Payment handled'),Domain,hard,2,0,True,idcase;activity,,2,0,DISTINCT;Negation,,2,0
172_0,172,What data is recorded about the occurrences of 'start trip' and 'declaration submitted by employee' activities? Provide the answer sorted by date and by resource.,"SELECT * FROM event_log WHERE activity = 'Start trip' OR activity = 'Declaration submitted by employee' ORDER BY timestamp, resource",Value,hard,2,2,True,activity;resource;timestamp,activity;resource;timestamp,3,3,,,0,0
172_1,172,"Retrieve all information about events relating to 'start trip' or 'declaration submitted by employee' activities, sorting the response in ascending order of date and name of the resource.","SELECT * FROM event_log WHERE activity = 'Start trip' OR activity = 'Declaration submitted by employee' ORDER BY timestamp, resource",Value,hard,2,2,True,activity;resource;timestamp,activity;resource;timestamp,3,3,,,0,0
172_2,172,"I need information about the events associated with 'start trip' and 'declaration submitted by employee' activities, in ascending order of date and resource.","SELECT * FROM event_log WHERE activity = 'Start trip' OR activity = 'Declaration submitted by employee' ORDER BY timestamp, resource",Value,hard,2,2,True,activity;resource;timestamp,activity;resource;timestamp,3,3,,,0,0
172_3,172,"Retrieve information about events associated with the 'start trip' and 'declaration submitted by employee' activities, sorting them first by date and then by resource.","SELECT * FROM event_log WHERE activity = 'Start trip' OR activity = 'Declaration submitted by employee' ORDER BY timestamp, resource",Value,hard,2,2,True,activity;resource;timestamp,activity;resource;timestamp,3,3,,,0,0
172_4,172,"Retrieve information about events related to 'start trip' and 'declaration submitted by employee' activities, from oldest to newest, and then ordered by resource.","SELECT * FROM event_log WHERE activity = 'Start trip' OR activity = 'Declaration submitted by employee' ORDER BY timestamp, resource",Value,hard,2,2,True,activity;resource;timestamp,activity;resource,3,2,,,0,0
172_5,172,"Retrieve, in ascending order of date and resource, information about events related to 'start trip' and 'declaration submitted by employee' activities.","SELECT * FROM event_log WHERE activity = 'Start trip' OR activity = 'Declaration submitted by employee' ORDER BY timestamp, resource",Value,hard,2,2,True,activity;resource;timestamp,activity;resource;timestamp,3,3,,,0,0
172_6,172,"For all events associated with 'start trip' and 'declaration submitted by employee' activities, retrieve the information by listing it in order of date and resource.","SELECT * FROM event_log WHERE activity = 'Start trip' OR activity = 'Declaration submitted by employee' ORDER BY timestamp, resource",Value,hard,2,2,True,activity;resource;timestamp,activity;resource;timestamp,3,3,,,0,0
172_7,172,"Retrieve information relating to occurrence records for 'start trip' and 'declaration submitted by employee' activities, organizing the response in order of date and resource.","SELECT * FROM event_log WHERE activity = 'Start trip' OR activity = 'Declaration submitted by employee' ORDER BY timestamp, resource",Value,hard,2,2,True,activity;resource;timestamp,activity;resource;timestamp,3,3,,,0,0
172_8,172,What data is recorded in the events associated with 'start trip' and 'declaration submitted by employee' activities? Provide the answer sorted by date and by resource.,"SELECT * FROM event_log WHERE activity = 'Start trip' OR activity = 'Declaration submitted by employee' ORDER BY timestamp, resource",Value,hard,2,2,True,activity;resource;timestamp,activity;resource;timestamp,3,3,,,0,0
172_9,172,What information is available on actions to initiate travel and request a declaration by an employee? Sort this report by date and employee name.,"SELECT * FROM event_log WHERE activity = 'Start trip' OR activity = 'Declaration submitted by employee' ORDER BY timestamp, resource",Domain,hard,2,0,True,activity;resource;timestamp,resource;timestamp,3,2,,,0,0
172_10,172,"The processing of declarations begins with a record about the start of the trip or at a request from an employee. Considering this, provide information on the events associated with the start of processing a declaration, in ascending order according to date and the name of the employee associated with the performance of the event.","SELECT * FROM event_log WHERE activity = 'Start trip' OR activity = 'Declaration submitted by employee' ORDER BY timestamp, resource",Domain,hard,2,0,True,activity;resource;timestamp,activity;resource;timestamp,3,3,,,0,0
173_0,173,How many times was each resource associated with an occurrence of the 'declaration saved by employee' activity? Sort the response according to the resource attribute.,"SELECT count(*), resource From event_log where activity = 'Declaration saved by employee' group by resource order by resource",Value,hard,1,1,True,activity;resource,activity;resource,2,2,COUNT;GROUP BY,COUNT;GROUP BY,2,2
173_1,173,How many records of 'declaration saved by employee' activities are there associated with each resource? Provide the answer sorted by resource.,"SELECT count(*), resource From event_log where activity = 'Declaration saved by employee' group by resource order by resource",Value,hard,1,1,True,activity;resource,activity;resource,2,2,COUNT;GROUP BY,COUNT;GROUP BY,2,2
173_2,173,"For each resource, how many records of the 'declaration saved by employee' activity are there? Sort the answer by resource name.","SELECT count(*), resource From event_log where activity = 'Declaration saved by employee' group by resource order by resource",Value,hard,1,1,True,activity;resource,activity;resource,2,2,COUNT;GROUP BY,COUNT;GROUP BY,2,2
173_3,173,Retrieve the number of times each resource was associated with the 'declaration saved by employee' activity. Order your answer according to the resource names.,"SELECT count(*), resource From event_log where activity = 'Declaration saved by employee' group by resource order by resource",Value,hard,1,1,True,activity;resource,activity;resource,2,2,COUNT;GROUP BY,COUNT;GROUP BY,2,2
173_4,173,How many occurrences of the 'declaration saved by employee' activity were associated with each of the resources present in the log? Sort the response according to the resource name.,"SELECT count(*), resource From event_log where activity = 'Declaration saved by employee' group by resource order by resource",Value,hard,1,1,True,activity;resource,activity;resource,2,2,COUNT;GROUP BY,COUNT;GROUP BY,2,2
173_5,173,"Considering each resource in the log records, provide information on how many times each of them was associated with the performance of the 'declaration saved by employee' activity, providing the answer ordered by resource.","SELECT count(*), resource From event_log where activity = 'Declaration saved by employee' group by resource order by resource",Value,hard,1,1,True,activity;resource,activity;resource,2,2,COUNT;GROUP BY,COUNT;GROUP BY,2,2
173_6,173,Provide information on how many times each resource was responsible for executing the 'declaration saved by employee' activity. Display the information sorted by resource name.,"SELECT count(*), resource From event_log where activity = 'Declaration saved by employee' group by resource order by resource",Value,hard,1,1,True,activity;resource,activity;resource,2,2,COUNT;GROUP BY,COUNT;GROUP BY,2,2
173_7,173,What is the number of associations between each resource and the performance of the 'declaration saved by employee' activity? Sort the answer by resource.,"SELECT count(*), resource From event_log where activity = 'Declaration saved by employee' group by resource order by resource",Value,hard,1,1,True,activity;resource,activity;resource,2,2,COUNT;GROUP BY,COUNT;GROUP BY,2,2
173_8,173,How many times has the performance of the 'declaration saved by employee' activity been associated with each resource? Sort your answer by resource name.,"SELECT count(*), resource From event_log where activity = 'Declaration saved by employee' group by resource order by resource",Value,hard,1,1,True,activity;resource,activity;resource,2,2,COUNT;GROUP BY,COUNT;GROUP BY,2,2
173_9,173,I need to know how many times each employee recorded a action of saving a travel declaration. Provide the answer sorted by employee name.,"SELECT count(*), resource From event_log where activity = 'Declaration saved by employee' group by resource order by resource",Domain,hard,1,0,True,activity;resource,activity;resource,2,2,COUNT;GROUP BY,COUNT;GROUP BY,2,2
173_10,173,How many times was each employee responsible for saving a declaration? Sort the answer by employee name.,"SELECT count(*), resource From event_log where activity = 'Declaration saved by employee' group by resource order by resource",Domain,hard,1,0,True,activity;resource,resource,2,1,COUNT;GROUP BY,COUNT;GROUP BY,2,2
174_0,174,In how many cases was each activity performed?,"SELECT count(DISTINCT idcase), activity FROM event_log GROUP BY activity",Generic,medium,0,0,False,idcase;activity,activity,2,1,COUNT;DISTINCT;GROUP BY,COUNT;GROUP BY,3,2
174_1,174,"For each activity, report in how many cases there are records of its performance.","SELECT count(DISTINCT idcase), activity FROM event_log GROUP BY activity",Generic,medium,0,0,False,idcase;activity,activity,2,1,COUNT;DISTINCT;GROUP BY,COUNT;GROUP BY,3,2
174_2,174,"Considering each of the activities present in the event log, report the number of cases in which they occurred.","SELECT count(DISTINCT idcase), activity FROM event_log GROUP BY activity",Generic,medium,0,0,False,idcase;activity,activity,2,1,COUNT;DISTINCT;GROUP BY,COUNT;GROUP BY,3,2
174_3,174,In how many process instances was each activity performed?,"SELECT count(DISTINCT idcase), activity FROM event_log GROUP BY activity",Generic,medium,0,0,False,idcase;activity,idcase;activity,2,2,COUNT;DISTINCT;GROUP BY,COUNT;GROUP BY,3,2
174_4,174,"For each activity, calculate in how many process instances they were performed in.","SELECT count(DISTINCT idcase), activity FROM event_log GROUP BY activity",Generic,medium,0,0,False,idcase;activity,idcase;activity,2,2,COUNT;DISTINCT;GROUP BY,COUNT;GROUP BY,3,2
174_5,174,What is the number of cases in which each activity was performed?,"SELECT count(DISTINCT idcase), activity FROM event_log GROUP BY activity",Generic,medium,0,0,False,idcase;activity,activity,2,1,COUNT;DISTINCT;GROUP BY,COUNT;GROUP BY,3,2
174_6,174,Calculate the number of cases in which each activity was performed.,"SELECT count(DISTINCT idcase), activity FROM event_log GROUP BY activity",Generic,medium,0,0,False,idcase;activity,activity,2,1,COUNT;DISTINCT;GROUP BY,COUNT;GROUP BY,3,2
174_7,174,"Considering each of the possible actions in processing a travel declaration, report the number of declarations in which each action appears.","SELECT count(DISTINCT idcase), activity FROM event_log GROUP BY activity",Domain,medium,0,0,False,idcase;activity,idcase;activity,2,2,COUNT;DISTINCT;GROUP BY,COUNT;GROUP BY,3,2
174_8,174,Report the number of declarations in which each of the possible actions in processing travel declarations were carried out.,"SELECT count(DISTINCT idcase), activity FROM event_log GROUP BY activity",Domain,medium,0,0,False,idcase;activity,idcase,2,1,COUNT;DISTINCT;GROUP BY,COUNT;GROUP BY,3,2
175_0,175,How many different activities did each resource perform?,"select count(DISTINCT activity), resource  FROM event_log GROUP by resource",Generic,medium,0,0,False,activity;resource,activity;resource,2,2,COUNT;DISTINCT;GROUP BY,COUNT;DISTINCT;GROUP BY,3,3
175_1,175,Retrieve information about how many different activities each resource performed.,"select count(DISTINCT activity), resource  FROM event_log GROUP by resource",Generic,medium,0,0,False,activity;resource,activity;resource,2,2,COUNT;DISTINCT;GROUP BY,COUNT;DISTINCT;GROUP BY,3,3
175_2,175,In how many different activities did each resource act?,"select count(DISTINCT activity), resource  FROM event_log GROUP by resource",Generic,medium,0,0,False,activity;resource,activity;resource,2,2,COUNT;DISTINCT;GROUP BY,COUNT;DISTINCT;GROUP BY,3,3
175_3,175,In how many different activities was each resource associated?,"select count(DISTINCT activity), resource  FROM event_log GROUP by resource",Generic,medium,0,0,False,activity;resource,activity;resource,2,2,COUNT;DISTINCT;GROUP BY,COUNT;DISTINCT;GROUP BY,3,3
175_4,175,"For each resource, check how many different activities it was involved in.","select count(DISTINCT activity), resource  FROM event_log GROUP by resource",Generic,medium,0,0,False,activity;resource,activity;resource,2,2,COUNT;DISTINCT;GROUP BY,COUNT;DISTINCT;GROUP BY,3,3
175_5,175,What is the number of different activities that each resource was associated with?,"select count(DISTINCT activity), resource  FROM event_log GROUP by resource",Generic,medium,0,0,False,activity;resource,activity;resource,2,2,COUNT;DISTINCT;GROUP BY,COUNT;DISTINCT;GROUP BY,3,3
175_6,175,What is the number of different activities that each resource worked on?,"select count(DISTINCT activity), resource  FROM event_log GROUP by resource",Generic,medium,0,0,False,activity;resource,activity;resource,2,2,COUNT;DISTINCT;GROUP BY,COUNT;DISTINCT;GROUP BY,3,3
175_7,175,How many different actions related to the processing of travel declarations was each employee responsible for recording in the system?,"select count(DISTINCT activity), resource  FROM event_log GROUP by resource",Domain,medium,0,0,False,activity;resource,resource,2,1,COUNT;DISTINCT;GROUP BY,COUNT;DISTINCT;GROUP BY,3,3
175_8,175,How many different actions has each employee performed while processing travel declarations?,"select count(DISTINCT activity), resource  FROM event_log GROUP by resource",Domain,medium,0,0,False,activity;resource,resource,2,1,COUNT;DISTINCT;GROUP BY,COUNT;DISTINCT;GROUP BY,3,3
176_0,176,"In how many occurrences of completion activities ('end trip', 'payment handled') was each resource allocated?","SELECT resource, COUNT (*) FROM event_log WHERE activity = 'End trip' OR activity = 'Payment handled' GROUP BY resource",Value,hard,2,2,True,activity;resource,activity;resource,2,2,COUNT;GROUP BY,COUNT;GROUP BY,2,2
176_1,176,"How many final activities ('end trip', 'payment handled') was each person responsible for?","SELECT resource, COUNT (*) FROM event_log WHERE activity = 'End trip' OR activity = 'Payment handled' GROUP BY resource",Value,hard,2,2,True,activity;resource,activity;resource,2,2,COUNT;GROUP BY,COUNT;GROUP BY,2,2
176_2,176,"How many occurrences of completion activities ('end trip', 'payment handled') was each resource responsible for?","SELECT resource, COUNT (*) FROM event_log WHERE activity = 'End trip' OR activity = 'Payment handled' GROUP BY resource",Value,hard,2,2,True,activity;resource,activity;resource,2,2,COUNT;GROUP BY,COUNT;GROUP BY,2,2
176_3,176,"For each resource, check how many occurrences of completion activities ('end trip', 'payment handled') it acted on.","SELECT resource, COUNT (*) FROM event_log WHERE activity = 'End trip' OR activity = 'Payment handled' GROUP BY resource",Value,hard,2,2,True,activity;resource,activity;resource,2,2,COUNT;GROUP BY,COUNT;GROUP BY,2,2
176_4,176,"How many times was each resource associated with the performance of a completion activity ('end trip', 'payment handled')?","SELECT resource, COUNT (*) FROM event_log WHERE activity = 'End trip' OR activity = 'Payment handled' GROUP BY resource",Value,hard,2,2,True,activity;resource,activity;resource,2,2,COUNT;GROUP BY,COUNT;GROUP BY,2,2
176_5,176,"Considering each resource present in the event log, calculate how many times each of them was responsible for performing a completion activity ('end trip', 'payment handled').","SELECT resource, COUNT (*) FROM event_log WHERE activity = 'End trip' OR activity = 'Payment handled' GROUP BY resource",Value,hard,2,2,True,activity;resource,activity;resource,2,2,COUNT;GROUP BY,COUNT;GROUP BY,2,2
176_6,176,How many times has each employee completed the processing of a travel declaration by acting on end of trip or payment actions?,"SELECT resource, COUNT (*) FROM event_log WHERE activity = 'End trip' OR activity = 'Payment handled' GROUP BY resource",Domain,hard,2,0,True,activity;resource,resource,2,1,COUNT;GROUP BY,COUNT;GROUP BY,2,2
176_7,176,Completion activities are those that end a trip or make a payment. How many times has each employee been responsible for completion activities?,"SELECT resource, COUNT (*) FROM event_log WHERE activity = 'End trip' OR activity = 'Payment handled' GROUP BY resource",Domain,hard,2,0,True,activity;resource,activity;resource,2,2,COUNT;GROUP BY,COUNT;GROUP BY,2,2
177_0,177,How many times was each resource responsible for performing the first occurrence of the 'declaration rejected by pre-approver' activity in a case?,"SELECT count(*), resource FROM (SELECT resource, MIN(timestamp) FROM event_log where activity = 'Declaration rejected by pre-approver' GROUP by resource, idcase) GROUP by resource",Value,no_hardness,1,1,True,idcase;activity;resource;timestamp,idcase;activity;resource,4,3,COUNT;MIN;GROUP BY,COUNT;GROUP BY,3,2
177_1,177,In how many cases was each resource responsible for performing the first occurrence of the 'declaration rejected by pre-approver' activity?,"SELECT count(*), resource FROM (SELECT resource, MIN(timestamp) FROM event_log where activity = 'Declaration rejected by pre-approver' GROUP by resource, idcase) GROUP by resource",Value,no_hardness,1,1,True,idcase;activity;resource;timestamp,idcase;activity;resource,4,3,COUNT;MIN;GROUP BY,COUNT;GROUP BY,3,2
177_2,177,In how many process instances was each resource responsible for executing the first occurrence of the 'declaration rejected by pre-approver' activity?,"SELECT count(*), resource FROM (SELECT resource, MIN(timestamp) FROM event_log where activity = 'Declaration rejected by pre-approver' GROUP by resource, idcase) GROUP by resource",Value,no_hardness,1,1,True,idcase;activity;resource;timestamp,idcase;activity;resource,4,3,COUNT;MIN;GROUP BY,COUNT;GROUP BY,3,2
177_3,177,"For each resource, report how many times it was responsible for performing the first occurrence of the 'declaration rejected by pre-approver' activity in a case.","SELECT count(*), resource FROM (SELECT resource, MIN(timestamp) FROM event_log where activity = 'Declaration rejected by pre-approver' GROUP by resource, idcase) GROUP by resource",Value,no_hardness,1,1,True,idcase;activity;resource;timestamp,idcase;activity;resource,4,3,COUNT;MIN;GROUP BY,COUNT;GROUP BY,3,2
177_4,177,"For each resource, report how many times it was responsible for executing the first occurrence of the 'declaration rejected by pre-approver' activity in a process instance.","SELECT count(*), resource FROM (SELECT resource, MIN(timestamp) FROM event_log where activity = 'Declaration rejected by pre-approver' GROUP by resource, idcase) GROUP by resource",Value,no_hardness,1,1,True,idcase;activity;resource;timestamp,idcase;activity;resource,4,3,COUNT;MIN;GROUP BY,COUNT;GROUP BY,3,2
177_5,177,In how many cases has each employee served in the role of pre-approver and rejected the declaration?,"SELECT count(*), resource FROM (SELECT resource, MIN(timestamp) FROM event_log where activity = 'Declaration rejected by pre-approver' GROUP by resource, idcase) GROUP by resource",Domain,no_hardness,1,0,True,idcase;activity;resource;timestamp,idcase;resource,4,2,COUNT;MIN;GROUP BY,COUNT;GROUP BY,3,2
177_6,177,For how many travel declarations has each employee in the role of pre-approver been responsible for taking the first action regarding declaration rejection?,"SELECT count(*), resource FROM (SELECT resource, MIN(timestamp) FROM event_log where activity = 'Declaration rejected by pre-approver' GROUP by resource, idcase) GROUP by resource",Domain,no_hardness,1,0,True,idcase;activity;resource;timestamp,idcase;activity;resource,4,3,COUNT;MIN;GROUP BY,COUNT;GROUP BY,3,2
178_0,178,How many occurrences of activities were recorded in each case until the 'end trip' activity occurred?,"select count(*), e1.idcase from event_log AS e1 inner join event_log AS e2 on e1.idcase = e2.idcase WHERE e2.activity = 'End trip' and e1.timestamp < e2.timestamp group by e1.idcase",Value,no_hardness,1,1,True,idcase;activity;timestamp,idcase;activity,3,2,COUNT;GROUP BY,COUNT;GROUP BY,2,2
178_1,178,How many activity occurrences were recorded in each case until the 'end trip' activity was performed?,"select count(*), e1.idcase from event_log AS e1 inner join event_log AS e2 on e1.idcase = e2.idcase WHERE e2.activity = 'End trip' and e1.timestamp < e2.timestamp group by e1.idcase",Value,no_hardness,1,1,True,idcase;activity;timestamp,idcase;activity,3,2,COUNT;GROUP BY,COUNT;GROUP BY,2,2
178_2,178,How many instances of activity were recorded in each case until it went through the 'end trip' activity?,"select count(*), e1.idcase from event_log AS e1 inner join event_log AS e2 on e1.idcase = e2.idcase WHERE e2.activity = 'End trip' and e1.timestamp < e2.timestamp group by e1.idcase",Value,no_hardness,1,1,True,idcase;activity;timestamp,idcase;activity,3,2,COUNT;GROUP BY,COUNT;GROUP BY,2,2
178_3,178,How many events occurred in each case before it went through the 'end trip' activity?,"select count(*), e1.idcase from event_log AS e1 inner join event_log AS e2 on e1.idcase = e2.idcase WHERE e2.activity = 'End trip' and e1.timestamp < e2.timestamp group by e1.idcase",Value,no_hardness,1,1,True,idcase;activity;timestamp,idcase;activity,3,2,COUNT;GROUP BY,COUNT;GROUP BY,2,2
178_4,178,How many activity occurrences were recorded in each process instance until the 'end trip' activity was performed?,"select count(*), e1.idcase from event_log AS e1 inner join event_log AS e2 on e1.idcase = e2.idcase WHERE e2.activity = 'End trip' and e1.timestamp < e2.timestamp group by e1.idcase",Value,no_hardness,1,1,True,idcase;activity;timestamp,idcase;activity,3,2,COUNT;GROUP BY,COUNT;GROUP BY,2,2
178_5,178,How many activity occurrences were recorded in each process instance until it went through the 'end trip' activity?,"select count(*), e1.idcase from event_log AS e1 inner join event_log AS e2 on e1.idcase = e2.idcase WHERE e2.activity = 'End trip' and e1.timestamp < e2.timestamp group by e1.idcase",Value,no_hardness,1,1,True,idcase;activity;timestamp,idcase;activity,3,2,COUNT;GROUP BY,COUNT;GROUP BY,2,2
178_6,178,How many events occurred in each process instance until it went through the 'end trip' activity?,"select count(*), e1.idcase from event_log AS e1 inner join event_log AS e2 on e1.idcase = e2.idcase WHERE e2.activity = 'End trip' and e1.timestamp < e2.timestamp group by e1.idcase",Value,no_hardness,1,1,True,idcase;activity;timestamp,idcase;activity,3,2,COUNT;GROUP BY,COUNT;GROUP BY,2,2
178_7,178,Check the number of events that occurred in each case until it reached the performance of the 'end trip' activity.,"select count(*), e1.idcase from event_log AS e1 inner join event_log AS e2 on e1.idcase = e2.idcase WHERE e2.activity = 'End trip' and e1.timestamp < e2.timestamp group by e1.idcase",Value,no_hardness,1,1,True,idcase;activity;timestamp,idcase;activity,3,2,COUNT;GROUP BY,COUNT;GROUP BY,2,2
178_8,178,Check the number of events that occurred in each process instance until it reached the performance of the 'end trip' activity.,"select count(*), e1.idcase from event_log AS e1 inner join event_log AS e2 on e1.idcase = e2.idcase WHERE e2.activity = 'End trip' and e1.timestamp < e2.timestamp group by e1.idcase",Value,no_hardness,1,1,True,idcase;activity;timestamp,idcase;activity,3,2,COUNT;GROUP BY,COUNT;GROUP BY,2,2
178_9,178,Check how many actions were performed until the end of the trip took place in each travel declaration case.,"select count(*), e1.idcase from event_log AS e1 inner join event_log AS e2 on e1.idcase = e2.idcase WHERE e2.activity = 'End trip' and e1.timestamp < e2.timestamp group by e1.idcase",Domain,no_hardness,1,0,True,idcase;activity;timestamp,idcase,3,1,COUNT;GROUP BY,COUNT;GROUP BY,2,2
178_10,178,"For each declaration, how many actions were necessary until the end of the trip was recorded?","select count(*), e1.idcase from event_log AS e1 inner join event_log AS e2 on e1.idcase = e2.idcase WHERE e2.activity = 'End trip' and e1.timestamp < e2.timestamp group by e1.idcase",Domain,no_hardness,1,0,True,idcase;activity;timestamp,idcase,3,1,COUNT;GROUP BY,COUNT;GROUP BY,2,2
179_0,179,What activities did the Thomas resource carry out in the first semester of 2018?,select DISTINCT activity from event_log where resource = 'Thomas' and  timestamp between '2018-01-01' and '2018-07-01',Value,medium,3,3,True,activity;resource;timestamp,activity;resource,3,2,DISTINCT;Temporal,Temporal,2,1
179_1,179,What activities did the Thomas resource perform in the first semester of 2018?,select DISTINCT activity from event_log where resource = 'Thomas' and  timestamp between '2018-01-01' and '2018-07-01',Value,medium,3,3,True,activity;resource;timestamp,activity;resource,3,2,DISTINCT;Temporal,Temporal,2,1
179_2,179,What were the activities carried out by the resource named Thomas in the first semester of 2018?,select DISTINCT activity from event_log where resource = 'Thomas' and  timestamp between '2018-01-01' and '2018-07-01',Value,medium,3,3,True,activity;resource;timestamp,activity;resource,3,2,DISTINCT;Temporal,Temporal,2,1
179_3,179,Report the label of the activities carried out by Thomas in the first semester of 2018.,select DISTINCT activity from event_log where resource = 'Thomas' and  timestamp between '2018-01-01' and '2018-07-01',Value,medium,3,3,True,activity;resource;timestamp,activity,3,1,DISTINCT;Temporal,Temporal,2,1
179_4,179,What activities did the Thomas resource carry out between 1/1/2018 and 7/31/2018?,select DISTINCT activity from event_log where resource = 'Thomas' and  timestamp between '2018-01-01' and '2018-07-01',Value,medium,3,3,True,activity;resource;timestamp,activity;resource,3,2,DISTINCT;Temporal,Temporal,2,1
179_5,179,"What activities did the Thomas resource perform between January 1, 2018 and July 31, 2018?",select DISTINCT activity from event_log where resource = 'Thomas' and  timestamp between '2018-01-01' and '2018-07-01',Value,medium,3,3,True,activity;resource;timestamp,activity;resource,3,2,DISTINCT;Temporal,Temporal,2,1
179_6,179,What activities did the Thomas resource perform in the first six months of 2018?,select DISTINCT activity from event_log where resource = 'Thomas' and  timestamp between '2018-01-01' and '2018-07-01',Value,medium,3,3,True,activity;resource;timestamp,activity;resource,3,2,DISTINCT;Temporal,Temporal,2,1
179_7,179,The employee Thomas was allocated to which types of actions during the first semester of 2018?,select DISTINCT activity from event_log where resource = 'Thomas' and  timestamp between '2018-01-01' and '2018-07-01',Domain,medium,3,3,True,activity;resource;timestamp,resource,3,1,DISTINCT;Temporal,Temporal,2,1
179_8,179,What types of actions did the employee Thomas work on in the first semester of 2018?,select DISTINCT activity from event_log where resource = 'Thomas' and  timestamp between '2018-01-01' and '2018-07-01',Domain,medium,3,3,True,activity;resource;timestamp,resource,3,1,DISTINCT;Temporal,Temporal,2,1
180_0,180,Which cases went through the 'declaration rejected by supervisor' activity? Sort ascending by start date.,"SELECT DISTINCT e1.idcase FROM event_log e1 inner join  (SELECT idcase, MIN(timestamp) as timestamp  FROM event_log  GROUP BY idcase order by timestamp) AS e2  on e1.idcase=e2.idcase WHERE e1.activity =  'Declaration rejected by supervisor' ORDER by e2.timestamp",Value,no_hardness,1,1,True,idcase;activity;timestamp,idcase;activity;timestamp,3,3,DISTINCT;MIN;GROUP BY,GROUP BY,3,1
180_1,180,Which process instances went through the 'declaration rejected by supervisor' activity? Sort the answer in ascending order by start date.,"SELECT DISTINCT e1.idcase FROM event_log e1 inner join  (SELECT idcase, MIN(timestamp) as timestamp  FROM event_log  GROUP BY idcase order by timestamp) AS e2  on e1.idcase=e2.idcase WHERE e1.activity =  'Declaration rejected by supervisor' ORDER by e2.timestamp",Value,no_hardness,1,1,True,idcase;activity;timestamp,idcase;activity;timestamp,3,3,DISTINCT;MIN;GROUP BY,GROUP BY,3,1
180_2,180,In which cases was the 'declaration rejected by supervisor' activity performed? Provide the answer in date order relative to the start of the case.,"SELECT DISTINCT e1.idcase FROM event_log e1 inner join  (SELECT idcase, MIN(timestamp) as timestamp  FROM event_log  GROUP BY idcase order by timestamp) AS e2  on e1.idcase=e2.idcase WHERE e1.activity =  'Declaration rejected by supervisor' ORDER by e2.timestamp",Value,no_hardness,1,1,True,idcase;activity;timestamp,idcase;activity;timestamp,3,3,DISTINCT;MIN;GROUP BY,GROUP BY,3,1
180_3,180,In which cases was the 'declaration rejected by supervisor' activity performed? Provide the answer in ascending temporal order relative to the beginning of the case.,"SELECT DISTINCT e1.idcase FROM event_log e1 inner join  (SELECT idcase, MIN(timestamp) as timestamp  FROM event_log  GROUP BY idcase order by timestamp) AS e2  on e1.idcase=e2.idcase WHERE e1.activity =  'Declaration rejected by supervisor' ORDER by e2.timestamp",Value,no_hardness,1,1,True,idcase;activity;timestamp,idcase;activity;timestamp,3,3,DISTINCT;MIN;GROUP BY,GROUP BY,3,1
180_4,180,In which process instances was the 'declaration rejected by supervisor' activity performed? Provide the answer in date order relative to the start of the process.,"SELECT DISTINCT e1.idcase FROM event_log e1 inner join  (SELECT idcase, MIN(timestamp) as timestamp  FROM event_log  GROUP BY idcase order by timestamp) AS e2  on e1.idcase=e2.idcase WHERE e1.activity =  'Declaration rejected by supervisor' ORDER by e2.timestamp",Value,no_hardness,1,1,True,idcase;activity;timestamp,idcase;activity;timestamp,3,3,DISTINCT;MIN;GROUP BY,GROUP BY,3,1
180_5,180,In which process instances was the 'declaration rejected by supervisor' activity performed? Provide the answer in ascending temporal order relative to the start of the process.,"SELECT DISTINCT e1.idcase FROM event_log e1 inner join  (SELECT idcase, MIN(timestamp) as timestamp  FROM event_log  GROUP BY idcase order by timestamp) AS e2  on e1.idcase=e2.idcase WHERE e1.activity =  'Declaration rejected by supervisor' ORDER by e2.timestamp",Value,no_hardness,1,1,True,idcase;activity;timestamp,idcase;activity;timestamp,3,3,DISTINCT;MIN;GROUP BY,GROUP BY,3,1
180_6,180,"Present, in ascending temporal order relative to the beginning of the case, the list of cases in which the 'declaration rejected by supervisor' activity was performed.","SELECT DISTINCT e1.idcase FROM event_log e1 inner join  (SELECT idcase, MIN(timestamp) as timestamp  FROM event_log  GROUP BY idcase order by timestamp) AS e2  on e1.idcase=e2.idcase WHERE e1.activity =  'Declaration rejected by supervisor' ORDER by e2.timestamp",Value,no_hardness,1,1,True,idcase;activity;timestamp,idcase;activity;timestamp,3,3,DISTINCT;MIN;GROUP BY,GROUP BY,3,1
180_7,180,"Present, in ascending temporal order relative to the beginning of the process, the list of process instances in which the 'declaration rejected by supervisor' activity was performed.","SELECT DISTINCT e1.idcase FROM event_log e1 inner join  (SELECT idcase, MIN(timestamp) as timestamp  FROM event_log  GROUP BY idcase order by timestamp) AS e2  on e1.idcase=e2.idcase WHERE e1.activity =  'Declaration rejected by supervisor' ORDER by e2.timestamp",Value,no_hardness,1,1,True,idcase;activity;timestamp,idcase;activity;timestamp,3,3,DISTINCT;MIN;GROUP BY,GROUP BY,3,1
180_8,180,Rejections determined by a supervisor are noted in which travel declarations? Report the declarations in the temporal order of the beginning of their processing.,"SELECT DISTINCT e1.idcase FROM event_log e1 inner join  (SELECT idcase, MIN(timestamp) as timestamp  FROM event_log  GROUP BY idcase order by timestamp) AS e2  on e1.idcase=e2.idcase WHERE e1.activity =  'Declaration rejected by supervisor' ORDER by e2.timestamp",Domain,no_hardness,1,0,True,idcase;activity;timestamp,idcase;timestamp,3,2,DISTINCT;MIN;GROUP BY,GROUP BY,3,1
180_9,180,Which declarations were rejected by the supervisor? Report the declarations ordered by processing start date.,"SELECT DISTINCT e1.idcase FROM event_log e1 inner join  (SELECT idcase, MIN(timestamp) as timestamp  FROM event_log  GROUP BY idcase order by timestamp) AS e2  on e1.idcase=e2.idcase WHERE e1.activity =  'Declaration rejected by supervisor' ORDER by e2.timestamp",Domain,no_hardness,1,0,True,idcase;activity;timestamp,timestamp,3,1,DISTINCT;MIN;GROUP BY,GROUP BY,3,1
181_0,181,Which cases went through the 'start trip' activity and had not ended by March 2018?,SELECT idcase FROM event_log where activity = 'Start trip' INTERSECT SELECT idcase FROM event_log GROUP BY idcase  HAVING MAX(timestamp) >  '2018-03-31',Value,hard,2,2,True,idcase;activity;timestamp,idcase;activity,3,2,MAX;GROUP BY;Set operation,GROUP BY,3,1
181_1,181,Which process instances went through the 'start trip' activity and had not finished by March 2018?,SELECT idcase FROM event_log where activity = 'Start trip' INTERSECT SELECT idcase FROM event_log GROUP BY idcase  HAVING MAX(timestamp) >  '2018-03-31',Value,hard,2,2,True,idcase;activity;timestamp,idcase;activity,3,2,MAX;GROUP BY;Set operation,GROUP BY,3,1
181_2,181,Which process performances went through the 'start trip' activity and had not ended by March 2018?,SELECT idcase FROM event_log where activity = 'Start trip' INTERSECT SELECT idcase FROM event_log GROUP BY idcase  HAVING MAX(timestamp) >  '2018-03-31',Value,hard,2,2,True,idcase;activity;timestamp,idcase;activity,3,2,MAX;GROUP BY;Set operation,GROUP BY,3,1
181_3,181,"Which cases went through the 'start trip' activity and had not ended by March 31, 2018?",SELECT idcase FROM event_log where activity = 'Start trip' INTERSECT SELECT idcase FROM event_log GROUP BY idcase  HAVING MAX(timestamp) >  '2018-03-31',Value,hard,2,2,True,idcase;activity;timestamp,idcase;activity,3,2,MAX;GROUP BY;Set operation,GROUP BY,3,1
181_4,181,"Which process instances went through the 'start trip' activity and had not finished by March 31, 2018?",SELECT idcase FROM event_log where activity = 'Start trip' INTERSECT SELECT idcase FROM event_log GROUP BY idcase  HAVING MAX(timestamp) >  '2018-03-31',Value,hard,2,2,True,idcase;activity;timestamp,idcase;activity,3,2,MAX;GROUP BY;Set operation,GROUP BY,3,1
181_5,181,"Which process performances went through the 'start trip' activity and had not finished by March 31, 2018?",SELECT idcase FROM event_log where activity = 'Start trip' INTERSECT SELECT idcase FROM event_log GROUP BY idcase  HAVING MAX(timestamp) >  '2018-03-31',Value,hard,2,2,True,idcase;activity;timestamp,idcase;activity,3,2,MAX;GROUP BY;Set operation,GROUP BY,3,1
181_6,181,Which cases went through the 'start trip' activity and had not finished by 31/03/2018?,SELECT idcase FROM event_log where activity = 'Start trip' INTERSECT SELECT idcase FROM event_log GROUP BY idcase  HAVING MAX(timestamp) >  '2018-03-31',Value,hard,2,2,True,idcase;activity;timestamp,idcase;activity,3,2,MAX;GROUP BY;Set operation,GROUP BY,3,1
181_7,181,Which process instances went through the 'start trip' activity and had not finished by 31/03/2018?,SELECT idcase FROM event_log where activity = 'Start trip' INTERSECT SELECT idcase FROM event_log GROUP BY idcase  HAVING MAX(timestamp) >  '2018-03-31',Value,hard,2,2,True,idcase;activity;timestamp,idcase;activity,3,2,MAX;GROUP BY;Set operation,GROUP BY,3,1
181_8,181,Which process performances went through the 'start trip' activity and had not finished by 31/03/2018?,SELECT idcase FROM event_log where activity = 'Start trip' INTERSECT SELECT idcase FROM event_log GROUP BY idcase  HAVING MAX(timestamp) >  '2018-03-31',Value,hard,2,2,True,idcase;activity;timestamp,idcase;activity,3,2,MAX;GROUP BY;Set operation,GROUP BY,3,1
181_9,181,"Which declarations were not finalized by March 31, 2018, have already had them registered in the system by recording the start of the trip action?",SELECT idcase FROM event_log where activity = 'Start trip' INTERSECT SELECT idcase FROM event_log GROUP BY idcase  HAVING MAX(timestamp) >  '2018-03-31',Domain,hard,2,1,True,idcase;activity;timestamp,idcase;activity,3,2,MAX;GROUP BY;Set operation,GROUP BY,3,1
181_10,181,"Which declarations that have already registered the start of the trip had not been processed by March 31, 2018?",SELECT idcase FROM event_log where activity = 'Start trip' INTERSECT SELECT idcase FROM event_log GROUP BY idcase  HAVING MAX(timestamp) >  '2018-03-31',Domain,hard,2,1,True,idcase;activity;timestamp,idcase,3,1,MAX;GROUP BY;Set operation,GROUP BY,3,1
182_0,182,"Which cases recorded a completion activity ('end trip') but did not record a payment activity ('request payment', 'payment handled') and had more than one resource acting?",SELECT DISTINCT idcase FROM event_log where activity = 'End trip' INTERSECT SELECT DISTINCT idcase FROM event_log GROUP BY idcase HAVING count(DISTINCT resource) > 1 EXCEPT SELECT DISTINCT idcase FROM event_log where activity = 'Request Payment' OR activity = 'Payment handled',Value,hard,3,3,True,idcase;activity;resource,idcase;activity;resource,3,3,COUNT;DISTINCT;GROUP BY;Set operation,,4,0
182_1,182,What are the cases that went through the 'end trip' activity but did not go through the 'request payment' or 'payment handled' activity and in which more than one resource acted?,SELECT DISTINCT idcase FROM event_log where activity = 'End trip' INTERSECT SELECT DISTINCT idcase FROM event_log GROUP BY idcase HAVING count(DISTINCT resource) > 1 EXCEPT SELECT DISTINCT idcase FROM event_log where activity = 'Request Payment' OR activity = 'Payment handled',Value,hard,3,3,True,idcase;activity;resource,idcase;activity;resource,3,3,COUNT;DISTINCT;GROUP BY;Set operation,,4,0
182_2,182,"For which cases is there a record of a completion activity ('end trip'), no record of payment activity ('request payment', 'payment handled') and more than one associated resource?",SELECT DISTINCT idcase FROM event_log where activity = 'End trip' INTERSECT SELECT DISTINCT idcase FROM event_log GROUP BY idcase HAVING count(DISTINCT resource) > 1 EXCEPT SELECT DISTINCT idcase FROM event_log where activity = 'Request Payment' OR activity = 'Payment handled',Value,hard,3,3,True,idcase;activity;resource,idcase;activity;resource,3,3,COUNT;DISTINCT;GROUP BY;Set operation,,4,0
182_3,182,"Which cases involved more than one resource, recorded the 'end trip' activity, but did not record either 'request payment' or 'payment handled'?",SELECT DISTINCT idcase FROM event_log where activity = 'End trip' INTERSECT SELECT DISTINCT idcase FROM event_log GROUP BY idcase HAVING count(DISTINCT resource) > 1 EXCEPT SELECT DISTINCT idcase FROM event_log where activity = 'Request Payment' OR activity = 'Payment handled',Value,hard,3,3,True,idcase;activity;resource,idcase;activity;resource,3,3,COUNT;DISTINCT;GROUP BY;Set operation,,4,0
182_4,182,"Which process instances involved more than one resource, recorded the 'end trip' activity, but did not record either 'request payment' or 'payment handled'?",SELECT DISTINCT idcase FROM event_log where activity = 'End trip' INTERSECT SELECT DISTINCT idcase FROM event_log GROUP BY idcase HAVING count(DISTINCT resource) > 1 EXCEPT SELECT DISTINCT idcase FROM event_log where activity = 'Request Payment' OR activity = 'Payment handled',Value,hard,3,3,True,idcase;activity;resource,idcase;activity;resource,3,3,COUNT;DISTINCT;GROUP BY;Set operation,,4,0
182_5,182,"In which cases was there a record of involvement of more than one resource, a record of 'end trip' activity, but no record of 'request payment' or 'payment handled' activity?",SELECT DISTINCT idcase FROM event_log where activity = 'End trip' INTERSECT SELECT DISTINCT idcase FROM event_log GROUP BY idcase HAVING count(DISTINCT resource) > 1 EXCEPT SELECT DISTINCT idcase FROM event_log where activity = 'Request Payment' OR activity = 'Payment handled',Value,hard,3,3,True,idcase;activity;resource,idcase;activity;resource,3,3,COUNT;DISTINCT;GROUP BY;Set operation,,4,0
182_6,182,"In which process instances was there a record of involvement of more than one resource, a record of 'end trip' activity, but no record of 'request payment' or 'payment handled' activity?",SELECT DISTINCT idcase FROM event_log where activity = 'End trip' INTERSECT SELECT DISTINCT idcase FROM event_log GROUP BY idcase HAVING count(DISTINCT resource) > 1 EXCEPT SELECT DISTINCT idcase FROM event_log where activity = 'Request Payment' OR activity = 'Payment handled',Value,hard,3,3,True,idcase;activity;resource,idcase;activity;resource,3,3,COUNT;DISTINCT;GROUP BY;Set operation,,4,0
182_7,182,Which declarations were finalized without payment made or recorded?,SELECT DISTINCT idcase FROM event_log where activity = 'End trip' INTERSECT SELECT DISTINCT idcase FROM event_log GROUP BY idcase HAVING count(DISTINCT resource) > 1 EXCEPT SELECT DISTINCT idcase FROM event_log where activity = 'Request Payment' OR activity = 'Payment handled',Domain,hard,3,0,True,idcase;activity;resource,,3,0,COUNT;DISTINCT;GROUP BY;Set operation,,4,0
182_8,182,Which declarations were finalized with end of trip registration without a payment having been made or at least a payment request having been registered?,SELECT DISTINCT idcase FROM event_log where activity = 'End trip' INTERSECT SELECT DISTINCT idcase FROM event_log GROUP BY idcase HAVING count(DISTINCT resource) > 1 EXCEPT SELECT DISTINCT idcase FROM event_log where activity = 'Request Payment' OR activity = 'Payment handled',Domain,hard,3,0,True,idcase;activity;resource,idcase,3,1,COUNT;DISTINCT;GROUP BY;Set operation,,4,0
183_0,183,"For each case, report the number of resources involved and the total cost of the case.","SELECT COUNT(DISTINCT resource), SUM(cost), idcase FROM event_log GROUP BY idcase",Generic,medium,0,0,False,idcase;resource;cost,idcase;resource;cost,3,3,COUNT;DISTINCT;SUM;GROUP BY,COUNT;SUM;GROUP BY,4,3
183_1,183,How many different resources worked on each process instance and what is the cost of this instance?,"SELECT COUNT(DISTINCT resource), SUM(cost), idcase FROM event_log GROUP BY idcase",Generic,medium,0,0,False,idcase;resource;cost,idcase;resource;cost,3,3,COUNT;DISTINCT;SUM;GROUP BY,COUNT;DISTINCT;GROUP BY,4,3
183_2,183,How many different resources worked on each case and what is the cost of this case?,"SELECT COUNT(DISTINCT resource), SUM(cost), idcase FROM event_log GROUP BY idcase",Generic,medium,0,0,False,idcase;resource;cost,idcase;resource;cost,3,3,COUNT;DISTINCT;SUM;GROUP BY,COUNT;DISTINCT;GROUP BY,4,3
183_3,183,"For each process instance, what is the number of unique resources and their cost?","SELECT COUNT(DISTINCT resource), SUM(cost), idcase FROM event_log GROUP BY idcase",Generic,medium,0,0,False,idcase;resource;cost,idcase;resource;cost,3,3,COUNT;DISTINCT;SUM;GROUP BY,COUNT;DISTINCT;GROUP BY,4,3
183_4,183,"For each process instance, report how many resources were involved and what the final cost of performance was.","SELECT COUNT(DISTINCT resource), SUM(cost), idcase FROM event_log GROUP BY idcase",Generic,medium,0,0,False,idcase;resource;cost,idcase;resource;cost,3,3,COUNT;DISTINCT;SUM;GROUP BY,COUNT;GROUP BY,4,2
183_5,183,"For each case, provide the total cost and how many resources were involved in its performance.","SELECT COUNT(DISTINCT resource), SUM(cost), idcase FROM event_log GROUP BY idcase",Generic,medium,0,0,False,idcase;resource;cost,idcase;resource;cost,3,3,COUNT;DISTINCT;SUM;GROUP BY,COUNT;SUM;GROUP BY,4,3
183_6,183,What was the cost of each case and how many resources worked on each one?,"SELECT COUNT(DISTINCT resource), SUM(cost), idcase FROM event_log GROUP BY idcase",Generic,medium,0,0,False,idcase;resource;cost,idcase;resource;cost,3,3,COUNT;DISTINCT;SUM;GROUP BY,COUNT;GROUP BY,4,2
183_7,183,How much did each case cost to perform and how many resources were involved in each of them?,"SELECT COUNT(DISTINCT resource), SUM(cost), idcase FROM event_log GROUP BY idcase",Generic,medium,0,0,False,idcase;resource;cost,idcase;resource;cost,3,3,COUNT;DISTINCT;SUM;GROUP BY,COUNT;GROUP BY,4,2
183_8,183,How much did each process instance cost to perform and how many resources were involved in it?,"SELECT COUNT(DISTINCT resource), SUM(cost), idcase FROM event_log GROUP BY idcase",Generic,medium,0,0,False,idcase;resource;cost,idcase;resource;cost,3,3,COUNT;DISTINCT;SUM;GROUP BY,COUNT;GROUP BY,4,2
183_9,183,How many different people worked on each of the travel declarations and what was the total cost of each of the declarations?,"SELECT COUNT(DISTINCT resource), SUM(cost), idcase FROM event_log GROUP BY idcase",Domain,medium,0,0,False,idcase;resource;cost,idcase;resource;cost,3,3,COUNT;DISTINCT;SUM;GROUP BY,COUNT;DISTINCT;SUM;GROUP BY,4,4
184_0,184,Which cases have more than one activity whose name starts with 'permit'?,select idcase from event_log where activity like 'Permit%' GROUP BY idcase HAVING count(*) > 1,Value,hard,1,0,True,idcase;activity,idcase;activity,2,2,COUNT;GROUP BY,,2,0
184_1,184,Retrieve cases in which there is more than one occurrence of activities starting with the term 'permit'.,select idcase from event_log where activity like 'Permit%' GROUP BY idcase HAVING count(*) > 1,Value,hard,1,0,True,idcase;activity,idcase;activity,2,2,COUNT;GROUP BY,COUNT,2,1
184_2,184,Which cases have two or more activities whose name starts with 'permit'?,select idcase from event_log where activity like 'Permit%' GROUP BY idcase HAVING count(*) > 1,Value,hard,1,0,True,idcase;activity,idcase;activity,2,2,COUNT;GROUP BY,,2,0
184_3,184,Which cases involved activities whose name starts with 'permit' more than once?,select idcase from event_log where activity like 'Permit%' GROUP BY idcase HAVING count(*) > 1,Value,hard,1,0,True,idcase;activity,idcase;activity,2,2,COUNT;GROUP BY,,2,0
184_4,184,Which cases performed activities whose name starts with 'permit' more than once?,select idcase from event_log where activity like 'Permit%' GROUP BY idcase HAVING count(*) > 1,Value,hard,1,0,True,idcase;activity,idcase;activity,2,2,COUNT;GROUP BY,,2,0
184_5,184,List the cases in which there is more than one event record associated with an activity whose name starts with 'permit'.,select idcase from event_log where activity like 'Permit%' GROUP BY idcase HAVING count(*) > 1,Value,hard,1,0,True,idcase;activity,idcase;activity,2,2,COUNT;GROUP BY,,2,0
184_6,184,In which cases were activities whose name starts with 'permit' performed more than once?,select idcase from event_log where activity like 'Permit%' GROUP BY idcase HAVING count(*) > 1,Value,hard,1,0,True,idcase;activity,idcase;activity,2,2,COUNT;GROUP BY,,2,0
184_7,184,In which cases is there more than one record of the performance of activities whose name starts with 'permit'?,select idcase from event_log where activity like 'Permit%' GROUP BY idcase HAVING count(*) > 1,Value,hard,1,0,True,idcase;activity,idcase;activity,2,2,COUNT;GROUP BY,,2,0
184_8,184,Actions related to permits were performed during the processing of which declarations?,select idcase from event_log where activity like 'Permit%' GROUP BY idcase HAVING count(*) > 1,Domain,hard,1,0,True,idcase;activity,,2,0,COUNT;GROUP BY,,2,0
184_9,184,In which declarations was more than one action recorded regarding some type of permit?,select idcase from event_log where activity like 'Permit%' GROUP BY idcase HAVING count(*) > 1,Domain,hard,1,0,True,idcase;activity,idcase;activity,2,2,COUNT;GROUP BY,,2,0
185_0,185,"What are the identifiers of the last events performed, in each case, in order of performance time?","SELECT id FROM (select id, MAX(timestamp) as timestamp  FROM event_log GROUP by idcase) ORDER by timestamp ",Generic,no_hardness,0,0,False,idcase;timestamp,idcase;timestamp,2,2,MAX;GROUP BY,GROUP BY,2,1
185_1,185,"For each case, retrieve the identifier of the last event, ordering the list by the event performance time.","SELECT id FROM (select id, MAX(timestamp) as timestamp  FROM event_log GROUP by idcase) ORDER by timestamp ",Generic,no_hardness,0,0,False,idcase;timestamp,idcase;timestamp,2,2,MAX;GROUP BY,GROUP BY,2,1
185_2,185,Identify the last event performed for each case and list the identifiers of these events in order of performance.,"SELECT id FROM (select id, MAX(timestamp) as timestamp  FROM event_log GROUP by idcase) ORDER by timestamp ",Generic,no_hardness,0,0,False,idcase;timestamp,idcase,2,1,MAX;GROUP BY,GROUP BY,2,1
185_3,185,"List the last events performed, considering each case, listing the identifiers following the order in which the events were performed.","SELECT id FROM (select id, MAX(timestamp) as timestamp  FROM event_log GROUP by idcase) ORDER by timestamp ",Generic,no_hardness,0,0,False,idcase;timestamp,idcase,2,1,MAX;GROUP BY,GROUP BY,2,1
185_4,185,"What are the identifiers of the last events performed, in each process instance, in order of performance time?","SELECT id FROM (select id, MAX(timestamp) as timestamp  FROM event_log GROUP by idcase) ORDER by timestamp ",Generic,no_hardness,0,0,False,idcase;timestamp,idcase;timestamp,2,2,MAX;GROUP BY,GROUP BY,2,1
185_5,185,"For each process instance, retrieve the identifier of the last event, ordering the list by the event performance time.","SELECT id FROM (select id, MAX(timestamp) as timestamp  FROM event_log GROUP by idcase) ORDER by timestamp ",Generic,no_hardness,0,0,False,idcase;timestamp,idcase;timestamp,2,2,MAX;GROUP BY,GROUP BY,2,1
185_6,185,Identify the last event performed for each process instance and list the identifiers of these events in order of performance.,"SELECT id FROM (select id, MAX(timestamp) as timestamp  FROM event_log GROUP by idcase) ORDER by timestamp ",Generic,no_hardness,0,0,False,idcase;timestamp,idcase,2,1,MAX;GROUP BY,GROUP BY,2,1
185_7,185,"List the last events performed, considering each process instance, listing the identifiers following the order in which the events were performed.","SELECT id FROM (select id, MAX(timestamp) as timestamp  FROM event_log GROUP by idcase) ORDER by timestamp ",Generic,no_hardness,0,0,False,idcase;timestamp,idcase,2,1,MAX;GROUP BY,GROUP BY,2,1
185_8,185,What was the last intervention made in each of the travel declarations (list the identifier of the interventions considering the order of performance)?,"SELECT id FROM (select id, MAX(timestamp) as timestamp  FROM event_log GROUP by idcase) ORDER by timestamp ",Domain,no_hardness,0,0,False,idcase;timestamp,idcase,2,1,MAX;GROUP BY,GROUP BY,2,1
186_0,186,What activities have occurred at least a hundred times?,SELECT activity FROM event_log GROUP BY activity HAVING COUNT (*) >= 100,Generic,easy,1,0,True,activity,activity,1,1,COUNT;GROUP BY,,2,0
186_1,186,List the labels of activities that have occurred a hundred times or more.,SELECT activity FROM event_log GROUP BY activity HAVING COUNT (*) >= 100,Generic,easy,1,0,True,activity,activity,1,1,COUNT;GROUP BY,,2,0
186_2,186,What activities have occurred a hundred times or more?,SELECT activity FROM event_log GROUP BY activity HAVING COUNT (*) >= 100,Generic,easy,1,0,True,activity,activity,1,1,COUNT;GROUP BY,,2,0
186_3,186,List the labels of activities that have occurred at least one hundred times.,SELECT activity FROM event_log GROUP BY activity HAVING COUNT (*) >= 100,Generic,easy,1,0,True,activity,activity,1,1,COUNT;GROUP BY,,2,0
186_4,186,Report the activities for which there were one hundred or more occurrences recorded in the log.,SELECT activity FROM event_log GROUP BY activity HAVING COUNT (*) >= 100,Generic,easy,1,0,True,activity,activity,1,1,COUNT;GROUP BY,COUNT,2,1
186_5,186,For which activities are one hundred or more occurrences recorded in the event log?,SELECT activity FROM event_log GROUP BY activity HAVING COUNT (*) >= 100,Generic,easy,1,0,True,activity,activity,1,1,COUNT;GROUP BY,COUNT,2,1
186_6,186,What were the actions for which 100 or more occurrences were recorded?,SELECT activity FROM event_log GROUP BY activity HAVING COUNT (*) >= 100,Domain,easy,1,1,True,activity,,1,0,COUNT;GROUP BY,COUNT,2,1
186_7,186,Which of the actions relating to processing declarations have already been carried out 100 or more times?,SELECT activity FROM event_log GROUP BY activity HAVING COUNT (*) >= 100,Domain,easy,1,1,True,activity,,1,0,COUNT;GROUP BY,,2,0
187_0,187,"For each group of employees (employee, supervisor, administration, pre-approver, budget owner, supervisor, director), list the number of cases in which an activity for which the group is responsible was recorded.","select count(DISTINCT idcase), 'employee' as grupo from event_log WHERE activity like '%employee%'  UNION select count(DISTINCT idcase), 'supervisor' as grupo from event_log WHERE activity like '%supervisor%'  UNION select count(DISTINCT idcase), 'administration' as grupo from event_log WHERE activity like '%administration%'  UNION select count(DISTINCT idcase), 'pre-approver' as grupo from event_log WHERE activity like '%pre-approver%'  UNION select count(DISTINCT idcase), 'budget owner' as grupo from event_log WHERE activity like '%budget owner%'  UNION select count(DISTINCT idcase), 'director' as grupo from event_log WHERE activity like '%director%' ",Value,no_hardness,12,6,True,idcase;activity,activity,2,1,COUNT;DISTINCT;Set operation,COUNT,3,1
187_1,187,"For each group of employees (employee, supervisor, administration, pre-approver, budget owner, supervisor, director), indicate the number of cases in which someone in the group was actioned.","select count(DISTINCT idcase), 'employee' as grupo from event_log WHERE activity like '%employee%'  UNION select count(DISTINCT idcase), 'supervisor' as grupo from event_log WHERE activity like '%supervisor%'  UNION select count(DISTINCT idcase), 'administration' as grupo from event_log WHERE activity like '%administration%'  UNION select count(DISTINCT idcase), 'pre-approver' as grupo from event_log WHERE activity like '%pre-approver%'  UNION select count(DISTINCT idcase), 'budget owner' as grupo from event_log WHERE activity like '%budget owner%'  UNION select count(DISTINCT idcase), 'director' as grupo from event_log WHERE activity like '%director%' ",Value,no_hardness,12,6,True,idcase;activity,,2,0,COUNT;DISTINCT;Set operation,COUNT,3,1
187_2,187,"For each group of employees (employee, supervisor, administration, pre-approver, budget owner, supervisor, director), what is the number of cases in which an activity associated with the group was performed?","select count(DISTINCT idcase), 'employee' as grupo from event_log WHERE activity like '%employee%'  UNION select count(DISTINCT idcase), 'supervisor' as grupo from event_log WHERE activity like '%supervisor%'  UNION select count(DISTINCT idcase), 'administration' as grupo from event_log WHERE activity like '%administration%'  UNION select count(DISTINCT idcase), 'pre-approver' as grupo from event_log WHERE activity like '%pre-approver%'  UNION select count(DISTINCT idcase), 'budget owner' as grupo from event_log WHERE activity like '%budget owner%'  UNION select count(DISTINCT idcase), 'director' as grupo from event_log WHERE activity like '%director%' ",Value,no_hardness,12,6,True,idcase;activity,activity,2,1,COUNT;DISTINCT;Set operation,COUNT,3,1
187_3,187,"For each group of employees (employee, supervisor, administration, pre-approver, budget owner, supervisor, director), list the number of cases in which at least one activity related to each group was performed.","select count(DISTINCT idcase), 'employee' as grupo from event_log WHERE activity like '%employee%'  UNION select count(DISTINCT idcase), 'supervisor' as grupo from event_log WHERE activity like '%supervisor%'  UNION select count(DISTINCT idcase), 'administration' as grupo from event_log WHERE activity like '%administration%'  UNION select count(DISTINCT idcase), 'pre-approver' as grupo from event_log WHERE activity like '%pre-approver%'  UNION select count(DISTINCT idcase), 'budget owner' as grupo from event_log WHERE activity like '%budget owner%'  UNION select count(DISTINCT idcase), 'director' as grupo from event_log WHERE activity like '%director%' ",Value,no_hardness,12,6,True,idcase;activity,activity,2,1,COUNT;DISTINCT;Set operation,COUNT,3,1
187_4,187,"For each employee group (employee, supervisor, administration, pre-approver, budget owner, supervisor, director), list the number of declarations in which an activity for which the group is responsible was recorded.","select count(DISTINCT idcase), 'employee' as grupo from event_log WHERE activity like '%employee%'  UNION select count(DISTINCT idcase), 'supervisor' as grupo from event_log WHERE activity like '%supervisor%'  UNION select count(DISTINCT idcase), 'administration' as grupo from event_log WHERE activity like '%administration%'  UNION select count(DISTINCT idcase), 'pre-approver' as grupo from event_log WHERE activity like '%pre-approver%'  UNION select count(DISTINCT idcase), 'budget owner' as grupo from event_log WHERE activity like '%budget owner%'  UNION select count(DISTINCT idcase), 'director' as grupo from event_log WHERE activity like '%director%' ",Domain,no_hardness,12,6,True,idcase;activity,activity,2,1,COUNT;DISTINCT;Set operation,COUNT,3,1
188_0,188,"Order the activities previously associated with a resource group according to what is specified in its label (employee, supervisor, administration, pre-approver, budget owner, supervisor, director), considering the number of times they were performed.","select count(*), 'employee' as grupo from event_log WHERE activity like '%employee%'  UNION select count(*), 'supervisor' as grupo from event_log WHERE activity like '%supervisor%'  UNION select count(*), 'administration' as grupo from event_log WHERE activity like '%administration%'  UNION select count(*), 'pre-approver' as grupo from event_log WHERE activity like '%pre-approver%'  UNION select count(*), 'budget owner' as grupo from event_log WHERE activity like '%budget owner%'  UNION select count(*), 'director' as grupo from event_log WHERE activity like '%director%'  order by count(*)  ",Value,no_hardness,12,6,True,activity,activity,1,1,COUNT;Set operation,COUNT,2,1
188_1,188,"Present a list of activities previously associated with a resource group as specified in its label (employee, supervisor, administration, pre-approver, budget owner, supervisor, director). The list must be ordered according to the number of times a group's activities were performed.","select count(*), 'employee' as grupo from event_log WHERE activity like '%employee%'  UNION select count(*), 'supervisor' as grupo from event_log WHERE activity like '%supervisor%'  UNION select count(*), 'administration' as grupo from event_log WHERE activity like '%administration%'  UNION select count(*), 'pre-approver' as grupo from event_log WHERE activity like '%pre-approver%'  UNION select count(*), 'budget owner' as grupo from event_log WHERE activity like '%budget owner%'  UNION select count(*), 'director' as grupo from event_log WHERE activity like '%director%'  order by count(*)  ",Value,no_hardness,12,6,True,activity,activity,1,1,COUNT;Set operation,COUNT,2,1
188_2,188,"Considering that there are actions whose name identifies the role of the employee responsible, present an ordered list with the number of times that actions from each group were carried out.","select count(*), 'employee' as grupo from event_log WHERE activity like '%employee%'  UNION select count(*), 'supervisor' as grupo from event_log WHERE activity like '%supervisor%'  UNION select count(*), 'administration' as grupo from event_log WHERE activity like '%administration%'  UNION select count(*), 'pre-approver' as grupo from event_log WHERE activity like '%pre-approver%'  UNION select count(*), 'budget owner' as grupo from event_log WHERE activity like '%budget owner%'  UNION select count(*), 'director' as grupo from event_log WHERE activity like '%director%'  order by count(*)  ",Domain,no_hardness,12,1,True,activity,,1,0,COUNT;Set operation,COUNT,2,1
189_0,189,What are the cases in which there are events recorded after the trip has ended?,select e1.idcase from event_log AS e1 inner join event_log AS e2 on e1.idcase = e2.idcase  WHERE e2.activity = 'End trip' and e1.timestamp > e2.timestamp group by e1.idcase,Domain,no_hardness,1,0,True,idcase;activity;timestamp,idcase,3,1,GROUP BY,,1,0
189_1,189,Which cases had activities carried out after the event that records the end of the trip?,select e1.idcase from event_log AS e1 inner join event_log AS e2 on e1.idcase = e2.idcase  WHERE e2.activity = 'End trip' and e1.timestamp > e2.timestamp group by e1.idcase,Domain,no_hardness,1,0,True,idcase;activity;timestamp,idcase;activity,3,2,GROUP BY,,1,0
189_2,189,In which cases are events included after the completion of the trip is recorded?,select e1.idcase from event_log AS e1 inner join event_log AS e2 on e1.idcase = e2.idcase  WHERE e2.activity = 'End trip' and e1.timestamp > e2.timestamp group by e1.idcase,Domain,no_hardness,1,0,True,idcase;activity;timestamp,idcase,3,1,GROUP BY,,1,0
189_3,189,List the cases in which events were recorded after the end of the trip.,select e1.idcase from event_log AS e1 inner join event_log AS e2 on e1.idcase = e2.idcase  WHERE e2.activity = 'End trip' and e1.timestamp > e2.timestamp group by e1.idcase,Domain,no_hardness,1,0,True,idcase;activity;timestamp,idcase,3,1,GROUP BY,,1,0
189_4,189,List the cases that had activities carried out after the end of the trip.,select e1.idcase from event_log AS e1 inner join event_log AS e2 on e1.idcase = e2.idcase  WHERE e2.activity = 'End trip' and e1.timestamp > e2.timestamp group by e1.idcase,Domain,no_hardness,1,0,True,idcase;activity;timestamp,idcase;activity,3,2,GROUP BY,,1,0
189_5,189,Which declarations received the register of actions even after they registered end of the trip?,select e1.idcase from event_log AS e1 inner join event_log AS e2 on e1.idcase = e2.idcase  WHERE e2.activity = 'End trip' and e1.timestamp > e2.timestamp group by e1.idcase,Domain,no_hardness,1,0,True,idcase;activity;timestamp,idcase,3,1,GROUP BY,,1,0
190_0,190,"How many cases, to date, have the performance of the 'send reminder' activity as the last recorded event?","SELECT COUNT(*) FROM (SELECT idcase, activity, max(timestamp) from event_log group by idcase)  WHERE activity='Send reminder'  ",Value,no_hardness,1,1,True,idcase;activity;timestamp,activity;timestamp,3,2,COUNT;MAX;GROUP BY,COUNT,3,1
190_1,190,How many cases have the performance of the 'send reminder' activity as the last event recorded to date?,"SELECT COUNT(*) FROM (SELECT idcase, activity, max(timestamp) from event_log group by idcase)  WHERE activity='Send reminder'  ",Value,no_hardness,1,1,True,idcase;activity;timestamp,activity;timestamp,3,2,COUNT;MAX;GROUP BY,COUNT,3,1
190_2,190,"Identify how many cases that, until now, have the performance of the 'send reminder' activity as the last recorded event","SELECT COUNT(*) FROM (SELECT idcase, activity, max(timestamp) from event_log group by idcase)  WHERE activity='Send reminder'  ",Value,no_hardness,1,1,True,idcase;activity;timestamp,activity,3,1,COUNT;MAX;GROUP BY,COUNT,3,1
190_3,190,"To date, how many cases have the 'send reminder' activity recorded as the last occurrence?","SELECT COUNT(*) FROM (SELECT idcase, activity, max(timestamp) from event_log group by idcase)  WHERE activity='Send reminder'  ",Value,no_hardness,1,1,True,idcase;activity;timestamp,activity;timestamp,3,2,COUNT;MAX;GROUP BY,COUNT,3,1
190_4,190,"To date, what is the number of cases in which the most recent event records the performance of 'send reminder'?","SELECT COUNT(*) FROM (SELECT idcase, activity, max(timestamp) from event_log group by idcase)  WHERE activity='Send reminder'  ",Value,no_hardness,1,1,True,idcase;activity;timestamp,activity;timestamp,3,2,COUNT;MAX;GROUP BY,COUNT;MAX,3,2
190_5,190,Count how many declarations are stuck in a 'send reminder' activity.,"SELECT COUNT(*) FROM (SELECT idcase, activity, max(timestamp) from event_log group by idcase)  WHERE activity='Send reminder'  ",Domain,no_hardness,1,1,True,idcase;activity;timestamp,activity,3,1,COUNT;MAX;GROUP BY,COUNT,3,1
191_0,191,"What are the resources that were not working on March 31, 2018?","SELECT distinct resource FROM event_log EXCEPT SELECT distinct resource FROM event_log where strftime('%Y-%m-%d', timestamp) =  '2018-03-31'",Value,no_hardness,2,1,True,resource;timestamp,resource,2,1,DISTINCT;Set operation,,2,0
191_1,191,"What resources were not allocated to any event on March 31, 2018?","SELECT distinct resource FROM event_log EXCEPT SELECT distinct resource FROM event_log where strftime('%Y-%m-%d', timestamp) =  '2018-03-31'",Value,no_hardness,2,1,True,resource;timestamp,resource,2,1,DISTINCT;Set operation,,2,0
191_2,191,"List all resources that were not associated with events performed on March 31, 2018.","SELECT distinct resource FROM event_log EXCEPT SELECT distinct resource FROM event_log where strftime('%Y-%m-%d', timestamp) =  '2018-03-31'",Value,no_hardness,2,1,True,resource;timestamp,resource,2,1,DISTINCT;Set operation,,2,0
191_3,191,"Report idle resources on March 31, 2018.","SELECT distinct resource FROM event_log EXCEPT SELECT distinct resource FROM event_log where strftime('%Y-%m-%d', timestamp) =  '2018-03-31'",Value,no_hardness,2,1,True,resource;timestamp,resource,2,1,DISTINCT;Set operation,,2,0
191_4,191,"Who were idle employees in the travel declaration process on March 31, 2018?","SELECT distinct resource FROM event_log EXCEPT SELECT distinct resource FROM event_log where strftime('%Y-%m-%d', timestamp) =  '2018-03-31'",Domain,no_hardness,2,1,True,resource;timestamp,resource,2,1,DISTINCT;Set operation,,2,0
191_5,191,"Which employees were not allocated to any declaration processing action on March 31, 2018?","SELECT distinct resource FROM event_log EXCEPT SELECT distinct resource FROM event_log where strftime('%Y-%m-%d', timestamp) =  '2018-03-31'",Domain,no_hardness,2,1,True,resource;timestamp,resource,2,1,DISTINCT;Set operation,,2,0
192_0,192,Identify the number of events recording the performance of each activity for cases completed between '2018-12-01' and '2018-12-05'.,"SELECT activity, COUNT(*) FROM event_log WHERE idcase IN (select idcase FROM event_log GROUP BY idcase HAVING MAX(strftime('%Y-%m-%d', timestamp)) BETWEEN '2018-12-01'  AND '2018-12-05') GROUP BY activity",Value,no_hardness,3,2,True,idcase;activity;timestamp,activity,3,1,COUNT;MAX;GROUP BY;Temporal,COUNT;GROUP BY;Temporal,4,3
192_1,192,"Considering cases completed between ‘2018-12-01’ and ‘2018-12-05’, identify the performance frequency of each activity.","SELECT activity, COUNT(*) FROM event_log WHERE idcase IN (select idcase FROM event_log GROUP BY idcase HAVING MAX(strftime('%Y-%m-%d', timestamp)) BETWEEN '2018-12-01'  AND '2018-12-05') GROUP BY activity",Value,no_hardness,3,2,True,idcase;activity;timestamp,activity,3,1,COUNT;MAX;GROUP BY;Temporal,GROUP BY;Temporal,4,2
192_2,192,"By filtering completed cases in the '2018-12-01' to '2018-12-05' period, determine the performance frequency of each activity.","SELECT activity, COUNT(*) FROM event_log WHERE idcase IN (select idcase FROM event_log GROUP BY idcase HAVING MAX(strftime('%Y-%m-%d', timestamp)) BETWEEN '2018-12-01'  AND '2018-12-05') GROUP BY activity",Value,no_hardness,3,2,True,idcase;activity;timestamp,activity;timestamp,3,2,COUNT;MAX;GROUP BY;Temporal,GROUP BY;Temporal,4,2
192_3,192,Consider cases closed between '2018-12-01' and '2018-12-05'. What is the performance frequency for each recorded activity?,"SELECT activity, COUNT(*) FROM event_log WHERE idcase IN (select idcase FROM event_log GROUP BY idcase HAVING MAX(strftime('%Y-%m-%d', timestamp)) BETWEEN '2018-12-01'  AND '2018-12-05') GROUP BY activity",Value,no_hardness,3,2,True,idcase;activity;timestamp,activity,3,1,COUNT;MAX;GROUP BY;Temporal,GROUP BY;Temporal,4,2
192_4,192,"For cases completed between '2018-12-01' and '2018-12-05', how many times was each activity performed?","SELECT activity, COUNT(*) FROM event_log WHERE idcase IN (select idcase FROM event_log GROUP BY idcase HAVING MAX(strftime('%Y-%m-%d', timestamp)) BETWEEN '2018-12-01'  AND '2018-12-05') GROUP BY activity",Value,no_hardness,3,2,True,idcase;activity;timestamp,activity,3,1,COUNT;MAX;GROUP BY;Temporal,COUNT;GROUP BY;Temporal,4,3
192_5,192,What was the performance frequency of each action in processing declarations completed between ‘2018-12-01’ and ‘2018-12-05’?,"SELECT activity, COUNT(*) FROM event_log WHERE idcase IN (select idcase FROM event_log GROUP BY idcase HAVING MAX(strftime('%Y-%m-%d', timestamp)) BETWEEN '2018-12-01'  AND '2018-12-05') GROUP BY activity",Domain,no_hardness,3,2,True,idcase;activity;timestamp,activity,3,1,COUNT;MAX;GROUP BY;Temporal,GROUP BY;Temporal,4,2
193_0,193,Indicate how many cases do not have a record of the performance of the 'payment handled' activity to date.,SELECT COUNT(DISTINCT idcase) FROM event_log WHERE idcase NOT IN (SELECT DISTINCT idcase FROM event_log where activity = 'Payment handled') ,Value,extra,1,1,True,idcase;activity,activity,2,1,COUNT;DISTINCT;Negation,COUNT;Negation,3,2
193_1,193,"To date, in how many cases is there no record of the performance of the 'payment handled' activity?",SELECT COUNT(DISTINCT idcase) FROM event_log WHERE idcase NOT IN (SELECT DISTINCT idcase FROM event_log where activity = 'Payment handled') ,Value,extra,1,1,True,idcase;activity,activity,2,1,COUNT;DISTINCT;Negation,COUNT;Negation,3,2
193_2,193,In how many cases has the performance of the 'payment handled' activity not been recorded to date?,SELECT COUNT(DISTINCT idcase) FROM event_log WHERE idcase NOT IN (SELECT DISTINCT idcase FROM event_log where activity = 'Payment handled') ,Value,extra,1,1,True,idcase;activity,activity,2,1,COUNT;DISTINCT;Negation,COUNT;Negation,3,2
193_3,193,"So far, in how many cases has the 'payment handled' activity not been recorded?",SELECT COUNT(DISTINCT idcase) FROM event_log WHERE idcase NOT IN (SELECT DISTINCT idcase FROM event_log where activity = 'Payment handled') ,Value,extra,1,1,True,idcase;activity,activity,2,1,COUNT;DISTINCT;Negation,COUNT;Negation,3,2
193_4,193,What is the number of cases in which the performance of the 'payment handled' activity has not been recorded so far?,SELECT COUNT(DISTINCT idcase) FROM event_log WHERE idcase NOT IN (SELECT DISTINCT idcase FROM event_log where activity = 'Payment handled') ,Value,extra,1,1,True,idcase;activity,activity,2,1,COUNT;DISTINCT;Negation,COUNT;Negation,3,2
193_5,193,"To date, for how many declarations is there no record of payment being made?",SELECT COUNT(DISTINCT idcase) FROM event_log WHERE idcase NOT IN (SELECT DISTINCT idcase FROM event_log where activity = 'Payment handled') ,Domain,extra,1,0,True,idcase;activity,,2,0,COUNT;DISTINCT;Negation,COUNT;Negation,3,2
193_6,193,Indicate how many declarations do not have a record of payment made to date.,SELECT COUNT(DISTINCT idcase) FROM event_log WHERE idcase NOT IN (SELECT DISTINCT idcase FROM event_log where activity = 'Payment handled') ,Domain,extra,1,0,True,idcase;activity,,2,0,COUNT;DISTINCT;Negation,COUNT;Negation,3,2
193_7,193,"In general, a declaration is completed with the recording of a payment activity, as the last action performed. Considering this information, which declarations have not yet been finalized?",SELECT COUNT(DISTINCT idcase) FROM event_log WHERE idcase NOT IN (SELECT DISTINCT idcase FROM event_log where activity = 'Payment handled') ,Domain,extra,1,0,True,idcase;activity,idcase;activity,2,2,COUNT;DISTINCT;Negation,Negation,3,1
194_0,194,How many different resources were associated with the performance of each activity?,"SELECT activity, COUNT(DISTINCT resource) FROM event_log GROUP BY activity",Generic,medium,0,0,False,activity;resource,activity;resource,2,2,COUNT;DISTINCT;GROUP BY,COUNT;DISTINCT;GROUP BY,3,3
194_1,194,"For each activity, how many distinct resources were associated with its performance?","SELECT activity, COUNT(DISTINCT resource) FROM event_log GROUP BY activity",Generic,medium,0,0,False,activity;resource,activity;resource,2,2,COUNT;DISTINCT;GROUP BY,COUNT;DISTINCT;GROUP BY,3,3
194_2,194,Report the number of different resources associated with the performance of each activity.,"SELECT activity, COUNT(DISTINCT resource) FROM event_log GROUP BY activity",Generic,medium,0,0,False,activity;resource,activity;resource,2,2,COUNT;DISTINCT;GROUP BY,COUNT;DISTINCT;GROUP BY,3,3
194_3,194,Identify how many unique resources were involved in performing each activity.,"SELECT activity, COUNT(DISTINCT resource) FROM event_log GROUP BY activity",Generic,medium,0,0,False,activity;resource,activity;resource,2,2,COUNT;DISTINCT;GROUP BY,COUNT;DISTINCT;GROUP BY,3,3
194_4,194,How many distinct resources were associated with the performance of each activity?,"SELECT activity, COUNT(DISTINCT resource) FROM event_log GROUP BY activity",Generic,medium,0,0,False,activity;resource,activity;resource,2,2,COUNT;DISTINCT;GROUP BY,COUNT;DISTINCT;GROUP BY,3,3
194_5,194,How many different employees have already been allocated to each of the declaration processing actions?,"SELECT activity, COUNT(DISTINCT resource) FROM event_log GROUP BY activity",Domain,medium,0,0,False,activity;resource,resource,2,1,COUNT;DISTINCT;GROUP BY,COUNT;DISTINCT;GROUP BY,3,3
195_0,195,What are the activities that preceded a 'send reminder' occurrence?,"select distinct(e1.activity) from event_log AS e1 inner join event_log AS e2 on e1.idcase = e2.idcase WHERE e2.activity = 'Send reminder' and e1.timestamp < e2.timestamp group by e1.idcase, e1.activity ",Value,no_hardness,1,1,True,idcase;activity;timestamp,activity,3,1,DISTINCT;GROUP BY,,2,0
195_1,195,What has already been done before the 'send reminder'?,"select distinct(e1.activity) from event_log AS e1 inner join event_log AS e2 on e1.idcase = e2.idcase WHERE e2.activity = 'Send reminder' and e1.timestamp < e2.timestamp group by e1.idcase, e1.activity ",Domain,no_hardness,1,1,True,idcase;activity;timestamp,,3,0,DISTINCT;GROUP BY,,2,0
195_2,195,What actions have already preceded the sending of a reminder in travel declarations registered in the system?,"select distinct(e1.activity) from event_log AS e1 inner join event_log AS e2 on e1.idcase = e2.idcase WHERE e2.activity = 'Send reminder' and e1.timestamp < e2.timestamp group by e1.idcase, e1.activity ",Domain,no_hardness,1,0,True,idcase;activity;timestamp,idcase,3,1,DISTINCT;GROUP BY,,2,0
196_0,196,What is the distribution of cases in relation to the number of events recorded per case?,"SELECT events_count, COUNT(*) FROM (SELECT COUNT(*) as events_count, idcase FROM event_log GROUP BY idcase ) GROUP BY events_count",Generic,no_hardness,0,0,False,idcase,idcase,1,1,COUNT;GROUP BY,COUNT;GROUP BY,2,2
196_1,196,Calculate the number of events per case and indicate how many cases are associated with each event count.,"SELECT events_count, COUNT(*) FROM (SELECT COUNT(*) as events_count, idcase FROM event_log GROUP BY idcase ) GROUP BY events_count",Generic,no_hardness,0,0,False,idcase,idcase,1,1,COUNT;GROUP BY,COUNT;GROUP BY,2,2
196_2,196,Calculate the number of events per case and report how many cases correspond to each number.,"SELECT events_count, COUNT(*) FROM (SELECT COUNT(*) as events_count, idcase FROM event_log GROUP BY idcase ) GROUP BY events_count",Generic,no_hardness,0,0,False,idcase,idcase,1,1,COUNT;GROUP BY,COUNT;GROUP BY,2,2
196_3,196,"When calculating the number of events per case, how many cases relate to the different event counts found?","SELECT events_count, COUNT(*) FROM (SELECT COUNT(*) as events_count, idcase FROM event_log GROUP BY idcase ) GROUP BY events_count",Generic,no_hardness,0,0,False,idcase,idcase,1,1,COUNT;GROUP BY,COUNT;GROUP BY,2,2
196_4,196,Count how many actions were performed in each declaration and report how many declarations have the same number of events performed.,"SELECT events_count, COUNT(*) FROM (SELECT COUNT(*) as events_count, idcase FROM event_log GROUP BY idcase ) GROUP BY events_count",Domain,no_hardness,0,0,False,idcase,idcase,1,1,COUNT;GROUP BY,COUNT;GROUP BY,2,2
197_0,197,"Considering the total cost of a case as the sum of the cost of all its events, what is the average total cost of the cases in this log?","SELECT AVG(total_cost) FROM (select SUM(cost) as total_cost, idcase from event_log group by idcase)",Generic,no_hardness,0,0,False,idcase;cost,idcase;cost,2,2,SUM;GROUP BY,SUM,2,1
197_1,197,"Considering that the total cost of a case is the result of the sum of the costs of all events associated with the case, what would be the mean total costs for the cases in this log?","SELECT AVG(total_cost) FROM (select SUM(cost) as total_cost, idcase from event_log group by idcase)",Generic,no_hardness,0,0,False,idcase;cost,idcase;cost,2,2,SUM;GROUP BY,SUM,2,1
197_2,197,"Taking into account that the total cost of a case is the sum of the costs of all its events, what is the mean of the total costs of the cases in this log?","SELECT AVG(total_cost) FROM (select SUM(cost) as total_cost, idcase from event_log group by idcase)",Generic,no_hardness,0,0,False,idcase;cost,idcase;cost,2,2,SUM;GROUP BY,SUM,2,1
197_3,197,Assume the total cost of a case as the sum of the costs of all its events. What is the mean total costs for the cases in this log?,"SELECT AVG(total_cost) FROM (select SUM(cost) as total_cost, idcase from event_log group by idcase)",Generic,no_hardness,0,0,False,idcase;cost,idcase;cost,2,2,SUM;GROUP BY,SUM,2,1
197_4,197,Consider the total cost of a case as the sum of the costs of all its events. What is the mean of the total costs?,"SELECT AVG(total_cost) FROM (select SUM(cost) as total_cost, idcase from event_log group by idcase)",Generic,no_hardness,0,0,False,idcase;cost,idcase;cost,2,2,SUM;GROUP BY,SUM,2,1
197_5,197,How much was spent on average processing the declarations?,"SELECT AVG(total_cost) FROM (select SUM(cost) as total_cost, idcase from event_log group by idcase)",Domain,no_hardness,0,0,False,idcase;cost,,2,0,SUM;GROUP BY,,2,0
198_0,198,What is the mean cost of events when grouped by resource?,"SELECT avg(cost), resource FROM event_log GROUP BY resource",Generic,medium,0,0,False,resource;cost,resource;cost,2,2,GROUP BY,GROUP BY,1,1
198_1,198,"When grouping by resource, what is the mean cost of events?","SELECT avg(cost), resource FROM event_log GROUP BY resource",Generic,medium,0,0,False,resource;cost,resource;cost,2,2,GROUP BY,GROUP BY,1,1
198_2,198,"When grouping events according to the resources used in them, indicate the mean cost of the set of events associated with each resource.","SELECT avg(cost), resource FROM event_log GROUP BY resource",Generic,medium,0,0,False,resource;cost,resource;cost,2,2,GROUP BY,GROUP BY,1,1
198_3,198,"Considering a grouping of events by resource, what is the mean cost of the events associated with each resource?","SELECT avg(cost), resource FROM event_log GROUP BY resource",Generic,medium,0,0,False,resource;cost,resource;cost,2,2,GROUP BY,GROUP BY,1,1
198_4,198,Group events by resource and identify the mean cost of events in each group.,"SELECT avg(cost), resource FROM event_log GROUP BY resource",Generic,medium,0,0,False,resource;cost,resource;cost,2,2,GROUP BY,GROUP BY,1,1
198_5,198,What is the mean cost associated with events for which each employee is responsible?,"SELECT avg(cost), resource FROM event_log GROUP BY resource",Domain,medium,0,0,False,resource;cost,resource;cost,2,2,GROUP BY,GROUP BY,1,1
199_0,199,What are the 10 resources most frequently associated with the performance of activities recorded in the events?,SELECT resource FROM event_log GROUP BY resource HAVING COUNT(*) IN (SELECT COUNT(*) FROM event_log GROUP BY resource ORDER BY COUNT(*) DESC LIMIT 10),Generic,hard,1,1,True,resource,resource,1,1,COUNT;GROUP BY,,2,0
199_1,199,Identify the 10 resources most frequently linked to the performance of activities recorded in the events.,SELECT resource FROM event_log GROUP BY resource HAVING COUNT(*) IN (SELECT COUNT(*) FROM event_log GROUP BY resource ORDER BY COUNT(*) DESC LIMIT 10),Generic,hard,1,1,True,resource,resource,1,1,COUNT;GROUP BY,,2,0
199_2,199,Identify the 10 resources most frequently related to the performance of activities recorded in the events.,SELECT resource FROM event_log GROUP BY resource HAVING COUNT(*) IN (SELECT COUNT(*) FROM event_log GROUP BY resource ORDER BY COUNT(*) DESC LIMIT 10),Generic,hard,1,1,True,resource,resource,1,1,COUNT;GROUP BY,,2,0
199_3,199,List the 10 resources that appear most frequently in the performance of activities recorded in the events.,SELECT resource FROM event_log GROUP BY resource HAVING COUNT(*) IN (SELECT COUNT(*) FROM event_log GROUP BY resource ORDER BY COUNT(*) DESC LIMIT 10),Generic,hard,1,1,True,resource,resource,1,1,COUNT;GROUP BY,,2,0
199_4,199,List the top 10 resources in terms of number of events that use them during the performance of the registered activity.,SELECT resource FROM event_log GROUP BY resource HAVING COUNT(*) IN (SELECT COUNT(*) FROM event_log GROUP BY resource ORDER BY COUNT(*) DESC LIMIT 10),Generic,hard,1,1,True,resource,resource,1,1,COUNT;GROUP BY,COUNT,2,1
199_5,199,Who are the 10 employees most requested for processing travel declarations?,SELECT resource FROM event_log GROUP BY resource HAVING COUNT(*) IN (SELECT COUNT(*) FROM event_log GROUP BY resource ORDER BY COUNT(*) DESC LIMIT 10),Domain,hard,1,1,True,resource,resource,1,1,COUNT;GROUP BY,,2,0
200_0,200,How many events were run per day?,"SELECT strftime('%Y-%m-%d', timestamp) AS event_day, COUNT(*) FROM event_log GROUP BY event_day",Generic,no_hardness,1,0,True,timestamp,timestamp,1,1,COUNT;GROUP BY,COUNT;GROUP BY,2,2
200_1,200,How many occurrences of activity were there each day?,"SELECT strftime('%Y-%m-%d', timestamp) AS event_day, COUNT(*) FROM event_log GROUP BY event_day",Generic,no_hardness,1,0,True,timestamp,timestamp,1,1,COUNT;GROUP BY,COUNT;GROUP BY,2,2
200_2,200,How many actions were performed each day in processing the declarations?,"SELECT strftime('%Y-%m-%d', timestamp) AS event_day, COUNT(*) FROM event_log GROUP BY event_day",Domain,no_hardness,1,0,True,timestamp,timestamp,1,1,COUNT;GROUP BY,COUNT;GROUP BY,2,2
201_0,201,List all cases in which two different resources subsequently performed the same activity.,"SELECT DISTINCT(idcase) FROM (SELECT idcase, activity, resource, LEAD(activity) OVER (PARTITION BY idcase ORDER BY timestamp) AS next_activity, LEAD(resource) OVER (PARTITION BY idcase ORDER BY timestamp) AS next_resource FROM event_log)  where activity = next_activity and resource != next_resource ",Generic,no_hardness,0,0,False,idcase;activity;resource;timestamp,activity;resource,4,2,DISTINCT;Negation,DISTINCT,2,1
201_1,201,Indicate cases in which the same activity was performed twice in a row by two different resources.,"SELECT DISTINCT(idcase) FROM (SELECT idcase, activity, resource, LEAD(activity) OVER (PARTITION BY idcase ORDER BY timestamp) AS next_activity, LEAD(resource) OVER (PARTITION BY idcase ORDER BY timestamp) AS next_resource FROM event_log)  where activity = next_activity and resource != next_resource ",Generic,no_hardness,0,0,False,idcase;activity;resource;timestamp,activity;resource,4,2,DISTINCT;Negation,DISTINCT,2,1
201_2,201,"For the same declaration, was the same action recorded consecutively, but carried out by different employees? List for which declarations this occurred.","SELECT DISTINCT(idcase) FROM (SELECT idcase, activity, resource, LEAD(activity) OVER (PARTITION BY idcase ORDER BY timestamp) AS next_activity, LEAD(resource) OVER (PARTITION BY idcase ORDER BY timestamp) AS next_resource FROM event_log)  where activity = next_activity and resource != next_resource ",Domain,no_hardness,0,0,False,idcase;activity;resource;timestamp,idcase;activity;resource,4,3,DISTINCT;Negation,DISTINCT,2,1
202_0,202,"How many events occurred in each case before the 'declaration final approved by director' activity was recorded, for those cases where it was recorded?","SELECT e.idcase, COUNT(*) FROM event_log e INNER JOIN (SELECT idcase, MIN(timestamp) as timestamp FROM event_log where activity='Declaration final approved by director' GROUP BY idcase order by idcase) e1 on e.idcase = e1.idcase and e.timestamp < e1.timestamp GROUP BY e.idcase  ",Value,no_hardness,1,1,True,idcase;activity;timestamp,idcase;activity,3,2,COUNT;MIN;GROUP BY,COUNT;GROUP BY,3,2
202_1,202,"For cases in which there was the 'declaration final approved by director' activity, report how many events preceded the occurrence of this activity.","SELECT e.idcase, COUNT(*) FROM event_log e INNER JOIN (SELECT idcase, MIN(timestamp) as timestamp FROM event_log where activity='Declaration final approved by director' GROUP BY idcase order by idcase) e1 on e.idcase = e1.idcase and e.timestamp < e1.timestamp GROUP BY e.idcase  ",Value,no_hardness,1,1,True,idcase;activity;timestamp,idcase;activity,3,2,COUNT;MIN;GROUP BY,COUNT;GROUP BY,3,2
202_2,202,"How many interventions were necessary before the declaration received final approval from the director, in each of the declarations in which this approval was recorded?","SELECT e.idcase, COUNT(*) FROM event_log e INNER JOIN (SELECT idcase, MIN(timestamp) as timestamp FROM event_log where activity='Declaration final approved by director' GROUP BY idcase order by idcase) e1 on e.idcase = e1.idcase and e.timestamp < e1.timestamp GROUP BY e.idcase  ",Domain,no_hardness,1,0,True,idcase;activity;timestamp,idcase,3,1,COUNT;MIN;GROUP BY,COUNT;GROUP BY,3,2
203_0,203,"How much time passed between the occurrence of the 'permit submitted by employee' activity and the 'permit approved by administration' activity, in each case in which such activities occurred?","select  e.idcase, (strftime('%s',e1.timestamp) - strftime('%s', e. timestamp)) from event_log e inner join event_log e1 on e1.idcase = e.idcase and e1.timestamp > e.timestamp where e.activity = 'Permit submitted by employee' and e1.activity = 'Permit approved by administration' ",Value,no_hardness,4,2,True,idcase;activity;timestamp,idcase;activity;timestamp,3,3,,,0,0
203_1,203,"What was the time interval between the occurrence of the 'permit submitted by employee' activity and the 'permit approved by administration' activity, in each case in which such activities occurred?","select  e.idcase, (strftime('%s',e1.timestamp) - strftime('%s', e. timestamp)) from event_log e inner join event_log e1 on e1.idcase = e.idcase and e1.timestamp > e.timestamp where e.activity = 'Permit submitted by employee' and e1.activity = 'Permit approved by administration' ",Value,no_hardness,4,2,True,idcase;activity;timestamp,idcase;activity;timestamp,3,3,,,0,0
203_2,203,"How much time passed between the employee requesting a permit and the permit being approved by administration, in the declarations in which these actions occurred?","select  e.idcase, (strftime('%s',e1.timestamp) - strftime('%s', e. timestamp)) from event_log e inner join event_log e1 on e1.idcase = e.idcase and e1.timestamp > e.timestamp where e.activity = 'Permit submitted by employee' and e1.activity = 'Permit approved by administration' ",Domain,no_hardness,4,0,True,idcase;activity;timestamp,idcase;timestamp,3,2,,,0,0
204_0,204,In which cases was there rework?,"SELECT DISTINCT idcase FROM event_log GROUP BY idcase, activity HAVING COUNT(*) > 1",Generic,medium,0,0,False,idcase;activity,,2,0,COUNT;DISTINCT;GROUP BY,,3,0
204_1,204,Retrieve cases where rework situations occurred.,"SELECT DISTINCT idcase FROM event_log GROUP BY idcase, activity HAVING COUNT(*) > 1",Generic,medium,0,0,False,idcase;activity,,2,0,COUNT;DISTINCT;GROUP BY,,3,0
204_2,204,Report which cases went through rework situations.,"SELECT DISTINCT idcase FROM event_log GROUP BY idcase, activity HAVING COUNT(*) > 1",Generic,medium,0,0,False,idcase;activity,,2,0,COUNT;DISTINCT;GROUP BY,,3,0
204_3,204,In which declarations was there rework?,"SELECT DISTINCT idcase FROM event_log GROUP BY idcase, activity HAVING COUNT(*) > 1",Generic,medium,0,0,False,idcase;activity,,2,0,COUNT;DISTINCT;GROUP BY,,3,0
204_4,204,In which declarations did we have problems with rework?,"SELECT DISTINCT idcase FROM event_log GROUP BY idcase, activity HAVING COUNT(*) > 1",Domain,medium,0,0,False,idcase;activity,,2,0,COUNT;DISTINCT;GROUP BY,,3,0
204_5,204,In which declarations was the same intervention performed more than once?,"SELECT DISTINCT idcase FROM event_log GROUP BY idcase, activity HAVING COUNT(*) > 1",Domain,medium,0,0,False,idcase;activity,,2,0,COUNT;DISTINCT;GROUP BY,,3,0
205_0,205,In which cases were activities of the same type performed consecutively?,"SELECT DISTINCT(idcase) FROM (SELECT idcase, activity, LEAD(activity) OVER (PARTITION BY idcase ORDER BY timestamp) AS next_activity FROM event_log)  where activity = next_activity ",Generic,no_hardness,0,0,False,idcase;activity;timestamp,activity,3,1,DISTINCT,,1,0
205_1,205,Recover cases in which activities of the same type occurred consecutively.,"SELECT DISTINCT(idcase) FROM (SELECT idcase, activity, LEAD(activity) OVER (PARTITION BY idcase ORDER BY timestamp) AS next_activity FROM event_log)  where activity = next_activity ",Generic,no_hardness,0,0,False,idcase;activity;timestamp,activity,3,1,DISTINCT,,1,0
205_2,205,"Report which cases have undergone rework situations, with sequences of performance of the same activity.","SELECT DISTINCT(idcase) FROM (SELECT idcase, activity, LEAD(activity) OVER (PARTITION BY idcase ORDER BY timestamp) AS next_activity FROM event_log)  where activity = next_activity ",Generic,no_hardness,0,0,False,idcase;activity;timestamp,activity,3,1,DISTINCT,,1,0
205_3,205,In which declarations were activities of the same type carried out consecutively?,"SELECT DISTINCT(idcase) FROM (SELECT idcase, activity, LEAD(activity) OVER (PARTITION BY idcase ORDER BY timestamp) AS next_activity FROM event_log)  where activity = next_activity ",Domain,no_hardness,0,0,False,idcase;activity;timestamp,activity,3,1,DISTINCT,,1,0
205_4,205,In which declarations did we have problems with equal and consecutive interventions?,"SELECT DISTINCT(idcase) FROM (SELECT idcase, activity, LEAD(activity) OVER (PARTITION BY idcase ORDER BY timestamp) AS next_activity FROM event_log)  where activity = next_activity ",Domain,no_hardness,0,0,False,idcase;activity;timestamp,,3,0,DISTINCT,,1,0
205_5,205,In which declarations was an intervention performed at least twice consecutively?,"SELECT DISTINCT(idcase) FROM (SELECT idcase, activity, LEAD(activity) OVER (PARTITION BY idcase ORDER BY timestamp) AS next_activity FROM event_log)  where activity = next_activity ",Domain,no_hardness,0,0,False,idcase;activity;timestamp,,3,0,DISTINCT,,1,0
206_0,206,Which employees are supervisors?,select DISTINCT(resource) from event_log where activity like '%supervisor%',Domain,medium,1,0,True,activity;resource,resource,2,1,DISTINCT,,1,0
206_1,206,Which employees took on the role of supervisors during the processing of declarations?,select DISTINCT(resource) from event_log where activity like '%supervisor%',Domain,medium,1,0,True,activity;resource,resource,2,1,DISTINCT,,1,0
207_0,207,Which employees are responsible for the budget?,select DISTINCT(resource) from event_log where activity like '%budget owner%',Domain,medium,1,0,True,activity;resource,resource,2,1,DISTINCT,,1,0
207_1,207,Which employees took on the role of budget owners during the processing of declarations?,select DISTINCT(resource) from event_log where activity like '%budget owner%',Domain,medium,1,0,True,activity;resource,resource,2,1,DISTINCT,,1,0
