group_id,anchor_id,variant_id,anchor_text,variant_text,jaccard_similarity
1,1_0,1_1,How many 'end trip' activities are there in the event log?,How many 'end trip' activities do we have?,0.357143
1,1_0,1_2,How many 'end trip' activities are there in the event log?,How many times was the 'end trip' activity performed?,0.333333
1,1_0,1_3,How many 'end trip' activities are there in the event log?,How many occurrences of the 'end trip' activity are there in the event log?,0.714286
1,1_0,1_4,How many 'end trip' activities are there in the event log?,How many times did the 'end trip' activity occur?,0.333333
1,1_0,1_5,How many 'end trip' activities are there in the event log?,How many events related to the 'end trip' activity are there in the event log?,0.666667
1,1_0,1_6,How many 'end trip' activities are there in the event log?,How many times was the activity named 'end trip' performed?,0.3125
1,1_0,1_7,How many 'end trip' activities are there in the event log?,Report the number of times the 'end trip' activity was performed.,0.166667
1,1_0,1_8,How many 'end trip' activities are there in the event log?,Report the number of occurrences of the 'end trip' activity.,0.1875
1,1_0,1_9,How many 'end trip' activities are there in the event log?,Report the number of occurrences of the activity named 'end trip'.,0.176471
1,1_0,1_10,How many 'end trip' activities are there in the event log?,How many times was the end of a trip recorded?,0.3125
2,2_0,2_1,How many performances of the 'end trip' activity were performed by the James resource?,How many activities do we have that were updated by the James resource and that refer to the 'end trip'?,0.409091
2,2_0,2_2,How many performances of the 'end trip' activity were performed by the James resource?,How many activity performances were updated by the James resource and refer to the 'end trip'?,0.647059
2,2_0,2_3,How many performances of the 'end trip' activity were performed by the James resource?,How many times was the 'end trip' activity performed by the James resource?,0.666667
2,2_0,2_4,How many performances of the 'end trip' activity were performed by the James resource?,How many times was the activity named 'end trip' performed by the James resource?,0.625
2,2_0,2_5,How many performances of the 'end trip' activity were performed by the James resource?,How many events related to the 'end trip' activity are linked to the James resource?,0.444444
2,2_0,2_6,How many performances of the 'end trip' activity were performed by the James resource?,How many events related to the 'end trip' activity are also linked to the James resource?,0.421053
2,2_0,2_7,How many performances of the 'end trip' activity were performed by the James resource?,Report the number of times the activity named 'end trip' was performed by the James resource.,0.5
2,2_0,2_8,How many performances of the 'end trip' activity were performed by the James resource?,Report the number of occurrences of the 'end trip' activity associated with the James resource.,0.388889
2,2_0,2_9,How many performances of the 'end trip' activity were performed by the James resource?,How many times did the employee James register the finalization of a trip?,0.315789
2,2_0,2_10,How many performances of the 'end trip' activity were performed by the James resource?,How many activities updated by James refer to the end of a trip?,0.444444
3,3_0,3_1,What is the number of events performed by each of the resources?,Show the number of events associated with each resource.,0.357143
3,3_0,3_2,What is the number of events performed by each of the resources?,How many events is each of the resources associated with?,0.428571
3,3_0,3_3,What is the number of events performed by each of the resources?,In how many events did each of the resources act?,0.333333
3,3_0,3_4,What is the number of events performed by each of the resources?,Report the number of events performed by each of the resources.,0.727273
3,3_0,3_5,What is the number of events performed by each of the resources?,How many times does each of the resources appear in the event log?,0.222222
3,3_0,3_6,What is the number of events performed by each of the resources?,Report the number of times each of the resources appears in the event log.,0.3125
3,3_0,3_7,What is the number of events performed by each of the resources?,Report how many events each resource is involved in.,0.1875
3,3_0,3_8,What is the number of events performed by each of the resources?,How many activity performances is each resource involved in?,0.117647
3,3_0,3_9,What is the number of events performed by each of the resources?,What is the number of activity performances that each resource is involved in?,0.375
3,3_0,3_10,What is the number of events performed by each of the resources?,Quantify the performance of each employee in terms of actions taken on travel declarations.,0.15
4,4_0,4_1,How many events were performed by the 'Peter' resource?,How many times has the 'Peter' resource performed an activity?,0.461538
4,4_0,4_2,How many events were performed by the 'Peter' resource?,How many times has the employee 'Peter' performed an activity?,0.357143
4,4_0,4_3,How many events were performed by the 'Peter' resource?,How many events were run by the employee 'Peter'?,0.636364
4,4_0,4_4,How many events were performed by the 'Peter' resource?,Report the number of times the 'Peter' resource was responsible for an activity.,0.166667
4,4_0,4_5,How many events were performed by the 'Peter' resource?,Report the number of times the employee 'Peter' was responsible for an activity.,0.105263
4,4_0,4_6,How many events were performed by the 'Peter' resource?,Quantify the performance of the employee Peter in terms of actions taken on travel declarations.,0.1
5,5_0,5_1,Show all cases that terminated in March 2018.,Show all cases that ended in March 2018.,0.777778
5,5_0,5_2,Show all cases that terminated in March 2018.,Report the identifier of cases that terminated in March 2018.,0.5
5,5_0,5_3,Show all cases that terminated in March 2018.,Report the identifier for cases that ended in March 2018.,0.384615
5,5_0,5_4,Show all cases that terminated in March 2018.,Report the identifier of all cases whose last event occurred in March 2018.,0.3125
5,5_0,5_5,Show all cases that terminated in March 2018.,Which cases terminated in March 2018?,0.555556
5,5_0,5_6,Show all cases that terminated in March 2018.,Which cases ended in March 2018?,0.4
5,5_0,5_7,Show all cases that terminated in March 2018.,Which declarations ended in March 2018?,0.272727
6,6_0,6_1,"Show all cases that went through the 'declaration rejected by pre-approver' activity, except those in which the activity was performed by the Douglas resource.","Show the identifiers of the cases that went through the 'declaration rejected by pre-approver' activity, except those in which the activity was performed by the Douglas 'resource'.",0.863636
6,6_0,6_2,"Show all cases that went through the 'declaration rejected by pre-approver' activity, except those in which the activity was performed by the Douglas resource.","Show all cases that went through the 'declaration rejected by pre-approver' activity, except those in which the activity was carried out by the Douglas resource.",0.863636
6,6_0,6_3,"Show all cases that went through the 'declaration rejected by pre-approver' activity, except those in which the activity was performed by the Douglas resource.","Show the identifiers of the cases that went through the 'declaration rejected by pre-approver' activity, except those in which the activity was carried out by the Douglas resource.",0.75
6,6_0,6_4,"Show all cases that went through the 'declaration rejected by pre-approver' activity, except those in which the activity was performed by the Douglas resource.","Report the identifiers of the cases that went through the 'declaration rejected by pre-approver' activity, except those in which the activity was performed by the Douglas 'resource'.",0.782609
6,6_0,6_5,"Show all cases that went through the 'declaration rejected by pre-approver' activity, except those in which the activity was performed by the Douglas resource.","Retrieve the identifiers of cases that went through the 'declaration rejected by pre-approver' activity, except those in which the activity was performed by Douglas 'resource'.",0.782609
6,6_0,6_6,"Show all cases that went through the 'declaration rejected by pre-approver' activity, except those in which the activity was performed by the Douglas resource.","List the identifiers of the cases that went through the 'declaration rejected by pre-approver' activity, except those in which the activity was performed by the Douglas 'resource'.",0.782609
6,6_0,6_7,"Show all cases that went through the 'declaration rejected by pre-approver' activity, except those in which the activity was performed by the Douglas resource.","List all cases that went through the 'declaration rejected by pre-approver' activity, except those in which the activity was performed by the Douglas resource.",0.904762
6,6_0,6_8,"Show all cases that went through the 'declaration rejected by pre-approver' activity, except those in which the activity was performed by the Douglas resource.","Report all cases that went through the 'declaration rejected by pre-approver' activity, except those in which the activity was performed by the Douglas resource.",0.904762
6,6_0,6_9,"Show all cases that went through the 'declaration rejected by pre-approver' activity, except those in which the activity was performed by the Douglas resource.","Retrieve all cases that went through the 'declaration rejected by pre-approver' activity, except those in which the activity was performed by the Douglas resource.",0.904762
6,6_0,6_10,"Show all cases that went through the 'declaration rejected by pre-approver' activity, except those in which the activity was performed by the Douglas resource.",In which cases was the 'declaration rejected by pre-approver' activity not performed by the Douglas resource?,0.619048
6,6_0,6_11,"Show all cases that went through the 'declaration rejected by pre-approver' activity, except those in which the activity was performed by the Douglas resource.",Which declarations were rejected by a pre-approver other than Douglas?,0.2
6,6_0,6_12,"Show all cases that went through the 'declaration rejected by pre-approver' activity, except those in which the activity was performed by the Douglas resource.",Show all declarations rejected by the pre-approver other than Douglas.,0.304348
7,7_0,7_1,How many different resources are there in the event log?,How many distinct resources are there in the event log?,0.818182
7,7_0,7_2,How many different resources are there in the event log?,How many resources are there in the event log?,0.9
7,7_0,7_3,How many different resources are there in the event log?,How many different people performed activities?,0.230769
7,7_0,7_4,How many different resources are there in the event log?,How many different resources are there in the log?,0.9
7,7_0,7_5,How many different resources are there in the event log?,How many different people appear in the event log?,0.583333
7,7_0,7_6,How many different resources are there in the event log?,Report how many different resources performed activities.,0.307692
7,7_0,7_7,How many different resources are there in the event log?,How many different resources appear in the event log?,0.727273
7,7_0,7_8,How many different resources are there in the event log?,How many different resources performed activities?,0.333333
7,7_0,7_9,How many different resources are there in the event log?,Report how many different resources there are in the event log.,0.909091
7,7_0,7_10,How many different resources are there in the event log?,Report how many different people appear in the event log.,0.538462
7,7_0,7_11,How many different resources are there in the event log?,Report how many employees were involved in processing the declarations.,0.25
7,7_0,7_12,How many different resources are there in the event log?,How many employees worked on processing the declarations?,0.2
8,8_0,8_1,What is the total number of events related to each resource?,What is the total number of events each resource worked on?,0.692308
8,8_0,8_2,What is the total number of events related to each resource?,What is the total number of events in which each resource was involved?,0.6
8,8_0,8_3,What is the total number of events related to each resource?,What is the total number of actions performed by each employee during the processing of the declarations?,0.388889
9,9_0,9_1,"What are the cases with cost events greater than 2,225?","Report the identifiers of cases that have events with costs greater than 2,225.",0.4375
9,9_0,9_2,"What are the cases with cost events greater than 2,225?","What are the cases associated with events that cost more than 2,225?",0.692308
9,9_0,9_3,"What are the cases with cost events greater than 2,225?","Which declarations are associated with actions that cost more than 2,225?",0.3125
9,9_0,9_4,"What are the cases with cost events greater than 2,225?","Report the identifier of declarations in which any action had a cost greater than 2,225.",0.25
10,10_0,10_1,Which resources participated in the most events?,Which resources had the most related events?,0.555556
10,10_0,10_2,Which resources participated in the most events?,Which resources had the greatest number of related events?,0.333333
10,10_0,10_3,Which resources participated in the most events?,What resources were related to the greatest number of events?,0.214286
10,10_0,10_4,Which resources participated in the most events?,Which resources were responsible for executing the most events?,0.454545
10,10_0,10_5,Which resources participated in the most events?,Which resources were responsible for executing the greatest number of events?,0.285714
10,10_0,10_6,Which resources participated in the most events?,Which were the resources that had the most related events?,0.454545
10,10_0,10_7,Which resources participated in the most events?,Which resources participated in the greatest number of events?,0.6
10,10_0,10_8,Which resources participated in the most events?,Which resources were related to the most events?,0.5
10,10_0,10_9,Which resources participated in the most events?,Which resources were related to the greatest number of events?,0.307692
10,10_0,10_10,Which resources participated in the most events?,Which employees work the most during the processing of declarations?,0.230769
11,11_0,11_1,Which resources are related to most events and how many events are they related to?,Which resources are related to the greatest number of events and how many events are they related to?,0.666667
11,11_0,11_2,Which resources are related to most events and how many events are they related to?,Which resources were most related to events and how many events were they related to?,0.833333
11,11_0,11_3,Which resources are related to most events and how many events are they related to?,Which resources were responsible for executing more events and how many events were under their responsibility?,0.315789
11,11_0,11_4,Which resources are related to most events and how many events are they related to?,What resources were responsible for executing the greatest number of events and how many events were under their responsibility?,0.217391
11,11_0,11_5,Which resources are related to most events and how many events are they related to?,Which resources participated in the most events and how many events are there?,0.533333
11,11_0,11_6,Which resources are related to most events and how many events are they related to?,Which resources participated in the greatest number of events and how many events were there?,0.315789
11,11_0,11_7,Which resources are related to most events and how many events are they related to?,Who are the most productive employees and how many times did they act on the declarations already registered?,0.272727
12,12_0,12_1,"List all resources and how many events each one is related to, in descending order of the number of events.",List all resources accompanied by how many events each one is related to and sort the answer in descending order by number of events.,0.818182
12,12_0,12_2,"List all resources and how many events each one is related to, in descending order of the number of events.",List all resources and the number of events each is responsible for. Sort the answer in descending order in relation to the number of events.,0.608696
12,12_0,12_3,"List all resources and how many events each one is related to, in descending order of the number of events.",List all resources and how many events each resource participated in. Sort the answer in descending order considering the number of events.,0.608696
12,12_0,12_4,"List all resources and how many events each one is related to, in descending order of the number of events.",List the resources and the number of times they performed activities. Sort the answer in descending order by number of activity performances.,0.333333
12,12_0,12_5,"List all resources and how many events each one is related to, in descending order of the number of events.","Make an ordered list of employees, from most productive to least productive, stating how many times each one was involved in processing declarations.",0.25
13,13_0,13_1,Which events have a cost other than null?,Which events have a non-null cost?,0.555556
13,13_0,13_2,Which events have a cost other than null?,List the events that have a non-null cost.,0.333333
13,13_0,13_3,Which events have a cost other than null?,What are the events in which the cost is not null?,0.285714
13,13_0,13_4,Which events have a cost other than null?,List the events that have a cost other than null.,0.636364
13,13_0,13_5,Which events have a cost other than null?,Which events have a reported cost?,0.555556
13,13_0,13_6,Which events have a cost other than null?,What are the events for which there is a cost reported?,0.266667
13,13_0,13_7,Which events have a cost other than null?,List the events that have a reported cost.,0.333333
13,13_0,13_8,Which events have a cost other than null?,List the events for which there is a reported cost.,0.285714
13,13_0,13_9,Which events have a cost other than null?,Report all occurrences in the processing of declarations where costs were communicated to the university,0.0
14,14_0,14_1,What information is associated with events relating to the 'start trip' or 'request payment' activities?,Return event data related to the performance of the 'start trip' or 'request payment' activities.,0.380952
14,14_0,14_2,What information is associated with events relating to the 'start trip' or 'request payment' activities?,Return information associated with events related to 'start trip' or 'request payment' activities.,0.647059
14,14_0,14_3,What information is associated with events relating to the 'start trip' or 'request payment' activities?,List the data relating to the events associated with the activity instances named 'start trip' or 'request payment'.,0.55
14,14_0,14_4,What information is associated with events relating to the 'start trip' or 'request payment' activities?,I need information associated with the actions that mark the start of a trip and the actions that indicate that a payment request has been made.,0.296296
15,15_0,15_1,What are the most frequent activities?,What are the most frequently activities performed?,0.625
15,15_0,15_2,What are the most frequent activities?,Which activities appear most frequently in the event log?,0.25
15,15_0,15_3,What are the most frequent activities?,Retrieve the names of the activities that are most frequently performed in this business process.,0.25
15,15_0,15_4,What are the most frequent activities?,What activities does the university perform most during the processing of declarations?,0.307692
16,16_0,16_1,"Return the name of the activities and how many times they occur in the event log, ordering the list in descending order by the number of activity occurrences.","What are the activities of this business process and how many times were they performed? Order your response in relation to the frequency of performing the activities, from the most frequent to the least frequent",0.25641
16,16_0,16_2,"Return the name of the activities and how many times they occur in the event log, ordering the list in descending order by the number of activity occurrences.","Retrieve the name of the activities and the number of times they were performed. Order the answer according to the frequency of performing the activities, from the most frequent to the least frequent.",0.264706
16,16_0,16_3,"Return the name of the activities and how many times they occur in the event log, ordering the list in descending order by the number of activity occurrences.",Make a list of activities performed during the processing of declarations. The list must be ordered from the most frequent activity to the least frequent and must clearly indicate how many times each activity was performed.,0.225
17,17_0,17_1,What are the events that happened in the year 2017?,List events with 'timestamp' in 2017.,0.25
17,17_0,17_2,What are the events that happened in the year 2017?,What events occurred in the year 2017?,0.6
17,17_0,17_3,What are the events that happened in the year 2017?,List the events whose 'timestamp' refers to the year 2017.,0.285714
17,17_0,17_4,What are the events that happened in the year 2017?,What events took place in 2017?,0.363636
17,17_0,17_5,What are the events that happened in the year 2017?,What events took place during 2017?,0.25
17,17_0,17_6,What are the events that happened in the year 2017?,What events occurred in 2017?,0.4
17,17_0,17_7,What are the events that happened in the year 2017?,What events occurred during the year 2017?,0.454545
17,17_0,17_8,What are the events that happened in the year 2017?,What events took place during the year 2017?,0.416667
17,17_0,17_9,What are the events that happened in the year 2017?,What events occurred during 2017?,0.272727
17,17_0,17_10,What are the events that happened in the year 2017?,I need to know everything that took place during the year 2017 in the processing of declarations.,0.25
17,17_0,17_11,What are the events that happened in the year 2017?,Make a report informing everything that happened during the processing of declarations in the year 2017.,0.333333
17,17_0,17_12,What are the events that happened in the year 2017?,Report everything that occurred during the year 2017 in the processing of declarations.,0.3125
17,17_0,17_13,What are the events that happened in the year 2017?,What was performed during the year 2017 during the processing of declarations?,0.266667
17,17_0,17_14,What are the events that happened in the year 2017?,What actions were taken when processing declarations during the year 2017?,0.25
18,18_0,18_1,What are the declarations with up to 20 events?,Which declarations have up to 20 associated events?,0.416667
18,18_0,18_2,What are the declarations with up to 20 events?,In which declarations were up to 20 events performed?,0.384615
18,18_0,18_3,What are the declarations with up to 20 events?,In which declarations were up to 20 activity occurrences performed?,0.266667
18,18_0,18_4,What are the declarations with up to 20 events?,List all declarations that have up to 20 associated events.,0.357143
18,18_0,18_5,What are the declarations with up to 20 events?,List all declarations in which the trace has up to 20 events.,0.4
18,18_0,18_6,What are the declarations with up to 20 events?,List all declarations in which the performance has up to 20 events.,0.4
19,19_0,19_1,List the five resources that worked on the most cases.,Retrieve the five resources associated with the most cases.,0.416667
19,19_0,19_2,List the five resources that worked on the most cases.,Return the five resources requested in the greatest number of cases.,0.266667
19,19_0,19_3,List the five resources that worked on the most cases.,What are the top 5 resources with the most cases?,0.285714
19,19_0,19_4,List the five resources that worked on the most cases.,Report the five employees who made the most declarations.,0.214286
20,20_0,20_1,List the five resources that worked on the most events.,Retrieve the five resources associated with the greatest number of events.,0.266667
20,20_0,20_2,List the five resources that worked on the most events.,Return the five resources requested in the greatest number of events.,0.266667
20,20_0,20_3,List the five resources that worked on the most events.,What are the top 5 resources with the greatest number of events?,0.176471
20,20_0,20_4,List the five resources that worked on the most events.,Report the five employees who worked most during the processing of the declarations.,0.25
21,21_0,21_1,How many occurrences of the 'start trip' activity do we have for each resource in the year 2016?,How many occurrences of the 'start trip' activity are there associated with each resource in the year 2016?,0.619048
21,21_0,21_2,How many occurrences of the 'start trip' activity do we have for each resource in the year 2016?,How many performances of the 'start trip' activity are associated with each resource in the year 2016?,0.571429
21,21_0,21_3,How many occurrences of the 'start trip' activity do we have for each resource in the year 2016?,How many occurrences of the activity named 'start trip' are there associated with each resource in 2016?,0.545455
21,21_0,21_4,How many occurrences of the 'start trip' activity do we have for each resource in the year 2016?,How many performances of the activity named 'start trip' are associated with each resource in 2016?,0.5
21,21_0,21_5,How many occurrences of the 'start trip' activity do we have for each resource in the year 2016?,Report the number of occurrences of the activity named 'start trip' associated with each resource in 2016.,0.454545
21,21_0,21_6,How many occurrences of the 'start trip' activity do we have for each resource in the year 2016?,Report the total number of occurrences of the activity named 'start trip' performed by each resource in 2016.,0.434783
21,21_0,21_7,How many occurrences of the 'start trip' activity do we have for each resource in the year 2016?,How many actions were performed by each employee to record the start of trips during 2016?,0.269231
21,21_0,21_8,How many occurrences of the 'start trip' activity do we have for each resource in the year 2016?,How many activities related to the start of the trip do we have for each resource in 2016?,0.7
22,22_0,22_1,How many times did each resource perform the 'declaration rejected by supervisor' activity?,How many occurrences of the 'declaration rejected by supervisor' activity are there for each resource?,0.555556
22,22_0,22_2,How many times did each resource perform the 'declaration rejected by supervisor' activity?,How many performances of the 'declaration rejected by supervisor' activity are associated with each resource?,0.555556
22,22_0,22_3,How many times did each resource perform the 'declaration rejected by supervisor' activity?,How many occurrences of the activity named 'declaration rejected by supervisor' are there for each resource?,0.526316
22,22_0,22_4,How many times did each resource perform the 'declaration rejected by supervisor' activity?,How many performances of the activity named 'declaration rejected by supervisor' are there for each resource?,0.526316
22,22_0,22_5,How many times did each resource perform the 'declaration rejected by supervisor' activity?,How many occurrences of the activity called 'declaration rejected by supervisor' are there for each resource?,0.526316
22,22_0,22_6,How many times did each resource perform the 'declaration rejected by supervisor' activity?,How many performances of the activity called 'declaration rejected by supervisor' are there for each resource?,0.526316
22,22_0,22_7,How many times did each resource perform the 'declaration rejected by supervisor' activity?,Report the amount of occurrences of the 'declaration rejected by supervisor' activity associated with each resource.,0.421053
22,22_0,22_8,How many times did each resource perform the 'declaration rejected by supervisor' activity?,Report the number of occurrences of the 'declaration rejected by supervisor' activity associated with each resource.,0.421053
22,22_0,22_9,How many times did each resource perform the 'declaration rejected by supervisor' activity?,Report the total number of occurrences of the 'declaration rejected by supervisor' activity associated with each resource.,0.4
22,22_0,22_10,How many times did each resource perform the 'declaration rejected by supervisor' activity?,How many times did each employee reject a declaration in the role of supervisor?,0.421053
23,23_0,23_1,What are the cases that have more than 20 activity occurrences?,List all cases that have more than 20 activity occurrences.,0.615385
23,23_0,23_2,What are the cases that have more than 20 activity occurrences?,In which cases are there more than 20 occurrences of activities performed?,0.352941
23,23_0,23_3,What are the cases that have more than 20 activity occurrences?,In which cases are there more than twenty occurrences of activities performed?,0.277778
23,23_0,23_4,What are the cases that have more than 20 activity occurrences?,Which process instances have more than 20 activities performed?,0.25
23,23_0,23_5,What are the cases that have more than 20 activity occurrences?,List all process instances that have more than 20 activity occurrences.,0.466667
23,23_0,23_6,What are the cases that have more than 20 activity occurrences?,In which process instances are there more than 20 occurrences of activities performed?,0.263158
23,23_0,23_7,What are the cases that have more than 20 activity occurrences?,In which process instances are there more than twenty occurrences of activities performed?,0.2
23,23_0,23_8,What are the cases that have more than 20 activity occurrences?,What are the declarations whose processing went through more than twenty interventions?,0.277778
24,24_0,24_1,Which cases have the greatest number of events?,What are the cases in which there are most activity performances?,0.2
24,24_0,24_2,Which cases have the greatest number of events?,Retrieve the identifiers of the cases that have the greatest number of events.,0.636364
24,24_0,24_3,Which cases have the greatest number of events?,Report the identifiers of the cases with the most activities performed.,0.214286
24,24_0,24_4,Which cases have the greatest number of events?,Report the identifiers of the longest cases in terms of number of events.,0.384615
24,24_0,24_5,Which cases have the greatest number of events?,Report the identifiers of the longest cases in terms of activities performed.,0.2
24,24_0,24_6,Which cases have the greatest number of events?,Retrieve the codes for the longest declarations in terms of number of actions performed.,0.176471
25,25_0,25_1,What are the cases in which the 'Sara' resource appears and the 'request payment' activity has not yet been performed?,Select all cases that the 'Sara' resource has worked on and that have not yet gone through the 'request payment' activity.,0.423077
25,25_0,25_2,What are the cases in which the 'Sara' resource appears and the 'request payment' activity has not yet been performed?,Retrieve the identifiers of the cases in which the 'Sara' resource was involved and which have not yet gone through the 'request payment' activity.,0.461538
25,25_0,25_3,What are the cases in which the 'Sara' resource appears and the 'request payment' activity has not yet been performed?,Select all cases in which the 'Sara' resource worked and the 'request payment' activity was not performed.,0.545455
25,25_0,25_4,What are the cases in which the 'Sara' resource appears and the 'request payment' activity has not yet been performed?,What are the cases that have not yet performed the 'request payment' activity and with which the 'Sara' resource is associated?,0.608696
25,25_0,25_5,What are the cases in which the 'Sara' resource appears and the 'request payment' activity has not yet been performed?,Report the declarations in which the employee Sara was involved and for which a payment request has not yet been opened.,0.423077
26,26_0,26_1,Retrieve information for events that occurred between the dates '2017-01-10' and '2017-02-01' in the case with the identifier 'declaration 143598',Retrieve information for events of the 'declaration 143598' case that occurred between the dates '2017-01-10' and '2017-02-01'.,0.789474
26,26_0,26_2,Retrieve information for events that occurred between the dates '2017-01-10' and '2017-02-01' in the case with the identifier 'declaration 143598',"Report the values of attributes of the events associated with the 'declaration 143598' case, which occurred between the dates '2017-01-10' and '2017-02-01'.",0.5
26,26_0,26_3,Retrieve information for events that occurred between the dates '2017-01-10' and '2017-02-01' in the case with the identifier 'declaration 143598',Report the values of the attributes of the events that occurred between the dates '2017-01-10' and '2017-02-01' and are associated with the 'declaration 143598' case,0.541667
26,26_0,26_4,Retrieve information for events that occurred between the dates '2017-01-10' and '2017-02-01' in the case with the identifier 'declaration 143598',"I need all the information regarding the actions that occurred between January 10, 2017 and February 1, 2017 in the processing of declaration 143598.",0.3
27,27_0,27_1,How many cases was each resource associated with in the period from '2017-01-01' to '2017-05-31'?,Retrieve how many cases each resource was associated with in the period between '2017-01-01' and '2017-05-31'.,0.722222
27,27_0,27_2,How many cases was each resource associated with in the period from '2017-01-01' to '2017-05-31'?,How many cases did each resource work on in the period from '2017-01-01' to '2017-05-31'?,0.666667
27,27_0,27_3,How many cases was each resource associated with in the period from '2017-01-01' to '2017-05-31'?,In how many cases did each resource act in the period from '2017-01-01' to '2017-05-31'?,0.705882
27,27_0,27_4,How many cases was each resource associated with in the period from '2017-01-01' to '2017-05-31'?,"Considering the period from '2017-01-01' to '2017-05-31', how many cases was each resource associated with?",0.875
27,27_0,27_5,How many cases was each resource associated with in the period from '2017-01-01' to '2017-05-31'?,"Considering the period from '2017-01-01' to '2017-05-31', how many cases did each resource work on?",0.578947
27,27_0,27_6,How many cases was each resource associated with in the period from '2017-01-01' to '2017-05-31'?,"Considering the period from '2017-01-01' to '2017-05-31', in how many cases did each resource act?",0.666667
27,27_0,27_7,How many cases was each resource associated with in the period from '2017-01-01' to '2017-05-31'?,"Considering the period from the first of January 2017 to the thirty-first of May 2017, how many cases was each resource associated with?",0.545455
27,27_0,27_8,How many cases was each resource associated with in the period from '2017-01-01' to '2017-05-31'?,"Considering the period from the first of January 2017 to the thirty-first of May 2017, how many cases did each resource work on?",0.36
27,27_0,27_9,How many cases was each resource associated with in the period from '2017-01-01' to '2017-05-31'?,"Considering the period from the first of January 2017 to the thirty-first of May 2017, in how many cases did each resource act?",0.416667
27,27_0,27_10,How many cases was each resource associated with in the period from '2017-01-01' to '2017-05-31'?,How many declarations did each employee work on between the first of January 2017 to the thirty-first of May 2017?,0.185185
28,28_0,28_1,"What are the 10 cases, in descending order, with the most activities performed?",What are the 10 cases with the greatest number of activities? List the cases in descending order.,0.625
28,28_0,28_2,"What are the 10 cases, in descending order, with the most activities performed?",What are the 10 cases in descending order with the most activities?,0.916667
28,28_0,28_3,"What are the 10 cases, in descending order, with the most activities performed?","List the 10 cases, in descending order, with the most activity performances.",0.533333
28,28_0,28_4,"What are the 10 cases, in descending order, with the most activities performed?","List, in descending order, the 10 cases that have the most activity performances.",0.411765
28,28_0,28_5,"What are the 10 cases, in descending order, with the most activities performed?",Provide a list in descending order of the 10 cases with the most activities.,0.5625
28,28_0,28_6,"What are the 10 cases, in descending order, with the most activities performed?","List the ten process instances, in descending order, with the most activity performances.",0.333333
28,28_0,28_7,"What are the 10 cases, in descending order, with the most activities performed?","List, in descending order, the ten process instances that have the most activity performances.",0.25
28,28_0,28_8,"What are the 10 cases, in descending order, with the most activities performed?","Provide a list, in descending order, of the ten process instances with the most activities.",0.368421
28,28_0,28_9,"What are the 10 cases, in descending order, with the most activities performed?",What are the ten declarations that involved the greatest number of actions? I need the results sorted in descending order according to the code of each declaration,0.206897
28,28_0,28_10,"What are the 10 cases, in descending order, with the most activities performed?","What are the ten declarations, in descending code order, with the greatest number of actions?",0.368421
29,29_0,29_1,"What are the 10 cases, in descending order, with the most events?",What are the 10 cases in descending order with the greatest number of events?,0.714286
29,29_0,29_2,"What are the 10 cases, in descending order, with the most events?",What are the 10 cases with the greatest number of events? List the cases in descending order.,0.666667
29,29_0,29_3,"What are the 10 cases, in descending order, with the most events?","List the 10 cases, in descending order, with the most events.",0.75
29,29_0,29_4,"What are the 10 cases, in descending order, with the most events?","List, in descending order, the 10 cases that have the most events.",0.571429
29,29_0,29_5,"What are the 10 cases, in descending order, with the most events?",Provide a list in descending order of the 10 cases with the most events.,0.6
29,29_0,29_6,"What are the 10 cases, in descending order, with the most events?",Make a descending list of 10 declaration codes with the most actions performed during their processing.,0.227273
30,30_0,30_1,Return the cost for each case.,Return the total cost for each case.,0.857143
30,30_0,30_2,Return the cost for each case.,Return the total cost of each case.,0.625
30,30_0,30_3,Return the cost for each case.,What are the total costs for each of the cases present in the event log?,0.1875
30,30_0,30_4,Return the cost for each case.,Report the total cost of each case present in the event log.,0.307692
30,30_0,30_5,Return the cost for each case.,Retrieve the total costs for each of the cases in the event log.,0.214286
30,30_0,30_6,Return the cost for each case.,Retrieve the total cost of each case.,0.444444
30,30_0,30_7,Return the cost for each case.,How much did each declaration cost?,0.2
30,30_0,30_8,Return the cost for each case.,What was the cost of processing each declaration?,0.272727
31,31_0,31_1,Select all resources that acted in at least 100 events and sort the information in descending order of number of events per resource,Report the resources that acted in at least 100 events and sort the information in descending order of number of events per resource,0.857143
31,31_0,31_2,Select all resources that acted in at least 100 events and sort the information in descending order of number of events per resource,"Make a list of employees who have acted at least 100 times, organized in descending order by the number of actions performed.",0.322581
32,32_0,32_1,"Retrieve all cases and their events, ordering them by case number and start date of their performance","Select all cases, and their respective events, ordered by case number and the start date of their performance",0.631579
32,32_0,32_2,"Retrieve all cases and their events, ordering them by case number and start date of their performance","Retrieve the identifier of the cases and their events, ordering them by the case identifier and their start date.",0.705882
32,32_0,32_3,"Retrieve all cases and their events, ordering them by case number and start date of their performance","Report the identifier of each case and its events, ordering them by case identifier and then by their start date.",0.47619
32,32_0,32_4,"Retrieve all cases and their events, ordering them by case number and start date of their performance","List all cases and their events, ordering them by case identifier and by their start date.",0.647059
32,32_0,32_5,"Retrieve all cases and their events, ordering them by case number and start date of their performance",Organize all information about the processing of declarations and organize the data in a way ordered by the declaration code and by their start date.,0.25
33,33_0,33_1,How many times was each resource responsible for performing the 'declaration approved by administration' activity?,What is the total number of times each resource was responsible for performing the 'declaration approved by administration' activity?,0.65
33,33_0,33_2,How many times was each resource responsible for performing the 'declaration approved by administration' activity?,Report the total number of times the 'declaration approved by administration' activity was performed by each of the resources.,0.428571
33,33_0,33_3,How many times was each resource responsible for performing the 'declaration approved by administration' activity?,What is the number of occurrences in which the 'declaration approved by administration' activity was performed considering each of the resources available in this business process?,0.275862
33,33_0,33_4,How many times was each resource responsible for performing the 'declaration approved by administration' activity?,How many times has each employee approved a declaration in the role of administrator?,0.318182
34,34_0,34_1,How many performance events of the 'declaration approved by administration' activity were carried out by each resource?,In how many events was the 'declaration approved by administration' activity performed? Report the quantity grouped by resource.,0.454545
34,34_0,34_2,How many performance events of the 'declaration approved by administration' activity were carried out by each resource?,How many times did each employee serve as an administrator approving a declaration?,0.16
35,35_0,35_1,How many instances of each activity did the 'Thomas' resource work on in 2017?,"List the number of times the 'Thomas' resource performed each of the activities of this business process, in the year 2017.",0.304348
35,35_0,35_2,How many instances of each activity did the 'Thomas' resource work on in 2017?,Report the number of occurrences of each activity carried out by the 'Thomas' resource during the year 2017.,0.318182
35,35_0,35_3,How many instances of each activity did the 'Thomas' resource work on in 2017?,Report how many times Thomas acted on each of the declaration processing actions in the year 2017,0.428571
36,36_0,36_1,How many times did the 'Thomas' resource perform an activity in 2017?,What was the number of occurrences of activity in which the 'Thomas' resource was involved in the year 2017?,0.3
36,36_0,36_2,How many times did the 'Thomas' resource perform an activity in 2017?,How many activity performances were carried out by the 'Thomas' resource in 2017?,0.470588
36,36_0,36_3,How many times did the 'Thomas' resource perform an activity in 2017?,How many events was the 'Thomas' resource involved in in 2017?,0.466667
36,36_0,36_4,How many times did the 'Thomas' resource perform an activity in 2017?,How many times was the 'Thomas' resource involved in an event in the year 2017?,0.5625
36,36_0,36_5,How many times did the 'Thomas' resource perform an activity in 2017?,What was the workload of the employee Thomas in terms of performing actions for processing declarations in 2017?,0.173913
37,37_0,37_1,Report the most recent date of the performance of each activity.,Report the date of the most recent event for each of the activities present in the event log.,0.466667
37,37_0,37_2,Report the most recent date of the performance of each activity.,What are the most recent performance dates for each of the activities present in the event log?,0.333333
37,37_0,37_3,Report the most recent date of the performance of each activity.,When was the last performance of each of the business process activities represented by the event log?,0.210526
37,37_0,37_4,Report the most recent date of the performance of each activity.,When was the latest performance of each of the business process activities represented by the event log?,0.210526
37,37_0,37_5,Report the most recent date of the performance of each activity.,"For each activity relevant to the event log, report the date of its last occurrence.",0.352941
37,37_0,37_6,Report the most recent date of the performance of each activity.,Most recent date of performance of each activity:,0.777778
37,37_0,37_7,Report the most recent date of the performance of each activity.,On what date was the last record of each type of action taken when processing declarations?,0.2
38,38_0,38_1,"How many times were the 'declaration approved by supervisor' activity and 'permit rejected by employee' activity performed, considering the years 2017 and 2018 respectively?",How many instances of the 'declaration approved by supervisor' activity were performed in 2017 and how many instances of the 'permit rejected by employee' activity were performed in 2018?,0.695652
38,38_0,38_2,"How many times were the 'declaration approved by supervisor' activity and 'permit rejected by employee' activity performed, considering the years 2017 and 2018 respectively?",How many events related to the 'declaration approved by supervisor' activity occurred in 2017 and how many related to the 'permit rejected by employee' activity occurred in 2018?,0.56
38,38_0,38_3,"How many times were the 'declaration approved by supervisor' activity and 'permit rejected by employee' activity performed, considering the years 2017 and 2018 respectively?",Count the number of times the 'declaration approved by supervisor' activity was performed in 2017 and the number of times the 'permit rejected by employee' activity was run in 2018.,0.538462
38,38_0,38_4,"How many times were the 'declaration approved by supervisor' activity and 'permit rejected by employee' activity performed, considering the years 2017 and 2018 respectively?",List the number of times that: the 'declaration approved by supervisor' activity was performed in 2017; the 'permit rejected by employee' activity was performed in '2018'.,0.5
38,38_0,38_5,"How many times were the 'declaration approved by supervisor' activity and 'permit rejected by employee' activity performed, considering the years 2017 and 2018 respectively?",How many declaration approvals made by the supervisor occurred in 2017 and how many permits were rejected by an employee in 2018?,0.461538
39,39_0,39_1,"Retrieve the activity name, performance end date, and event identifier and sort by performance end date.","Retrieve the activity, performance end date, and event identifier and sort the result by performance end date.",0.846154
39,39_0,39_2,"Retrieve the activity name, performance end date, and event identifier and sort by performance end date.","I want a list of all the actions performed when processing the declarations, including the activity performed, the performance end date and the action identifier. The list needs to be ordered by end date.",0.275862
40,40_0,40_1,How many times did the 'Thomas' resource act in the performance of the 'declaration submitted by employee' activity?,Total 'declaration submitted by employee' activities performed by Thomas,0.263158
40,40_0,40_2,How many times did the 'Thomas' resource act in the performance of the 'declaration submitted by employee' activity?,In how many instances of the 'declaration submitted by employee' activity was the Thomas resource active?,0.631579
40,40_0,40_3,How many times did the 'Thomas' resource act in the performance of the 'declaration submitted by employee' activity?,Calculate the number of occurrences of the 'declaration submitted by employee' activity performed by the Thomas resource.,0.45
40,40_0,40_4,How many times did the 'Thomas' resource act in the performance of the 'declaration submitted by employee' activity?,Report the number of times the Thomas resource performed the 'declaration submitted by employee' activity.,0.526316
40,40_0,40_5,How many times did the 'Thomas' resource act in the performance of the 'declaration submitted by employee' activity?,Total number of declaration requests made by the employee Thomas.,0.3
41,41_0,41_1,In how many events associated with the Diana resource is there cost information?,List the number of events that the Diana resource worked on and that have an associated cost,0.272727
41,41_0,41_2,In how many events associated with the Diana resource is there cost information?,Count how many events with associated costs are linked to the Diana resource.,0.444444
41,41_0,41_3,In how many events associated with the Diana resource is there cost information?,"Retrieve all interventions carried out by the employee Diana when processing declarations, which have declared cost information.",0.153846
42,42_0,42_1,Report the name of the activities in which the 'Diana' resource acted and how many events are associated with them with the existence of a cost.,How many events are associated with the Diana resource with cost existence? Group the response by activity name.,0.48
42,42_0,42_2,Report the name of the activities in which the 'Diana' resource acted and how many events are associated with them with the existence of a cost.,"Retrieve the type of action performed in the interventions carried out by the employee Diana when processing declarations, which has declared cost information.",0.166667
43,43_0,43_1,How many resources acted in cases containing more than 3 events?,Count the active resources in cases containing more than 3 events.,0.571429
43,43_0,43_2,How many resources acted in cases containing more than 3 events?,List the number of resources that acted in cases that have more than 3 events.,0.470588
43,43_0,43_3,How many resources acted in cases containing more than 3 events?,List the number of resources associated with cases that have more than 3 events.,0.315789
43,43_0,43_4,How many resources acted in cases containing more than 3 events?,How many employees acted in processing declarations that involved more than three interventions?,0.333333
44,44_0,44_1,Which resources were responsible for the 'declaration rejected by pre-approver' activity?,Which resources were associated with the 'declaration rejected by pre-approver' activity?,0.692308
44,44_0,44_2,Which resources were responsible for the 'declaration rejected by pre-approver' activity?,List the resources that were responsible for performing the 'declaration rejected by pre-approver' activity.,0.714286
44,44_0,44_3,Which resources were responsible for the 'declaration rejected by pre-approver' activity?,What were the resources associated with instances of the 'declaration rejected by pre-approver' activity?,0.5
44,44_0,44_4,Which resources were responsible for the 'declaration rejected by pre-approver' activity?,Report the resources that performed the 'declaration rejected by pre-approver' activity.,0.5
44,44_0,44_5,Which resources were responsible for the 'declaration rejected by pre-approver' activity?,Retrieve all resources that were responsible for performing the 'declaration rejected by pre-approver' activity.,0.666667
44,44_0,44_6,Which resources were responsible for the 'declaration rejected by pre-approver' activity?,Which employees decided to reject a declaration in the pre-approval action?,0.157895
45,45_0,45_1,How many cases went through the 'declaration final approved by director' activity between months 1 and 5 of 2017?,Report the number of cases in which there was at least one performance of the 'declaration final approved by director' activity between January and May 2017.,0.387097
45,45_0,45_2,How many cases went through the 'declaration final approved by director' activity between months 1 and 5 of 2017?,How many cases exist in the event log that went through the 'declaration final approved by director' activity between January and May 2017?,0.576923
45,45_0,45_3,How many cases went through the 'declaration final approved by director' activity between months 1 and 5 of 2017?,How many declarations achieved declaration final approved by a director status between January and May 2017?,0.4
46,46_0,46_1,Which cases had the Charles resource associated and had no events occurring in January 2018,"List the cases that the Charles resource worked on, disregarding those that have at least one event occurring in January 2018.",0.32
46,46_0,46_2,Which cases had the Charles resource associated and had no events occurring in January 2018,"Considering cases that had no events in January 2018, report those that the Charles resource worked on.",0.5
46,46_0,46_3,Which cases had the Charles resource associated and had no events occurring in January 2018,"Disregarding cases that had events occurring in January 2018, which are the ones that Charles resource worked on?",0.55
46,46_0,46_4,Which cases had the Charles resource associated and had no events occurring in January 2018,"What are the declarations that received interventions from the employee Charles, disregarding the interventions carried out in January 2018?",0.2
47,47_0,47_1,What are the cases that have more than 3 different activities performed?,List the case identifiers that have more than 3 different activities performed.,0.6
47,47_0,47_2,What are the cases that have more than 3 different activities performed?,Cases that contain more than 3 different activities.,0.538462
47,47_0,47_3,What are the cases that have more than 3 different activities performed?,In which cases were more than 3 different activities performed?,0.466667
47,47_0,47_4,What are the cases that have more than 3 different activities performed?,Cases that contain more than three different activities.,0.428571
47,47_0,47_5,What are the cases that have more than 3 different activities performed?,List the case identifiers that have more than three different activities performed.,0.5
47,47_0,47_6,What are the cases that have more than 3 different activities performed?,What are the cases that have more than three different activities performed?,0.846154
47,47_0,47_7,What are the cases that have more than 3 different activities performed?,In which cases were more than three different activities performed?,0.375
47,47_0,47_8,What are the cases that have more than 3 different activities performed?,Which declarations have undergone more than three different interventions?,0.235294
48,48_0,48_1,List the case identifiers that have more than 3 events.,Cases that contain more than 3 events.,0.416667
48,48_0,48_2,List the case identifiers that have more than 3 events.,What are the cases that have more than 3 events performed?,0.5
48,48_0,48_3,List the case identifiers that have more than 3 events.,In which cases were more than 3 events performed?,0.266667
48,48_0,48_4,List the case identifiers that have more than 3 events.,Cases that contain more than three events.,0.307692
48,48_0,48_5,List the case identifiers that have more than 3 events.,List the case identifiers that have more than three events.,0.818182
48,48_0,48_6,List the case identifiers that have more than 3 events.,What are the cases that have more than three events performed?,0.4
48,48_0,48_7,List the case identifiers that have more than 3 events.,In which cases were more than three events performed?,0.1875
48,48_0,48_8,List the case identifiers that have more than 3 events.,Which declarations were subject to more than three interventions?,0.117647
49,49_0,49_1,How long did each case last?,Approximate total time for each case.,0.2
49,49_0,49_2,How long did each case last?,Calculate the approximate duration of each case.,0.181818
49,49_0,49_3,How long did each case last?,How long does each case last?,0.714286
49,49_0,49_4,How long did each case last?,Report the duration of each case.,0.2
49,49_0,49_5,How long did each case last?,What is the duration of processing for each declaration?,0.071429
50,50_0,50_1,Which cases had the same resource allocated for all performances of their activities and what was the resource?,Which cases had the same resource allocated to all their activities? Who was the resource?,0.611111
50,50_0,50_2,Which cases had the same resource allocated for all performances of their activities and what was the resource?,"Which cases had the same resource allocated for all performances of their activities, and who was the resource?",0.882353
50,50_0,50_3,Which cases had the same resource allocated for all performances of their activities and what was the resource?,List the cases and resource in which all activities are handled by the same resource.,0.380952
50,50_0,50_4,Which cases had the same resource allocated for all performances of their activities and what was the resource?,List the cases and resource in which the activities were all allocated to the same resource.,0.45
50,50_0,50_5,Which cases had the same resource allocated for all performances of their activities and what was the resource?,Find the cases and resource where the activities are all handled by the same resource.,0.333333
50,50_0,50_6,Which cases had the same resource allocated for all performances of their activities and what was the resource?,Find the cases and resource where all activities were allocated to the same resource.,0.4
50,50_0,50_7,Which cases had the same resource allocated for all performances of their activities and what was the resource?,"For cases where the activities are all handled by the same resource, identify the case and that resource.",0.347826
50,50_0,50_8,Which cases had the same resource allocated for all performances of their activities and what was the resource?,"For cases where all activities have been allocated to the same resource, identify the case and that resource.",0.391304
50,50_0,50_9,Which cases had the same resource allocated for all performances of their activities and what was the resource?,Which declarations were entirely handled by a single employee and what is the name of that employee?,0.185185
51,51_0,51_1,Which cases arrived at the 'end trip' activity between 2016 and 2017?,Which cases went through the 'end trip' activity between 2016 and 2017?,0.714286
51,51_0,51_2,Which cases arrived at the 'end trip' activity between 2016 and 2017?,In which cases was the 'end trip' activity carried out between 2016 and 2017?,0.625
51,51_0,51_3,Which cases arrived at the 'end trip' activity between 2016 and 2017?,In which process instances was the 'end trip' activity performed between 2016 and 2017?,0.529412
51,51_0,51_4,Which cases arrived at the 'end trip' activity between 2016 and 2017?,List the cases that arrived at the 'end trip' activity between 2016 and 2017.,0.785714
51,51_0,51_5,Which cases arrived at the 'end trip' activity between 2016 and 2017?,List the cases that went through the 'end trip' activity between 2016 and 2017.,0.5625
51,51_0,51_6,Which cases arrived at the 'end trip' activity between 2016 and 2017?,List the cases in which the 'end trip' activity was performed between 2016 and 2017.,0.625
51,51_0,51_7,Which cases arrived at the 'end trip' activity between 2016 and 2017?,List the process instances that arrived at the 'end trip' activity between 2016 and 2017.,0.625
51,51_0,51_8,Which cases arrived at the 'end trip' activity between 2016 and 2017?,List the process instances that went through the 'end trip' activity between 2016 and 2017.,0.444444
51,51_0,51_9,Which cases arrived at the 'end trip' activity between 2016 and 2017?,List the process instances where the 'end trip' activity was performed between 2016 and 2017.,0.444444
51,51_0,51_10,Which cases arrived at the 'end trip' activity between 2016 and 2017?,Make a report listing all declarations in which the end of the trip was recorded in the period 2016 and 2017.,0.304348
52,52_0,52_1,List all data on all events related to the performance of activities that have the word 'rejected' in their name.,Present all information about events involving the performance of an activity with the word 'rejected' in the name.,0.36
52,52_0,52_2,List all data on all events related to the performance of activities that have the word 'rejected' in their name.,"For all performances of an activity with the word 'rejected' in the name, present all corresponding event information.",0.259259
52,52_0,52_3,List all data on all events related to the performance of activities that have the word 'rejected' in their name.,"For all performances of an activity whose name contains the word 'rejected', display all associated event information.",0.214286
52,52_0,52_4,List all data on all events related to the performance of activities that have the word 'rejected' in their name.,"For all performances of an activity whose name contains the word 'rejected', present all available information for the corresponding event.",0.206897
52,52_0,52_5,List all data on all events related to the performance of activities that have the word 'rejected' in their name.,Present all available information on events associated with an activity containing the word 'rejected' in its name.,0.296296
52,52_0,52_6,List all data on all events related to the performance of activities that have the word 'rejected' in their name.,Report data on interventions that result in a rejection of the declaration.,0.25
52,52_0,52_7,List all data on all events related to the performance of activities that have the word 'rejected' in their name.,Make a report of information regarding rejection interventions in the declarations.,0.115385
53,53_0,53_1,What are the minimum and maximum costs recorded for each case in which a maximum cost of more than zero is reported?,What are the minimum and maximum costs recorded for each case in which the maximum cost is more than zero?,0.857143
53,53_0,53_2,What are the minimum and maximum costs recorded for each case in which a maximum cost of more than zero is reported?,What are the minimum and maximum costs recorded for each case in which the maximum cost reported is more than zero?,0.904762
53,53_0,53_3,What are the minimum and maximum costs recorded for each case in which a maximum cost of more than zero is reported?,What are the minimum and maximum costs recorded for each case in which the maximum cost reported is greater than zero?,0.818182
53,53_0,53_4,What are the minimum and maximum costs recorded for each case in which a maximum cost of more than zero is reported?,List the minimum and maximum costs recorded for each case that had a maximum cost of more than zero reported.,0.666667
53,53_0,53_5,What are the minimum and maximum costs recorded for each case in which a maximum cost of more than zero is reported?,List the minimum and maximum costs recorded for each case that had a maximum cost of more than zero.,0.625
53,53_0,53_6,What are the minimum and maximum costs recorded for each case in which a maximum cost of more than zero is reported?,List the minimum and maximum costs recorded for each case that had a maximum cost greater than zero.,0.52
53,53_0,53_7,What are the minimum and maximum costs recorded for each case in which a maximum cost of more than zero is reported?,List the minimum and maximum costs recorded for each case in which the maximum cost of more than zero was filled out.,0.64
53,53_0,53_8,What are the minimum and maximum costs recorded for each case in which a maximum cost of more than zero is reported?,List the minimum and maximum costs recorded for each case in which the maximum cost of more than zero is reported,0.818182
53,53_0,53_9,What are the minimum and maximum costs recorded for each case in which a maximum cost of more than zero is reported?,What are the minimum and maximum costs recorded for each case in which the maximum cost of more than zero was reported?,0.863636
53,53_0,53_10,What are the minimum and maximum costs recorded for each case in which a maximum cost of more than zero is reported?,What are the minimum and maximum costs recorded for each case in which the maximum cost reported was more than zero?,0.818182
53,53_0,53_11,What are the minimum and maximum costs recorded for each case in which a maximum cost of more than zero is reported?,What are the minimum and maximum costs recorded for each case in which the maximum cost reported was greater than zero?,0.73913
53,53_0,53_12,What are the minimum and maximum costs recorded for each case in which a maximum cost of more than zero is reported?,What are the minimum and maximum values of interventions carried out for each of the declarations in which the maximum cost reported was greater than zero?,0.535714
53,53_0,53_13,What are the minimum and maximum costs recorded for each case in which a maximum cost of more than zero is reported?,List the minimum and maximum costs recorded for each declaration that had a maximum cost more than zero filled out.,0.481481
54,54_0,54_1,Show how long it took from the first event of a case to the event related to the activity indicating 'end trip' or to the event related to the activity indicating 'declaration rejected by employee' or the event related to the activity indicating 'payment handled'.,Show how long it took from the first event of a case to the event related to the 'end trip' or 'declaration rejected by employee' or 'payment handled' activity.,0.96
54,54_0,54_2,Show how long it took from the first event of a case to the event related to the activity indicating 'end trip' or to the event related to the activity indicating 'declaration rejected by employee' or the event related to the activity indicating 'payment handled'.,"Calculate, for each case, the time elapsed from the first event to the event of interest associated with the 'end trip' or 'declaration rejected by employee' or 'payment handled' activity, and present the calculated time.",0.472222
54,54_0,54_3,Show how long it took from the first event of a case to the event related to the activity indicating 'end trip' or to the event related to the activity indicating 'declaration rejected by employee' or the event related to the activity indicating 'payment handled'.,"How long did it take between the first action taken on a declaration until an indication of the finalization of a trip, or until those actions that indicate that the declaration was rejected by an employee or that a payment has already been made?",0.318182
54,54_0,54_4,Show how long it took from the first event of a case to the event related to the activity indicating 'end trip' or to the event related to the activity indicating 'declaration rejected by employee' or the event related to the activity indicating 'payment handled'.,"Show how long it took from the first intervention on a declaration to the intervention that indicates the end of the trip, or to those that indicate that the declaration was rejected by an employee or that indicate that a payment has already been made.",0.513514
55,55_0,55_1,"Show how long it took from the first event of a case to the event related to 'end trip' and to possible 'declaration rejected by employee' or 'payment handled' activities. Furthermore, report the case and the activity treated as final in this context.","Show how long it took from the first event of a case to the event related to the activity that indicates the end of the trip ('end trip') or to events related to activities that indicate the rejection of declaration submission ('declaration rejected by employee') or related to activities that indicate payment made ('payment handled'). Along with this time, report the case and the activity considered to be the end of this interval.",0.583333
55,55_0,55_2,"Show how long it took from the first event of a case to the event related to 'end trip' and to possible 'declaration rejected by employee' or 'payment handled' activities. Furthermore, report the case and the activity treated as final in this context.","Show how long it took from the first event of a case to the event related to the 'end trip' or 'declaration rejected by employee' or 'payment handled' activity. In addition to this time, return the case and activity considered at the end of this interval.",0.658537
55,55_0,55_3,"Show how long it took from the first event of a case to the event related to 'end trip' and to possible 'declaration rejected by employee' or 'payment handled' activities. Furthermore, report the case and the activity treated as final in this context.","Calculate, for each case, the elapsed time from the first event to the event of interest associated with the 'end trip' or 'declaration rejected by employee' or 'payment handled' activity, and retrieve the case, the activity of the event of interest and the calculated time.",0.4
55,55_0,55_4,"Show how long it took from the first event of a case to the event related to 'end trip' and to possible 'declaration rejected by employee' or 'payment handled' activities. Furthermore, report the case and the activity treated as final in this context.",How long does it take from the start of processing a declaration until the end of the trip is recorded or until it is rejected by an employee or payment is made?,0.340909
56,56_0,56_1,Retrieve event data associated with 'request payment' activities existing in the event log.,"Are there records of 'request payment' activity in the event log? If yes, show the event data associated with the records.",0.45
56,56_0,56_2,Retrieve event data associated with 'request payment' activities existing in the event log.,"Are there declarations for which a payment request has already been made? If yes, supply the data from these requests.",0.142857
56,56_0,56_3,Retrieve event data associated with 'request payment' activities existing in the event log.,"Are there interventions that request payment for declarations? If so, report details of the performance of this intervention.",0.115385
57,57_0,57_1,What is the mean duration time of each type of activity?,What is the average duration time of each activity?,0.727273
57,57_0,57_2,What is the mean duration time of each type of activity?,What is the mean duration time of each activity?,0.9
57,57_0,57_3,What is the mean duration time of each type of activity?,"How long, on average, does each activity last?",0.125
57,57_0,57_4,What is the mean duration time of each type of activity?,What is each activity's mean duration?,0.454545
57,57_0,57_5,What is the mean duration time of each type of activity?,What is the mean duration of each activity?,0.8
57,57_0,57_6,What is the mean duration time of each type of activity?,"What is, on average, the duration of each activity?",0.583333
57,57_0,57_7,What is the mean duration time of each type of activity?,What is each activity's average duration?,0.333333
57,57_0,57_8,What is the mean duration time of each type of activity?,What is the average duration of each activity?,0.636364
57,57_0,57_9,What is the mean duration time of each type of activity?,How long does each type of activity last on average?,0.25
57,57_0,57_10,What is the mean duration time of each type of activity?,How long does each activity last on average?,0.125
57,57_0,57_11,What is the mean duration time of each type of activity?,Report the mean duration time of each type of activity,0.727273
57,57_0,57_12,What is the mean duration time of each type of activity?,Report what the mean duration time of each activity is.,0.818182
57,57_0,57_13,What is the mean duration time of each type of activity?,Report what each activity's mean duration time is.,0.5
57,57_0,57_14,What is the mean duration time of each type of activity?,Report the mean duration time of each activity.,0.636364
57,57_0,57_15,What is the mean duration time of each type of activity?,"Report how long, on average, each activity lasts.",0.125
57,57_0,57_16,What is the mean duration time of each type of activity?,Report the mean duration of each type of activity.,0.636364
57,57_0,57_17,What is the mean duration time of each type of activity?,Report what the mean duration of each activity is.,0.727273
57,57_0,57_18,What is the mean duration time of each type of activity?,Report what each activity's mean duration is.,0.416667
57,57_0,57_19,What is the mean duration time of each type of activity?,Report the mean duration of each activity.,0.545455
57,57_0,57_20,What is the mean duration time of each type of activity?,"Report what is, on average, the duration of each activity.",0.538462
57,57_0,57_21,What is the mean duration time of each type of activity?,Report what the average duration of each activity is.,0.583333
57,57_0,57_22,What is the mean duration time of each type of activity?,Report what each activity's average duration is.,0.307692
57,57_0,57_23,What is the mean duration time of each type of activity?,Report the average duration of each activity.,0.416667
57,57_0,57_24,What is the mean duration time of each type of activity?,Report how long each activity lasts on average.,0.125
57,57_0,57_25,What is the mean duration time of each type of activity?,"How long, on average, does each type of intervention carried out during the processing of declarations last?",0.181818
58,58_0,58_1,Which are the cases with the highest cost?,Which cases have the highest cost?,0.625
58,58_0,58_2,Which are the cases with the highest cost?,Which cases have the maximum cost already recorded in the event log?,0.285714
58,58_0,58_3,Which are the cases with the highest cost?,Present cases whose costs are equal to the highest cost.,0.416667
58,58_0,58_4,Which are the cases with the highest cost?,Present cases whose costs are equal to the maximum cost already recorded in the event log.,0.222222
58,58_0,58_5,Which are the cases with the highest cost?,Present the highest cost cases.,0.5
58,58_0,58_6,Which are the cases with the highest cost?,Which declarations represent the highest cost to the university?,0.363636
59,59_0,59_1,What are the events with the highest cost?,Which events have the highest cost?,0.444444
59,59_0,59_2,What are the events with the highest cost?,Which events have the maximum cost?,0.3
59,59_0,59_3,What are the events with the highest cost?,Which events have the maximum cost amount?,0.272727
59,59_0,59_4,What are the events with the highest cost?,Present the events whose costs are equal to the highest cost.,0.416667
59,59_0,59_5,What are the events with the highest cost?,Present the events whose costs are maximum.,0.272727
59,59_0,59_6,What are the events with the highest cost?,Present the highest-cost events.,0.222222
59,59_0,59_7,What are the events with the highest cost?,Present the events whose cost amounts are the highest.,0.5
59,59_0,59_8,What are the events with the highest cost?,Present the events whose cost amounts are equal to the maximum cost.,0.307692
59,59_0,59_9,What are the events with the highest cost?,Present the events with the highest cost amount.,0.555556
59,59_0,59_10,What are the events with the highest cost?,Report the events whose costs are the highest.,0.4
59,59_0,59_11,What are the events with the highest cost?,Report the events whose costs are equal to the maximum cost.,0.307692
59,59_0,59_12,What are the events with the highest cost?,Report the highest cost events.,0.5
59,59_0,59_13,What are the events with the highest cost?,Report the events whose cost amounts are the highest.,0.5
59,59_0,59_14,What are the events with the highest cost?,Report the events whose cost amounts are the maximum.,0.363636
59,59_0,59_15,What are the events with the highest cost?,Report the events with the highest-cost amount.,0.3
59,59_0,59_16,What are the events with the highest cost?,Which interventions have their costs equal to the highest cost already recorded?,0.1875
60,60_0,60_1,"List the events, with their attributes, that refer to the 'start trip' activity.","List the events, with their respective attributes, that refer to the 'start trip' activity.",0.923077
60,60_0,60_2,"List the events, with their attributes, that refer to the 'start trip' activity.","List the events, with their attributes, that refer to the performance of the 'start trip' activity.",0.857143
60,60_0,60_3,"List the events, with their attributes, that refer to the 'start trip' activity.","List the events, with their respective attributes, that refer to the performance of the 'start trip' activity.",0.8
60,60_0,60_4,"List the events, with their attributes, that refer to the 'start trip' activity.",List all available information about the events that relate to the 'start trip' activity.,0.470588
60,60_0,60_5,"List the events, with their attributes, that refer to the 'start trip' activity.",List all available information about the events that relate to the performance of the 'start trip' activity.,0.421053
60,60_0,60_6,"List the events, with their attributes, that refer to the 'start trip' activity.",List all available information regarding events related to the performance of the 'start trip' activity.,0.368421
60,60_0,60_7,"List the events, with their attributes, that refer to the 'start trip' activity.",List all available information regarding the events resulting from the performance of the 'start trip' activity.,0.3
60,60_0,60_8,"List the events, with their attributes, that refer to the 'start trip' activity.","Present the events, with their attributes, that refer to the 'start trip' activity.",0.846154
60,60_0,60_9,"List the events, with their attributes, that refer to the 'start trip' activity.","Present the events, with their respective attributes, that refer to the 'start trip' activity.",0.785714
60,60_0,60_10,"List the events, with their attributes, that refer to the 'start trip' activity.","Present the events, with their attributes, that refer to the performance of the 'start trip' activity.",0.733333
60,60_0,60_11,"List the events, with their attributes, that refer to the 'start trip' activity.",Present all available information about the events that relate to the 'start trip' activity.,0.388889
60,60_0,60_12,"List the events, with their attributes, that refer to the 'start trip' activity.",Present all available information about the events that refer to the 'start trip' activity.,0.470588
60,60_0,60_13,"List the events, with their attributes, that refer to the 'start trip' activity.",Present all available information about the events that relate to the performance of the 'start trip' activity.,0.35
60,60_0,60_14,"List the events, with their attributes, that refer to the 'start trip' activity.",Present all available information referring to the events related to the performance of the 'start trip' activity.,0.3
60,60_0,60_15,"List the events, with their attributes, that refer to the 'start trip' activity.",Present all available information referring to the events resulting from the performance of the 'start trip' activity.,0.285714
60,60_0,60_16,"List the events, with their attributes, that refer to the 'start trip' activity.",Make a report with all the information regarding the interventions that generated a record of the start of the trip.,0.227273
60,60_0,60_17,"List the events, with their attributes, that refer to the 'start trip' activity.",Extract data describing the interventions that determine the start of a trip.,0.210526
61,61_0,61_1,What is the total number of records per activity?,What is the total number of performances of each activity?,0.636364
61,61_0,61_2,What is the total number of records per activity?,What is the total quantity of performances of each activity?,0.5
61,61_0,61_3,What is the total number of records per activity?,How many events are there associated with each activity?,0.058824
61,61_0,61_4,What is the total number of records per activity?,How many times was each activity performed?,0.066667
61,61_0,61_5,What is the total number of records per activity?,How many performances of each activity were recorded?,0.133333
61,61_0,61_6,What is the total number of records per activity?,Report how many events are associated with the performance of each activity.,0.166667
61,61_0,61_7,What is the total number of records per activity?,"For each activity, how many events are related to its performance?",0.052632
61,61_0,61_8,What is the total number of records per activity?,"Report, for each activity, the number of events resulting from its performance",0.235294
61,61_0,61_9,What is the total number of records per activity?,"For each activity, how many events result from its performance?",0.055556
61,61_0,61_10,What is the total number of records per activity?,"Report, for each activity, the number of events related to its performance",0.235294
61,61_0,61_11,What is the total number of records per activity?,How many events are associated with the performance of each activity?,0.176471
61,61_0,61_12,What is the total number of records per activity?,Report the total number of performances for each activity,0.384615
61,61_0,61_13,What is the total number of records per activity?,Report the total quantity of performances for each activity,0.285714
61,61_0,61_14,What is the total number of records per activity?,Report how many events there are associated with each activity,0.055556
61,61_0,61_15,What is the total number of records per activity?,Report how many times each activity was performed,0.0625
61,61_0,61_16,What is the total number of records per activity?,Report how many performances of each activity were recorded,0.125
61,61_0,61_17,What is the total number of records per activity?,Each type of possible action during the processing of a declaration is related to a number of interventions. Make a report on this quantity.,0.16
61,61_0,61_18,What is the total number of records per activity?,"When processing declarations, several actions are possible. How many times was each of these actions performed?",0.043478
61,61_0,61_19,What is the total number of records per activity?,Make a report reporting the number of interventions that have already been registered for each type of possible action in processing declarations.,0.111111
61,61_0,61_20,What is the total number of records per activity?,"Report the number of interventions that were carried out in the declarations, considering each type of possible action.",0.136364
61,61_0,61_21,What is the total number of records per activity?,How many interventions have already been recorded for each type of possible action on declarations?,0.043478
61,61_0,61_22,What is the total number of records per activity?,"Recover the number of interventions that were carried out in the declarations, considering each type of possible action.",0.136364
61,61_0,61_23,What is the total number of records per activity?,"How many interventions were made in the declarations, considering each type of possible action?",0.095238
62,62_0,62_1,"Present the cost of each event and the activity performed, ordered by the cost of the event.","Present the cost of the event and associated activity, ordered by the cost of the event.",0.75
62,62_0,62_2,"Present the cost of each event and the activity performed, ordered by the cost of the event.","Present the cost of each event and the corresponding activity performed, ordered by the cost of the event.",0.916667
62,62_0,62_3,"Present the cost of each event and the activity performed, ordered by the cost of the event.","List the cost of each event and associated activity, ordered by the cost of the event.",0.692308
62,62_0,62_4,"Present the cost of each event and the activity performed, ordered by the cost of the event.","List the cost of each event and the activity performed, ordered by the cost of the event.",0.833333
62,62_0,62_5,"Present the cost of each event and the activity performed, ordered by the cost of the event.","List the cost of each event and the corresponding activity performed, ordered by the cost of the event.",0.769231
62,62_0,62_6,"Present the cost of each event and the activity performed, ordered by the cost of the event.","Create a report that informs how much each intervention carried out on the declarations costs, adding information about which action each intervention refers to. Present the report in order from highest to lowest cost already recorded.",0.105263
62,62_0,62_7,"Present the cost of each event and the activity performed, ordered by the cost of the event.","Create a report on the costs of performing declaration processing tasks, presenting the information from highest to lowest cost.",0.115385
63,63_0,63_1,"List all events, and their attributes, that are associated with 'permit' activities.","List all events, and their corresponding attribute values, that are associated with the 'permit' activity.",0.588235
63,63_0,63_2,"List all events, and their attributes, that are associated with 'permit' activities.","Retrieve all events, and their attributes, that are associated with the 'permit' activity.",0.666667
63,63_0,63_3,"List all events, and their attributes, that are associated with 'permit' activities.",What are the events associated with performing the 'permit' activity? List all event attributes.,0.470588
63,63_0,63_4,"List all events, and their attributes, that are associated with 'permit' activities.",What are the events associated with performing the 'permit' activity? List all attributes of each event.,0.421053
63,63_0,63_5,"List all events, and their attributes, that are associated with 'permit' activities.","What are the events, and their corresponding attribute values, referring to the 'permit' activity?",0.25
63,63_0,63_6,"List all events, and their attributes, that are associated with 'permit' activities.",The performances of the 'permit' activity are associated with which events? How are these events characterized?,0.25
63,63_0,63_7,"List all events, and their attributes, that are associated with 'permit' activities.",What characterizes the events associated with the performance of the 'permit' activity?,0.222222
63,63_0,63_8,"List all events, and their attributes, that are associated with 'permit' activities.",Show the attribute values of the events associated with the 'permit' activity.,0.222222
63,63_0,63_9,"List all events, and their attributes, that are associated with 'permit' activities.",The 'permit' activity is associated with which events? List the attribute values of these events.,0.25
63,63_0,63_10,"List all events, and their attributes, that are associated with 'permit' activities.",What characterizes the interventions that generate a permit during the processing of a declaration?,0.090909
63,63_0,63_11,"List all events, and their attributes, that are associated with 'permit' activities.","What information is associated with permit interventions, within the processing of a declaration?",0.136364
64,64_0,64_1,What is the highest event cost amount in the event log?,What is the highest event cost amount in the log?,1.0
64,64_0,64_2,What is the highest event cost amount in the event log?,What is the highest cost in the event log?,0.888889
64,64_0,64_3,What is the highest event cost amount in the event log?,Report the highest cost already recorded in the event log.,0.5
64,64_0,64_4,What is the highest event cost amount in the event log?,Report the highest cost in the event log.,0.6
64,64_0,64_5,What is the highest event cost amount in the event log?,What was the amount spent on the most expensive intervention already recorded during the processing of declarations?,0.142857
65,65_0,65_1,What were the cases in which both the 'Sara' and 'Thomas' resources participated?,Retrieve cases where both the 'Sara' resource and the 'Thomas' resource participated.,0.466667
65,65_0,65_2,What were the cases in which both the 'Sara' and 'Thomas' resources participated?,List the identifiers of the cases in which the 'Sara' and 'Thomas' resources acted.,0.5
65,65_0,65_3,What were the cases in which both the 'Sara' and 'Thomas' resources participated?,The 'Sara' and 'Thomas' resources both participated in which cases?,0.833333
65,65_0,65_4,What were the cases in which both the 'Sara' and 'Thomas' resources participated?,The 'Sara' and 'Thomas' resources participated together in which cases?,0.692308
65,65_0,65_5,What were the cases in which both the 'Sara' and 'Thomas' resources participated?,What are the declarations in which both Sara and Thomas participated together?,0.6
66,66_0,66_1,How many activities named 'declaration rejected by administration' were performed by each resource?,How many activities marked as 'declaration rejected by administration' were performed by each resource?,0.785714
66,66_0,66_2,How many activities named 'declaration rejected by administration' were performed by each resource?,Report how many activities named 'declaration rejected by administration' were performed by each resource.,0.923077
66,66_0,66_3,How many activities named 'declaration rejected by administration' were performed by each resource?,Report how many activities marked as 'declaration rejected by administration' were performed by each resource.,0.733333
66,66_0,66_4,How many activities named 'declaration rejected by administration' were performed by each resource?,How many instances of performing the activity named 'declaration rejected by administration' were the responsibility of each resource?,0.555556
66,66_0,66_5,How many activities named 'declaration rejected by administration' were performed by each resource?,How many times was each resource responsible for carrying out an activity named 'declaration rejected by administration'?,0.45
66,66_0,66_6,How many activities named 'declaration rejected by administration' were performed by each resource?,Report the number of times each resource was associated with the performance of an activity named 'declaration rejected by administration'.,0.304348
66,66_0,66_7,How many activities named 'declaration rejected by administration' were performed by each resource?,Report how many instances of executing the activity named 'declaration rejected by administration' were the responsibility of each resource.,0.526316
66,66_0,66_8,How many activities named 'declaration rejected by administration' were performed by each resource?,"For each resource, retrieve information about how many times it has been associated with performing the 'declaration rejected by administration' activity.",0.32
66,66_0,66_9,How many activities named 'declaration rejected by administration' were performed by each resource?,How many events associated with a 'declaration rejected by administration' were the responsibility of each resource?,0.473684
66,66_0,66_10,How many activities named 'declaration rejected by administration' were performed by each resource?,How many times was each employee responsible for rejecting a declaration performing the role of administrator?,0.166667
67,67_0,67_1,Report how many activities named 'declaration rejected by administration' were performed by each resource in each case.,How many activities marked as 'declaration rejected by administration' were performed by each resource in each case?,0.764706
67,67_0,67_2,Report how many activities named 'declaration rejected by administration' were performed by each resource in each case.,Report how many activities marked as 'declaration rejected by administration' were performed by each resource in each case.,0.823529
67,67_0,67_3,Report how many activities named 'declaration rejected by administration' were performed by each resource in each case.,How many instances of performing the activity named 'declaration rejected by administration' were the responsibility of each resource in each case?,0.571429
67,67_0,67_4,Report how many activities named 'declaration rejected by administration' were performed by each resource in each case.,How many times was each resource responsible for carrying out an activity named 'declaration rejected by administration' in each case?,0.478261
67,67_0,67_5,Report how many activities named 'declaration rejected by administration' were performed by each resource in each case.,"Report the number of times each resource was associated with the performance of an activity named 'declaration rejected by administration', in each case.",0.4
67,67_0,67_6,Report how many activities named 'declaration rejected by administration' were performed by each resource in each case.,Report how many instances of carrying out the activity named 'declaration rejected by administration' were the responsibility of each resource in each case?,0.590909
67,67_0,67_7,Report how many activities named 'declaration rejected by administration' were performed by each resource in each case.,"For each resource, retrieve information about how many times it was associated with executing the 'declaration rejected by administration' activity in each case.",0.37037
67,67_0,67_8,Report how many activities named 'declaration rejected by administration' were performed by each resource in each case.,How many events associated with a 'declaration rejected by administration' were the responsibility of each resource in each case?,0.5
67,67_0,67_9,Report how many activities named 'declaration rejected by administration' were performed by each resource in each case.,"How many times was each employee responsible for rejecting a declaration, performing the role of administrator, in each of the declarations already processed?",0.166667
68,68_0,68_1,What is the average event cost for activities other than 'start trip' and 'end trip'?,What is the average cost of events associated with activities other than 'start trip' and 'end trip'?,0.666667
68,68_0,68_2,What is the average event cost for activities other than 'start trip' and 'end trip'?,What is the mean cost of events associated with activities other than 'start trip' and 'end trip'?,0.578947
68,68_0,68_3,What is the average event cost for activities other than 'start trip' and 'end trip'?,Report the average cost of events associated with activities other than 'start trip' and 'end trip'.,0.526316
68,68_0,68_4,What is the average event cost for activities other than 'start trip' and 'end trip'?,Report the mean cost of events associated with activities other than 'start trip' and 'end trip'.,0.45
68,68_0,68_5,What is the average event cost for activities other than 'start trip' and 'end trip'?,Calculate the average cost of events associated with activities other than 'start trip' and 'end trip'.,0.526316
68,68_0,68_6,What is the average event cost for activities other than 'start trip' and 'end trip'?,Calculate the mean cost of events associated with activities other than 'start trip' and 'end trip'.,0.45
68,68_0,68_7,What is the average event cost for activities other than 'start trip' and 'end trip'?,What is the average cost of events associated with activities that do not relate to the labels 'start trip' and 'end trip'?,0.416667
68,68_0,68_8,What is the average event cost for activities other than 'start trip' and 'end trip'?,What is the average cost of events associated with activities that are not named 'start trip' and 'end trip'?,0.454545
68,68_0,68_9,What is the average event cost for activities other than 'start trip' and 'end trip'?,"How much, on average, does an intervention cost, other than those that indicate the beginning or end of a trip?",0.259259
69,69_0,69_1,Retrieve the attributes of the five highest-cost events.,Select the five events with the highest costs. List all attributes of these events.,0.357143
69,69_0,69_2,Retrieve the attributes of the five highest-cost events.,What is the information on the 5 highest-cost events?,0.25
69,69_0,69_3,Retrieve the attributes of the five highest-cost events.,List the attribute values of the five highest-cost events.,0.5
69,69_0,69_4,Retrieve the attributes of the five highest-cost events.,Select the five highest-cost events. List all attributes of these events.,0.545455
69,69_0,69_5,Retrieve the attributes of the five highest-cost events.,Recover the attributes of the five highest-cost events.,0.75
69,69_0,69_6,Retrieve the attributes of the five highest-cost events.,List the values of the attributes of the five highest-cost events.,0.666667
69,69_0,69_7,Retrieve the attributes of the five highest-cost events.,Create a report that organizes data relating to the five most expensive interventions already recorded.,0.1
69,69_0,69_8,Retrieve the attributes of the five highest-cost events.,Select the five events with the highest costs.,0.272727
69,69_0,69_9,Retrieve the attributes of the five highest-cost events.,What are the 5 highest-cost events?,0.3
69,69_0,69_10,Retrieve the attributes of the five highest-cost events.,Recover the five highest-cost events.,0.5
69,69_0,69_11,Retrieve the attributes of the five highest-cost events.,List five higher-cost events.,0.222222
69,69_0,69_12,Retrieve the attributes of the five highest-cost events.,Select the five highest-cost events.,0.5
69,69_0,69_13,Retrieve the attributes of the five highest-cost events.,Recover the five highest-cost events.,0.5
69,69_0,69_14,Retrieve the attributes of the five highest-cost events.,List the five highest-cost events.,0.5
69,69_0,69_15,Retrieve the attributes of the five highest-cost events.,What were the five most costly interventions in the processing of declarations?,0.2
71,71_0,71_1,What are the cases that have more than one event.,Retrieve the cases that have more than one event.,0.727273
71,71_0,71_2,What are the cases that have more than one event.,Report which cases have more than one event.,0.5
71,71_0,71_3,What are the cases that have more than one event.,In which cases was more than one event performed?,0.357143
71,71_0,71_4,What are the cases that have more than one event.,In which cases did more than one event occur?,0.357143
71,71_0,71_5,What are the cases that have more than one event.,Which declarations have undergone more than one intervention?,0.285714
72,72_0,72_1,In which cases is there more than one occurrence of activity?,Retrieve the cases that have more than one instance of activity.,0.375
72,72_0,72_2,In which cases is there more than one occurrence of activity?,Report which cases have more than one occurrence of activity.,0.615385
72,72_0,72_3,In which cases is there more than one occurrence of activity?,In which cases was there more than one occurrence of activity?,0.833333
72,72_0,72_4,In which cases is there more than one occurrence of activity?,In which declarations did an action have to be performed more than once?,0.2
73,73_0,73_1,"What events, and their attributes, occurred on the dates '2018-10-01' and '2018-10-02'?",Which records occur on the dates '2018-10-01' and '2018-10-02'?,0.428571
73,73_0,73_2,"What events, and their attributes, occurred on the dates '2018-10-01' and '2018-10-02'?","Retrieve the events, and their attributes, that occurred on the dates '2018-10-01' and '2018-10-02'.",0.769231
73,73_0,73_3,"What events, and their attributes, occurred on the dates '2018-10-01' and '2018-10-02'?","List the events, and their attributes, that occurred on the dates '2018-10-01' and '2018-10-02'.",0.769231
73,73_0,73_4,"What events, and their attributes, occurred on the dates '2018-10-01' and '2018-10-02'?","Report the events, and their attributes, that occurred on the dates '2018-10-01' and '2018-10-02'.",0.769231
73,73_0,73_5,"What events, and their attributes, occurred on the dates '2018-10-01' and '2018-10-02'?",On the dates '2018-10-01' and '2018-10-02' which events occurred. List all their attributes.,0.714286
73,73_0,73_6,"What events, and their attributes, occurred on the dates '2018-10-01' and '2018-10-02'?",What is the information regarding the events that occurred on the dates '2018-10-01' and '2018-10-02'?,0.6
73,73_0,73_7,"What events, and their attributes, occurred on the dates '2018-10-01' and '2018-10-02'?",Retrieve data relating to events that occurred on the dates '2018-10-01' and '2018-10-02'.,0.5
73,73_0,73_8,"What events, and their attributes, occurred on the dates '2018-10-01' and '2018-10-02'?",What happened in the declarations between '2018-10-01' and '2018-10-02'?,0.333333
73,73_0,73_9,"What events, and their attributes, occurred on the dates '2018-10-01' and '2018-10-02'?","What events, and their attributes, occurred on October first, 2018 and October second, 2018?",0.466667
73,73_0,73_10,"What events, and their attributes, occurred on the dates '2018-10-01' and '2018-10-02'?","Retrieve the events, and their attributes, that occurred on the dates of October first, 2018 and October second, 2018.",0.444444
73,73_0,73_11,"What events, and their attributes, occurred on the dates '2018-10-01' and '2018-10-02'?","List the events, and their attributes, that occurred on the dates of October first, 2018 and October second, 2018.",0.444444
73,73_0,73_12,"What events, and their attributes, occurred on the dates '2018-10-01' and '2018-10-02'?","Report the events, and their attributes, that occurred on the dates of October first, 2018 and October second, 2018.",0.444444
73,73_0,73_13,"What events, and their attributes, occurred on the dates '2018-10-01' and '2018-10-02'?","On dates October first, 2018 and October second, 2018 which events occurred? List all their attributes.",0.388889
73,73_0,73_14,"What events, and their attributes, occurred on the dates '2018-10-01' and '2018-10-02'?","What is the information regarding the events that occurred on the dates of October first, 2018 and October second, 2018?",0.35
73,73_0,73_15,"What events, and their attributes, occurred on the dates '2018-10-01' and '2018-10-02'?","Retrieve data relating to events that occurred on the dates of October first, 2018 and October second, 2018.",0.285714
73,73_0,73_16,"What events, and their attributes, occurred on the dates '2018-10-01' and '2018-10-02'?","What happened in the declarations between October first and second, 2018?",0.157895
73,73_0,73_17,"What events, and their attributes, occurred on the dates '2018-10-01' and '2018-10-02'?",What interventions were carried out between October first and October second of the year 2018?,0.136364
73,73_0,73_18,"What events, and their attributes, occurred on the dates '2018-10-01' and '2018-10-02'?","What was done in the declarations between October first, 2018 and October second of the same year?",0.130435
75,75_0,75_1,"Retrieve all events, and their attributes, that were performed by resources whose name starts with the letter 'M'.",What events were performed by resources whose name starts with the letter 'M'? List the events with all their attributes,0.75
75,75_0,75_2,"Retrieve all events, and their attributes, that were performed by resources whose name starts with the letter 'M'.","List all events, and their attributes, that were performed by resources whose name starts with the letter 'M'.",0.894737
75,75_0,75_3,"Retrieve all events, and their attributes, that were performed by resources whose name starts with the letter 'M'.","Report all events, and their attributes, that were performed by resources whose name starts with the letter 'M'.",0.894737
75,75_0,75_4,"Retrieve all events, and their attributes, that were performed by resources whose name starts with the letter 'M'.",Retrieve all attributes of events that were performed by resources whose name starts with the letter 'M'.,0.842105
75,75_0,75_5,"Retrieve all events, and their attributes, that were performed by resources whose name starts with the letter 'M'.",What are the values of the attributes that characterize the events performed by resources whose name starts with the letter 'M'.,0.565217
75,75_0,75_6,"Retrieve all events, and their attributes, that were performed by resources whose name starts with the letter 'M'.",What have employees with names starting with the letter 'M' been doing during the processing of declarations?,0.137931
75,75_0,75_7,"Retrieve all events, and their attributes, that were performed by resources whose name starts with the letter 'M'.",What were the interventions carried out by employees whose name starts with 'M'? Report everything about these interventions.,0.296296
76,76_0,76_1,Which activities were performed more than five times?,What activities have more than 5 records?,0.25
76,76_0,76_2,Which activities were performed more than five times?,What activities appear more than five times in the event log?,0.357143
76,76_0,76_3,Which activities were performed more than five times?,Which activities have more than five occurrences in the event log?,0.357143
76,76_0,76_4,Which activities were performed more than five times?,Which activities are associated with more than five events?,0.416667
76,76_0,76_5,Which activities were performed more than five times?,Retrieve the names of activities that have more than five occurrences in the event log.,0.222222
76,76_0,76_6,Which activities were performed more than five times?,Retrieve the names of activities that are associated with more than five events.,0.235294
76,76_0,76_7,Which activities were performed more than five times?,Retrieve the names of activities that appear more than five times in the event log.,0.294118
76,76_0,76_8,Which activities were performed more than five times?,Report activities that have more than five occurrences in the event log.,0.25
76,76_0,76_9,Which activities were performed more than five times?,Report activities that are associated with more than five events.,0.285714
76,76_0,76_10,Which activities were performed more than five times?,Report activities that appear more than five times in the event log.,0.333333
76,76_0,76_11,Which activities were performed more than five times?,Which actions were performed more than five times during the processing of declarations?,0.5
77,77_0,77_1,Which activities were performed more than three times per case?,What activities appear more than three times in a single case?,0.4
77,77_0,77_2,Which activities were performed more than three times per case?,Which activities have more than three occurrences per case?,0.583333
77,77_0,77_3,Which activities were performed more than three times per case?,Which activities are associated with more than three events per case?,0.5
77,77_0,77_4,Which activities were performed more than three times per case?,Retrieve the names of activities that have more than three occurrences in a single case.,0.25
77,77_0,77_5,Which activities were performed more than three times per case?,Retrieve the names of activities that are associated with more than three events in a single case.,0.227273
77,77_0,77_6,Which activities were performed more than three times per case?,Retrieve the names of activities that appear more than three times per case.,0.4375
77,77_0,77_7,Which activities were performed more than three times per case?,Report activities that have more than three occurrences per case.,0.428571
77,77_0,77_8,Which activities were performed more than three times per case?,Report activities that are associated with more than three events per case.,0.375
77,77_0,77_9,Which activities were performed more than three times per case?,Report activities that appear more than three times in a single case.,0.375
77,77_0,77_10,Which activities were performed more than three times per case?,Analyze the declarations and check which actions were performed more than three times in each of them.,0.35
78,78_0,78_1,How many events occurred for the 'declaration 56300' case?,What is the size of the trace associated with the 'declaration 56300' case?,0.25
78,78_0,78_2,How many events occurred for the 'declaration 56300' case?,How many events occurred in the 'declaration 56300' case?,0.8
78,78_0,78_3,How many events occurred for the 'declaration 56300' case?,How many events were performed in the 'declaration 56300' case?,0.583333
78,78_0,78_4,How many events occurred for the 'declaration 56300' case?,How many events does the 'declaration 56300' case have?,0.636364
78,78_0,78_5,How many events occurred for the 'declaration 56300' case?,How many events were performed for the 'declaration 56300' case?,0.727273
78,78_0,78_6,How many events occurred for the 'declaration 56300' case?,Report how many actions happened in declaration 56300.,0.307692
79,79_0,79_1,"Which activities were performed more than once before 01/10/2017, and how many times were they performed?","Report the activities that were performed more than once before 01/10/2017, and how many times they were performed.",0.764706
79,79_0,79_2,"Which activities were performed more than once before 01/10/2017, and how many times were they performed?",List the activities that were performed more than once before 01/10/2017 and how many times they were performed.,0.764706
79,79_0,79_3,"Which activities were performed more than once before 01/10/2017, and how many times were they performed?","Retrieve activities that were performed more than once before 01/10/2017, and how many times they were performed.",0.8125
79,79_0,79_4,"Which activities were performed more than once before 01/10/2017, and how many times were they performed?","If any activity was performed more than once before 01/10/2017, retrieve the name of the activity and how many times it was performed.",0.434783
79,79_0,79_5,"Which activities were performed more than once before 01/10/2017, and how many times were they performed?","If any activity was performed more than once before 01/10/2017, list the name of the activity and how many times it was performed.",0.434783
79,79_0,79_6,"Which activities were performed more than once before 01/10/2017, and how many times were they performed?","If any activity was performed more than once before 01/10/2017, report the name of the activity and how many times it was performed.",0.434783
79,79_0,79_7,"Which activities were performed more than once before 01/10/2017, and how many times were they performed?","Report the activities that were performed more than once before 01/10/2017, and the number of times they were performed.",0.578947
79,79_0,79_8,"Which activities were performed more than once before 01/10/2017, and how many times were they performed?","List the activities that were performed more than once before 01/10/2017, and the number of times they were performed.",0.578947
79,79_0,79_9,"Which activities were performed more than once before 01/10/2017, and how many times were they performed?","What actions were performed to process the declarations, before 01/10/2017, and how many times were they performed?",0.45
79,79_0,79_10,"Which activities were performed more than once before 01/10/2017, and how many times were they performed?","Create a report stating how many times actions that were performed more than once occurred for processing performed before January 10, 2017.",0.346154
80,80_0,80_1,In how many cases did each resource act?,In how many process instances did each resource act?,0.7
80,80_0,80_2,In how many cases did each resource act?,Report the number of cases in which each resource acted.,0.285714
80,80_0,80_3,In how many cases did each resource act?,Report the number of cases each resource worked on.,0.214286
80,80_0,80_4,In how many cases did each resource act?,Report the number of cases in which each resource was involved.,0.266667
80,80_0,80_5,In how many cases did each resource act?,Report the number of cases to which each resource was allocated.,0.1875
80,80_0,80_6,In how many cases did each resource act?,In how many cases did each resource act?,1.0
80,80_0,80_7,In how many cases did each resource act?,How many cases was each resource allocated to?,0.454545
80,80_0,80_8,In how many cases did each resource act?,In how many process instances did each resource act?,0.7
80,80_0,80_9,In how many cases did each resource act?,How many process instances was each resource associated with?,0.307692
80,80_0,80_10,In how many cases did each resource act?,How many declarations has each of our collaborators already worked on?,0.1875
81,81_0,81_1,How many events did each resource act on?,Retrieve the number of times a resource has been allocated.,0.058824
81,81_0,81_2,How many events did each resource act on?,How many times did a resource act?,0.5
81,81_0,81_3,How many events did each resource act on?,How many events was each resource associated with?,0.454545
81,81_0,81_4,How many events did each resource act on?,What is the number of occurrences of a resource acting?,0.0625
81,81_0,81_5,How many events did each resource act on?,Calculate the number of times a resource has been associated with executing activities.,0.05
81,81_0,81_6,How many events did each resource act on?,Report the number of occurrences of a resource acting.,0.066667
81,81_0,81_7,How many events did each resource act on?,How many interventions have been carried out by each employee?,0.2
82,82_0,82_1,"What are the cases that the Thomas, Diana, or Sara resource worked on?","List all cases that one of the following resources worked on: Thomas, Diana, or Sara.",0.5
82,82_0,82_2,"What are the cases that the Thomas, Diana, or Sara resource worked on?","Retrieve the identifiers of the cases in which any of the following resources acted: Thomas, Diana, or Sara.",0.285714
82,82_0,82_3,"What are the cases that the Thomas, Diana, or Sara resource worked on?","What are the cases in which one of the following resources acted: Thomas, Diana, or Sara?",0.421053
82,82_0,82_4,"What are the cases that the Thomas, Diana, or Sara resource worked on?","What declarations were made by Thomas, Diana, or Sara?",0.3125
83,83_0,83_1,In how many cases that occurred between 5/1/2017 and 6/1/2017 is each resource associated?,Report the number of cases that occurred between 5/1/2017 and 6/1/2017 with which each resource was associated.,0.47619
83,83_0,83_2,In how many cases that occurred between 5/1/2017 and 6/1/2017 is each resource associated?,List the number of cases that occurred between 5/1/2017 and 6/1/2017 with which each resource was associated.,0.47619
83,83_0,83_3,In how many cases that occurred between 5/1/2017 and 6/1/2017 is each resource associated?,Retrieve the number of cases that occurred between 5/1/2017 and 6/1/2017 with which each resource was associated.,0.47619
83,83_0,83_4,In how many cases that occurred between 5/1/2017 and 6/1/2017 is each resource associated?,Calculate the number of cases that occurred between 5/1/2017 and 6/1/2017 with which each resource was associated.,0.47619
83,83_0,83_5,In how many cases that occurred between 5/1/2017 and 6/1/2017 is each resource associated?,How many process instances that occurred between 5/1/2017 and 6/1/2017 is each resource associated with?,0.705882
83,83_0,83_6,In how many cases that occurred between 5/1/2017 and 6/1/2017 is each resource associated?,"In how many process instances, performed between 5/1/2017 and 6/1/2017, is each resource associated?",0.647059
83,83_0,83_7,In how many cases that occurred between 5/1/2017 and 6/1/2017 is each resource associated?,"In how many cases, performed between 5/1/2017 and 6/1/2017, is each resource associated?",0.8
83,83_0,83_8,In how many cases that occurred between 5/1/2017 and 6/1/2017 is each resource associated?,How many declarations processed between 5/1/2017 and 6/1/2017 were each employee allocated?,0.368421
84,84_0,84_1,"How many cases, whose event occurred between 5/1/2017 and 6/1/2017, is each resource associated with?","How many cases was each resource associated with, considering events that occurred between 5/1/2017 and 6/1/2017?",0.631579
84,84_0,84_2,"How many cases, whose event occurred between 5/1/2017 and 6/1/2017, is each resource associated with?","How many declarations, that went through any intervention between 5/01/2017 and 6/01/2017, were each of our employees allocated to?",0.172414
85,85_0,85_1,"List the activities and resources associated with events, disregarding those in which the Joshua and Teresa resources are involved.","Report the activities and resources associated with events, disregarding those in which the Joshua and Teresa resources are involved.",0.882353
85,85_0,85_2,"List the activities and resources associated with events, disregarding those in which the Joshua and Teresa resources are involved.","Retrieve the activity names and resource names associated with events, disregarding those in which the Joshua and Teresa resources are involved.",0.7
85,85_0,85_3,"List the activities and resources associated with events, disregarding those in which the Joshua and Teresa resources are involved.",I need to know what actions and employees were associated with interventions in the processing of the declarations that were not the responsibility of Joshua and Teresa.,0.225806
85,85_0,85_4,"List the activities and resources associated with events, disregarding those in which the Joshua and Teresa resources are involved.","List all actions, and the respective responsible employee, associated with interventions in the declarations management process that were not under the responsibility of Joshua and Teresa.",0.258065
86,86_0,86_1,List the cases in which the 'start trip' or 'end trip' activities occurred and in which the 'request payment' and 'payment handled' activities did not occur.,"List the process instances in which 'start trip' or 'end trip' activities occurred, however, 'request payment' and 'payment handled' activities did not occur.",0.809524
86,86_0,86_2,List the cases in which the 'start trip' or 'end trip' activities occurred and in which the 'request payment' and 'payment handled' activities did not occur.,Report the cases in which 'start trip' or 'end trip' activities occurred and in which 'request payment' and 'payment handled' activities did not occur.,0.894737
86,86_0,86_3,List the cases in which the 'start trip' or 'end trip' activities occurred and in which the 'request payment' and 'payment handled' activities did not occur.,Retrieve the process instances in which the 'start trip' or 'trip end' activities occurred but the 'request payment' and 'payment handled' activities did not occur.,0.727273
86,86_0,86_4,List the cases in which the 'start trip' or 'end trip' activities occurred and in which the 'request payment' and 'payment handled' activities did not occur.,Retrieve the cases in which 'start trip' or 'end trip' activities occur but 'request payment' and 'payment handled' activities do not occur.,0.714286
86,86_0,86_5,List the cases in which the 'start trip' or 'end trip' activities occurred and in which the 'request payment' and 'payment handled' activities did not occur.,Report all cases relating to activities started or completed for which payments have not yet been requested or made.,0.16129
86,86_0,86_6,List the cases in which the 'start trip' or 'end trip' activities occurred and in which the 'request payment' and 'payment handled' activities did not occur.,What are the cases in which there was a record of the beginning of the trip or the end of the trip but there was no record of payment request and execution?,0.344828
86,86_0,86_7,List the cases in which the 'start trip' or 'end trip' activities occurred and in which the 'request payment' and 'payment handled' activities did not occur.,"In which instances of processes, marking the beginning or end of the trip, were the payment request and execution not observed?",0.384615
86,86_0,86_8,List the cases in which the 'start trip' or 'end trip' activities occurred and in which the 'request payment' and 'payment handled' activities did not occur.,In which travel declarations marking the beginning or end of the trip were the payment request and execution not observed?,0.384615
86,86_0,86_9,List the cases in which the 'start trip' or 'end trip' activities occurred and in which the 'request payment' and 'payment handled' activities did not occur.,Which trips have started or ended and payments have still not yet been requested or made?,0.142857
87,87_0,87_1,List all events that are not associated with resources.,List events in which resources were not used or reported.,0.266667
87,87_0,87_2,List all events that are not associated with resources.,What are the events that are not associated with resources?,0.636364
87,87_0,87_3,List all events that are not associated with resources.,Retrieve events that are not associated with resources.,0.7
87,87_0,87_4,List all events that are not associated with resources.,List all events for which no resources are associated.,0.5
87,87_0,87_5,List all events that are not associated with resources.,What are the events that no resources have been associated with?,0.428571
87,87_0,87_6,List all events that are not associated with resources.,Retrieve events with which no resource was associated.,0.214286
87,87_0,87_7,List all events that are not associated with resources.,"Make a report of all interventions in which employees were not allocated, or the allocation was not reported.",0.083333
88,88_0,88_1,Which cases had their first log record before March 2017?,Which cases started before March 2017?,0.454545
88,88_0,88_2,Which cases had their first log record before March 2017?,In which cases did the first performance of activity occur before March 2017?,0.352941
88,88_0,88_3,Which cases had their first log record before March 2017?,Which process instances started before March 2017?,0.307692
88,88_0,88_4,Which cases had their first log record before March 2017?,Which process instances had their first log record before March 2017?,0.75
88,88_0,88_5,Which cases had their first log record before March 2017?,In which process instances did the first activity performance occur before March 2017?,0.277778
88,88_0,88_6,Which cases had their first log record before March 2017?,Which declarations began to be processed before March 2017?,0.266667
88,88_0,88_7,Which cases had their first log record before March 2017?,Which declarations had the first intervention registered in the system before March 2017?,0.375
88,88_0,88_8,Which cases had their first log record before March 2017?,For which declarations was there an intervention record before March 2017?,0.3125
88,88_0,88_9,Which cases had their first log record before March 2017?,Processing records began occurring before March 2017 for which declarations?,0.25
89,89_0,89_1,Which cases were started with the performance of the 'start trip' activity in March 2017.,In which cases was the 'start trip' activity carried out first and in the period from 3/01/2017 to 3/31/2017?,0.291667
89,89_0,89_2,Which cases were started with the performance of the 'start trip' activity in March 2017.,What are the cases initiated by executing the 'start trip' activity in March 2017?,0.421053
89,89_0,89_3,Which cases were started with the performance of the 'start trip' activity in March 2017.,"List the identifiers of the cases in which the 'start trip' activity associated with the first event was carried out, necessarily in March 2017.",0.478261
89,89_0,89_4,Which cases were started with the performance of the 'start trip' activity in March 2017.,Retrieve the process instances in which the 'start trip' activity was the first to be performed and within the period from 03/1/2017 to 03/31/2017. Report only the identifier of these process instances.,0.21875
89,89_0,89_5,Which cases were started with the performance of the 'start trip' activity in March 2017.,List the identifiers of the process instances whose first event refers to the 'start trip' activity and occurred between 03/1/2017 and 03/31/2017.,0.178571
89,89_0,89_6,Which cases were started with the performance of the 'start trip' activity in March 2017.,Which declarations started with the start of the trip information in March 2017?,0.625
90,90_0,90_1,Which resources acted more than five times in the same case?,List all resources that acted more than five times in the same case.,0.714286
90,90_0,90_2,Which resources acted more than five times in the same case?,Which resources acted more than five times in the same case?,1.0
90,90_0,90_3,Which resources acted more than five times in the same case?,"If a resource acted more than five times in the same case, list the name of the resource.",0.529412
90,90_0,90_4,Which resources acted more than five times in the same case?,"If a resource has acted on more than five events in the same case, list the name of this resource.",0.380952
90,90_0,90_5,Which resources acted more than five times in the same case?,List the resources that worked on executing more than five events in the same case.,0.470588
90,90_0,90_6,Which resources acted more than five times in the same case?,What resources were allocated to more than five events in the same case?,0.5
90,90_0,90_7,Which resources acted more than five times in the same case?,Which resources acted more than five times on a declaration?,0.5
90,90_0,90_8,Which resources acted more than five times in the same case?,Which resources acted more than five times on a single declaration?,0.466667
90,90_0,90_9,Which resources acted more than five times in the same case?,Which collaborators worked on more than five interventions in a single declaration?,0.277778
90,90_0,90_10,Which resources acted more than five times in the same case?,Which resources have more than 5 actions in a single declaration?,0.294118
91,91_0,91_1,Which activities appear most often in the event log?,What are the most recurring activities in the log?,0.416667
91,91_0,91_2,Which activities appear most often in the event log?,What are the names of the activities that were performed most times in this business process?,0.2
91,91_0,91_3,Which activities appear most often in the event log?,Report the name of the most frequent activities in this event log.,0.428571
91,91_0,91_4,Which activities appear most often in the event log?,What are the most common actions when processing declarations?,0.125
92,92_0,92_1,"Present, in descending order, the 10 resources that performed the most in the 'declaration final approved by supervisor' activity.",Which 10 resources were most used in the 'declaration final approved by supervisor' activity? Considering from largest to smallest.,0.458333
92,92_0,92_2,"Present, in descending order, the 10 resources that performed the most in the 'declaration final approved by supervisor' activity.","I need to know who are the ten employees who most approved a declaration, definitively, using the supervisor position. The list must be presented from the employee most allocated to the activity to the employee least allocated.",0.166667
93,93_0,93_1,List the existing resources in the event log in descending order of the number of times each of them acted on the 'declaration final approved by supervisor' activity.,List all resources in descending order considering the number of times each one was associated with the performance of the 'declaration final approved by supervisor' activity.,0.551724
93,93_0,93_2,List the existing resources in the event log in descending order of the number of times each of them acted on the 'declaration final approved by supervisor' activity.,Present a list of the resources that acted in carrying out the 'declaration final approved by supervisor' activity. Sort the list by the number of times each resource was associated with the activity.,0.46875
93,93_0,93_3,List the existing resources in the event log in descending order of the number of times each of them acted on the 'declaration final approved by supervisor' activity.,Present the resources present in the event log in descending order according to the number of times each one acted on the 'declaration final approved by supervisor' activity.,0.730769
93,93_0,93_4,List the existing resources in the event log in descending order of the number of times each of them acted on the 'declaration final approved by supervisor' activity.,"I need to know who the employees are that definitively approved a declaration, using the position of supervisor. The list must be presented from the employee most allocated to the activity to the employee least allocated.",0.166667
94,94_0,94_1,In how many cases were the Eugene or Marie resources associated with the performance of the 'declaration approved by budget owner' activity?,In how many cases was there an association between the Eugene or Marie resources and the performance of the 'declaration approved by budget owner' activity?,0.653846
94,94_0,94_2,In how many cases were the Eugene or Marie resources associated with the performance of the 'declaration approved by budget owner' activity?,Report the number of cases in which the 'declaration approved by budget owner' activity was associated with the Eugene or Marie resources.,0.666667
94,94_0,94_3,In how many cases were the Eugene or Marie resources associated with the performance of the 'declaration approved by budget owner' activity?,In how many cases was the 'declaration approved by budget owner' activity associated with the Eugene or Marie resources?,0.809524
94,94_0,94_4,In how many cases were the Eugene or Marie resources associated with the performance of the 'declaration approved by budget owner' activity?,In how many cases were events related to the 'declaration approved by budget owner' activity associated with the Eugene or Marie resources?,0.782609
94,94_0,94_5,In how many cases were the Eugene or Marie resources associated with the performance of the 'declaration approved by budget owner' activity?,How many process instances was the 'declaration approved by budget owner' activity associated with the Eugine resource or the Marie resource?,0.52
94,94_0,94_6,In how many cases were the Eugene or Marie resources associated with the performance of the 'declaration approved by budget owner' activity?,Report the number of cases in which the 'declaration approved by budget owner' activity was associated with the Eugine or Marie resources.,0.6
94,94_0,94_7,In how many cases were the Eugene or Marie resources associated with the performance of the 'declaration approved by budget owner' activity?,Eugene or Marie approved how many declarations in their role as budget holders?,0.32
94,94_0,94_8,In how many cases were the Eugene or Marie resources associated with the performance of the 'declaration approved by budget owner' activity?,"How many declarations were approved by Eugene or Marie, as budget holders?",0.391304
95,95_0,95_1,Which activities that exist in the 'declaration 49464' case do not occur in the 'declaration 76667' case?,List all activities that were performed in the 'declaration 49464' case but were not performed in the 'declaration 76667' case.,0.5
95,95_0,95_2,Which activities that exist in the 'declaration 49464' case do not occur in the 'declaration 76667' case?,Retrieve the names of activities that were part of the 'declaration 49464' case and were not part of the 'declaration 76667' case.,0.421053
95,95_0,95_3,Which activities that exist in the 'declaration 49464' case do not occur in the 'declaration 76667' case?,What occurred in declaration 49464 that did not occur in declaration 76667?,0.4375
96,96_0,96_1,"For each resource that acted in the 'declaration submitted by employee' activity more than twice, report the number of times this action occurred.","Which resources worked on the 'declaration submitted by employee' activity more than twice? Also, list the performance count of each resource in this activity.",0.466667
96,96_0,96_2,"For each resource that acted in the 'declaration submitted by employee' activity more than twice, report the number of times this action occurred.","Which resources acted in the 'declaration submitted by employee' activity more than twice? Also, list the performance count of each resource in this activity.",0.535714
96,96_0,96_3,"For each resource that acted in the 'declaration submitted by employee' activity more than twice, report the number of times this action occurred.",Report how many times each resource acted in the 'declaration submitted by employee' activity if this occurred more than twice.,0.68
96,96_0,96_4,"For each resource that acted in the 'declaration submitted by employee' activity more than twice, report the number of times this action occurred.","If a resource acted more than twice in the 'declaration submitted by employee' activity, report the name of the resource and the number of times this action occurred.",0.730769
96,96_0,96_5,"For each resource that acted in the 'declaration submitted by employee' activity more than twice, report the number of times this action occurred.","If a resource has acted in more than twice in event relating to the 'declaration submitted by employee' activity, report the name of this resource and the number of events in which this action occurred.",0.5625
96,96_0,96_6,"For each resource that acted in the 'declaration submitted by employee' activity more than twice, report the number of times this action occurred.",Submit a report with the employee's name and the number of times they requested a declaration if they did so more than twice.,0.272727
97,97_0,97_1,Which cases went through the 'request payment' activity between '2017-05-01' and '2017-05-10'?,Which cases went through the 'request payment' activity in the first ten days of May 2017?,0.421053
97,97_0,97_2,Which cases went through the 'request payment' activity between '2017-05-01' and '2017-05-10'?,Which process instances performed the 'request payment' activity in the first ten days of May 2017?,0.227273
97,97_0,97_3,Which cases went through the 'request payment' activity between '2017-05-01' and '2017-05-10'?,Report the identifier of the cases that have a record of the performance of the 'request payment' activity between '2017-05-01' and '2017-05-10'.,0.45
97,97_0,97_4,Which cases went through the 'request payment' activity between '2017-05-01' and '2017-05-10'?,"Which cases went through the 'request payment' activity between May 1, 2017 and May 10, 2017?",0.625
97,97_0,97_5,Which cases went through the 'request payment' activity between '2017-05-01' and '2017-05-10'?,Retrieve the identifiers of cases where events associated with the performance of the 'request payment' activity occurred between '2017-05-01' and '2017-05-10'.,0.428571
97,97_0,97_6,Which cases went through the 'request payment' activity between '2017-05-01' and '2017-05-10'?,Payment requests were registered between '2017-05-01' and '2017-05-10' for which declarations?,0.352941
97,97_0,97_7,Which cases went through the 'request payment' activity between '2017-05-01' and '2017-05-10'?,"For which declarations was the payment request made between May 1 and 10, 2017?",0.3
98,98_0,98_1,How many resources worked on each case?,How many 'resource' identifiers are there for each 'case' identifier?,0.307692
98,98_0,98_2,How many resources worked on each case?,Report how many resources were needed to execute each case.,0.416667
98,98_0,98_3,How many resources worked on each case?,Report the number of resources associated with each case.,0.230769
98,98_0,98_4,How many resources worked on each case?,How many resources worked on each process instance?,0.666667
98,98_0,98_5,How many resources worked on each case?,Retrieve information about the number of resources that worked on executing each process instance.,0.235294
98,98_0,98_6,How many resources worked on each case?,How many resources were needed to execute each case?,0.454545
98,98_0,98_7,How many resources worked on each case?,How many employees were needed to process each of the declarations?,0.2
99,99_0,99_1,Which cases were entirely handled by Christopher?,Which cases were fully handled by Christopher?,0.75
99,99_0,99_2,Which cases were entirely handled by Christopher?,Which instances of processes were entirely Christopher's responsibility?,0.25
99,99_0,99_3,Which cases were entirely handled by Christopher?,In which cases did the Christopher resource act and was responsible for carrying out all activities?,0.15
99,99_0,99_4,Which cases were entirely handled by Christopher?,Report the cases in which the Christopher resource acted as the sole responsible party.,0.1875
99,99_0,99_5,Which cases were entirely handled by Christopher?,Which process instances were entirely handled by the collaborator Christopher?,0.545455
99,99_0,99_6,Which cases were entirely handled by Christopher?,Which process instances were fully handled by the employee Christopher?,0.416667
99,99_0,99_7,Which cases were entirely handled by Christopher?,Which declarations were the sole responsibility of the employee Christopher?,0.230769
100,100_0,100_1,Which cases were entirely handled by the same resource?,Which process instances were entirely handled by the same resource?,0.727273
100,100_0,100_2,Which cases were entirely handled by the same resource?,Which cases were fully handled by a single resource?,0.5
100,100_0,100_3,Which cases were entirely handled by the same resource?,List the cases in which all activities were performed by the same resource.,0.5
100,100_0,100_4,Which cases were entirely handled by the same resource?,List the cases in which all events were associated with the same resource.,0.4
100,100_0,100_5,Which cases were entirely handled by the same resource?,Which process instances were entirely the responsibility of the same collaborator?,0.357143
100,100_0,100_6,Which cases were entirely handled by the same resource?,Report which process instances were performed by the same employee.,0.357143
100,100_0,100_7,Which cases were entirely handled by the same resource?,Make a list of all declarations that were the responsibility of just one employee.,0.1
101,101_0,101_1,Which cases recorded multiple events in one day?,Which cases recorded more than one event in one day?,0.545455
101,101_0,101_2,Which cases recorded multiple events in one day?,Retrieve all cases that went through more than one event record in a day.,0.222222
101,101_0,101_3,Which cases recorded multiple events in one day?,Report cases that are associated with multiple events in one day.,0.461538
101,101_0,101_4,Which cases recorded multiple events in one day?,List the cases for which more than one event was recorded on the same day.,0.294118
101,101_0,101_5,Which cases recorded multiple events in one day?,List the declarations that went through more than one intervention on the same day.,0.105263
101,101_0,101_6,Which cases recorded multiple events in one day?,Which declarations went through multiple interventions in a single day?,0.285714
102,102_0,102_1,How many null cost events are associated with each resource in each case?,"For each case, how many null cost events are there associated with each resource?",0.785714
102,102_0,102_2,How many null cost events are associated with each resource in each case?,"How many null cost events are there for each case, associated with each resource?",0.785714
102,102_0,102_3,How many null cost events are associated with each resource in each case?,"For each process instance, how many null cost events are there associated with each resource?",0.625
102,102_0,102_4,How many null cost events are associated with each resource in each case?,List how many null cost events are associated with each resource in each of the process instances.,0.647059
102,102_0,102_5,How many null cost events are associated with each resource in each case?,Report how many null cost events there are associated with each employee in each of the process instances recorded in the log.,0.47619
102,102_0,102_6,How many null cost events are associated with each resource in each case?,Make a report stating how many interventions by each employee did not report costs in the processing of declarations.,0.153846
102,102_0,102_7,How many null cost events are associated with each resource in each case?,"How many interventions, per employee, did not report costs during the processing of declarations?",0.083333
103,103_0,103_1,What events are associated with the 'permit rejected by director' activity?,What are the events associated with the 'permit rejected by director' activity?,1.0
103,103_0,103_2,What events are associated with the 'permit rejected by director' activity?,List the events associated with the 'permit rejected by director' activity.,0.75
103,103_0,103_3,What events are associated with the 'permit rejected by director' activity?,Report the events related to the performance of the 'permit rejected by the director' activity.,0.4375
103,103_0,103_4,What events are associated with the 'permit rejected by director' activity?,Retrieve all events that concern the performance of the 'permit rejected by director' activity.,0.411765
103,103_0,103_5,What events are associated with the 'permit rejected by director' activity?,What are the events arising from the performance of the 'permit rejected by director' activity?,0.6
103,103_0,103_6,What events are associated with the 'permit rejected by director' activity?,What are the interventions recorded in the processing of declarations regarding permit rejected by a director?,0.368421
103,103_0,103_7,What events are associated with the 'permit rejected by director' activity?,What are the interventions of a director rejecting a permit?,0.333333
104,104_0,104_1,What is the total cost of events per day?,What is the total cost of all events occurred per day?,0.818182
104,104_0,104_2,What is the total cost of events per day?,Report the total cost of all events occurred per day.,0.583333
104,104_0,104_3,What is the total cost of events per day?,"List for each day, the total cost of the events occurred that day.",0.428571
104,104_0,104_4,What is the total cost of events per day?,"For each day, calculate the total cost of events occurred that day.",0.428571
104,104_0,104_5,What is the total cost of events per day?,Recover the sum of the costs of all events occurred each day.,0.266667
104,104_0,104_6,What is the total cost of events per day?,Calculate the sum of events for each day recorded in the event log.,0.235294
104,104_0,104_7,What is the total cost of events per day?,What is the total cost of the declaration handling process each day?,0.538462
105,105_0,105_1,Which activities cost more than 1000 and were carried out under the responsibility of a supervisor or director?,"Of the activities that require a supervisor or director, which ones cost more than 1000?",0.571429
105,105_0,105_2,Which activities cost more than 1000 and were carried out under the responsibility of a supervisor or director?,Report which activities cost more than 1000 and require a supervisor or director associated with their performance.,0.458333
105,105_0,105_3,Which activities cost more than 1000 and were carried out under the responsibility of a supervisor or director?,List the activities associated with supervisors or directors and whose performance cost more than 1000.,0.32
105,105_0,105_4,Which activities cost more than 1000 and were carried out under the responsibility of a supervisor or director?,Which actions have a cost greater than 1000 and require a supervisor or director?,0.409091
105,105_0,105_5,Which activities cost more than 1000 and were carried out under the responsibility of a supervisor or director?,"Of the activities that require a supervisor or director, which ones cost more than 1000?",0.571429
106,106_0,106_1,What is the number of events per case?,What is the amount of events per case?,0.777778
106,106_0,106_2,What is the number of events per case?,How many events were performed in each case?,0.142857
106,106_0,106_3,What is the number of events per case?,How big is each case in terms of number of events?,0.384615
106,106_0,106_4,What is the number of events per case?,List the number of events associated with each case.,0.416667
106,106_0,106_5,What is the number of events per case?,Retrieve how many events were performed in each process instance.,0.058824
106,106_0,106_6,What is the number of events per case?,How many interventions were carried out in the processing of each declaration?,0.111111
107,107_0,107_1,How many tasks were assigned to each resource?,How many tasks were assigned per resource?,0.666667
107,107_0,107_2,How many tasks were assigned to each resource?,How many activities were performed per resource?,0.363636
107,107_0,107_3,How many tasks were assigned to each resource?,How many activities were associated with each resource?,0.454545
107,107_0,107_4,How many tasks were assigned to each resource?,Report the number of activities associated with each resource present in the event log.,0.105263
107,107_0,107_5,How many tasks were assigned to each resource?,"For each resource, list the number of tasks associated with it.",0.1875
107,107_0,107_6,How many tasks were assigned to each resource?,How many actions were determined for each employee to perform?,0.384615
108,108_0,108_1,What cases were assigned to Alexis to solve and how many activities is she involved in per case?,In which cases are there activities assigned to Alexis and how many activities is she involved in in each of these cases?,0.521739
108,108_0,108_2,What cases were assigned to Alexis to solve and how many activities is she involved in per case?,"Which cases did Alexis work on and, for each case, report how many activities were associated with her in each case.",0.333333
108,108_0,108_3,What cases were assigned to Alexis to solve and how many activities is she involved in per case?,Report which cases Alexis worked on and also how many activities were associated with her in each of them.,0.285714
108,108_0,108_4,What cases were assigned to Alexis to solve and how many activities is she involved in per case?,List the identifier of the cases in which Alexis appears as a resource and report how many activities she worked on in these cases.,0.266667
108,108_0,108_5,What cases were assigned to Alexis to solve and how many activities is she involved in per case?,How many activities were assigned to Alexis in each of the cases in which she worked and what were these cases?,0.521739
108,108_0,108_6,What cases were assigned to Alexis to solve and how many activities is she involved in per case?,What tasks were associated with Alexis in each of the process instances in which she worked and what are these instances?,0.206897
108,108_0,108_7,What cases were assigned to Alexis to solve and how many activities is she involved in per case?,The collaborator Alexis worked on which declarations and how many actions did she engage in for each declaration in this set of declarations?,0.1875
109,109_0,109_1,How many cases went through the 'permit final approved by supervisor' activity before going through the 'start trip' activity?,In how many cases did the 'permit final approved by supervisor' activity occur before the 'start trip' activity?,0.684211
109,109_0,109_2,How many cases went through the 'permit final approved by supervisor' activity before going through the 'start trip' activity?,In how many cases does the 'start trip' activity eventually follow the 'permit final approved by supervisor' activity?,0.6
109,109_0,109_3,How many cases went through the 'permit final approved by supervisor' activity before going through the 'start trip' activity?,In how many process instances does an event relating to the 'permit final approved by supervisor' activity occur before the event relating to the 'start trip' activity?,0.48
109,109_0,109_4,How many cases went through the 'permit final approved by supervisor' activity before going through the 'start trip' activity?,In how many cases does the 'start trip' activity occur after the 'permit final approved by supervisor' activity occurs?,0.571429
109,109_0,109_5,How many cases went through the 'permit final approved by supervisor' activity before going through the 'start trip' activity?,Report the number of declarations in which the start of the trip occurs after the permit with final approval from the supervisor.,0.222222
109,109_0,109_6,How many cases went through the 'permit final approved by supervisor' activity before going through the 'start trip' activity?,In how many declarations does the permit with final approval from the supervisor record appear before the start of the trip record?,0.36
109,109_0,109_7,How many cases went through the 'permit final approved by supervisor' activity before going through the 'start trip' activity?,How many declarations were allowed with final approval from the supervisor before the start of the trip?,0.347826
110,110_0,110_1,"Which events associated with the 'end trip' activity did not occur on December 12, 2017?","What events associated with the 'end trip' activity occurred before or after December 12, 2017?",0.5
110,110_0,110_2,"Which events associated with the 'end trip' activity did not occur on December 12, 2017?","List the event related to the performance of the 'end trip' activity that occurred before or after December 12, 2017.",0.269231
110,110_0,110_3,"Which events associated with the 'end trip' activity did not occur on December 12, 2017?","List the event related to the performance of the 'end trip' activity, considering only those that occurred before or after December 12, 2017.",0.241379
110,110_0,110_4,"Which events associated with the 'end trip' activity did not occur on December 12, 2017?","List the events that did not occur on December 12, 2017 and that are a result of the performance of the 'end trip' activity.",0.521739
110,110_0,110_5,"Which events associated with the 'end trip' activity did not occur on December 12, 2017?","What events associated with the 'end trip' activity did not take place on December 12, 2017?",0.722222
110,110_0,110_6,"Which events associated with the 'end trip' activity did not occur on December 12, 2017?","Which actions indicating the end of a trip were not recorded on the twelfth of December, twenty seventeen?",0.291667
111,111_0,111_1,How many events did each resource act on?,How many events did each resource work on?,0.777778
111,111_0,111_2,How many events did each resource act on?,How many events were associated with each resource?,0.454545
111,111_0,111_3,How many events did each resource act on?,How many activities did each person responsible perform?,0.333333
111,111_0,111_4,How many events did each resource act on?,How many events did each person in charge act in?,0.545455
111,111_0,111_5,How many events did each resource act on?,How many times did each responsible person act in processing declarations?,0.357143
111,111_0,111_6,How many events did each resource act on?,How many actions were the responsibility of each person involved in the trip declaration process?,0.157895
112,112_0,112_1,In how many activities has each resource already acted?,In how many activities has each resource worked?,0.7
112,112_0,112_2,In how many activities has each resource already acted?,How many activities were associated with each of the resources?,0.266667
112,112_0,112_3,In how many activities has each resource already acted?,List the number of activities that have already been associated with each of the resources.,0.157895
112,112_0,112_4,In how many activities has each resource already acted?,"For each resource, report the number of activities that have already been associated with it.",0.2
112,112_0,112_5,In how many activities has each resource already acted?,How many actions has each employee already acted in?,0.636364
113,113_0,113_1,In which activities has the Virginia resource not yet acted?,List the label of activities that the Virginia resource has not yet acted on.,0.533333
113,113_0,113_2,In which activities has the Virginia resource not yet acted?,What are the activities that Virginia has not yet been associated with?,0.375
113,113_0,113_3,In which activities has the Virginia resource not yet acted?,For which activities is there still no record of employee Virginia’s activities?,0.105263
113,113_0,113_4,In which activities has the Virginia resource not yet acted?,Retrieve the label of activities that have not yet been associated with the employee Virginia.,0.263158
113,113_0,113_5,In which activities has the Virginia resource not yet acted?,In which actions does Virginia not yet have experience?,0.357143
114,114_0,114_1,What is the average cost of cases that went through the 'rejected' activity?,Calculate the average cost of cases that went through the 'rejected' activity.,0.769231
114,114_0,114_2,What is the average cost of cases that went through the 'rejected' activity?,Calculate the average cost of cases that include at least one instance of the 'rejected' activity.,0.444444
114,114_0,114_3,What is the average cost of cases that went through the 'rejected' activity?,Report the mean cost of cases that include at least one instance of the 'rejected' activity.,0.368421
114,114_0,114_4,What is the average cost of cases that went through the 'rejected' activity?,Filter the cases that went through the 'rejected' activity and then calculate the mean of their costs.,0.421053
114,114_0,114_5,What is the average cost of cases that went through the 'rejected' activity?,What is the mean cost in travel declaration processes that were rejected?,0.333333
114,114_0,114_6,What is the average cost of cases that went through the 'rejected' activity?,What is the average cost of travel declarations that had some phase of the process rejected?,0.444444
115,115_0,115_1,What was the duration of the 'declaration approved by supervisor' activity in each case?,How long did the 'declaration approved by supervisor' activity last in each case?,0.529412
115,115_0,115_2,What was the duration of the 'declaration approved by supervisor' activity in each case?,How long did the 'declaration approved by supervisor' activity last in each process instance?,0.421053
115,115_0,115_3,What was the duration of the 'declaration approved by supervisor' activity in each case?,"For each process instance, report the duration of the 'declaration approved by supervisor' activity.",0.529412
115,115_0,115_4,What was the duration of the 'declaration approved by supervisor' activity in each case?,Report the duration of the 'declaration approved by supervisor' activity in each process instance.,0.625
115,115_0,115_5,What was the duration of the 'declaration approved by supervisor' activity in each case?,What is the performance of actions that are associated with the declaration being approved by the supervisor?,0.333333
115,115_0,115_6,What was the duration of the 'declaration approved by supervisor' activity in each case?,What was the time spent for a declaration to be approved by the supervisor?,0.368421
116,116_0,116_1,How many times has the 'declaration rejected by pre-approver' activity been performed?,How many occurrences of the 'declaration rejected by pre-approver' activity are there in the event log?,0.421053
116,116_0,116_2,How many times has the 'declaration rejected by pre-approver' activity been performed?,How many occurrences of the 'declaration rejected by pre-approver' activity were recorded in the event log?,0.421053
116,116_0,116_3,How many times has the 'declaration rejected by pre-approver' activity been performed?,How many times did the 'declaration rejected by pre-approver' activity occur?,0.642857
116,116_0,116_4,How many times has the 'declaration rejected by pre-approver' activity been performed?,Report the number of times the 'declaration rejected by pre-approver' activity was performed.,0.5
116,116_0,116_5,How many times has the 'declaration rejected by pre-approver' activity been performed?,List the number of occurrences of the 'declaration rejected by pre-approver' activity.,0.375
116,116_0,116_6,How many times has the 'declaration rejected by pre-approver' activity been performed?,How many times has a declaration been rejected at the pre-approval stage?,0.5
116,116_0,116_7,How many times has the 'declaration rejected by pre-approver' activity been performed?,How many times has the pre-approver rejected a declaration?,0.615385
117,117_0,117_1,"List the cases and the date of occurrence of the 'end trip' activity in each case, ordering the answer in relation to the resource responsible for the activity.","Return the case identifier and the date the 'end trip' activity was performed for this case, ordering the response according to the resource associated with performing the activity.",0.366667
117,117_0,117_2,"List the cases and the date of occurrence of the 'end trip' activity in each case, ordering the answer in relation to the resource responsible for the activity.","Provide a list, ordered by resource, of cases in which the 'end trip' activity occurred and the dates of events associated with these occurrences.",0.3125
117,117_0,117_3,"List the cases and the date of occurrence of the 'end trip' activity in each case, ordering the answer in relation to the resource responsible for the activity.",Which cases went through the 'end trip' activity and on what date? Sort the response by resource associated with the occurrence of the activity.,0.333333
117,117_0,117_4,"List the cases and the date of occurrence of the 'end trip' activity in each case, ordering the answer in relation to the resource responsible for the activity.",Which declarations have already registered the end of the trip and when was this registration? Order the list according to the name of the employee responsible for registering the end of the trip for that declaration.,0.25
117,117_0,117_5,"List the cases and the date of occurrence of the 'end trip' activity in each case, ordering the answer in relation to the resource responsible for the activity.",Make a report in which we have the code of the processed declaration and the date on which the trip ended in that declaration. Sort the report according to the name of the employee who was responsible for recording the end of the trip in the system.,0.25
118,118_0,118_1,How many events were recorded for each case?,How many events were recorded for each process instance?,0.7
118,118_0,118_2,How many events were recorded for each case?,How many events were performed in each case?,0.6
118,118_0,118_3,How many events were recorded for each case?,How many events were performed for each process instance?,0.545455
118,118_0,118_4,How many events were recorded for each case?,List the number of events associated with each case.,0.214286
118,118_0,118_5,How many events were recorded for each case?,List the number of events recorded for each case.,0.416667
118,118_0,118_6,How many events were recorded for each case?,How many actions were taken for each travel declaration?,0.416667
118,118_0,118_7,How many events were recorded for each case?,How many interventions were necessary to process each travel declaration?,0.285714
119,119_0,119_1,How many cases went through the 'end trip' activity between 05/02/2017 and 05/12/2017?,Report the number of process instances that went through the 'end trip' activity between 05/02/2017 and 05/12/2017.,0.526316
119,119_0,119_2,How many cases went through the 'end trip' activity between 05/02/2017 and 05/12/2017?,"In how many cases was the 'end trip' activity carried out between the second of May, 2017 and the twelfth of May, 2017?",0.409091
119,119_0,119_3,How many cases went through the 'end trip' activity between 05/02/2017 and 05/12/2017?,"How many process instances include the performance of the 'end trip' activity between the second of May, 2017 and the twelfth of May, 2017?",0.363636
119,119_0,119_4,How many cases went through the 'end trip' activity between 05/02/2017 and 05/12/2017?,In how many cases did the 'end trip' activity occur considering the time interval of 05/02/2017 and 05/12/2017?,0.5
119,119_0,119_5,How many cases went through the 'end trip' activity between 05/02/2017 and 05/12/2017?,How many cases went through the 'end trip' activity considering the time interval of 05/02/2017 and 05/12/2017?,0.705882
119,119_0,119_6,How many cases went through the 'end trip' activity between 05/02/2017 and 05/12/2017?,How many trips ended between 05/02/2017 and 05/12/2017?,0.4
119,119_0,119_7,How many cases went through the 'end trip' activity between 05/02/2017 and 05/12/2017?,In how many declarations did the end of the trip occur between 05/02/2017 and 05/12/2017?,0.5
120,120_0,120_1,"Report the case identifier, resource, event identifier and completion date of occurrences of the 'send reminder' activity, considering the chronological order of completion.","Retrieve the case identifier, resource, event identifier and completion date of occurrences of the 'send reminder' activity. Sort the information in chronological order by completion date.",0.681818
120,120_0,120_2,"Report the case identifier, resource, event identifier and completion date of occurrences of the 'send reminder' activity, considering the chronological order of completion.","Report, in chronological order of completion, the cases that include the 'send reminder' activity, the associated resources, the associated event identifiers and the activity completion date.",0.5
120,120_0,120_3,"Report the case identifier, resource, event identifier and completion date of occurrences of the 'send reminder' activity, considering the chronological order of completion.","The 'send reminder' activity appears in which cases, with which resources, in which events, and with what completion date? Sort the information in chronological order by completion date.",0.321429
120,120_0,120_4,"Report the case identifier, resource, event identifier and completion date of occurrences of the 'send reminder' activity, considering the chronological order of completion.","For cases where the 'send reminder' activity occurs, list in chronological order of completion: case identifier, event identifier, associated resource and completion date of the activity.",0.583333
120,120_0,120_5,"Report the case identifier, resource, event identifier and completion date of occurrences of the 'send reminder' activity, considering the chronological order of completion.","In chronological order of completion, which cases include the 'send reminder' activity and what are the corresponding resource, event ID, and completion date of this activity?",0.461538
120,120_0,120_6,"Report the case identifier, resource, event identifier and completion date of occurrences of the 'send reminder' activity, considering the chronological order of completion.","Make a report providing the code of the declaration process in which it was necessary to send reminders. Also, provide the resource that recorded this submission, the identifier of this submission occurrence and completion date, ordering the result by completion date.",0.225
121,121_0,121_1,List all resources in alphabetical order and without repetitions.,List all resources alphabetically and without duplicates.,0.454545
121,121_0,121_2,List all resources in alphabetical order and without repetitions.,List all distinct resources in alphabetical order.,0.6
121,121_0,121_3,List all resources in alphabetical order and without repetitions.,What resources are recorded in the event log? List in alphabetical order and without repetitions.,0.533333
121,121_0,121_4,List all resources in alphabetical order and without repetitions.,"Retrieve, in alphabetical order and without repetitions, all resources recorded in the log.",0.615385
121,121_0,121_5,List all resources in alphabetical order and without repetitions.,"List, in alphabetical order and without repetitions, the names of the resources recorded in the event log.",0.533333
121,121_0,121_6,List all resources in alphabetical order and without repetitions.,"List the names of all employees who have worked on declaration processes, in alphabetical order.",0.263158
122,122_0,122_1,What resources are associated with more than two hundred cases?,What resources are associated with more than two hundred process instances?,0.75
122,122_0,122_2,What resources are associated with more than two hundred cases?,What resources are associated with more than two hundred travel declarations?,0.75
122,122_0,122_3,What resources are associated with more than two hundred cases?,List the names of resources associated with more than two hundred travel declarations.,0.4375
122,122_0,122_4,What resources are associated with more than two hundred cases?,List the names of people associated with more than two hundred travel declarations.,0.352941
122,122_0,122_5,What resources are associated with more than two hundred cases?,List the names of employees associated with more than two hundred travel declarations.,0.352941
122,122_0,122_6,What resources are associated with more than two hundred cases?,What resources have more than 200 travel declarations?,0.285714
123,123_0,123_1,How many resources appear in the event log?,How many resources are recorded in the event log?,0.7
123,123_0,123_2,How many resources appear in the event log?,How many employees are associated with handling declarations?,0.142857
123,123_0,123_3,How many resources appear in the event log?,How many people are associated with handling declarations?,0.142857
123,123_0,123_4,How many resources appear in the event log?,How many people are associated with activities in the event log?,0.461538
123,123_0,123_5,How many resources appear in the event log?,How many people are associated with performing activities in the event log?,0.428571
123,123_0,123_6,How many resources appear in the event log?,How many people were responsible for performing activities in the declaration management process?,0.235294
123,123_0,123_7,How many resources appear in the event log?,How many people were responsible for handling declarations?,0.142857
123,123_0,123_8,How many resources appear in the event log?,How many employees have already been associated with declaration handling actions?,0.117647
124,124_0,124_1,What are the activities that contain the word 'declaration' in their name?,Which activities contain the word 'declaration' in their label?,0.538462
124,124_0,124_2,What are the activities that contain the word 'declaration' in their name?,Which activities contain the word 'declaration' in their identifier?,0.538462
124,124_0,124_3,What are the activities that contain the word 'declaration' in their name?,Retrieve activities that contain the word 'declaration' in their name.,0.75
124,124_0,124_4,What are the activities that contain the word 'declaration' in their name?,List the activities that contain the word 'declaration' in their name.,0.75
124,124_0,124_5,What are the activities that contain the word 'declaration' in their name?,I need to know which actions are being registered with the word 'declaration' in their name.,0.35
124,124_0,124_6,What are the activities that contain the word 'declaration' in their name?,What different actions are registered with a name that contains the word 'declaration' in each travel declaration?,0.421053
124,124_0,124_7,What are the activities that contain the word 'declaration' in their name?,List the actions that are registered in the system with a label that contains the word 'declaration'.,0.315789
125,125_0,125_1,What is the mean cost related to performing each activity?,"How much does it cost, on average, to perform each activity?",0.235294
125,125_0,125_2,What is the mean cost related to performing each activity?,"On average, how much would each activity cost?",0.2
125,125_0,125_3,What is the mean cost related to performing each activity?,"For each activity, what is the mean cost of performing it?",0.615385
125,125_0,125_4,What is the mean cost related to performing each activity?,What is the mean cost of performances grouped by activity?,0.428571
125,125_0,125_5,What is the mean cost related to performing each activity?,"Report the cost, on average, of performing each activity.",0.357143
125,125_0,125_6,What is the mean cost related to performing each activity?,Retrieve the average cost of performing each activity.,0.384615
125,125_0,125_7,What is the mean cost related to performing each activity?,Find the mean cost of performing each of the activities.,0.384615
125,125_0,125_8,What is the mean cost related to performing each activity?,What is the mean cost of each type of action required to process travel declarations?,0.411765
126,126_0,126_1,How many cases have no cost?,How many process instances have no cost?,0.625
126,126_0,126_2,How many cases have no cost?,How many cases have no costs?,0.714286
126,126_0,126_3,How many cases have no cost?,How many cases had no costs?,0.5
126,126_0,126_4,How many cases have no cost?,How many process instances had no cost?,0.444444
126,126_0,126_5,How many cases have no cost?,In how many cases do all events have null cost?,0.454545
126,126_0,126_6,How many cases have no cost?,How many cases have only events without costs?,0.4
126,126_0,126_7,How many cases have no cost?,How many declarations did the costs not reported to the university?,0.142857
126,126_0,126_8,How many cases have no cost?,How many declarations have no cost?,0.714286
127,127_0,127_1,What activities involve 'permit' or 'declaration'?,What activities involve a permit or declaration?,0.857143
127,127_0,127_2,What activities involve 'permit' or 'declaration'?,Which of the activities involve 'permit' or 'declaration' actions?,0.5
127,127_0,127_3,What activities involve 'permit' or 'declaration'?,Which of the activities in the log involve 'permit' or 'declare' actions?,0.307692
127,127_0,127_4,What activities involve 'permit' or 'declaration'?,What activities have 'permit' or 'declaration' in their identifier?,0.5
127,127_0,127_5,What activities involve 'permit' or 'declaration'?,What activities have 'permit' or 'declaration' in their name?,0.5
127,127_0,127_6,What activities involve 'permit' or 'declaration'?,List the activities that contain 'permit' or 'declaration' in their name.,0.307692
127,127_0,127_7,What activities involve 'permit' or 'declaration'?,Retrieve activities that contain 'permit' or 'declaration' in their identifier name.,0.307692
127,127_0,127_8,What activities involve 'permit' or 'declaration'?,What are the actions related to permits and explicit declarations in the declaration management process?,0.111111
128,128_0,128_1,How many times has the 'declaration rejected by director' activity been performed?,How many occurrences of activities are classified as 'declaration rejected by director'?,0.333333
128,128_0,128_2,How many times has the 'declaration rejected by director' activity been performed?,How many occurrences of activities are named as 'declaration rejected by director'?,0.333333
128,128_0,128_3,How many times has the 'declaration rejected by director' activity been performed?,How many events are associated with the 'declaration rejected by director' activity?,0.5
128,128_0,128_4,How many times has the 'declaration rejected by director' activity been performed?,How many instances of 'declaration rejected by director' are there in the event log?,0.368421
128,128_0,128_5,How many times has the 'declaration rejected by director' activity been performed?,How many instances of 'declaration rejected by director' are there in the process?,0.388889
128,128_0,128_6,How many times has the 'declaration rejected by director' activity been performed?,How many times has an action of declaration of rejection of responsibility of the director been carried out?,0.421053
129,129_0,129_1,What is the mean cost of an event?,What is the mean cost of an event in this event log?,0.727273
129,129_0,129_2,What is the mean cost of an event?,What is the mean cost associated with the events in this event log?,0.428571
129,129_0,129_3,What is the mean cost of an event?,What is the mean cost of performing an activity in this event log?,0.615385
129,129_0,129_4,What is the mean cost of an event?,What is the average cost of an event in this event log?,0.583333
129,129_0,129_5,What is the mean cost of an event?,What is the mean cost associated with events?,0.454545
129,129_0,129_6,What is the mean cost of an event?,What is the mean cost of performing an activity?,0.7
129,129_0,129_7,What is the mean cost of an event?,What is the mean cost amount associated with events?,0.416667
129,129_0,129_8,What is the mean cost of an event?,What is the mean cost amount associated with this business process?,0.357143
129,129_0,129_9,What is the mean cost of an event?,What is the mean cost of the actions required to process a declaration?,0.428571
130,130_0,130_1,In how many different cases was each resource used?,How many different cases was each resource associated with?,0.636364
130,130_0,130_2,In how many different cases was each resource used?,How many cases was each resource associated with?,0.545455
130,130_0,130_3,In how many different cases was each resource used?,Report the number of cases to which each resource was associated.,0.25
130,130_0,130_4,In how many different cases was each resource used?,Identify the number of cases each resource was associated with.,0.266667
130,130_0,130_5,In how many different cases was each resource used?,Retrieve the number of cases to which each resource was associated.,0.25
130,130_0,130_6,In how many different cases was each resource used?,Each resource is associated with how many different cases?,0.5
130,130_0,130_7,In how many different cases was each resource used?,How many declarations has each employee already acted on?,0.2
131,131_0,131_1,How many events were associated with Peter?,How many events are linked to Peter?,0.4
131,131_0,131_2,How many events were associated with Peter?,How many events involved Peter's work?,0.3
131,131_0,131_3,How many events were associated with Peter?,What was the employee Peter's performance in terms of number of actions performed?,0.0
132,132_0,132_1,Which people worked on more than three declarations?,Which employees worked on processing more than three declarations?,0.7
132,132_0,132_2,Which people worked on more than three declarations?,Which people worked on more than three cases?,0.777778
132,132_0,132_3,Which people worked on more than three declarations?,Which employees worked on more than three cases?,0.6
132,132_0,132_4,Which people worked on more than three declarations?,Which people were associated with more than three process instances?,0.384615
132,132_0,132_5,Which people worked on more than three declarations?,Which employees were associated with more than three process instances?,0.285714
133,133_0,133_1,"What are the cases that went through 'request payment' activities? Report the identifiers of these cases, ordering them increasingly by the number of events per case.",Report the identifiers of cases that went through the 'request payment' activity. Sort the list ascendingly according to the number of events per case.,0.5
133,133_0,133_2,"What are the cases that went through 'request payment' activities? Report the identifiers of these cases, ordering them increasingly by the number of events per case.",Retrieve the identifiers of cases that went through any of the activities that contain 'request payment' in their identification. Order them increasingly by the number of events per case.,0.586207
133,133_0,133_3,"What are the cases that went through 'request payment' activities? Report the identifiers of these cases, ordering them increasingly by the number of events per case.",What are the identifiers for cases that have undergone 'request payment' activities? Sort the list increasingly by the number of events per case.,0.592593
133,133_0,133_4,"What are the cases that went through 'request payment' activities? Report the identifiers of these cases, ordering them increasingly by the number of events per case.","Sorting their identifiers increasingly by the number of events per case, retrieve the cases that went through 'request payment' activities.",0.64
133,133_0,133_5,"What are the cases that went through 'request payment' activities? Report the identifiers of these cases, ordering them increasingly by the number of events per case.","Ordering the respective identifiers in increasing order by the number of events per case, retrieve the cases that went through 'request payment' activities.",0.592593
133,133_0,133_6,"What are the cases that went through 'request payment' activities? Report the identifiers of these cases, ordering them increasingly by the number of events per case.","I need a report that describes which declarations have already requested payment, with the list ordered from the declaration with the least activities performed to the declaration with the most activities performed.",0.125
133,133_0,133_7,"What are the cases that went through 'request payment' activities? Report the identifiers of these cases, ordering them increasingly by the number of events per case.",Make a list of the declarations in which the payment request was registered in the system. The list must be ordered from the declaration with the lowest number of actions to the declaration with the highest number of actions registered.,0.121951
134,134_0,134_1,What are the performance dates for the 'end trip' or 'declaration rejected by employee' activities? Order from oldest to newest.,"Extract the dates when cases went through the 'end trip' or 'declaration rejected by employee' activities, arranging them from oldest to newest",0.538462
134,134_0,134_2,What are the performance dates for the 'end trip' or 'declaration rejected by employee' activities? Order from oldest to newest.,"Retrieve the dates on which the performance of the 'end trip' or 'declaration rejected by employee' activities were recorded, ordering from oldest to most recent.",0.5
134,134_0,134_3,What are the performance dates for the 'end trip' or 'declaration rejected by employee' activities? Order from oldest to newest.,"From oldest to most recent, what are the dates on which the performance of 'end trip' or 'declaration rejected by employee' activities were recorded?",0.615385
134,134_0,134_4,What are the performance dates for the 'end trip' or 'declaration rejected by employee' activities? Order from oldest to newest.,"Ordering from oldest to most recent, what are the recording dates for the performance of 'end trip' or 'closed' activities?",0.52
134,134_0,134_5,What are the performance dates for the 'end trip' or 'declaration rejected by employee' activities? Order from oldest to newest.,What are the dates on which performances of 'end trip' or 'declaration rejected by employee' activities were recorded? Order from oldest to newest.,0.68
134,134_0,134_6,What are the performance dates for the 'end trip' or 'declaration rejected by employee' activities? Order from oldest to newest.,What were the dates on which there was a record of the end of the trip or a declaration rejected by an employee? Report the dates in ascending order.,0.354839
134,134_0,134_7,What are the performance dates for the 'end trip' or 'declaration rejected by employee' activities? Order from oldest to newest.,Make a report with all the dates of registration of an end of trip or rejection of a declaration by an employee. Sort the listing from oldest to newest.,0.4
135,135_0,135_1,How many occurrences of activities were assigned to each resource? List alphabetically by resource.,How many performances of activities were assigned to each resource? Order the answer alphabetically by resource name.,0.611111
135,135_0,135_2,How many occurrences of activities were assigned to each resource? List alphabetically by resource.,How many activity performances were assigned to each resource? Order the answer alphabetically by the resource identifier name.,0.45
135,135_0,135_3,How many occurrences of activities were assigned to each resource? List alphabetically by resource.,"Retrieve how many activity performances were assigned to each resource, ordering the answer alphabetically by the resource's identifying name.",0.409091
135,135_0,135_4,How many occurrences of activities were assigned to each resource? List alphabetically by resource.,"Retrieve the amount of activity performances assigned to each resource, ordering the response alphabetically by the resource's identifying name.",0.304348
135,135_0,135_5,How many occurrences of activities were assigned to each resource? List alphabetically by resource.,"Retrieve the number of activity performances that were assigned to each resource, ordering the response alphabetically by the resource's identifying name.",0.333333
135,135_0,135_6,How many occurrences of activities were assigned to each resource? List alphabetically by resource.,How many occurrences of activity are there when grouped by resource? Order the answer alphabetically by resource name.,0.318182
135,135_0,135_7,How many occurrences of activities were assigned to each resource? List alphabetically by resource.,"Grouping by resource, how many activity occurrences are there? Order the answer alphabetically by resource name.",0.285714
135,135_0,135_8,How many occurrences of activities were assigned to each resource? List alphabetically by resource.,"Ordering alphabetically by resource name and grouping by resource, how many are the activity occurrences?",0.3
135,135_0,135_9,How many occurrences of activities were assigned to each resource? List alphabetically by resource.,How many times did each employee process the different declarations recorded in the system? Present this answer in alphabetical order of the employee's name.,0.133333
135,135_0,135_10,How many occurrences of activities were assigned to each resource? List alphabetically by resource.,"Considering an alphabetical list of employee names, present a report with the number of times each employee performed an action during the processing of a declaration.",0.1
136,136_0,136_1,What are the events associated with activities whose name starts with the letter 'E'?,Find all events that are associated with activities that start with the letter 'E'.,0.5
136,136_0,136_2,What are the events associated with activities whose name starts with the letter 'E'?,Retrieve all events in which activities starting with the letter 'E' were performed.,0.315789
136,136_0,136_3,What are the events associated with activities whose name starts with the letter 'E'?,Retrieve all events that record the performance of activities starting with the letter 'E'.,0.315789
136,136_0,136_4,What are the events associated with activities whose name starts with the letter 'E'?,What are the events associated with the performance of activities starting with the letter 'E'?,0.6
136,136_0,136_5,What are the events associated with activities whose name starts with the letter 'E'?,What are the events associated with the performance of activities starting with 'E'?,0.533333
136,136_0,136_6,What are the events associated with activities whose name starts with the letter 'E'?,List the processing actions for a declaration named with a label starting with the letter 'E'.,0.190476
136,136_0,136_7,What are the events associated with activities whose name starts with the letter 'E'?,What are the actions performed for activities whose label starts with the letter 'E'?,0.5625
137,137_0,137_1,"Select the event identifier, activity performed, resource, and cost for events whose cost is between 50 and 400.","Select events based on their cost being between 50 and 400. Display the identifier, activity performed, resource and cost associated with the event.",0.565217
137,137_0,137_2,"Select the event identifier, activity performed, resource, and cost for events whose cost is between 50 and 400.","Select the events with costs between 50 and 400 and report the respective event identifiers, activities carried out, resources and costs.",0.32
137,137_0,137_3,"Select the event identifier, activity performed, resource, and cost for events whose cost is between 50 and 400.","Identify the events that cost are between 50 and 400 and, for each of them, report the event identifier, activity performed, resource and cost.",0.565217
137,137_0,137_4,"Select the event identifier, activity performed, resource, and cost for events whose cost is between 50 and 400.","Select events whose registered cost ranges from fifty to four hundred and report the respective event identifiers, activities carried out, resources and costs.",0.225806
137,137_0,137_5,"Select the event identifier, activity performed, resource, and cost for events whose cost is between 50 and 400.","What are the events whose cost is between 50 and 400? Report the event identifier, the activity carried out, the resource and the cost of each of them.",0.541667
137,137_0,137_6,"Select the event identifier, activity performed, resource, and cost for events whose cost is between 50 and 400.","What are the events whose cost recorded in the log is between 50 and 400? Report the event identifier, the activity performed, the resource and the cost of each of these events.",0.56
137,137_0,137_7,"Select the event identifier, activity performed, resource, and cost for events whose cost is between 50 and 400.","Which events have a cost recorded in the log between 50 and 400? List them in terms of their respective event identifiers, activities performed, resources, and costs.",0.28125
137,137_0,137_8,"Select the event identifier, activity performed, resource, and cost for events whose cost is between 50 and 400.","For declaration processing actions that cost between 50 and 400, present their identifier, the activity associated with it, the responsible employee and its specific cost.",0.310345
138,138_0,138_1,What resources have already been associated with the 'declaration saved by employee' activity?,What resources were associated with the 'declaration saved by employee' activity?,0.714286
138,138_0,138_2,What resources have already been associated with the 'declaration saved by employee' activity?,Which employees registered a saved declaration?,0.117647
138,138_0,138_3,What resources have already been associated with the 'declaration saved by employee' activity?,Which employees have already saved a declaration?,0.25
139,139_0,139_1,Select the activities from the events that ended on '2018-04-12'.,"Report the activities whose performance ended on the twelfth of April, twenty eighteen.",0.235294
139,139_0,139_2,Select the activities from the events that ended on '2018-04-12'.,Select activities from events that ended on '2018-04-12'.,0.888889
139,139_0,139_3,Select the activities from the events that ended on '2018-04-12'.,Select the event activities that have '2018-04-12' as their end date.,0.333333
139,139_0,139_4,Select the activities from the events that ended on '2018-04-12'.,Retrieve activities for which any of their performances were recorded in an event that ended on '2018-04-12'.,0.238095
139,139_0,139_5,Select the activities from the events that ended on '2018-04-12'.,For which activities were performances registered that have '2018-04-12' as their end date?,0.157895
139,139_0,139_6,Select the activities from the events that ended on '2018-04-12'.,Which activities have '2018-04-12' as their end date for any of their performances?,0.105263
139,139_0,139_7,Select the activities from the events that ended on '2018-04-12'.,Which activities have '2018-04-12' as their end date for any of the events related to their performances?,0.190476
139,139_0,139_8,Select the activities from the events that ended on '2018-04-12'.,"Report the name of the task associated with declaration processing actions completed on April 12, 2018.",0.090909
140,140_0,140_1,"List the event identifier, associated activity, and performance end date, of all events associated with the 'permit final approved by supervisor' or 'declaration approved by supervisor' activities, ordered by end date.","Identify the events corresponding to performances of the 'permit final approved by supervisor' or 'declaration approved by supervisor' activities and list the respective event identifiers, activity performed and performance end dates, ordering them by end dates.",0.515152
140,140_0,140_2,"List the event identifier, associated activity, and performance end date, of all events associated with the 'permit final approved by supervisor' or 'declaration approved by supervisor' activities, ordered by end date.","List the events associated with the 'permit final approved by the supervisor' or 'declaration approved by the supervisor' activities, stating the event identifier, the associated activity and the performance end date of each of them and ordering them by end date.",0.777778
140,140_0,140_3,"List the event identifier, associated activity, and performance end date, of all events associated with the 'permit final approved by supervisor' or 'declaration approved by supervisor' activities, ordered by end date.","What are the events corresponding to performances of the 'permit final approved by supervisor' or 'declaration approved by supervisor' activities? List the respective event identifiers, activities performed, and performance end dates, ordering them by end dates.",0.470588
140,140_0,140_4,"List the event identifier, associated activity, and performance end date, of all events associated with the 'permit final approved by supervisor' or 'declaration approved by supervisor' activities, ordered by end date.","What are the events corresponding to occurrences of the 'permit final approved by supervisor' or 'declaration approved by supervisor' activities? Sort the list by their respective end dates and report the event identifier, the activity performed and the performance end date for each of them.",0.513514
140,140_0,140_5,"List the event identifier, associated activity, and performance end date, of all events associated with the 'permit final approved by supervisor' or 'declaration approved by supervisor' activities, ordered by end date.","Which events correspond to occurrences of the 'permit final approved by supervisor' or 'declaration approved by supervisor' activities? Order them by their respective end dates, providing their event identifier, the activity performed and the performance end date.",0.529412
140,140_0,140_6,"List the event identifier, associated activity, and performance end date, of all events associated with the 'permit final approved by supervisor' or 'declaration approved by supervisor' activities, ordered by end date.","What are the records identifiers of final approval of a permit or approval of a declaration by a supervisor, what is the activity associated with each of these records, and what is the performance end date of these actions? Sort the report by performance end date.",0.428571
140,140_0,140_7,"List the event identifier, associated activity, and performance end date, of all events associated with the 'permit final approved by supervisor' or 'declaration approved by supervisor' activities, ordered by end date.","What is the action identifier, associated activity, and completion date that indicates final approval of a permit or indicates approval of a declaration by a supervisor? Present the information ordered according to the end date of the action performance.",0.457143
141,141_0,141_1,Select all events whose cost is not null.,Select all tuples where the event cost is not null.,0.5
141,141_0,141_2,Select all events whose cost is not null.,Select all lines where there is an associated cost.,0.307692
141,141_0,141_3,Select all events whose cost is not null.,Select all tuples where there is an associated cost.,0.307692
141,141_0,141_4,Select all events whose cost is not null.,Select all events that have an associated cost.,0.333333
141,141_0,141_5,Select all events whose cost is not null.,Retrieve all information about events that have an associated cost.,0.2
141,141_0,141_6,Select all events whose cost is not null.,Retrieve all information about events that have a cost.,0.214286
141,141_0,141_7,Select all events whose cost is not null.,"Report all actions carried out during the processing of each declaration, which costs are not null.",0.142857
142,142_0,142_1,How many performances of the 'permit final approved by director' activity were recorded in the log?,How many times has the 'permit final approved by director' activity been performed?,0.473684
142,142_0,142_2,How many performances of the 'permit final approved by director' activity were recorded in the log?,Report the number of times the 'permit final approved by director' activity was performed.,0.4
142,142_0,142_3,How many performances of the 'permit final approved by director' activity were recorded in the log?,Report the number of times the performance of the 'permit final approved by director' activity was recorded.,0.45
142,142_0,142_4,How many performances of the 'permit final approved by director' activity were recorded in the log?,How many events are there related to the performance of the 'permit final approved by director' activity?,0.47619
142,142_0,142_5,How many performances of the 'permit final approved by director' activity were recorded in the log?,How many events are recorded related to the performance of the 'permit final approved by director' activity?,0.55
142,142_0,142_6,How many performances of the 'permit final approved by director' activity were recorded in the log?,How many times has the performance of the 'permit final approved by director' activity been recorded?,0.578947
142,142_0,142_7,How many performances of the 'permit final approved by director' activity were recorded in the log?,What is the number of times the performance of the 'permit final approved by director' activity was recorded?,0.428571
142,142_0,142_8,How many performances of the 'permit final approved by director' activity were recorded in the log?,Retrieve the number of times the performance of the 'permit final approved by director' activity was recorded,0.45
142,142_0,142_9,How many performances of the 'permit final approved by director' activity were recorded in the log?,Retrieve the number of times events related to the performance of the 'permit final approved by a director' activity were recorded.,0.434783
142,142_0,142_10,How many performances of the 'permit final approved by director' activity were recorded in the log?,How many times has the processing of declarations required a final permit to be granted by a director?,0.333333
142,142_0,142_11,How many performances of the 'permit final approved by director' activity were recorded in the log?,How many times has a final permit been approved by a director?,0.368421
143,143_0,143_1,Retrieve the performance moments of the 'start trip' activity carried out by resources whose name ends with 's'.,At what moments were the 'start trip' activities performed by resources whose name ends with 's'?,0.5
143,143_0,143_2,Retrieve the performance moments of the 'start trip' activity carried out by resources whose name ends with 's'.,What are the performance moments for the 'start trip' activity associated with resources whose name ends with 's'?,0.571429
143,143_0,143_3,Retrieve the performance moments of the 'start trip' activity carried out by resources whose name ends with 's'.,"Considering the events associated with the 'start trip' activity and resources whose name ends with 's', recover their performance moments.",0.521739
143,143_0,143_4,Retrieve the performance moments of the 'start trip' activity carried out by resources whose name ends with 's'.,What are the performance moments of the 'start trip' activity in which the associated resource has a name ending in 's'?,0.346154
143,143_0,143_5,Retrieve the performance moments of the 'start trip' activity carried out by resources whose name ends with 's'.,What are the moments of the events associated with the performance of the 'start trip' activity in which the associated resource has a name ending in 's'?,0.37037
143,143_0,143_6,Retrieve the performance moments of the 'start trip' activity carried out by resources whose name ends with 's'.,Report what are the moments of the events associated with the performance of the 'start trip' activity in which the associated resource has a name ending in 's'.,0.357143
143,143_0,143_7,Retrieve the performance moments of the 'start trip' activity carried out by resources whose name ends with 's'.,Report the moments of the events associated with the performance of the 'start trip' activity in which the associated resource has a name ending in 's'.,0.384615
143,143_0,143_8,Retrieve the performance moments of the 'start trip' activity carried out by resources whose name ends with 's'.,What are the dates on which a resource whose name ends with 's' carried out an intervention relating to recording the start of a trip?,0.37931
143,143_0,143_9,Retrieve the performance moments of the 'start trip' activity carried out by resources whose name ends with 's'.,What are the dates on which a trip start record was registered by a resource whose name ends with 's'?,0.333333
144,144_0,144_1,Add up event costs grouping by activity and resource.,What is the total cost of events associated with an activity and resource pair?,0.15
144,144_0,144_2,Add up event costs grouping by activity and resource.,What is the total sum of event costs considering each activity-resource pair?,0.105263
144,144_0,144_3,Add up event costs grouping by activity and resource.,"For each activity and resource pair, what is the total sum of costs of their events?",0.2
144,144_0,144_4,Add up event costs grouping by activity and resource.,"For each activity and resource pair, what is the total sum of costs of the events in which each pair was recorded?",0.173913
144,144_0,144_5,Add up event costs grouping by activity and resource.,"Grouping events by activity and resource, what is the total cost of events for each activity-resource pair?",0.25
144,144_0,144_6,Add up event costs grouping by activity and resource.,"Select the sum of event costs, grouping by activity and resource.",0.538462
144,144_0,144_7,Add up event costs grouping by activity and resource.,Report how much was spent on each association of activities and employees involved in processing the declarations.,0.04
145,145_0,145_1,How many events recorded the performance of 'start trip' and 'end trip' activities?,Select the number of occurrences of 'start trip' and 'end trip' activities.,0.466667
145,145_0,145_2,How many events recorded the performance of 'start trip' and 'end trip' activities?,Retrieve the number of times 'start trip' or 'end trip' activities occurred,0.352941
145,145_0,145_3,How many events recorded the performance of 'start trip' and 'end trip' activities?,Retrieve the number of events related to the performance of 'start trip' and 'end trip' activities.,0.5625
145,145_0,145_4,How many events recorded the performance of 'start trip' and 'end trip' activities?,Report the number of times the performance of 'start trip' and 'end trip' activities was recorded.,0.5625
145,145_0,145_5,How many events recorded the performance of 'start trip' and 'end trip' activities?,Report the number of events that recorded the performance of 'start trip' and 'end trip' activities.,0.666667
145,145_0,145_6,How many events recorded the performance of 'start trip' and 'end trip' activities?,Select the number of occurrences of the 'start trip' and 'end trip' activities.,0.466667
145,145_0,145_7,How many events recorded the performance of 'start trip' and 'end trip' activities?,How many times were 'start trip' and 'end trip' activities performed?,0.466667
145,145_0,145_8,How many events recorded the performance of 'start trip' and 'end trip' activities?,The beginning of a trip and the end of a trip are recorded for how many travel declarations?,0.444444
145,145_0,145_9,How many events recorded the performance of 'start trip' and 'end trip' activities?,How many times were the beginning of a trip and the end of a trip recorded when processing the travel declarations?,0.4
146,146_0,146_1,Which activities were performed more than three times?,List activities that were performed more than three times.,0.7
146,146_0,146_2,Which activities were performed more than three times?,List the activities that were performed more than three times.,0.636364
146,146_0,146_3,Which activities were performed more than three times?,Recover activities that have been performed more than three times.,0.5
146,146_0,146_4,Which activities were performed more than three times?,What activities were performed more than three times?,0.777778
146,146_0,146_5,Which activities were performed more than three times?,What are the activities for which there are more than three records of their performance?,0.294118
146,146_0,146_6,Which activities were performed more than three times?,What are the activities for which there are more than three events recording their performance?,0.294118
146,146_0,146_7,Which activities were performed more than three times?,Retrieve which activities have more than three events recording their performance.,0.357143
146,146_0,146_8,Which activities were performed more than three times?,"In the processing of declarations, there are activities that are performed many times. Inform me of those that were performed more than three times.",0.35
146,146_0,146_9,Which activities were performed more than three times?,I need to know which activities had more than three records when processing travel declarations.,0.277778
147,147_0,147_1,What was the last activity performed and what is the resource associated with its performance?,Report the last activity performed and the resource associated with its performance,0.714286
147,147_0,147_2,What was the last activity performed and what is the resource associated with its performance?,Retrieve the last activity performed and the resource associated with its performance,0.714286
147,147_0,147_3,What was the last activity performed and what is the resource associated with its performance?,The last recorded event refers to the performance of which activity and what is the resource associated with it?,0.5
147,147_0,147_4,What was the last activity performed and what is the resource associated with its performance?,Retrieve the last recorded event and report the activity performed and the associated resource.,0.411765
147,147_0,147_5,What was the last activity performed and what is the resource associated with its performance?,"Considering the last recorded event, what activity was performed and what resource was associated with its performance?",0.75
147,147_0,147_6,What was the last activity performed and what is the resource associated with its performance?,"In the last recorded event, what activity was performed and what resource was associated with its performance?",0.75
147,147_0,147_7,What was the last activity performed and what is the resource associated with its performance?,Who was the person who made the last entry in travel declaration processing? This record refers to the performance of which task?,0.142857
147,147_0,147_8,What was the last activity performed and what is the resource associated with its performance?,Who was the employee who performed the last activity ever recorded in the travel declaration process and what was that activity?,0.318182
148,148_0,148_1,"What are the events and who is responsible for the activity performed in the event, that occurred after an event performing the 'end trip' activity in the same case?","Find the case events and the person responsible for the activity performed in the event, that occurred after an event performing the 'end trip' activity.",0.708333
148,148_0,148_2,"What are the events and who is responsible for the activity performed in the event, that occurred after an event performing the 'end trip' activity in the same case?","Find the case events, as well as the person responsible for the activity performed in the event, that occurred after an event performing the 'end trip' activity.",0.615385
148,148_0,148_3,"What are the events and who is responsible for the activity performed in the event, that occurred after an event performing the 'end trip' activity in the same case?","Find the events and the person responsible for the activity performed in the event, that occurred after an event performing the 'end trip' activity in the same case.",0.75
148,148_0,148_4,"What are the events and who is responsible for the activity performed in the event, that occurred after an event performing the 'end trip' activity in the same case?","Find the events, as well as the person responsible for the activity performed in the event, that occurred after an event performing the 'end trip' activity in the same case.",0.653846
148,148_0,148_5,"What are the events and who is responsible for the activity performed in the event, that occurred after an event performing the 'end trip' activity in the same case?","For each case, find the events, as well as the person responsible for the activity performed in the event, that occurred after an event performing the 'end trip' activity.",0.592593
148,148_0,148_6,"What are the events and who is responsible for the activity performed in the event, that occurred after an event performing the 'end trip' activity in the same case?","List the case events and the person responsible for the activity performed in the event, that occurred after an event performing the 'end trip' activity.",0.708333
148,148_0,148_7,"What are the events and who is responsible for the activity performed in the event, that occurred after an event performing the 'end trip' activity in the same case?","List the case events, as well as the person responsible for the activity performed in the event, that occurred after an event performing the 'end trip' activity.",0.615385
148,148_0,148_8,"What are the events and who is responsible for the activity performed in the event, that occurred after an event performing the 'end trip' activity in the same case?","List the events and the person responsible for the activity performed in the event, that occurred after an event performing the 'end trip' activity in the same case.",0.75
148,148_0,148_9,"What are the events and who is responsible for the activity performed in the event, that occurred after an event performing the 'end trip' activity in the same case?","List the events, as well as the person responsible for the activity performed in the event, that occurred after an event performing the 'end trip' activity in the same case.",0.653846
148,148_0,148_10,"What are the events and who is responsible for the activity performed in the event, that occurred after an event performing the 'end trip' activity in the same case?","For each case, list the events, as well as the person responsible for the activity performed in the event, that occurred after an event performing the 'end trip' activity.",0.592593
148,148_0,148_11,"What are the events and who is responsible for the activity performed in the event, that occurred after an event performing the 'end trip' activity in the same case?","What are the case events, as well as the person responsible for the activity performed in the event, that occurred after an event performing the 'end trip' activity?",0.72
148,148_0,148_12,"What are the events and who is responsible for the activity performed in the event, that occurred after an event performing the 'end trip' activity in the same case?","For each case, what are the events, as well as the person responsible for the activity carried out in the event, that occurred after an event performing the 'end trip' activity?",0.607143
148,148_0,148_13,"What are the events and who is responsible for the activity performed in the event, that occurred after an event performing the 'end trip' activity in the same case?","Considering the events related to each case, which of them occurred after an event involving the performance of the 'end trip' activity? Include in your response information about who was responsible for the activity carried out at the event.",0.35
148,148_0,148_14,"What are the events and who is responsible for the activity performed in the event, that occurred after an event performing the 'end trip' activity in the same case?","Considering the events related to each case, which of them occurred after an event involving the performance of the 'end trip' activity? Include in your response information about the person responsible for the activity carried out at the event.",0.325
148,148_0,148_15,"What are the events and who is responsible for the activity performed in the event, that occurred after an event performing the 'end trip' activity in the same case?","List all actions performed after the end of trip registration, in each of the travel declarations already processed and registered in the system, and the person who was responsible for these performances.",0.263158
148,148_0,148_16,"What are the events and who is responsible for the activity performed in the event, that occurred after an event performing the 'end trip' activity in the same case?","For each of the travel declarations, report which actions occurred after recording the end of the trip, and who was the employee who carried out these actions.",0.228571
149,149_0,149_1,Find the number of events performed by each resource that do not concern the 'end trip' activity.,Find the number of events performed by each resource that are not associated with the 'end trip' activity.,0.736842
149,149_0,149_2,Find the number of events performed by each resource that do not concern the 'end trip' activity.,Find the number of events performed by each resource that are not related to the 'end trip' activity.,0.736842
149,149_0,149_3,Find the number of events performed by each resource that do not concern the 'end trip' activity.,Find the number of events that do not correspond to the 'end trip' activity performed by each resource.,0.833333
149,149_0,149_4,Find the number of events performed by each resource that do not concern the 'end trip' activity.,Find the number of events performed by each resource that do not correspond to the 'end trip' activity.,0.833333
149,149_0,149_5,Find the number of events performed by each resource that do not concern the 'end trip' activity.,Find the number of events performed by each resource that do not correspond to the performance of the 'end trip' activity.,0.789474
149,149_0,149_6,Find the number of events performed by each resource that do not concern the 'end trip' activity.,Find the number of events that do not correspond to the performance of the 'end trip' activity performed by each resource.,0.789474
149,149_0,149_7,Find the number of events performed by each resource that do not concern the 'end trip' activity.,Calculate the number of events performed by each resource that do not concern the 'end trip' activity.,0.882353
149,149_0,149_8,Find the number of events performed by each resource that do not concern the 'end trip' activity.,Calculate the number of events that do not concern the 'end trip' activity performed by each resource.,0.882353
149,149_0,149_9,Find the number of events performed by each resource that do not concern the 'end trip' activity.,Calculate the number of events performed by each resource that are not related to the 'end trip' activity.,0.65
149,149_0,149_10,Find the number of events performed by each resource that do not concern the 'end trip' activity.,Calculate the number of events performed by each resource that do not correspond to the 'end trip' activity.,0.736842
149,149_0,149_11,Find the number of events performed by each resource that do not concern the 'end trip' activity.,Calculate the number of events that do not correspond to the 'end trip' activity performed by each resource.,0.736842
149,149_0,149_12,Find the number of events performed by each resource that do not concern the 'end trip' activity.,Calculate the number of events performed by each resource that do not correspond to the performance of the 'end trip' activity.,0.7
149,149_0,149_13,Find the number of events performed by each resource that do not concern the 'end trip' activity.,Calculate the number of events that do not correspond to the performance of the 'end trip' activity performed by each resource.,0.7
149,149_0,149_14,Find the number of events performed by each resource that do not concern the 'end trip' activity.,Find the events amount performed by each resource that do not concern the 'end trip' activity.,0.823529
149,149_0,149_15,Find the number of events performed by each resource that do not concern the 'end trip' activity.,Find the events amount that do not concern the 'end trip' activity performed by each resource.,0.823529
149,149_0,149_16,Find the number of events performed by each resource that do not concern the 'end trip' activity.,Find the events amount performed by each resource that are not related to the 'end trip' activity.,0.6
149,149_0,149_17,Find the number of events performed by each resource that do not concern the 'end trip' activity.,Find the events amount performed by each resource that do not correspond to the 'end trip' activity .,0.684211
149,149_0,149_18,Find the number of events performed by each resource that do not concern the 'end trip' activity.,Find the events amount that do not correspond to the 'end trip' activity performed by each resource.,0.684211
149,149_0,149_19,Find the number of events performed by each resource that do not concern the 'end trip' activity.,Find the events amounts performed by each resource that do not correspond to the performance of the 'end trip' activity.,0.7
149,149_0,149_20,Find the number of events performed by each resource that do not concern the 'end trip' activity.,Find the events amount that do not correspond to the performance of the 'end trip' activity performed by each resource.,0.7
149,149_0,149_21,Find the number of events performed by each resource that do not concern the 'end trip' activity.,Calculate the events amount performed by each resource that do not concern the 'end trip' activity.,0.722222
149,149_0,149_22,Find the number of events performed by each resource that do not concern the 'end trip' activity.,Calculate the events amount that do not concern the 'end trip' activity performed by each resource.,0.722222
149,149_0,149_23,Find the number of events performed by each resource that do not concern the 'end trip' activity.,Calculate the events amount that are not related to the 'end trip' activity performed by each resource.,0.52381
149,149_0,149_24,Find the number of events performed by each resource that do not concern the 'end trip' activity.,Calculate the events amount that do not correspond to the 'end trip' activity performed by each resource.,0.6
149,149_0,149_25,Find the number of events performed by each resource that do not concern the 'end trip' activity.,Calculate the events amount performed by each resource that do not correspond to the 'end trip' activity.,0.6
149,149_0,149_26,Find the number of events performed by each resource that do not concern the 'end trip' activity.,Calculate the events amount that do not correspond to the performance of the 'end trip' activity performed by each resource.,0.619048
149,149_0,149_27,Find the number of events performed by each resource that do not concern the 'end trip' activity.,Calculate the events amount performed by each resource that do not correspond to the performance of the 'end trip' activity.,0.619048
149,149_0,149_28,Find the number of events performed by each resource that do not concern the 'end trip' activity.,"Retrieve the number of times an employee worked on processing a travel declaration, except those in which they were responsible for recording the end of a trip.",0.142857
149,149_0,149_29,Find the number of events performed by each resource that do not concern the 'end trip' activity.,"How many actions did each employee perform, disregarding those that record the end of a trip?",0.230769
150,150_0,150_1,List the case identifier from most recent to oldest in terms of the start date of the first case event.,"Present all case identifiers, ordered from most recent to oldest considering the start date of the first event in the case.",0.619048
150,150_0,150_2,List the case identifier from most recent to oldest in terms of the start date of the first case event.,"Considering that the start of the case is the start date of their first event, list the case identifiers in descending chronological order.",0.375
150,150_0,150_3,List the case identifier from most recent to oldest in terms of the start date of the first case event.,List the case identifiers in descending chronological order considering the start date of the first event in the case.,0.428571
150,150_0,150_4,List the case identifier from most recent to oldest in terms of the start date of the first case event.,"Present all travel declarations, in terms of their identifiers and ordered according to the dates of registration of the first action taken in each one.",0.193548
150,150_0,150_5,List the case identifier from most recent to oldest in terms of the start date of the first case event.,"Build an ordered list of travel declarations, from oldest to newest. In this list, present the declaration identifier.",0.32
151,151_0,151_1,How many process instances went through the 'request payment' activity?,The 'request payment' activity is present in how many process instances?,0.615385
151,151_0,151_2,How many process instances went through the 'request payment' activity?,The 'request payment' activity is present in how many cases?,0.428571
151,151_0,151_3,How many process instances went through the 'request payment' activity?,Report the number of cases that include the performance of the 'request payment' activity.,0.235294
151,151_0,151_4,How many process instances went through the 'request payment' activity?,Report the number of cases in which there is at least one occurrence of the 'request payment' activity.,0.181818
151,151_0,151_5,How many process instances went through the 'request payment' activity?,For how many declarations were payment requests registered?,0.2
151,151_0,151_6,How many process instances went through the 'request payment' activity?,How many declarations required a payment request?,0.307692
152,152_0,152_1,Which case was the last to perform a 'declaration final approved by director' activity?,What was the last process instance to perform the 'declaration final approved by director' activity?,0.647059
152,152_0,152_2,Which case was the last to perform a 'declaration final approved by director' activity?,Report the identifier of the case that performed the 'declaration final approved by director' activity most recently.,0.380952
152,152_0,152_3,Which case was the last to perform a 'declaration final approved by director' activity?,Report the identifier of the case that was the last to perform the 'declaration final approved by director' activity.,0.666667
152,152_0,152_4,Which case was the last to perform a 'declaration final approved by director' activity?,In which case is the last occurrence of the 'declaration final approved by director' activity?,0.555556
152,152_0,152_5,Which case was the last to perform a 'declaration final approved by director' activity?,The last time a director gave final approval for a declaration was for which declaration?,0.444444
152,152_0,152_6,Which case was the last to perform a 'declaration final approved by director' activity?,What was the last declaration to receive final approval from a director?,0.444444
153,153_0,153_1,Which resource is most active in the 'declaration approved by administration' activity?,Which resource was most active in the 'declaration approved by administration' activity?,0.846154
153,153_0,153_2,Which resource is most active in the 'declaration approved by administration' activity?,Which resource is associated with the greatest number of occurrences of the 'declaration approved by administration' activity?,0.5
153,153_0,153_3,Which resource is most active in the 'declaration approved by administration' activity?,Which resource worked on the greatest number of events in which the 'declaration approved by administration' activity was performed?,0.45
153,153_0,153_4,Which resource is most active in the 'declaration approved by administration' activity?,What was the resource that worked the most with the 'declaration approved by administration' activity?,0.470588
153,153_0,153_5,Which resource is most active in the 'declaration approved by administration' activity?,Who is the most active administrator in approving declarations?,0.3125
153,153_0,153_6,Which resource is most active in the 'declaration approved by administration' activity?,Which administration employee approves declarations the most?,0.266667
154,154_0,154_1,In how many cases did each resource act in the first activity performed?,Report in how many cases each resource was responsible for performing the first event.,0.444444
154,154_0,154_2,In how many cases did each resource act in the first activity performed?,Report the number of times each resource performed the first activity of a case.,0.333333
154,154_0,154_3,In how many cases did each resource act in the first activity performed?,How many times did each resource act on the first event of a process instance?,0.421053
154,154_0,154_4,In how many cases did each resource act in the first activity performed?,"For each resource, indicate the number of times they were the first to act on a case.",0.217391
154,154_0,154_5,In how many cases did each resource act in the first activity performed?,Report in how many declarations each employee was involved in executing the first action.,0.315789
154,154_0,154_6,In how many cases did each resource act in the first activity performed?,How many declaration processes were initiated by each of the employees?,0.210526
155,155_0,155_1,In how many cases did the activity containing the word 'approved' in its name occur?,How many cases have gone through the activity that contains the word 'approved' in its name?,0.555556
155,155_0,155_2,In how many cases did the activity containing the word 'approved' in its name occur?,The activity that contains the word 'approved' in its label appears in how many cases?,0.529412
155,155_0,155_3,In how many cases did the activity containing the word 'approved' in its name occur?,The activity that contains the word 'approved' in its label occurred in how many cases?,0.529412
155,155_0,155_4,In how many cases did the activity containing the word 'approved' in its name occur?,In how many cases are there instances of the activity with the word 'approved' in its name?,0.555556
155,155_0,155_5,In how many cases did the activity containing the word 'approved' in its name occur?,Report the number of cases in which the performance of an activity whose name involves the word 'approved' was recorded.,0.304348
155,155_0,155_6,In how many cases did the activity containing the word 'approved' in its name occur?,How many declarations were approved at some decision level?,0.157895
155,155_0,155_7,In how many cases did the activity containing the word 'approved' in its name occur?,Approval actions appear in how many declarations?,0.176471
156,156_0,156_1,In how many cases were 'rejected' activities performed per day?,How many cases go through 'rejected' activity per day?,0.461538
156,156_0,156_2,In how many cases were 'rejected' activities performed per day?,How many process instances went through 'rejected' activity per day?,0.333333
156,156_0,156_3,In how many cases were 'rejected' activities performed per day?,Rejected' activity occurred in how many cases per day.,0.583333
156,156_0,156_4,In how many cases were 'rejected' activities performed per day?,"Each day, how many cases recorded the occurrence of 'rejected' activity?",0.3125
156,156_0,156_5,In how many cases were 'rejected' activities performed per day?,"Each day, in how many cases were instances of 'rejected' activity found?",0.466667
156,156_0,156_6,In how many cases were 'rejected' activities performed per day?,"How many declarations are rejected, at some decision level, per day?",0.3125
156,156_0,156_7,In how many cases were 'rejected' activities performed per day?,Rejection actions appear in how many declarations each day?,0.266667
157,157_0,157_1,What are the five cases with the most events and what are their durations?,What are the five cases with the most events and how long did each of them last?,0.5
157,157_0,157_2,What are the five cases with the most events and what are their durations?,List the identifiers of the five cases in which the most events were performed and report how long each lasted.,0.26087
157,157_0,157_3,What are the five cases with the most events and what are their durations?,What were the five cases with the most events and what was the duration of each of them?,0.470588
157,157_0,157_4,What are the five cases with the most events and what are their durations?,What were the five cases with the most performances of activities and what was the duration of each of them?,0.368421
157,157_0,157_5,What are the five cases with the most events and what are their durations?,Report which are the five longest cases in terms of events and what was the duration of each of these cases.,0.333333
157,157_0,157_6,What are the five cases with the most events and what are their durations?,What are the five cases that have the most associated events and what is the duration of each of these cases?,0.421053
157,157_0,157_7,What are the five cases with the most events and what are their durations?,What are the 5 declarations that went through the greatest number of actions and how long did each of them take to process?,0.142857
157,157_0,157_8,What are the five cases with the most events and what are their durations?,What are the five most labor-intensive declarations (most requiring some action to be performed) and how long did each one take to be processed?,0.230769
158,158_0,158_1,"What are the five longest cases in terms of number of events, among those with at least 20 events, and what is the duration of each of these cases?","Find the five cases that have the highest number of events, considering that they have at least 20 events, and report the duration of these cases.",0.413793
158,158_0,158_2,"What are the five longest cases in terms of number of events, among those with at least 20 events, and what is the duration of each of these cases?","What are the five process instances with the most activity performances, considering those in which at least 20 events occurred, and what are the durations of these instances?",0.451613
158,158_0,158_3,"What are the five longest cases in terms of number of events, among those with at least 20 events, and what is the duration of each of these cases?","Among the process instances with 20 or more events, list the five largest and report how long they lasted.",0.212121
158,158_0,158_4,"What are the five longest cases in terms of number of events, among those with at least 20 events, and what is the duration of each of these cases?","Considering cases with 20 events or more, list the five that have the most events and report how long each of them lasted.",0.264706
158,158_0,158_5,"What are the five longest cases in terms of number of events, among those with at least 20 events, and what is the duration of each of these cases?","Within the subset of cases that have at least 20 events, which are the five with the greatest number of events and how long did each of these cases take to perform?",0.411765
158,158_0,158_6,"What are the five longest cases in terms of number of events, among those with at least 20 events, and what is the duration of each of these cases?","What are the five longest declaration processes in terms of events, which have at least 20 events, and what are their durations?",0.464286
158,158_0,158_7,"What are the five longest cases in terms of number of events, among those with at least 20 events, and what is the duration of each of these cases?","Among the declarations with 20 actions or more performed, report the 5 largest and how long their processing took.",0.142857
159,159_0,159_1,What are the ten most recent cases in which the 'request payment' activity was not performed?,What are the ten most recent travel declaration processes in which the 'request payment' activity was not performed?,0.777778
159,159_0,159_2,What are the ten most recent cases in which the 'request payment' activity was not performed?,What are the 10 most recent cases where the 'request payment' activity was not performed?,0.705882
159,159_0,159_3,What are the ten most recent cases in which the 'request payment' activity was not performed?,What are the ten newest cases in which the 'request payment' activity was not performed?,0.8125
159,159_0,159_4,What are the ten most recent cases in which the 'request payment' activity was not performed?,What are the last 10 cases where the 'request payment' activity was not performed?,0.555556
159,159_0,159_5,What are the ten most recent cases in which the 'request payment' activity was not performed?,What are the ten most recent cases that did not go through the 'request payment' activity?,0.578947
159,159_0,159_6,What are the ten most recent cases in which the 'request payment' activity was not performed?,Report the 10 most recent cases that did not go through the 'request payment' activity.,0.380952
159,159_0,159_7,What are the ten most recent cases in which the 'request payment' activity was not performed?,Retrieve the 10 newest cases in which the 'request payment' activity was not performed.,0.555556
159,159_0,159_8,What are the ten most recent cases in which the 'request payment' activity was not performed?,List the last ten cases for which there is no record of the performance of the 'request payment' activity.,0.291667
159,159_0,159_9,What are the ten most recent cases in which the 'request payment' activity was not performed?,List the 10 most recent cases for which there is no record of the performance of the 'request payment' activity.,0.333333
159,159_0,159_10,What are the ten most recent cases in which the 'request payment' activity was not performed?,List the 10 most recent cases in which there are no occurrences of the 'request payment' activity.,0.47619
159,159_0,159_11,What are the ten most recent cases in which the 'request payment' activity was not performed?,What are the 10 most recent processing declarations where no payment requests were registered?,0.26087
160,160_0,160_1,Which cases had 10 or fewer events performed?,Which cases had ten or fewer events performed?,0.777778
160,160_0,160_2,Which cases had 10 or fewer events performed?,List all cases that had up to ten events performed.,0.285714
160,160_0,160_3,Which cases had 10 or fewer events performed?,Retrieve cases that had a maximum of 10 events performed.,0.384615
160,160_0,160_4,Which cases had 10 or fewer events performed?,Report cases made up of up to ten events.,0.142857
160,160_0,160_5,Which cases had 10 or fewer events performed?,Which process instances have up to 10 activity occurrences?,0.133333
160,160_0,160_6,Which cases had 10 or fewer events performed?,In which process instances were there ten or fewer events?,0.285714
160,160_0,160_7,Which cases had 10 or fewer events performed?,What are the cases for which there are up to ten events recorded in the event log?,0.15
160,160_0,160_8,Which cases had 10 or fewer events performed?,In which process instances is the performance of ten events or fewer observed?,0.235294
160,160_0,160_9,Which cases had 10 or fewer events performed?,What are the cases in which the performance of up to ten events is observed?,0.157895
160,160_0,160_10,Which cases had 10 or fewer events performed?,In which travel declaration processes were ten or fewer actions performed?,0.266667
160,160_0,160_11,Which cases had 10 or fewer events performed?,Which declarations had 10 events or fewer?,0.666667
161,161_0,161_1,"What is the average cost of the 'payment handled' activity, for events held before 2018?","What is the average cost of the 'payment handled' activity, for the events held before 2018?",1.0
161,161_0,161_2,"What is the average cost of the 'payment handled' activity, for events held before 2018?",What is the mean cost of the 'payment handled' activity in the events held before 2018?,0.75
161,161_0,161_3,"What is the average cost of the 'payment handled' activity, for events held before 2018?",Calculate the mean cost for executing the 'payment handled' activity in the events held before 2018.,0.555556
161,161_0,161_4,"What is the average cost of the 'payment handled' activity, for events held before 2018?",Report the average costs of occurrences of the 'payment handled' activity in the occurrences of activities performed before 2018.,0.4
161,161_0,161_5,"What is the average cost of the 'payment handled' activity, for events held before 2018?","Within the subset of events performed before 2018, what was the mean cost for performing the 'payment handled' activity?",0.55
161,161_0,161_6,"What is the average cost of the 'payment handled' activity, for events held before 2018?","Considering only the occurrences of events before 2018, calculate the mean cost of performing the 'payment handled' activity.",0.45
161,161_0,161_7,"What is the average cost of the 'payment handled' activity, for events held before 2018?",Calculate the mean cost of performing the 'payment handled' activity in the context of events performed before 2018.,0.45
161,161_0,161_8,"What is the average cost of the 'payment handled' activity, for events held before 2018?",What is the mean cost of actions relating to payments made before 2018?,0.35
162,162_0,162_1,How many times were 'permit' activities performed in each case?,How many 'permit' activities were performed for each case?,0.727273
162,162_0,162_2,How many times were 'permit' activities performed in each case?,"For each case, report the number of times a 'permit' activity was performed.",0.277778
162,162_0,162_3,How many times were 'permit' activities performed in each case?,How many instances of 'permit' activities are there in each of the cases?,0.375
162,162_0,162_4,How many times were 'permit' activities performed in each case?,How many event records related to 'permit' activities can be found in the event log for each of the cases?,0.272727
162,162_0,162_5,How many times were 'permit' activities performed in each case?,"List, for each case, how many records about the performance of 'permit' activities exist.",0.333333
162,162_0,162_6,How many times were 'permit' activities performed in each case?,Report the number of occurrences of 'permit' activities for each of the cases recorded in the event log.,0.2
162,162_0,162_7,How many times were 'permit' activities performed in each case?,How many events associated with 'permit' activities are recorded for each case in the event log?,0.368421
162,162_0,162_8,How many times were 'permit' activities performed in each case?,How many times have permits been registered for each of the declarations already processed?,0.2
162,162_0,162_9,How many times were 'permit' activities performed in each case?,How many times was each declaration given a 'permit' during its processing?,0.294118
163,163_0,163_1,How many cases went through the 'declaration rejected by supervisor' activity and which resources were responsible?,How many cases went through the 'declaration rejected by supervisor' activity and what are the resources associated with carrying out these activities?,0.541667
163,163_0,163_2,How many cases went through the 'declaration rejected by supervisor' activity and which resources were responsible?,"How many cases went through the 'declaration rejected by supervisor' activity, grouped by resource associated with its performance?",0.5
163,163_0,163_3,How many cases went through the 'declaration rejected by supervisor' activity and which resources were responsible?,How many of the cases in the event log went through the 'declaration rejected by supervisor' activity? Retrieve the quantity per resource associated with their performance.,0.392857
163,163_0,163_4,How many cases went through the 'declaration rejected by supervisor' activity and which resources were responsible?,"Retrieve the number of cases that went through the 'declaration rejected by supervisor' activity, considering each resource associated with its performance.",0.333333
163,163_0,163_5,How many cases went through the 'declaration rejected by supervisor' activity and which resources were responsible?,"Report how many cases went through the 'declaration rejected by supervisor' activity, grouped by the resource(s) associated with its performance.",0.545455
163,163_0,163_6,How many cases went through the 'declaration rejected by supervisor' activity and which resources were responsible?,"Rejections made by a supervisor appear in how many declarations, considering each of the supervisors registered in the system?",0.178571
163,163_0,163_7,How many cases went through the 'declaration rejected by supervisor' activity and which resources were responsible?,How many declarations were rejected by a supervisor and which supervisors were involved?,0.4
164,164_0,164_1,How many cases are related to each of the possible activities?,"For each existing activity, how many cases were recorded?",0.25
164,164_0,164_2,How many cases are related to each of the possible activities?,"For each activity, report how many cases were carried out.",0.235294
164,164_0,164_3,How many cases are related to each of the possible activities?,Report in how many cases each of the activities were performed.,0.466667
164,164_0,164_4,How many cases are related to each of the possible activities?,What is the number of cases in which each of the possible activities had its performance recorded?,0.3
164,164_0,164_5,How many cases are related to each of the possible activities?,Consider each of the possible activities and report the number of cases in which its performance was recorded.,0.285714
164,164_0,164_6,How many cases are related to each of the possible activities?,"Various actions, activities or tasks are possible when processing a declaration. It is useful to know the number of declarations associated with the performance of each of these actions, activities or tasks.",0.241379
164,164_0,164_7,How many cases are related to each of the possible activities?,How many declarations are associated with the performance of each of the possible actions in travel declaration processing?,0.35
165,165_0,165_1,Which events associated with tasks that start with 'R' occurred after all events associated with tasks that start with 'D'?,What are the events that record activities started by 'R' that occur after all the events that record activities started by 'D'?,0.3
165,165_0,165_2,Which events associated with tasks that start with 'R' occurred after all events associated with tasks that start with 'D'?,Which events record the performance of activities started by 'R' that occur after all events recording the performance of activities started by 'D'?,0.333333
165,165_0,165_3,Which events associated with tasks that start with 'R' occurred after all events associated with tasks that start with 'D'?,Retrieve events associated with tasks starting with 'R' that had their performance registered after all events associated with tasks starting with 'D'.,0.5
165,165_0,165_4,Which events associated with tasks that start with 'R' occurred after all events associated with tasks that start with 'D'?,Identify which events record the performance of tasks whose name starts with the character 'R' and that occurred after all records of the performance of tasks with names starting with 'D'.,0.4
165,165_0,165_5,Which events associated with tasks that start with 'R' occurred after all events associated with tasks that start with 'D'?,"Filtering events that occurred after all activity performance records starting with 'D', retrieve events that record activities starting with 'R'.",0.4
165,165_0,165_6,Which events associated with tasks that start with 'R' occurred after all events associated with tasks that start with 'D'?,Which actions starting with the letter 'R' occurred after actions starting with the letter 'D' during the processing of a declaration?,0.285714
165,165_0,165_7,Which events associated with tasks that start with 'R' occurred after all events associated with tasks that start with 'D'?,What are the registrations that are associated with a declaration processing action whose name begins with the letter 'R' and which were carried out after the registration of actions with the initial letter 'D'?,0.21875
166,166_0,166_1,How many times was each activity performed by each resource?,What was the number of times each activity was performed by each resource?,0.538462
166,166_0,166_2,How many times was each activity performed by each resource?,Count how many times each activity was performed by each resource.,0.9
166,166_0,166_3,How many times was each activity performed by each resource?,Report the number of times each resource was responsible for performing each activity,0.3125
166,166_0,166_4,How many times was each activity performed by each resource?,How many times was a given resource associated with the performance of each activity?,0.4375
166,166_0,166_5,How many times was each activity performed by each resource?,How many times was each declaration processing action performed by each employee?,0.538462
166,166_0,166_6,How many times was each activity performed by each resource?,How many times was each activity performed by each university employee?,0.727273
167,167_0,167_1,What are the names of the activities carried out in the first semester of 2018?,List the activities carried out in the first semester of 2018.,0.692308
167,167_0,167_2,What are the names of the activities carried out in the first semester of 2018?,Consider only the first semester of 2018 to list which activities were carried out.,0.444444
167,167_0,167_3,What are the names of the activities carried out in the first semester of 2018?,"What activities were carried out from January 1, 2018 to July 31, 2018?",0.263158
167,167_0,167_4,What are the names of the activities carried out in the first semester of 2018?,What activities are associated with the events that occurred in the first semester of 2018?,0.529412
167,167_0,167_5,What are the names of the activities carried out in the first semester of 2018?,What activities were carried out in the first semester of 2018?,0.769231
167,167_0,167_6,What are the names of the activities carried out in the first semester of 2018?,What was done in the processing carried out in the first semester of 2018?,0.6
168,168_0,168_1,"List the cases in which the 'Wayne' resource was allocated, ordering the response by case identifier.",Which cases were associated with the 'Wayne' resource? Sort by case identifier.,0.444444
168,168_0,168_2,"List the cases in which the 'Wayne' resource was allocated, ordering the response by case identifier.",In which cases does the 'Wayne' resource appear associated with the performance of an event? Sort the response by case identifier.,0.434783
168,168_0,168_3,"List the cases in which the 'Wayne' resource was allocated, ordering the response by case identifier.",Report which cases have events associated with the 'Wayne' resource. Use the case identifier to order your answer.,0.291667
168,168_0,168_4,"List the cases in which the 'Wayne' resource was allocated, ordering the response by case identifier.",Which process instances involved the work of the 'Wayne' resource? Provide the answer in an ordered manner.,0.208333
168,168_0,168_5,"List the cases in which the 'Wayne' resource was allocated, ordering the response by case identifier.",Which process instances include events that were the responsibility of the 'Wayne' resource? List the instances in an ordered manner.,0.24
168,168_0,168_6,"List the cases in which the 'Wayne' resource was allocated, ordering the response by case identifier.","Retrieve, in an ordered manner, the identifiers of the cases in which the 'Wayne' resource acted.",0.285714
168,168_0,168_7,"List the cases in which the 'Wayne' resource was allocated, ordering the response by case identifier.","Retrieve, in an ordered manner, all process instances in which the 'Wayne' resource acted.",0.227273
168,168_0,168_8,"List the cases in which the 'Wayne' resource was allocated, ordering the response by case identifier.",What declarations does the employee Wayne work on? Present the ordered list.,0.136364
168,168_0,168_9,"List the cases in which the 'Wayne' resource was allocated, ordering the response by case identifier.",What declarations does Wayne work on? Present an ordered list.,0.090909
169,169_0,169_1,"For each activity, return how many cases it was performed in, considering only those cases that ended on March 12, 2018.","For each activity, return how many process instances each of them was performed in, considering only those process instances that ended on March 12, 2018.",0.75
169,169_0,169_2,"For each activity, return how many cases it was performed in, considering only those cases that ended on March 12, 2018.","Considering the subset of cases completed on March 12, 2018, provide a list that associates each activity and in how many cases they appear.",0.387097
169,169_0,169_3,"For each activity, return how many cases it was performed in, considering only those cases that ended on March 12, 2018.","Provide a list including activity and number of cases in which it appears, considering the subset of cases completed on March 12, 2018.",0.28125
169,169_0,169_4,"For each activity, return how many cases it was performed in, considering only those cases that ended on March 12, 2018.","Relate the activities to the number of cases in which they appear, considering only the cases whose last event ended on March 12, 2018.",0.28125
169,169_0,169_5,"For each activity, return how many cases it was performed in, considering only those cases that ended on March 12, 2018.","Extract from the subset of cases completed on March 12, 2018, information about activities that occurred and the number of cases in which they occurred.",0.205882
169,169_0,169_6,"For each activity, return how many cases it was performed in, considering only those cases that ended on March 12, 2018.","Each of the possible processing actions was performed on how many declarations processed and ended on March 12, 2018?",0.357143
169,169_0,169_7,"For each activity, return how many cases it was performed in, considering only those cases that ended on March 12, 2018.","I need to know in how many declarations performed and ended on March 12, 2018 each of the different processing actions were performed.",0.3125
170,170_0,170_1,How many cases started with an activity whose label starts with the word 'permit'?,There is a subset of activities whose label starts with 'permit'. Report how many cases started with one of these activities.,0.409091
170,170_0,170_2,How many cases started with an activity whose label starts with the word 'permit'?,"Given a list of activities whose name starts with 'permit', retrieve how many cases started with one of these activities.",0.363636
170,170_0,170_3,How many cases started with an activity whose label starts with the word 'permit'?,What is the number of cases whose first event is associated with an activity with a name starting with 'permit'?,0.304348
170,170_0,170_4,How many cases started with an activity whose label starts with the word 'permit'?,Report the number of cases in which the first event is associated with an activity whose label begins with the word 'permit'.,0.391304
170,170_0,170_5,How many cases started with an activity whose label starts with the word 'permit'?,How many process instances have as their first activity those whose names begin with the word 'permit'?,0.363636
170,170_0,170_6,How many cases started with an activity whose label starts with the word 'permit'?,What is the number of process instances that started with an activity whose name starts with the word 'permit'?,0.428571
170,170_0,170_7,How many cases started with an activity whose label starts with the word 'permit'?,Retrieve the number of times processing of a travel declaration started with an activity associated with a permit.,0.272727
170,170_0,170_8,How many cases started with an activity whose label starts with the word 'permit'?,How many travel declarations have a permit action associated with the start of their processing?,0.217391
171,171_0,171_1,Which cases have not yet gone through the 'request payment' or 'payment handled' activities?,Which process instances have not yet gone through the 'request payment' or 'payment handled' activities?,0.8
171,171_0,171_2,Which cases have not yet gone through the 'request payment' or 'payment handled' activities?,Recover cases that have not yet gone through the 'request payment' or 'payment handled' activities.,0.8
171,171_0,171_3,Which cases have not yet gone through the 'request payment' or 'payment handled' activities?,Retrieve process instances that have not yet gone through the 'request payment' or 'payment handled' activities,0.647059
171,171_0,171_4,Which cases have not yet gone through the 'request payment' or 'payment handled' activities?,What are the cases for which there is still no record of the occurrence of 'request payment' or 'payment handled' activities?,0.347826
171,171_0,171_5,Which cases have not yet gone through the 'request payment' or 'payment handled' activities?,What are the process instances for which there is still no record of the occurrence of 'request payment' or 'payment handled' activities?,0.28
171,171_0,171_6,Which cases have not yet gone through the 'request payment' or 'payment handled' activities?,Report which cases there is no record of events associated with the 'request payment' or 'payment handled' activities.,0.363636
171,171_0,171_7,Which cases have not yet gone through the 'request payment' or 'payment handled' activities?,Report for which process instances there is no record of events associated with the 'request payment' or 'payment handled' activities.,0.28
171,171_0,171_8,Which cases have not yet gone through the 'request payment' or 'payment handled' activities?,In which cases are 'request payment' or 'payment handled' activities still not observed?,0.470588
171,171_0,171_9,Which cases have not yet gone through the 'request payment' or 'payment handled' activities?,In which process instances have 'request payment' or 'payment handled' activities not yet been observed?,0.5
171,171_0,171_10,Which cases have not yet gone through the 'request payment' or 'payment handled' activities?,In how many declarations is there still no record of payment made or payment request?,0.125
171,171_0,171_11,Which cases have not yet gone through the 'request payment' or 'payment handled' activities?,What declarations are still pending in relation to payment request and payment made records?,0.083333
172,172_0,172_1,What data is recorded about the occurrences of 'start trip' and 'declaration submitted by employee' activities? Provide the answer sorted by date and by resource.,"Retrieve all information about events relating to 'start trip' or 'declaration submitted by employee' activities, sorting the response in ascending order of date and name of the resource.",0.382353
172,172_0,172_2,What data is recorded about the occurrences of 'start trip' and 'declaration submitted by employee' activities? Provide the answer sorted by date and by resource.,"I need information about the events associated with 'start trip' and 'declaration submitted by employee' activities, in ascending order of date and resource.",0.433333
172,172_0,172_3,What data is recorded about the occurrences of 'start trip' and 'declaration submitted by employee' activities? Provide the answer sorted by date and by resource.,"Retrieve information about events associated with the 'start trip' and 'declaration submitted by employee' activities, sorting them first by date and then by resource.",0.4
172,172_0,172_4,What data is recorded about the occurrences of 'start trip' and 'declaration submitted by employee' activities? Provide the answer sorted by date and by resource.,"Retrieve information about events related to 'start trip' and 'declaration submitted by employee' activities, from oldest to newest, and then ordered by resource.",0.322581
172,172_0,172_5,What data is recorded about the occurrences of 'start trip' and 'declaration submitted by employee' activities? Provide the answer sorted by date and by resource.,"Retrieve, in ascending order of date and resource, information about events related to 'start trip' and 'declaration submitted by employee' activities.",0.413793
172,172_0,172_6,What data is recorded about the occurrences of 'start trip' and 'declaration submitted by employee' activities? Provide the answer sorted by date and by resource.,"For all events associated with 'start trip' and 'declaration submitted by employee' activities, retrieve the information by listing it in order of date and resource.",0.375
172,172_0,172_7,What data is recorded about the occurrences of 'start trip' and 'declaration submitted by employee' activities? Provide the answer sorted by date and by resource.,"Retrieve information relating to occurrence records for 'start trip' and 'declaration submitted by employee' activities, organizing the response in order of date and resource.",0.375
172,172_0,172_8,What data is recorded about the occurrences of 'start trip' and 'declaration submitted by employee' activities? Provide the answer sorted by date and by resource.,What data is recorded in the events associated with 'start trip' and 'declaration submitted by employee' activities? Provide the answer sorted by date and by resource.,0.72
172,172_0,172_9,What data is recorded about the occurrences of 'start trip' and 'declaration submitted by employee' activities? Provide the answer sorted by date and by resource.,What information is available on actions to initiate travel and request a declaration by an employee? Sort this report by date and employee name.,0.2
172,172_0,172_10,What data is recorded about the occurrences of 'start trip' and 'declaration submitted by employee' activities? Provide the answer sorted by date and by resource.,"The processing of declarations begins with a record about the start of the trip or at a request from an employee. Considering this, provide information on the events associated with the start of processing a declaration, in ascending order according to date and the name of the employee associated with the performance of the event.",0.217391
173,173_0,173_1,How many times was each resource associated with an occurrence of the 'declaration saved by employee' activity? Sort the response according to the resource attribute.,How many records of 'declaration saved by employee' activities are there associated with each resource? Provide the answer sorted by resource.,0.413793
173,173_0,173_2,How many times was each resource associated with an occurrence of the 'declaration saved by employee' activity? Sort the response according to the resource attribute.,"For each resource, how many records of the 'declaration saved by employee' activity are there? Sort the answer by resource name.",0.428571
173,173_0,173_3,How many times was each resource associated with an occurrence of the 'declaration saved by employee' activity? Sort the response according to the resource attribute.,Retrieve the number of times each resource was associated with the 'declaration saved by employee' activity. Order your answer according to the resource names.,0.535714
173,173_0,173_4,How many times was each resource associated with an occurrence of the 'declaration saved by employee' activity? Sort the response according to the resource attribute.,How many occurrences of the 'declaration saved by employee' activity were associated with each of the resources present in the log? Sort the response according to the resource name.,0.586207
173,173_0,173_5,How many times was each resource associated with an occurrence of the 'declaration saved by employee' activity? Sort the response according to the resource attribute.,"Considering each resource in the log records, provide information on how many times each of them was associated with the performance of the 'declaration saved by employee' activity, providing the answer ordered by resource.",0.441176
173,173_0,173_6,How many times was each resource associated with an occurrence of the 'declaration saved by employee' activity? Sort the response according to the resource attribute.,Provide information on how many times each resource was responsible for executing the 'declaration saved by employee' activity. Display the information sorted by resource name.,0.387097
173,173_0,173_7,How many times was each resource associated with an occurrence of the 'declaration saved by employee' activity? Sort the response according to the resource attribute.,What is the number of associations between each resource and the performance of the 'declaration saved by employee' activity? Sort the answer by resource.,0.333333
173,173_0,173_8,How many times was each resource associated with an occurrence of the 'declaration saved by employee' activity? Sort the response according to the resource attribute.,How many times has the performance of the 'declaration saved by employee' activity been associated with each resource? Sort your answer by resource name.,0.535714
173,173_0,173_9,How many times was each resource associated with an occurrence of the 'declaration saved by employee' activity? Sort the response according to the resource attribute.,I need to know how many times each employee recorded a action of saving a travel declaration. Provide the answer sorted by employee name.,0.294118
173,173_0,173_10,How many times was each resource associated with an occurrence of the 'declaration saved by employee' activity? Sort the response according to the resource attribute.,How many times was each employee responsible for saving a declaration? Sort the answer by employee name.,0.357143
174,174_0,174_1,In how many cases was each activity performed?,"For each activity, report in how many cases there are records of its performance.",0.375
174,174_0,174_2,In how many cases was each activity performed?,"Considering each of the activities present in the event log, report the number of cases in which they occurred.",0.15
174,174_0,174_3,In how many cases was each activity performed?,In how many process instances was each activity performed?,0.7
174,174_0,174_4,In how many cases was each activity performed?,"For each activity, calculate in how many process instances they were performed in.",0.428571
174,174_0,174_5,In how many cases was each activity performed?,What is the number of cases in which each activity was performed?,0.428571
174,174_0,174_6,In how many cases was each activity performed?,Calculate the number of cases in which each activity was performed.,0.461538
174,174_0,174_7,In how many cases was each activity performed?,"Considering each of the possible actions in processing a travel declaration, report the number of declarations in which each action appears.",0.086957
174,174_0,174_8,In how many cases was each activity performed?,Report the number of declarations in which each of the possible actions in processing travel declarations were carried out.,0.095238
175,175_0,175_1,How many different activities did each resource perform?,Retrieve information about how many different activities each resource performed.,0.5
175,175_0,175_2,How many different activities did each resource perform?,In how many different activities did each resource act?,0.7
175,175_0,175_3,How many different activities did each resource perform?,In how many different activities was each resource associated?,0.545455
175,175_0,175_4,How many different activities did each resource perform?,"For each resource, check how many different activities it was involved in.",0.428571
175,175_0,175_5,How many different activities did each resource perform?,What is the number of different activities that each resource was associated with?,0.235294
175,175_0,175_6,How many different activities did each resource perform?,What is the number of different activities that each resource worked on?,0.25
175,175_0,175_7,How many different activities did each resource perform?,How many different actions related to the processing of travel declarations was each employee responsible for recording in the system?,0.173913
175,175_0,175_8,How many different activities did each resource perform?,How many different actions has each employee performed while processing travel declarations?,0.25
176,176_0,176_1,"In how many occurrences of completion activities ('end trip', 'payment handled') was each resource allocated?","How many final activities ('end trip', 'payment handled') was each person responsible for?",0.473684
176,176_0,176_2,"In how many occurrences of completion activities ('end trip', 'payment handled') was each resource allocated?","How many occurrences of completion activities ('end trip', 'payment handled') was each resource responsible for?",0.764706
176,176_0,176_3,"In how many occurrences of completion activities ('end trip', 'payment handled') was each resource allocated?","For each resource, check how many occurrences of completion activities ('end trip', 'payment handled') it acted on.",0.6
176,176_0,176_4,"In how many occurrences of completion activities ('end trip', 'payment handled') was each resource allocated?","How many times was each resource associated with the performance of a completion activity ('end trip', 'payment handled')?",0.5
176,176_0,176_5,"In how many occurrences of completion activities ('end trip', 'payment handled') was each resource allocated?","Considering each resource present in the event log, calculate how many times each of them was responsible for performing a completion activity ('end trip', 'payment handled').",0.428571
176,176_0,176_6,"In how many occurrences of completion activities ('end trip', 'payment handled') was each resource allocated?",How many times has each employee completed the processing of a travel declaration by acting on end of trip or payment actions?,0.241379
176,176_0,176_7,"In how many occurrences of completion activities ('end trip', 'payment handled') was each resource allocated?",Completion activities are those that end a trip or make a payment. How many times has each employee been responsible for completion activities?,0.296296
177,177_0,177_1,How many times was each resource responsible for performing the first occurrence of the 'declaration rejected by pre-approver' activity in a case?,In how many cases was each resource responsible for performing the first occurrence of the 'declaration rejected by pre-approver' activity?,0.818182
177,177_0,177_2,How many times was each resource responsible for performing the first occurrence of the 'declaration rejected by pre-approver' activity in a case?,In how many process instances was each resource responsible for executing the first occurrence of the 'declaration rejected by pre-approver' activity?,0.708333
177,177_0,177_3,How many times was each resource responsible for performing the first occurrence of the 'declaration rejected by pre-approver' activity in a case?,"For each resource, report how many times it was responsible for performing the first occurrence of the 'declaration rejected by pre-approver' activity in a case.",0.913043
177,177_0,177_4,How many times was each resource responsible for performing the first occurrence of the 'declaration rejected by pre-approver' activity in a case?,"For each resource, report how many times it was responsible for executing the first occurrence of the 'declaration rejected by pre-approver' activity in a process instance.",0.730769
177,177_0,177_5,How many times was each resource responsible for performing the first occurrence of the 'declaration rejected by pre-approver' activity in a case?,In how many cases has each employee served in the role of pre-approver and rejected the declaration?,0.333333
177,177_0,177_6,How many times was each resource responsible for performing the first occurrence of the 'declaration rejected by pre-approver' activity in a case?,For how many travel declarations has each employee in the role of pre-approver been responsible for taking the first action regarding declaration rejection?,0.354839
178,178_0,178_1,How many occurrences of activities were recorded in each case until the 'end trip' activity occurred?,How many activity occurrences were recorded in each case until the 'end trip' activity was performed?,0.722222
178,178_0,178_2,How many occurrences of activities were recorded in each case until the 'end trip' activity occurred?,How many instances of activity were recorded in each case until it went through the 'end trip' activity?,0.65
178,178_0,178_3,How many occurrences of activities were recorded in each case until the 'end trip' activity occurred?,How many events occurred in each case before it went through the 'end trip' activity?,0.47619
178,178_0,178_4,How many occurrences of activities were recorded in each case until the 'end trip' activity occurred?,How many activity occurrences were recorded in each process instance until the 'end trip' activity was performed?,0.6
178,178_0,178_5,How many occurrences of activities were recorded in each case until the 'end trip' activity occurred?,How many activity occurrences were recorded in each process instance until it went through the 'end trip' activity?,0.571429
178,178_0,178_6,How many occurrences of activities were recorded in each case until the 'end trip' activity occurred?,How many events occurred in each process instance until it went through the 'end trip' activity?,0.454545
178,178_0,178_7,How many occurrences of activities were recorded in each case until the 'end trip' activity occurred?,Check the number of events that occurred in each case until it reached the performance of the 'end trip' activity.,0.434783
178,178_0,178_8,How many occurrences of activities were recorded in each case until the 'end trip' activity occurred?,Check the number of events that occurred in each process instance until it reached the performance of the 'end trip' activity.,0.36
178,178_0,178_9,How many occurrences of activities were recorded in each case until the 'end trip' activity occurred?,Check how many actions were performed until the end of the trip took place in each travel declaration case.,0.478261
178,178_0,178_10,How many occurrences of activities were recorded in each case until the 'end trip' activity occurred?,"For each declaration, how many actions were necessary until the end of the trip was recorded?",0.47619
179,179_0,179_1,What activities did the Thomas resource carry out in the first semester of 2018?,What activities did the Thomas resource perform in the first semester of 2018?,0.785714
179,179_0,179_2,What activities did the Thomas resource carry out in the first semester of 2018?,What were the activities carried out by the resource named Thomas in the first semester of 2018?,0.647059
179,179_0,179_3,What activities did the Thomas resource carry out in the first semester of 2018?,Report the label of the activities carried out by Thomas in the first semester of 2018.,0.529412
179,179_0,179_4,What activities did the Thomas resource carry out in the first semester of 2018?,What activities did the Thomas resource carry out between 1/1/2018 and 7/31/2018?,0.470588
179,179_0,179_5,What activities did the Thomas resource carry out in the first semester of 2018?,"What activities did the Thomas resource perform between January 1, 2018 and July 31, 2018?",0.35
179,179_0,179_6,What activities did the Thomas resource carry out in the first semester of 2018?,What activities did the Thomas resource perform in the first six months of 2018?,0.625
179,179_0,179_7,What activities did the Thomas resource carry out in the first semester of 2018?,The employee Thomas was allocated to which types of actions during the first semester of 2018?,0.285714
179,179_0,179_8,What activities did the Thomas resource carry out in the first semester of 2018?,What types of actions did the employee Thomas work on in the first semester of 2018?,0.5
180,180_0,180_1,Which cases went through the 'declaration rejected by supervisor' activity? Sort ascending by start date.,Which process instances went through the 'declaration rejected by supervisor' activity? Sort the answer in ascending order by start date.,0.684211
180,180_0,180_2,Which cases went through the 'declaration rejected by supervisor' activity? Sort ascending by start date.,In which cases was the 'declaration rejected by supervisor' activity performed? Provide the answer in date order relative to the start of the case.,0.416667
180,180_0,180_3,Which cases went through the 'declaration rejected by supervisor' activity? Sort ascending by start date.,In which cases was the 'declaration rejected by supervisor' activity performed? Provide the answer in ascending temporal order relative to the beginning of the case.,0.346154
180,180_0,180_4,Which cases went through the 'declaration rejected by supervisor' activity? Sort ascending by start date.,In which process instances was the 'declaration rejected by supervisor' activity performed? Provide the answer in date order relative to the start of the process.,0.36
180,180_0,180_5,Which cases went through the 'declaration rejected by supervisor' activity? Sort ascending by start date.,In which process instances was the 'declaration rejected by supervisor' activity performed? Provide the answer in ascending temporal order relative to the start of the process.,0.346154
180,180_0,180_6,Which cases went through the 'declaration rejected by supervisor' activity? Sort ascending by start date.,"Present, in ascending temporal order relative to the beginning of the case, the list of cases in which the 'declaration rejected by supervisor' activity was performed.",0.346154
180,180_0,180_7,Which cases went through the 'declaration rejected by supervisor' activity? Sort ascending by start date.,"Present, in ascending temporal order relative to the beginning of the process, the list of process instances in which the 'declaration rejected by supervisor' activity was performed.",0.296296
180,180_0,180_8,Which cases went through the 'declaration rejected by supervisor' activity? Sort ascending by start date.,Rejections determined by a supervisor are noted in which travel declarations? Report the declarations in the temporal order of the beginning of their processing.,0.137931
180,180_0,180_9,Which cases went through the 'declaration rejected by supervisor' activity? Sort ascending by start date.,Which declarations were rejected by the supervisor? Report the declarations ordered by processing start date.,0.368421
181,181_0,181_1,Which cases went through the 'start trip' activity and had not ended by March 2018?,Which process instances went through the 'start trip' activity and had not finished by March 2018?,0.722222
181,181_0,181_2,Which cases went through the 'start trip' activity and had not ended by March 2018?,Which process performances went through the 'start trip' activity and had not ended by March 2018?,0.823529
181,181_0,181_3,Which cases went through the 'start trip' activity and had not ended by March 2018?,"Which cases went through the 'start trip' activity and had not ended by March 31, 2018?",0.9375
181,181_0,181_4,Which cases went through the 'start trip' activity and had not ended by March 2018?,"Which process instances went through the 'start trip' activity and had not finished by March 31, 2018?",0.684211
181,181_0,181_5,Which cases went through the 'start trip' activity and had not ended by March 2018?,"Which process performances went through the 'start trip' activity and had not finished by March 31, 2018?",0.684211
181,181_0,181_6,Which cases went through the 'start trip' activity and had not ended by March 2018?,Which cases went through the 'start trip' activity and had not finished by 31/03/2018?,0.705882
181,181_0,181_7,Which cases went through the 'start trip' activity and had not ended by March 2018?,Which process instances went through the 'start trip' activity and had not finished by 31/03/2018?,0.578947
181,181_0,181_8,Which cases went through the 'start trip' activity and had not ended by March 2018?,Which process performances went through the 'start trip' activity and had not finished by 31/03/2018?,0.578947
181,181_0,181_9,Which cases went through the 'start trip' activity and had not ended by March 2018?,"Which declarations were not finalized by March 31, 2018, have already had them registered in the system by recording the start of the trip action?",0.321429
181,181_0,181_10,Which cases went through the 'start trip' activity and had not ended by March 2018?,"Which declarations that have already registered the start of the trip had not been processed by March 31, 2018?",0.375
182,182_0,182_1,"Which cases recorded a completion activity ('end trip') but did not record a payment activity ('request payment', 'payment handled') and had more than one resource acting?",What are the cases that went through the 'end trip' activity but did not go through the 'request payment' or 'payment handled' activity and in which more than one resource acted?,0.5
182,182_0,182_2,"Which cases recorded a completion activity ('end trip') but did not record a payment activity ('request payment', 'payment handled') and had more than one resource acting?","For which cases is there a record of a completion activity ('end trip'), no record of payment activity ('request payment', 'payment handled') and more than one associated resource?",0.571429
182,182_0,182_3,"Which cases recorded a completion activity ('end trip') but did not record a payment activity ('request payment', 'payment handled') and had more than one resource acting?","Which cases involved more than one resource, recorded the 'end trip' activity, but did not record either 'request payment' or 'payment handled'?",0.653846
182,182_0,182_4,"Which cases recorded a completion activity ('end trip') but did not record a payment activity ('request payment', 'payment handled') and had more than one resource acting?","Which process instances involved more than one resource, recorded the 'end trip' activity, but did not record either 'request payment' or 'payment handled'?",0.571429
182,182_0,182_5,"Which cases recorded a completion activity ('end trip') but did not record a payment activity ('request payment', 'payment handled') and had more than one resource acting?","In which cases was there a record of involvement of more than one resource, a record of 'end trip' activity, but no record of 'request payment' or 'payment handled' activity?",0.517241
182,182_0,182_6,"Which cases recorded a completion activity ('end trip') but did not record a payment activity ('request payment', 'payment handled') and had more than one resource acting?","In which process instances was there a record of involvement of more than one resource, a record of 'end trip' activity, but no record of 'request payment' or 'payment handled' activity?",0.451613
182,182_0,182_7,"Which cases recorded a completion activity ('end trip') but did not record a payment activity ('request payment', 'payment handled') and had more than one resource acting?",Which declarations were finalized without payment made or recorded?,0.107143
182,182_0,182_8,"Which cases recorded a completion activity ('end trip') but did not record a payment activity ('request payment', 'payment handled') and had more than one resource acting?",Which declarations were finalized with end of trip registration without a payment having been made or at least a payment request having been registered?,0.166667
183,183_0,183_1,"For each case, report the number of resources involved and the total cost of the case.",How many different resources worked on each process instance and what is the cost of this instance?,0.272727
183,183_0,183_2,"For each case, report the number of resources involved and the total cost of the case.",How many different resources worked on each case and what is the cost of this case?,0.35
183,183_0,183_3,"For each case, report the number of resources involved and the total cost of the case.","For each process instance, what is the number of unique resources and their cost?",0.444444
183,183_0,183_4,"For each case, report the number of resources involved and the total cost of the case.","For each process instance, report how many resources were involved and what the final cost of performance was.",0.428571
183,183_0,183_5,"For each case, report the number of resources involved and the total cost of the case.","For each case, provide the total cost and how many resources were involved in its performance.",0.473684
183,183_0,183_6,"For each case, report the number of resources involved and the total cost of the case.",What was the cost of each case and how many resources worked on each one?,0.368421
183,183_0,183_7,"For each case, report the number of resources involved and the total cost of the case.",How much did each case cost to perform and how many resources were involved in each of them?,0.333333
183,183_0,183_8,"For each case, report the number of resources involved and the total cost of the case.",How much did each process instance cost to perform and how many resources were involved in it?,0.217391
183,183_0,183_9,"For each case, report the number of resources involved and the total cost of the case.",How many different people worked on each of the travel declarations and what was the total cost of each of the declarations?,0.272727
184,184_0,184_1,Which cases have more than one activity whose name starts with 'permit'?,Retrieve cases in which there is more than one occurrence of activities starting with the term 'permit'.,0.318182
184,184_0,184_2,Which cases have more than one activity whose name starts with 'permit'?,Which cases have two or more activities whose name starts with 'permit'?,0.6
184,184_0,184_3,Which cases have more than one activity whose name starts with 'permit'?,Which cases involved activities whose name starts with 'permit' more than once?,0.6
184,184_0,184_4,Which cases have more than one activity whose name starts with 'permit'?,Which cases performed activities whose name starts with 'permit' more than once?,0.6
184,184_0,184_5,Which cases have more than one activity whose name starts with 'permit'?,List the cases in which there is more than one event record associated with an activity whose name starts with 'permit'.,0.52381
184,184_0,184_6,Which cases have more than one activity whose name starts with 'permit'?,In which cases were activities whose name starts with 'permit' performed more than once?,0.529412
184,184_0,184_7,Which cases have more than one activity whose name starts with 'permit'?,In which cases is there more than one record of the performance of activities whose name starts with 'permit'?,0.5
184,184_0,184_8,Which cases have more than one activity whose name starts with 'permit'?,Actions related to permits were performed during the processing of which declarations?,0.043478
184,184_0,184_9,Which cases have more than one activity whose name starts with 'permit'?,In which declarations was more than one action recorded regarding some type of permit?,0.238095
185,185_0,185_1,"What are the identifiers of the last events performed, in each case, in order of performance time?","For each case, retrieve the identifier of the last event, ordering the list by the event performance time.",0.333333
185,185_0,185_2,"What are the identifiers of the last events performed, in each case, in order of performance time?",Identify the last event performed for each case and list the identifiers of these events in order of performance.,0.55
185,185_0,185_3,"What are the identifiers of the last events performed, in each case, in order of performance time?","List the last events performed, considering each case, listing the identifiers following the order in which the events were performed.",0.45
185,185_0,185_4,"What are the identifiers of the last events performed, in each case, in order of performance time?","What are the identifiers of the last events performed, in each process instance, in order of performance time?",0.8125
185,185_0,185_5,"What are the identifiers of the last events performed, in each case, in order of performance time?","For each process instance, retrieve the identifier of the last event, ordering the list by the event performance time.",0.26087
185,185_0,185_6,"What are the identifiers of the last events performed, in each case, in order of performance time?",Identify the last event performed for each process instance and list the identifiers of these events in order of performance.,0.454545
185,185_0,185_7,"What are the identifiers of the last events performed, in each case, in order of performance time?","List the last events performed, considering each process instance, listing the identifiers following the order in which the events were performed.",0.363636
185,185_0,185_8,"What are the identifiers of the last events performed, in each case, in order of performance time?",What was the last intervention made in each of the travel declarations (list the identifier of the interventions considering the order of performance)?,0.347826
186,186_0,186_1,What activities have occurred at least a hundred times?,List the labels of activities that have occurred a hundred times or more.,0.375
186,186_0,186_2,What activities have occurred at least a hundred times?,What activities have occurred a hundred times or more?,0.636364
186,186_0,186_3,What activities have occurred at least a hundred times?,List the labels of activities that have occurred at least one hundred times.,0.466667
186,186_0,186_4,What activities have occurred at least a hundred times?,Report the activities for which there were one hundred or more occurrences recorded in the log.,0.090909
186,186_0,186_5,What activities have occurred at least a hundred times?,For which activities are one hundred or more occurrences recorded in the event log?,0.095238
186,186_0,186_6,What activities have occurred at least a hundred times?,What were the actions for which 100 or more occurrences were recorded?,0.052632
186,186_0,186_7,What activities have occurred at least a hundred times?,Which of the actions relating to processing declarations have already been carried out 100 or more times?,0.083333
187,187_0,187_1,"For each group of employees (employee, supervisor, administration, pre-approver, budget owner, supervisor, director), list the number of cases in which an activity for which the group is responsible was recorded.","For each group of employees (employee, supervisor, administration, pre-approver, budget owner, supervisor, director), indicate the number of cases in which someone in the group was actioned.",0.666667
187,187_0,187_2,"For each group of employees (employee, supervisor, administration, pre-approver, budget owner, supervisor, director), list the number of cases in which an activity for which the group is responsible was recorded.","For each group of employees (employee, supervisor, administration, pre-approver, budget owner, supervisor, director), what is the number of cases in which an activity associated with the group was performed?",0.75
187,187_0,187_3,"For each group of employees (employee, supervisor, administration, pre-approver, budget owner, supervisor, director), list the number of cases in which an activity for which the group is responsible was recorded.","For each group of employees (employee, supervisor, administration, pre-approver, budget owner, supervisor, director), list the number of cases in which at least one activity related to each group was performed.",0.666667
187,187_0,187_4,"For each group of employees (employee, supervisor, administration, pre-approver, budget owner, supervisor, director), list the number of cases in which an activity for which the group is responsible was recorded.","For each employee group (employee, supervisor, administration, pre-approver, budget owner, supervisor, director), list the number of declarations in which an activity for which the group is responsible was recorded.",0.88
188,188_0,188_1,"Order the activities previously associated with a resource group according to what is specified in its label (employee, supervisor, administration, pre-approver, budget owner, supervisor, director), considering the number of times they were performed.","Present a list of activities previously associated with a resource group as specified in its label (employee, supervisor, administration, pre-approver, budget owner, supervisor, director). The list must be ordered according to the number of times a group's activities were performed.",0.684211
188,188_0,188_2,"Order the activities previously associated with a resource group according to what is specified in its label (employee, supervisor, administration, pre-approver, budget owner, supervisor, director), considering the number of times they were performed.","Considering that there are actions whose name identifies the role of the employee responsible, present an ordered list with the number of times that actions from each group were carried out.",0.1875
189,189_0,189_1,What are the cases in which there are events recorded after the trip has ended?,Which cases had activities carried out after the event that records the end of the trip?,0.227273
189,189_0,189_2,What are the cases in which there are events recorded after the trip has ended?,In which cases are events included after the completion of the trip is recorded?,0.529412
189,189_0,189_3,What are the cases in which there are events recorded after the trip has ended?,List the cases in which events were recorded after the end of the trip.,0.470588
189,189_0,189_4,What are the cases in which there are events recorded after the trip has ended?,List the cases that had activities carried out after the end of the trip.,0.190476
189,189_0,189_5,What are the cases in which there are events recorded after the trip has ended?,Which declarations received the register of actions even after they registered end of the trip?,0.181818
190,190_0,190_1,"How many cases, to date, have the performance of the 'send reminder' activity as the last recorded event?",How many cases have the performance of the 'send reminder' activity as the last event recorded to date?,1.0
190,190_0,190_2,"How many cases, to date, have the performance of the 'send reminder' activity as the last recorded event?","Identify how many cases that, until now, have the performance of the 'send reminder' activity as the last recorded event",0.7
190,190_0,190_3,"How many cases, to date, have the performance of the 'send reminder' activity as the last recorded event?","To date, how many cases have the 'send reminder' activity recorded as the last occurrence?",0.764706
190,190_0,190_4,"How many cases, to date, have the performance of the 'send reminder' activity as the last recorded event?","To date, what is the number of cases in which the most recent event records the performance of 'send reminder'?",0.375
190,190_0,190_5,"How many cases, to date, have the performance of the 'send reminder' activity as the last recorded event?",Count how many declarations are stuck in a 'send reminder' activity.,0.227273
191,191_0,191_1,"What are the resources that were not working on March 31, 2018?","What resources were not allocated to any event on March 31, 2018?",0.5
191,191_0,191_2,"What are the resources that were not working on March 31, 2018?","List all resources that were not associated with events performed on March 31, 2018.",0.444444
191,191_0,191_3,"What are the resources that were not working on March 31, 2018?","Report idle resources on March 31, 2018.",0.357143
191,191_0,191_4,"What are the resources that were not working on March 31, 2018?","Who were idle employees in the travel declaration process on March 31, 2018?",0.315789
191,191_0,191_5,"What are the resources that were not working on March 31, 2018?","Which employees were not allocated to any declaration processing action on March 31, 2018?",0.3
192,192_0,192_1,Identify the number of events recording the performance of each activity for cases completed between '2018-12-01' and '2018-12-05'.,"Considering cases completed between ‘2018-12-01’ and ‘2018-12-05’, identify the performance frequency of each activity.",0.5
192,192_0,192_2,Identify the number of events recording the performance of each activity for cases completed between '2018-12-01' and '2018-12-05'.,"By filtering completed cases in the '2018-12-01' to '2018-12-05' period, determine the performance frequency of each activity.",0.391304
192,192_0,192_3,Identify the number of events recording the performance of each activity for cases completed between '2018-12-01' and '2018-12-05'.,Consider cases closed between '2018-12-01' and '2018-12-05'. What is the performance frequency for each recorded activity?,0.454545
192,192_0,192_4,Identify the number of events recording the performance of each activity for cases completed between '2018-12-01' and '2018-12-05'.,"For cases completed between '2018-12-01' and '2018-12-05', how many times was each activity performed?",0.428571
192,192_0,192_5,Identify the number of events recording the performance of each activity for cases completed between '2018-12-01' and '2018-12-05'.,What was the performance frequency of each action in processing declarations completed between ‘2018-12-01’ and ‘2018-12-05’?,0.28
193,193_0,193_1,Indicate how many cases do not have a record of the performance of the 'payment handled' activity to date.,"To date, in how many cases is there no record of the performance of the 'payment handled' activity?",0.571429
193,193_0,193_2,Indicate how many cases do not have a record of the performance of the 'payment handled' activity to date.,In how many cases has the performance of the 'payment handled' activity not been recorded to date?,0.571429
193,193_0,193_3,Indicate how many cases do not have a record of the performance of the 'payment handled' activity to date.,"So far, in how many cases has the 'payment handled' activity not been recorded?",0.347826
193,193_0,193_4,Indicate how many cases do not have a record of the performance of the 'payment handled' activity to date.,What is the number of cases in which the performance of the 'payment handled' activity has not been recorded so far?,0.296296
193,193_0,193_5,Indicate how many cases do not have a record of the performance of the 'payment handled' activity to date.,"To date, for how many declarations is there no record of payment being made?",0.291667
193,193_0,193_6,Indicate how many cases do not have a record of the performance of the 'payment handled' activity to date.,Indicate how many declarations do not have a record of payment made to date.,0.631579
193,193_0,193_7,Indicate how many cases do not have a record of the performance of the 'payment handled' activity to date.,"In general, a declaration is completed with the recording of a payment activity, as the last action performed. Considering this information, which declarations have not yet been finalized?",0.194444
194,194_0,194_1,How many different resources were associated with the performance of each activity?,"For each activity, how many distinct resources were associated with its performance?",0.6
194,194_0,194_2,How many different resources were associated with the performance of each activity?,Report the number of different resources associated with the performance of each activity.,0.642857
194,194_0,194_3,How many different resources were associated with the performance of each activity?,Identify how many unique resources were involved in performing each activity.,0.352941
194,194_0,194_4,How many different resources were associated with the performance of each activity?,How many distinct resources were associated with the performance of each activity?,0.846154
194,194_0,194_5,How many different resources were associated with the performance of each activity?,How many different employees have already been allocated to each of the declaration processing actions?,0.285714
195,195_0,195_1,What are the activities that preceded a 'send reminder' occurrence?,What has already been done before the 'send reminder'?,0.266667
195,195_0,195_2,What are the activities that preceded a 'send reminder' occurrence?,What actions have already preceded the sending of a reminder in travel declarations registered in the system?,0.25
196,196_0,196_1,What is the distribution of cases in relation to the number of events recorded per case?,Calculate the number of events per case and indicate how many cases are associated with each event count.,0.28
196,196_0,196_2,What is the distribution of cases in relation to the number of events recorded per case?,Calculate the number of events per case and report how many cases correspond to each number.,0.380952
196,196_0,196_3,What is the distribution of cases in relation to the number of events recorded per case?,"When calculating the number of events per case, how many cases relate to the different event counts found?",0.347826
196,196_0,196_4,What is the distribution of cases in relation to the number of events recorded per case?,Count how many actions were performed in each declaration and report how many declarations have the same number of events performed.,0.185185
197,197_0,197_1,"Considering the total cost of a case as the sum of the cost of all its events, what is the average total cost of the cases in this log?","Considering that the total cost of a case is the result of the sum of the costs of all events associated with the case, what would be the mean total costs for the cases in this log?",0.571429
197,197_0,197_2,"Considering the total cost of a case as the sum of the cost of all its events, what is the average total cost of the cases in this log?","Taking into account that the total cost of a case is the sum of the costs of all its events, what is the mean of the total costs of the cases in this log?",0.64
197,197_0,197_3,"Considering the total cost of a case as the sum of the cost of all its events, what is the average total cost of the cases in this log?",Assume the total cost of a case as the sum of the costs of all its events. What is the mean total costs for the cases in this log?,0.73913
197,197_0,197_4,"Considering the total cost of a case as the sum of the cost of all its events, what is the average total cost of the cases in this log?",Consider the total cost of a case as the sum of the costs of all its events. What is the mean of the total costs?,0.590909
197,197_0,197_5,"Considering the total cost of a case as the sum of the cost of all its events, what is the average total cost of the cases in this log?",How much was spent on average processing the declarations?,0.076923
198,198_0,198_1,What is the mean cost of events when grouped by resource?,"When grouping by resource, what is the mean cost of events?",0.833333
198,198_0,198_2,What is the mean cost of events when grouped by resource?,"When grouping events according to the resources used in them, indicate the mean cost of the set of events associated with each resource.",0.304348
198,198_0,198_3,What is the mean cost of events when grouped by resource?,"Considering a grouping of events by resource, what is the mean cost of the events associated with each resource?",0.529412
198,198_0,198_4,What is the mean cost of events when grouped by resource?,Group events by resource and identify the mean cost of events in each group.,0.4375
198,198_0,198_5,What is the mean cost of events when grouped by resource?,What is the mean cost associated with events for which each employee is responsible?,0.333333
199,199_0,199_1,What are the 10 resources most frequently associated with the performance of activities recorded in the events?,Identify the 10 resources most frequently linked to the performance of activities recorded in the events.,0.611111
199,199_0,199_2,What are the 10 resources most frequently associated with the performance of activities recorded in the events?,Identify the 10 resources most frequently related to the performance of activities recorded in the events.,0.611111
199,199_0,199_3,What are the 10 resources most frequently associated with the performance of activities recorded in the events?,List the 10 resources that appear most frequently in the performance of activities recorded in the events.,0.611111
199,199_0,199_4,What are the 10 resources most frequently associated with the performance of activities recorded in the events?,List the top 10 resources in terms of number of events that use them during the performance of the registered activity.,0.28
199,199_0,199_5,What are the 10 resources most frequently associated with the performance of activities recorded in the events?,Who are the 10 employees most requested for processing travel declarations?,0.181818
200,200_0,200_1,How many events were run per day?,How many occurrences of activity were there each day?,0.333333
200,200_0,200_2,How many events were run per day?,How many actions were performed each day in processing the declarations?,0.285714
201,201_0,201_1,List all cases in which two different resources subsequently performed the same activity.,Indicate cases in which the same activity was performed twice in a row by two different resources.,0.526316
201,201_0,201_2,List all cases in which two different resources subsequently performed the same activity.,"For the same declaration, was the same action recorded consecutively, but carried out by different employees? List for which declarations this occurred.",0.185185
202,202_0,202_1,"How many events occurred in each case before the 'declaration final approved by director' activity was recorded, for those cases where it was recorded?","For cases in which there was the 'declaration final approved by director' activity, report how many events preceded the occurrence of this activity.",0.482759
202,202_0,202_2,"How many events occurred in each case before the 'declaration final approved by director' activity was recorded, for those cases where it was recorded?","How many interventions were necessary before the declaration received final approval from the director, in each of the declarations in which this approval was recorded?",0.34375
203,203_0,203_1,"How much time passed between the occurrence of the 'permit submitted by employee' activity and the 'permit approved by administration' activity, in each case in which such activities occurred?","What was the time interval between the occurrence of the 'permit submitted by employee' activity and the 'permit approved by administration' activity, in each case in which such activities occurred?",0.769231
203,203_0,203_2,"How much time passed between the occurrence of the 'permit submitted by employee' activity and the 'permit approved by administration' activity, in each case in which such activities occurred?","How much time passed between the employee requesting a permit and the permit being approved by administration, in the declarations in which these actions occurred?",0.517241
204,204_0,204_1,In which cases was there rework?,Retrieve cases where rework situations occurred.,0.2
204,204_0,204_2,In which cases was there rework?,Report which cases went through rework situations.,0.3
204,204_0,204_3,In which cases was there rework?,In which declarations was there rework?,0.714286
204,204_0,204_4,In which cases was there rework?,In which declarations did we have problems with rework?,0.25
204,204_0,204_5,In which cases was there rework?,In which declarations was the same intervention performed more than once?,0.214286
205,205_0,205_1,In which cases were activities of the same type performed consecutively?,Recover cases in which activities of the same type occurred consecutively.,0.692308
205,205_0,205_2,In which cases were activities of the same type performed consecutively?,"Report which cases have undergone rework situations, with sequences of performance of the same activity.",0.25
205,205_0,205_3,In which cases were activities of the same type performed consecutively?,In which declarations were activities of the same type carried out consecutively?,0.642857
205,205_0,205_4,In which cases were activities of the same type performed consecutively?,In which declarations did we have problems with equal and consecutive interventions?,0.095238
205,205_0,205_5,In which cases were activities of the same type performed consecutively?,In which declarations was an intervention performed at least twice consecutively?,0.222222
206,206_0,206_1,Which employees are supervisors?,Which employees took on the role of supervisors during the processing of declarations?,0.25
207,207_0,207_1,Which employees are responsible for the budget?,Which employees took on the role of budget owners during the processing of declarations?,0.266667
