utterance_id,group_id,sql_operation,operation_present_in_sql,has_nl_cue,status
1_0,1,COUNT,True,True,explicit_cue
1_0,1,DISTINCT,False,,NA
1_0,1,SUM,False,,NA
1_0,1,MIN,False,,NA
1_0,1,MAX,False,,NA
1_0,1,GROUP BY,False,,NA
1_0,1,Temporal,False,,NA
1_0,1,Negation,False,,NA
1_0,1,Set operation,False,,NA
1_1,1,COUNT,True,True,explicit_cue
1_1,1,DISTINCT,False,,NA
1_1,1,SUM,False,,NA
1_1,1,MIN,False,,NA
1_1,1,MAX,False,,NA
1_1,1,GROUP BY,False,,NA
1_1,1,Temporal,False,,NA
1_1,1,Negation,False,,NA
1_1,1,Set operation,False,,NA
1_2,1,COUNT,True,True,explicit_cue
1_2,1,DISTINCT,False,,NA
1_2,1,SUM,False,,NA
1_2,1,MIN,False,,NA
1_2,1,MAX,False,,NA
1_2,1,GROUP BY,False,,NA
1_2,1,Temporal,False,,NA
1_2,1,Negation,False,,NA
1_2,1,Set operation,False,,NA
1_3,1,COUNT,True,True,explicit_cue
1_3,1,DISTINCT,False,,NA
1_3,1,SUM,False,,NA
1_3,1,MIN,False,,NA
1_3,1,MAX,False,,NA
1_3,1,GROUP BY,False,,NA
1_3,1,Temporal,False,,NA
1_3,1,Negation,False,,NA
1_3,1,Set operation,False,,NA
1_4,1,COUNT,True,True,explicit_cue
1_4,1,DISTINCT,False,,NA
1_4,1,SUM,False,,NA
1_4,1,MIN,False,,NA
1_4,1,MAX,False,,NA
1_4,1,GROUP BY,False,,NA
1_4,1,Temporal,False,,NA
1_4,1,Negation,False,,NA
1_4,1,Set operation,False,,NA
1_5,1,COUNT,True,True,explicit_cue
1_5,1,DISTINCT,False,,NA
1_5,1,SUM,False,,NA
1_5,1,MIN,False,,NA
1_5,1,MAX,False,,NA
1_5,1,GROUP BY,False,,NA
1_5,1,Temporal,False,,NA
1_5,1,Negation,False,,NA
1_5,1,Set operation,False,,NA
1_6,1,COUNT,True,True,explicit_cue
1_6,1,DISTINCT,False,,NA
1_6,1,SUM,False,,NA
1_6,1,MIN,False,,NA
1_6,1,MAX,False,,NA
1_6,1,GROUP BY,False,,NA
1_6,1,Temporal,False,,NA
1_6,1,Negation,False,,NA
1_6,1,Set operation,False,,NA
1_7,1,COUNT,True,True,explicit_cue
1_7,1,DISTINCT,False,,NA
1_7,1,SUM,False,,NA
1_7,1,MIN,False,,NA
1_7,1,MAX,False,,NA
1_7,1,GROUP BY,False,,NA
1_7,1,Temporal,False,,NA
1_7,1,Negation,False,,NA
1_7,1,Set operation,False,,NA
1_8,1,COUNT,True,True,explicit_cue
1_8,1,DISTINCT,False,,NA
1_8,1,SUM,False,,NA
1_8,1,MIN,False,,NA
1_8,1,MAX,False,,NA
1_8,1,GROUP BY,False,,NA
1_8,1,Temporal,False,,NA
1_8,1,Negation,False,,NA
1_8,1,Set operation,False,,NA
1_9,1,COUNT,True,True,explicit_cue
1_9,1,DISTINCT,False,,NA
1_9,1,SUM,False,,NA
1_9,1,MIN,False,,NA
1_9,1,MAX,False,,NA
1_9,1,GROUP BY,False,,NA
1_9,1,Temporal,False,,NA
1_9,1,Negation,False,,NA
1_9,1,Set operation,False,,NA
1_10,1,COUNT,True,True,explicit_cue
1_10,1,DISTINCT,False,,NA
1_10,1,SUM,False,,NA
1_10,1,MIN,False,,NA
1_10,1,MAX,False,,NA
1_10,1,GROUP BY,False,,NA
1_10,1,Temporal,False,,NA
1_10,1,Negation,False,,NA
1_10,1,Set operation,False,,NA
2_0,2,COUNT,True,True,explicit_cue
2_0,2,DISTINCT,False,,NA
2_0,2,SUM,False,,NA
2_0,2,MIN,False,,NA
2_0,2,MAX,False,,NA
2_0,2,GROUP BY,False,,NA
2_0,2,Temporal,False,,NA
2_0,2,Negation,False,,NA
2_0,2,Set operation,False,,NA
2_1,2,COUNT,True,True,explicit_cue
2_1,2,DISTINCT,False,,NA
2_1,2,SUM,False,,NA
2_1,2,MIN,False,,NA
2_1,2,MAX,False,,NA
2_1,2,GROUP BY,False,,NA
2_1,2,Temporal,False,,NA
2_1,2,Negation,False,,NA
2_1,2,Set operation,False,,NA
2_2,2,COUNT,True,True,explicit_cue
2_2,2,DISTINCT,False,,NA
2_2,2,SUM,False,,NA
2_2,2,MIN,False,,NA
2_2,2,MAX,False,,NA
2_2,2,GROUP BY,False,,NA
2_2,2,Temporal,False,,NA
2_2,2,Negation,False,,NA
2_2,2,Set operation,False,,NA
2_3,2,COUNT,True,True,explicit_cue
2_3,2,DISTINCT,False,,NA
2_3,2,SUM,False,,NA
2_3,2,MIN,False,,NA
2_3,2,MAX,False,,NA
2_3,2,GROUP BY,False,,NA
2_3,2,Temporal,False,,NA
2_3,2,Negation,False,,NA
2_3,2,Set operation,False,,NA
2_4,2,COUNT,True,True,explicit_cue
2_4,2,DISTINCT,False,,NA
2_4,2,SUM,False,,NA
2_4,2,MIN,False,,NA
2_4,2,MAX,False,,NA
2_4,2,GROUP BY,False,,NA
2_4,2,Temporal,False,,NA
2_4,2,Negation,False,,NA
2_4,2,Set operation,False,,NA
2_5,2,COUNT,True,True,explicit_cue
2_5,2,DISTINCT,False,,NA
2_5,2,SUM,False,,NA
2_5,2,MIN,False,,NA
2_5,2,MAX,False,,NA
2_5,2,GROUP BY,False,,NA
2_5,2,Temporal,False,,NA
2_5,2,Negation,False,,NA
2_5,2,Set operation,False,,NA
2_6,2,COUNT,True,True,explicit_cue
2_6,2,DISTINCT,False,,NA
2_6,2,SUM,False,,NA
2_6,2,MIN,False,,NA
2_6,2,MAX,False,,NA
2_6,2,GROUP BY,False,,NA
2_6,2,Temporal,False,,NA
2_6,2,Negation,False,,NA
2_6,2,Set operation,False,,NA
2_7,2,COUNT,True,True,explicit_cue
2_7,2,DISTINCT,False,,NA
2_7,2,SUM,False,,NA
2_7,2,MIN,False,,NA
2_7,2,MAX,False,,NA
2_7,2,GROUP BY,False,,NA
2_7,2,Temporal,False,,NA
2_7,2,Negation,False,,NA
2_7,2,Set operation,False,,NA
2_8,2,COUNT,True,True,explicit_cue
2_8,2,DISTINCT,False,,NA
2_8,2,SUM,False,,NA
2_8,2,MIN,False,,NA
2_8,2,MAX,False,,NA
2_8,2,GROUP BY,False,,NA
2_8,2,Temporal,False,,NA
2_8,2,Negation,False,,NA
2_8,2,Set operation,False,,NA
2_9,2,COUNT,True,True,explicit_cue
2_9,2,DISTINCT,False,,NA
2_9,2,SUM,False,,NA
2_9,2,MIN,False,,NA
2_9,2,MAX,False,,NA
2_9,2,GROUP BY,False,,NA
2_9,2,Temporal,False,,NA
2_9,2,Negation,False,,NA
2_9,2,Set operation,False,,NA
2_10,2,COUNT,True,True,explicit_cue
2_10,2,DISTINCT,False,,NA
2_10,2,SUM,False,,NA
2_10,2,MIN,False,,NA
2_10,2,MAX,False,,NA
2_10,2,GROUP BY,False,,NA
2_10,2,Temporal,False,,NA
2_10,2,Negation,False,,NA
2_10,2,Set operation,False,,NA
3_0,3,COUNT,True,True,explicit_cue
3_0,3,DISTINCT,False,,NA
3_0,3,SUM,False,,NA
3_0,3,MIN,False,,NA
3_0,3,MAX,False,,NA
3_0,3,GROUP BY,True,True,explicit_cue
3_0,3,Temporal,False,,NA
3_0,3,Negation,False,,NA
3_0,3,Set operation,False,,NA
3_1,3,COUNT,True,True,explicit_cue
3_1,3,DISTINCT,False,,NA
3_1,3,SUM,False,,NA
3_1,3,MIN,False,,NA
3_1,3,MAX,False,,NA
3_1,3,GROUP BY,True,True,explicit_cue
3_1,3,Temporal,False,,NA
3_1,3,Negation,False,,NA
3_1,3,Set operation,False,,NA
3_2,3,COUNT,True,True,explicit_cue
3_2,3,DISTINCT,False,,NA
3_2,3,SUM,False,,NA
3_2,3,MIN,False,,NA
3_2,3,MAX,False,,NA
3_2,3,GROUP BY,True,True,explicit_cue
3_2,3,Temporal,False,,NA
3_2,3,Negation,False,,NA
3_2,3,Set operation,False,,NA
3_3,3,COUNT,True,True,explicit_cue
3_3,3,DISTINCT,False,,NA
3_3,3,SUM,False,,NA
3_3,3,MIN,False,,NA
3_3,3,MAX,False,,NA
3_3,3,GROUP BY,True,True,explicit_cue
3_3,3,Temporal,False,,NA
3_3,3,Negation,False,,NA
3_3,3,Set operation,False,,NA
3_4,3,COUNT,True,True,explicit_cue
3_4,3,DISTINCT,False,,NA
3_4,3,SUM,False,,NA
3_4,3,MIN,False,,NA
3_4,3,MAX,False,,NA
3_4,3,GROUP BY,True,True,explicit_cue
3_4,3,Temporal,False,,NA
3_4,3,Negation,False,,NA
3_4,3,Set operation,False,,NA
3_5,3,COUNT,True,True,explicit_cue
3_5,3,DISTINCT,False,,NA
3_5,3,SUM,False,,NA
3_5,3,MIN,False,,NA
3_5,3,MAX,False,,NA
3_5,3,GROUP BY,True,True,explicit_cue
3_5,3,Temporal,False,,NA
3_5,3,Negation,False,,NA
3_5,3,Set operation,False,,NA
3_6,3,COUNT,True,True,explicit_cue
3_6,3,DISTINCT,False,,NA
3_6,3,SUM,False,,NA
3_6,3,MIN,False,,NA
3_6,3,MAX,False,,NA
3_6,3,GROUP BY,True,True,explicit_cue
3_6,3,Temporal,False,,NA
3_6,3,Negation,False,,NA
3_6,3,Set operation,False,,NA
3_7,3,COUNT,True,True,explicit_cue
3_7,3,DISTINCT,False,,NA
3_7,3,SUM,False,,NA
3_7,3,MIN,False,,NA
3_7,3,MAX,False,,NA
3_7,3,GROUP BY,True,True,explicit_cue
3_7,3,Temporal,False,,NA
3_7,3,Negation,False,,NA
3_7,3,Set operation,False,,NA
3_8,3,COUNT,True,True,explicit_cue
3_8,3,DISTINCT,False,,NA
3_8,3,SUM,False,,NA
3_8,3,MIN,False,,NA
3_8,3,MAX,False,,NA
3_8,3,GROUP BY,True,True,explicit_cue
3_8,3,Temporal,False,,NA
3_8,3,Negation,False,,NA
3_8,3,Set operation,False,,NA
3_9,3,COUNT,True,True,explicit_cue
3_9,3,DISTINCT,False,,NA
3_9,3,SUM,False,,NA
3_9,3,MIN,False,,NA
3_9,3,MAX,False,,NA
3_9,3,GROUP BY,True,True,explicit_cue
3_9,3,Temporal,False,,NA
3_9,3,Negation,False,,NA
3_9,3,Set operation,False,,NA
3_10,3,COUNT,True,True,explicit_cue
3_10,3,DISTINCT,False,,NA
3_10,3,SUM,False,,NA
3_10,3,MIN,False,,NA
3_10,3,MAX,False,,NA
3_10,3,GROUP BY,True,True,explicit_cue
3_10,3,Temporal,False,,NA
3_10,3,Negation,False,,NA
3_10,3,Set operation,False,,NA
4_0,4,COUNT,True,True,explicit_cue
4_0,4,DISTINCT,False,,NA
4_0,4,SUM,False,,NA
4_0,4,MIN,False,,NA
4_0,4,MAX,False,,NA
4_0,4,GROUP BY,False,,NA
4_0,4,Temporal,False,,NA
4_0,4,Negation,False,,NA
4_0,4,Set operation,False,,NA
4_1,4,COUNT,True,True,explicit_cue
4_1,4,DISTINCT,False,,NA
4_1,4,SUM,False,,NA
4_1,4,MIN,False,,NA
4_1,4,MAX,False,,NA
4_1,4,GROUP BY,False,,NA
4_1,4,Temporal,False,,NA
4_1,4,Negation,False,,NA
4_1,4,Set operation,False,,NA
4_2,4,COUNT,True,True,explicit_cue
4_2,4,DISTINCT,False,,NA
4_2,4,SUM,False,,NA
4_2,4,MIN,False,,NA
4_2,4,MAX,False,,NA
4_2,4,GROUP BY,False,,NA
4_2,4,Temporal,False,,NA
4_2,4,Negation,False,,NA
4_2,4,Set operation,False,,NA
4_3,4,COUNT,True,True,explicit_cue
4_3,4,DISTINCT,False,,NA
4_3,4,SUM,False,,NA
4_3,4,MIN,False,,NA
4_3,4,MAX,False,,NA
4_3,4,GROUP BY,False,,NA
4_3,4,Temporal,False,,NA
4_3,4,Negation,False,,NA
4_3,4,Set operation,False,,NA
4_4,4,COUNT,True,True,explicit_cue
4_4,4,DISTINCT,False,,NA
4_4,4,SUM,False,,NA
4_4,4,MIN,False,,NA
4_4,4,MAX,False,,NA
4_4,4,GROUP BY,False,,NA
4_4,4,Temporal,False,,NA
4_4,4,Negation,False,,NA
4_4,4,Set operation,False,,NA
4_5,4,COUNT,True,True,explicit_cue
4_5,4,DISTINCT,False,,NA
4_5,4,SUM,False,,NA
4_5,4,MIN,False,,NA
4_5,4,MAX,False,,NA
4_5,4,GROUP BY,False,,NA
4_5,4,Temporal,False,,NA
4_5,4,Negation,False,,NA
4_5,4,Set operation,False,,NA
4_6,4,COUNT,True,True,explicit_cue
4_6,4,DISTINCT,False,,NA
4_6,4,SUM,False,,NA
4_6,4,MIN,False,,NA
4_6,4,MAX,False,,NA
4_6,4,GROUP BY,False,,NA
4_6,4,Temporal,False,,NA
4_6,4,Negation,False,,NA
4_6,4,Set operation,False,,NA
5_0,5,COUNT,False,,NA
5_0,5,DISTINCT,False,,NA
5_0,5,SUM,False,,NA
5_0,5,MIN,False,,NA
5_0,5,MAX,True,False,no_cue
5_0,5,GROUP BY,True,False,no_cue
5_0,5,Temporal,False,,NA
5_0,5,Negation,False,,NA
5_0,5,Set operation,False,,NA
5_1,5,COUNT,False,,NA
5_1,5,DISTINCT,False,,NA
5_1,5,SUM,False,,NA
5_1,5,MIN,False,,NA
5_1,5,MAX,True,False,no_cue
5_1,5,GROUP BY,True,False,no_cue
5_1,5,Temporal,False,,NA
5_1,5,Negation,False,,NA
5_1,5,Set operation,False,,NA
5_2,5,COUNT,False,,NA
5_2,5,DISTINCT,False,,NA
5_2,5,SUM,False,,NA
5_2,5,MIN,False,,NA
5_2,5,MAX,True,False,no_cue
5_2,5,GROUP BY,True,False,no_cue
5_2,5,Temporal,False,,NA
5_2,5,Negation,False,,NA
5_2,5,Set operation,False,,NA
5_3,5,COUNT,False,,NA
5_3,5,DISTINCT,False,,NA
5_3,5,SUM,False,,NA
5_3,5,MIN,False,,NA
5_3,5,MAX,True,False,no_cue
5_3,5,GROUP BY,True,False,no_cue
5_3,5,Temporal,False,,NA
5_3,5,Negation,False,,NA
5_3,5,Set operation,False,,NA
5_4,5,COUNT,False,,NA
5_4,5,DISTINCT,False,,NA
5_4,5,SUM,False,,NA
5_4,5,MIN,False,,NA
5_4,5,MAX,True,False,no_cue
5_4,5,GROUP BY,True,False,no_cue
5_4,5,Temporal,False,,NA
5_4,5,Negation,False,,NA
5_4,5,Set operation,False,,NA
5_5,5,COUNT,False,,NA
5_5,5,DISTINCT,False,,NA
5_5,5,SUM,False,,NA
5_5,5,MIN,False,,NA
5_5,5,MAX,True,False,no_cue
5_5,5,GROUP BY,True,False,no_cue
5_5,5,Temporal,False,,NA
5_5,5,Negation,False,,NA
5_5,5,Set operation,False,,NA
5_6,5,COUNT,False,,NA
5_6,5,DISTINCT,False,,NA
5_6,5,SUM,False,,NA
5_6,5,MIN,False,,NA
5_6,5,MAX,True,False,no_cue
5_6,5,GROUP BY,True,False,no_cue
5_6,5,Temporal,False,,NA
5_6,5,Negation,False,,NA
5_6,5,Set operation,False,,NA
5_7,5,COUNT,False,,NA
5_7,5,DISTINCT,False,,NA
5_7,5,SUM,False,,NA
5_7,5,MIN,False,,NA
5_7,5,MAX,True,False,no_cue
5_7,5,GROUP BY,True,False,no_cue
5_7,5,Temporal,False,,NA
5_7,5,Negation,False,,NA
5_7,5,Set operation,False,,NA
6_0,6,COUNT,False,,NA
6_0,6,DISTINCT,True,False,no_cue
6_0,6,SUM,False,,NA
6_0,6,MIN,False,,NA
6_0,6,MAX,False,,NA
6_0,6,GROUP BY,False,,NA
6_0,6,Temporal,False,,NA
6_0,6,Negation,True,True,explicit_cue
6_0,6,Set operation,False,,NA
6_1,6,COUNT,False,,NA
6_1,6,DISTINCT,True,False,no_cue
6_1,6,SUM,False,,NA
6_1,6,MIN,False,,NA
6_1,6,MAX,False,,NA
6_1,6,GROUP BY,False,,NA
6_1,6,Temporal,False,,NA
6_1,6,Negation,True,True,explicit_cue
6_1,6,Set operation,False,,NA
6_2,6,COUNT,False,,NA
6_2,6,DISTINCT,True,False,no_cue
6_2,6,SUM,False,,NA
6_2,6,MIN,False,,NA
6_2,6,MAX,False,,NA
6_2,6,GROUP BY,False,,NA
6_2,6,Temporal,False,,NA
6_2,6,Negation,True,True,explicit_cue
6_2,6,Set operation,False,,NA
6_3,6,COUNT,False,,NA
6_3,6,DISTINCT,True,False,no_cue
6_3,6,SUM,False,,NA
6_3,6,MIN,False,,NA
6_3,6,MAX,False,,NA
6_3,6,GROUP BY,False,,NA
6_3,6,Temporal,False,,NA
6_3,6,Negation,True,True,explicit_cue
6_3,6,Set operation,False,,NA
6_4,6,COUNT,False,,NA
6_4,6,DISTINCT,True,False,no_cue
6_4,6,SUM,False,,NA
6_4,6,MIN,False,,NA
6_4,6,MAX,False,,NA
6_4,6,GROUP BY,False,,NA
6_4,6,Temporal,False,,NA
6_4,6,Negation,True,True,explicit_cue
6_4,6,Set operation,False,,NA
6_5,6,COUNT,False,,NA
6_5,6,DISTINCT,True,False,no_cue
6_5,6,SUM,False,,NA
6_5,6,MIN,False,,NA
6_5,6,MAX,False,,NA
6_5,6,GROUP BY,False,,NA
6_5,6,Temporal,False,,NA
6_5,6,Negation,True,True,explicit_cue
6_5,6,Set operation,False,,NA
6_6,6,COUNT,False,,NA
6_6,6,DISTINCT,True,False,no_cue
6_6,6,SUM,False,,NA
6_6,6,MIN,False,,NA
6_6,6,MAX,False,,NA
6_6,6,GROUP BY,False,,NA
6_6,6,Temporal,False,,NA
6_6,6,Negation,True,True,explicit_cue
6_6,6,Set operation,False,,NA
6_7,6,COUNT,False,,NA
6_7,6,DISTINCT,True,False,no_cue
6_7,6,SUM,False,,NA
6_7,6,MIN,False,,NA
6_7,6,MAX,False,,NA
6_7,6,GROUP BY,False,,NA
6_7,6,Temporal,False,,NA
6_7,6,Negation,True,True,explicit_cue
6_7,6,Set operation,False,,NA
6_8,6,COUNT,False,,NA
6_8,6,DISTINCT,True,False,no_cue
6_8,6,SUM,False,,NA
6_8,6,MIN,False,,NA
6_8,6,MAX,False,,NA
6_8,6,GROUP BY,False,,NA
6_8,6,Temporal,False,,NA
6_8,6,Negation,True,True,explicit_cue
6_8,6,Set operation,False,,NA
6_9,6,COUNT,False,,NA
6_9,6,DISTINCT,True,False,no_cue
6_9,6,SUM,False,,NA
6_9,6,MIN,False,,NA
6_9,6,MAX,False,,NA
6_9,6,GROUP BY,False,,NA
6_9,6,Temporal,False,,NA
6_9,6,Negation,True,True,explicit_cue
6_9,6,Set operation,False,,NA
6_10,6,COUNT,False,,NA
6_10,6,DISTINCT,True,False,no_cue
6_10,6,SUM,False,,NA
6_10,6,MIN,False,,NA
6_10,6,MAX,False,,NA
6_10,6,GROUP BY,False,,NA
6_10,6,Temporal,False,,NA
6_10,6,Negation,True,True,explicit_cue
6_10,6,Set operation,False,,NA
6_11,6,COUNT,False,,NA
6_11,6,DISTINCT,True,False,no_cue
6_11,6,SUM,False,,NA
6_11,6,MIN,False,,NA
6_11,6,MAX,False,,NA
6_11,6,GROUP BY,False,,NA
6_11,6,Temporal,False,,NA
6_11,6,Negation,True,True,explicit_cue
6_11,6,Set operation,False,,NA
6_12,6,COUNT,False,,NA
6_12,6,DISTINCT,True,False,no_cue
6_12,6,SUM,False,,NA
6_12,6,MIN,False,,NA
6_12,6,MAX,False,,NA
6_12,6,GROUP BY,False,,NA
6_12,6,Temporal,False,,NA
6_12,6,Negation,True,True,explicit_cue
6_12,6,Set operation,False,,NA
7_0,7,COUNT,True,True,explicit_cue
7_0,7,DISTINCT,True,True,explicit_cue
7_0,7,SUM,False,,NA
7_0,7,MIN,False,,NA
7_0,7,MAX,False,,NA
7_0,7,GROUP BY,False,,NA
7_0,7,Temporal,False,,NA
7_0,7,Negation,False,,NA
7_0,7,Set operation,False,,NA
7_1,7,COUNT,True,True,explicit_cue
7_1,7,DISTINCT,True,True,explicit_cue
7_1,7,SUM,False,,NA
7_1,7,MIN,False,,NA
7_1,7,MAX,False,,NA
7_1,7,GROUP BY,False,,NA
7_1,7,Temporal,False,,NA
7_1,7,Negation,False,,NA
7_1,7,Set operation,False,,NA
7_2,7,COUNT,True,True,explicit_cue
7_2,7,DISTINCT,True,False,no_cue
7_2,7,SUM,False,,NA
7_2,7,MIN,False,,NA
7_2,7,MAX,False,,NA
7_2,7,GROUP BY,False,,NA
7_2,7,Temporal,False,,NA
7_2,7,Negation,False,,NA
7_2,7,Set operation,False,,NA
7_3,7,COUNT,True,True,explicit_cue
7_3,7,DISTINCT,True,True,explicit_cue
7_3,7,SUM,False,,NA
7_3,7,MIN,False,,NA
7_3,7,MAX,False,,NA
7_3,7,GROUP BY,False,,NA
7_3,7,Temporal,False,,NA
7_3,7,Negation,False,,NA
7_3,7,Set operation,False,,NA
7_4,7,COUNT,True,True,explicit_cue
7_4,7,DISTINCT,True,True,explicit_cue
7_4,7,SUM,False,,NA
7_4,7,MIN,False,,NA
7_4,7,MAX,False,,NA
7_4,7,GROUP BY,False,,NA
7_4,7,Temporal,False,,NA
7_4,7,Negation,False,,NA
7_4,7,Set operation,False,,NA
7_5,7,COUNT,True,True,explicit_cue
7_5,7,DISTINCT,True,True,explicit_cue
7_5,7,SUM,False,,NA
7_5,7,MIN,False,,NA
7_5,7,MAX,False,,NA
7_5,7,GROUP BY,False,,NA
7_5,7,Temporal,False,,NA
7_5,7,Negation,False,,NA
7_5,7,Set operation,False,,NA
7_6,7,COUNT,True,True,explicit_cue
7_6,7,DISTINCT,True,True,explicit_cue
7_6,7,SUM,False,,NA
7_6,7,MIN,False,,NA
7_6,7,MAX,False,,NA
7_6,7,GROUP BY,False,,NA
7_6,7,Temporal,False,,NA
7_6,7,Negation,False,,NA
7_6,7,Set operation,False,,NA
7_7,7,COUNT,True,True,explicit_cue
7_7,7,DISTINCT,True,True,explicit_cue
7_7,7,SUM,False,,NA
7_7,7,MIN,False,,NA
7_7,7,MAX,False,,NA
7_7,7,GROUP BY,False,,NA
7_7,7,Temporal,False,,NA
7_7,7,Negation,False,,NA
7_7,7,Set operation,False,,NA
7_8,7,COUNT,True,True,explicit_cue
7_8,7,DISTINCT,True,True,explicit_cue
7_8,7,SUM,False,,NA
7_8,7,MIN,False,,NA
7_8,7,MAX,False,,NA
7_8,7,GROUP BY,False,,NA
7_8,7,Temporal,False,,NA
7_8,7,Negation,False,,NA
7_8,7,Set operation,False,,NA
7_9,7,COUNT,True,True,explicit_cue
7_9,7,DISTINCT,True,True,explicit_cue
7_9,7,SUM,False,,NA
7_9,7,MIN,False,,NA
7_9,7,MAX,False,,NA
7_9,7,GROUP BY,False,,NA
7_9,7,Temporal,False,,NA
7_9,7,Negation,False,,NA
7_9,7,Set operation,False,,NA
7_10,7,COUNT,True,True,explicit_cue
7_10,7,DISTINCT,True,True,explicit_cue
7_10,7,SUM,False,,NA
7_10,7,MIN,False,,NA
7_10,7,MAX,False,,NA
7_10,7,GROUP BY,False,,NA
7_10,7,Temporal,False,,NA
7_10,7,Negation,False,,NA
7_10,7,Set operation,False,,NA
7_11,7,COUNT,True,True,explicit_cue
7_11,7,DISTINCT,True,False,no_cue
7_11,7,SUM,False,,NA
7_11,7,MIN,False,,NA
7_11,7,MAX,False,,NA
7_11,7,GROUP BY,False,,NA
7_11,7,Temporal,False,,NA
7_11,7,Negation,False,,NA
7_11,7,Set operation,False,,NA
7_12,7,COUNT,True,True,explicit_cue
7_12,7,DISTINCT,True,False,no_cue
7_12,7,SUM,False,,NA
7_12,7,MIN,False,,NA
7_12,7,MAX,False,,NA
7_12,7,GROUP BY,False,,NA
7_12,7,Temporal,False,,NA
7_12,7,Negation,False,,NA
7_12,7,Set operation,False,,NA
8_0,8,COUNT,True,True,explicit_cue
8_0,8,DISTINCT,False,,NA
8_0,8,SUM,False,,NA
8_0,8,MIN,False,,NA
8_0,8,MAX,False,,NA
8_0,8,GROUP BY,True,True,explicit_cue
8_0,8,Temporal,False,,NA
8_0,8,Negation,False,,NA
8_0,8,Set operation,False,,NA
8_1,8,COUNT,True,True,explicit_cue
8_1,8,DISTINCT,False,,NA
8_1,8,SUM,False,,NA
8_1,8,MIN,False,,NA
8_1,8,MAX,False,,NA
8_1,8,GROUP BY,True,True,explicit_cue
8_1,8,Temporal,False,,NA
8_1,8,Negation,False,,NA
8_1,8,Set operation,False,,NA
8_2,8,COUNT,True,True,explicit_cue
8_2,8,DISTINCT,False,,NA
8_2,8,SUM,False,,NA
8_2,8,MIN,False,,NA
8_2,8,MAX,False,,NA
8_2,8,GROUP BY,True,True,explicit_cue
8_2,8,Temporal,False,,NA
8_2,8,Negation,False,,NA
8_2,8,Set operation,False,,NA
8_3,8,COUNT,True,True,explicit_cue
8_3,8,DISTINCT,False,,NA
8_3,8,SUM,False,,NA
8_3,8,MIN,False,,NA
8_3,8,MAX,False,,NA
8_3,8,GROUP BY,True,True,explicit_cue
8_3,8,Temporal,False,,NA
8_3,8,Negation,False,,NA
8_3,8,Set operation,False,,NA
9_0,9,COUNT,False,,NA
9_0,9,DISTINCT,True,False,no_cue
9_0,9,SUM,False,,NA
9_0,9,MIN,False,,NA
9_0,9,MAX,False,,NA
9_0,9,GROUP BY,False,,NA
9_0,9,Temporal,False,,NA
9_0,9,Negation,False,,NA
9_0,9,Set operation,False,,NA
9_1,9,COUNT,False,,NA
9_1,9,DISTINCT,True,False,no_cue
9_1,9,SUM,False,,NA
9_1,9,MIN,False,,NA
9_1,9,MAX,False,,NA
9_1,9,GROUP BY,False,,NA
9_1,9,Temporal,False,,NA
9_1,9,Negation,False,,NA
9_1,9,Set operation,False,,NA
9_2,9,COUNT,False,,NA
9_2,9,DISTINCT,True,False,no_cue
9_2,9,SUM,False,,NA
9_2,9,MIN,False,,NA
9_2,9,MAX,False,,NA
9_2,9,GROUP BY,False,,NA
9_2,9,Temporal,False,,NA
9_2,9,Negation,False,,NA
9_2,9,Set operation,False,,NA
9_3,9,COUNT,False,,NA
9_3,9,DISTINCT,True,False,no_cue
9_3,9,SUM,False,,NA
9_3,9,MIN,False,,NA
9_3,9,MAX,False,,NA
9_3,9,GROUP BY,False,,NA
9_3,9,Temporal,False,,NA
9_3,9,Negation,False,,NA
9_3,9,Set operation,False,,NA
9_4,9,COUNT,False,,NA
9_4,9,DISTINCT,True,False,no_cue
9_4,9,SUM,False,,NA
9_4,9,MIN,False,,NA
9_4,9,MAX,False,,NA
9_4,9,GROUP BY,False,,NA
9_4,9,Temporal,False,,NA
9_4,9,Negation,False,,NA
9_4,9,Set operation,False,,NA
10_0,10,COUNT,True,False,no_cue
10_0,10,DISTINCT,False,,NA
10_0,10,SUM,False,,NA
10_0,10,MIN,False,,NA
10_0,10,MAX,False,,NA
10_0,10,GROUP BY,True,False,no_cue
10_0,10,Temporal,False,,NA
10_0,10,Negation,False,,NA
10_0,10,Set operation,False,,NA
10_1,10,COUNT,True,False,no_cue
10_1,10,DISTINCT,False,,NA
10_1,10,SUM,False,,NA
10_1,10,MIN,False,,NA
10_1,10,MAX,False,,NA
10_1,10,GROUP BY,True,False,no_cue
10_1,10,Temporal,False,,NA
10_1,10,Negation,False,,NA
10_1,10,Set operation,False,,NA
10_2,10,COUNT,True,True,explicit_cue
10_2,10,DISTINCT,False,,NA
10_2,10,SUM,False,,NA
10_2,10,MIN,False,,NA
10_2,10,MAX,False,,NA
10_2,10,GROUP BY,True,False,no_cue
10_2,10,Temporal,False,,NA
10_2,10,Negation,False,,NA
10_2,10,Set operation,False,,NA
10_3,10,COUNT,True,True,explicit_cue
10_3,10,DISTINCT,False,,NA
10_3,10,SUM,False,,NA
10_3,10,MIN,False,,NA
10_3,10,MAX,False,,NA
10_3,10,GROUP BY,True,False,no_cue
10_3,10,Temporal,False,,NA
10_3,10,Negation,False,,NA
10_3,10,Set operation,False,,NA
10_4,10,COUNT,True,False,no_cue
10_4,10,DISTINCT,False,,NA
10_4,10,SUM,False,,NA
10_4,10,MIN,False,,NA
10_4,10,MAX,False,,NA
10_4,10,GROUP BY,True,False,no_cue
10_4,10,Temporal,False,,NA
10_4,10,Negation,False,,NA
10_4,10,Set operation,False,,NA
10_5,10,COUNT,True,True,explicit_cue
10_5,10,DISTINCT,False,,NA
10_5,10,SUM,False,,NA
10_5,10,MIN,False,,NA
10_5,10,MAX,False,,NA
10_5,10,GROUP BY,True,False,no_cue
10_5,10,Temporal,False,,NA
10_5,10,Negation,False,,NA
10_5,10,Set operation,False,,NA
10_6,10,COUNT,True,False,no_cue
10_6,10,DISTINCT,False,,NA
10_6,10,SUM,False,,NA
10_6,10,MIN,False,,NA
10_6,10,MAX,False,,NA
10_6,10,GROUP BY,True,False,no_cue
10_6,10,Temporal,False,,NA
10_6,10,Negation,False,,NA
10_6,10,Set operation,False,,NA
10_7,10,COUNT,True,True,explicit_cue
10_7,10,DISTINCT,False,,NA
10_7,10,SUM,False,,NA
10_7,10,MIN,False,,NA
10_7,10,MAX,False,,NA
10_7,10,GROUP BY,True,False,no_cue
10_7,10,Temporal,False,,NA
10_7,10,Negation,False,,NA
10_7,10,Set operation,False,,NA
10_8,10,COUNT,True,False,no_cue
10_8,10,DISTINCT,False,,NA
10_8,10,SUM,False,,NA
10_8,10,MIN,False,,NA
10_8,10,MAX,False,,NA
10_8,10,GROUP BY,True,False,no_cue
10_8,10,Temporal,False,,NA
10_8,10,Negation,False,,NA
10_8,10,Set operation,False,,NA
10_9,10,COUNT,True,True,explicit_cue
10_9,10,DISTINCT,False,,NA
10_9,10,SUM,False,,NA
10_9,10,MIN,False,,NA
10_9,10,MAX,False,,NA
10_9,10,GROUP BY,True,False,no_cue
10_9,10,Temporal,False,,NA
10_9,10,Negation,False,,NA
10_9,10,Set operation,False,,NA
10_10,10,COUNT,True,False,no_cue
10_10,10,DISTINCT,False,,NA
10_10,10,SUM,False,,NA
10_10,10,MIN,False,,NA
10_10,10,MAX,False,,NA
10_10,10,GROUP BY,True,False,no_cue
10_10,10,Temporal,False,,NA
10_10,10,Negation,False,,NA
10_10,10,Set operation,False,,NA
11_0,11,COUNT,True,True,explicit_cue
11_0,11,DISTINCT,False,,NA
11_0,11,SUM,False,,NA
11_0,11,MIN,False,,NA
11_0,11,MAX,False,,NA
11_0,11,GROUP BY,True,False,no_cue
11_0,11,Temporal,False,,NA
11_0,11,Negation,False,,NA
11_0,11,Set operation,False,,NA
11_1,11,COUNT,True,True,explicit_cue
11_1,11,DISTINCT,False,,NA
11_1,11,SUM,False,,NA
11_1,11,MIN,False,,NA
11_1,11,MAX,False,,NA
11_1,11,GROUP BY,True,False,no_cue
11_1,11,Temporal,False,,NA
11_1,11,Negation,False,,NA
11_1,11,Set operation,False,,NA
11_2,11,COUNT,True,True,explicit_cue
11_2,11,DISTINCT,False,,NA
11_2,11,SUM,False,,NA
11_2,11,MIN,False,,NA
11_2,11,MAX,False,,NA
11_2,11,GROUP BY,True,False,no_cue
11_2,11,Temporal,False,,NA
11_2,11,Negation,False,,NA
11_2,11,Set operation,False,,NA
11_3,11,COUNT,True,True,explicit_cue
11_3,11,DISTINCT,False,,NA
11_3,11,SUM,False,,NA
11_3,11,MIN,False,,NA
11_3,11,MAX,False,,NA
11_3,11,GROUP BY,True,False,no_cue
11_3,11,Temporal,False,,NA
11_3,11,Negation,False,,NA
11_3,11,Set operation,False,,NA
11_4,11,COUNT,True,True,explicit_cue
11_4,11,DISTINCT,False,,NA
11_4,11,SUM,False,,NA
11_4,11,MIN,False,,NA
11_4,11,MAX,False,,NA
11_4,11,GROUP BY,True,False,no_cue
11_4,11,Temporal,False,,NA
11_4,11,Negation,False,,NA
11_4,11,Set operation,False,,NA
11_5,11,COUNT,True,True,explicit_cue
11_5,11,DISTINCT,False,,NA
11_5,11,SUM,False,,NA
11_5,11,MIN,False,,NA
11_5,11,MAX,False,,NA
11_5,11,GROUP BY,True,False,no_cue
11_5,11,Temporal,False,,NA
11_5,11,Negation,False,,NA
11_5,11,Set operation,False,,NA
11_6,11,COUNT,True,True,explicit_cue
11_6,11,DISTINCT,False,,NA
11_6,11,SUM,False,,NA
11_6,11,MIN,False,,NA
11_6,11,MAX,False,,NA
11_6,11,GROUP BY,True,False,no_cue
11_6,11,Temporal,False,,NA
11_6,11,Negation,False,,NA
11_6,11,Set operation,False,,NA
11_7,11,COUNT,True,True,explicit_cue
11_7,11,DISTINCT,False,,NA
11_7,11,SUM,False,,NA
11_7,11,MIN,False,,NA
11_7,11,MAX,False,,NA
11_7,11,GROUP BY,True,False,no_cue
11_7,11,Temporal,False,,NA
11_7,11,Negation,False,,NA
11_7,11,Set operation,False,,NA
12_0,12,COUNT,True,True,explicit_cue
12_0,12,DISTINCT,False,,NA
12_0,12,SUM,False,,NA
12_0,12,MIN,False,,NA
12_0,12,MAX,False,,NA
12_0,12,GROUP BY,True,True,explicit_cue
12_0,12,Temporal,False,,NA
12_0,12,Negation,False,,NA
12_0,12,Set operation,False,,NA
12_1,12,COUNT,True,True,explicit_cue
12_1,12,DISTINCT,False,,NA
12_1,12,SUM,False,,NA
12_1,12,MIN,False,,NA
12_1,12,MAX,False,,NA
12_1,12,GROUP BY,True,True,explicit_cue
12_1,12,Temporal,False,,NA
12_1,12,Negation,False,,NA
12_1,12,Set operation,False,,NA
12_2,12,COUNT,True,True,explicit_cue
12_2,12,DISTINCT,False,,NA
12_2,12,SUM,False,,NA
12_2,12,MIN,False,,NA
12_2,12,MAX,False,,NA
12_2,12,GROUP BY,True,True,explicit_cue
12_2,12,Temporal,False,,NA
12_2,12,Negation,False,,NA
12_2,12,Set operation,False,,NA
12_3,12,COUNT,True,True,explicit_cue
12_3,12,DISTINCT,False,,NA
12_3,12,SUM,False,,NA
12_3,12,MIN,False,,NA
12_3,12,MAX,False,,NA
12_3,12,GROUP BY,True,True,explicit_cue
12_3,12,Temporal,False,,NA
12_3,12,Negation,False,,NA
12_3,12,Set operation,False,,NA
12_4,12,COUNT,True,True,explicit_cue
12_4,12,DISTINCT,False,,NA
12_4,12,SUM,False,,NA
12_4,12,MIN,False,,NA
12_4,12,MAX,False,,NA
12_4,12,GROUP BY,True,True,explicit_cue
12_4,12,Temporal,False,,NA
12_4,12,Negation,False,,NA
12_4,12,Set operation,False,,NA
12_5,12,COUNT,True,True,explicit_cue
12_5,12,DISTINCT,False,,NA
12_5,12,SUM,False,,NA
12_5,12,MIN,False,,NA
12_5,12,MAX,False,,NA
12_5,12,GROUP BY,True,True,explicit_cue
12_5,12,Temporal,False,,NA
12_5,12,Negation,False,,NA
12_5,12,Set operation,False,,NA
13_0,13,COUNT,False,,NA
13_0,13,DISTINCT,False,,NA
13_0,13,SUM,False,,NA
13_0,13,MIN,False,,NA
13_0,13,MAX,False,,NA
13_0,13,GROUP BY,False,,NA
13_0,13,Temporal,False,,NA
13_0,13,Negation,True,True,explicit_cue
13_0,13,Set operation,False,,NA
13_1,13,COUNT,False,,NA
13_1,13,DISTINCT,False,,NA
13_1,13,SUM,False,,NA
13_1,13,MIN,False,,NA
13_1,13,MAX,False,,NA
13_1,13,GROUP BY,False,,NA
13_1,13,Temporal,False,,NA
13_1,13,Negation,True,False,no_cue
13_1,13,Set operation,False,,NA
13_2,13,COUNT,False,,NA
13_2,13,DISTINCT,False,,NA
13_2,13,SUM,False,,NA
13_2,13,MIN,False,,NA
13_2,13,MAX,False,,NA
13_2,13,GROUP BY,False,,NA
13_2,13,Temporal,False,,NA
13_2,13,Negation,True,False,no_cue
13_2,13,Set operation,False,,NA
13_3,13,COUNT,False,,NA
13_3,13,DISTINCT,False,,NA
13_3,13,SUM,False,,NA
13_3,13,MIN,False,,NA
13_3,13,MAX,False,,NA
13_3,13,GROUP BY,False,,NA
13_3,13,Temporal,False,,NA
13_3,13,Negation,True,True,explicit_cue
13_3,13,Set operation,False,,NA
13_4,13,COUNT,False,,NA
13_4,13,DISTINCT,False,,NA
13_4,13,SUM,False,,NA
13_4,13,MIN,False,,NA
13_4,13,MAX,False,,NA
13_4,13,GROUP BY,False,,NA
13_4,13,Temporal,False,,NA
13_4,13,Negation,True,True,explicit_cue
13_4,13,Set operation,False,,NA
13_5,13,COUNT,False,,NA
13_5,13,DISTINCT,False,,NA
13_5,13,SUM,False,,NA
13_5,13,MIN,False,,NA
13_5,13,MAX,False,,NA
13_5,13,GROUP BY,False,,NA
13_5,13,Temporal,False,,NA
13_5,13,Negation,True,False,no_cue
13_5,13,Set operation,False,,NA
13_6,13,COUNT,False,,NA
13_6,13,DISTINCT,False,,NA
13_6,13,SUM,False,,NA
13_6,13,MIN,False,,NA
13_6,13,MAX,False,,NA
13_6,13,GROUP BY,False,,NA
13_6,13,Temporal,False,,NA
13_6,13,Negation,True,False,no_cue
13_6,13,Set operation,False,,NA
13_7,13,COUNT,False,,NA
13_7,13,DISTINCT,False,,NA
13_7,13,SUM,False,,NA
13_7,13,MIN,False,,NA
13_7,13,MAX,False,,NA
13_7,13,GROUP BY,False,,NA
13_7,13,Temporal,False,,NA
13_7,13,Negation,True,False,no_cue
13_7,13,Set operation,False,,NA
13_8,13,COUNT,False,,NA
13_8,13,DISTINCT,False,,NA
13_8,13,SUM,False,,NA
13_8,13,MIN,False,,NA
13_8,13,MAX,False,,NA
13_8,13,GROUP BY,False,,NA
13_8,13,Temporal,False,,NA
13_8,13,Negation,True,False,no_cue
13_8,13,Set operation,False,,NA
13_9,13,COUNT,False,,NA
13_9,13,DISTINCT,False,,NA
13_9,13,SUM,False,,NA
13_9,13,MIN,False,,NA
13_9,13,MAX,False,,NA
13_9,13,GROUP BY,False,,NA
13_9,13,Temporal,False,,NA
13_9,13,Negation,True,False,no_cue
13_9,13,Set operation,False,,NA
14_0,14,COUNT,False,,NA
14_0,14,DISTINCT,False,,NA
14_0,14,SUM,False,,NA
14_0,14,MIN,False,,NA
14_0,14,MAX,False,,NA
14_0,14,GROUP BY,False,,NA
14_0,14,Temporal,False,,NA
14_0,14,Negation,False,,NA
14_0,14,Set operation,False,,NA
14_1,14,COUNT,False,,NA
14_1,14,DISTINCT,False,,NA
14_1,14,SUM,False,,NA
14_1,14,MIN,False,,NA
14_1,14,MAX,False,,NA
14_1,14,GROUP BY,False,,NA
14_1,14,Temporal,False,,NA
14_1,14,Negation,False,,NA
14_1,14,Set operation,False,,NA
14_2,14,COUNT,False,,NA
14_2,14,DISTINCT,False,,NA
14_2,14,SUM,False,,NA
14_2,14,MIN,False,,NA
14_2,14,MAX,False,,NA
14_2,14,GROUP BY,False,,NA
14_2,14,Temporal,False,,NA
14_2,14,Negation,False,,NA
14_2,14,Set operation,False,,NA
14_3,14,COUNT,False,,NA
14_3,14,DISTINCT,False,,NA
14_3,14,SUM,False,,NA
14_3,14,MIN,False,,NA
14_3,14,MAX,False,,NA
14_3,14,GROUP BY,False,,NA
14_3,14,Temporal,False,,NA
14_3,14,Negation,False,,NA
14_3,14,Set operation,False,,NA
14_4,14,COUNT,False,,NA
14_4,14,DISTINCT,False,,NA
14_4,14,SUM,False,,NA
14_4,14,MIN,False,,NA
14_4,14,MAX,False,,NA
14_4,14,GROUP BY,False,,NA
14_4,14,Temporal,False,,NA
14_4,14,Negation,False,,NA
14_4,14,Set operation,False,,NA
15_0,15,COUNT,True,False,no_cue
15_0,15,DISTINCT,False,,NA
15_0,15,SUM,False,,NA
15_0,15,MIN,False,,NA
15_0,15,MAX,False,,NA
15_0,15,GROUP BY,True,False,no_cue
15_0,15,Temporal,False,,NA
15_0,15,Negation,False,,NA
15_0,15,Set operation,False,,NA
15_1,15,COUNT,True,False,no_cue
15_1,15,DISTINCT,False,,NA
15_1,15,SUM,False,,NA
15_1,15,MIN,False,,NA
15_1,15,MAX,False,,NA
15_1,15,GROUP BY,True,False,no_cue
15_1,15,Temporal,False,,NA
15_1,15,Negation,False,,NA
15_1,15,Set operation,False,,NA
15_2,15,COUNT,True,False,no_cue
15_2,15,DISTINCT,False,,NA
15_2,15,SUM,False,,NA
15_2,15,MIN,False,,NA
15_2,15,MAX,False,,NA
15_2,15,GROUP BY,True,False,no_cue
15_2,15,Temporal,False,,NA
15_2,15,Negation,False,,NA
15_2,15,Set operation,False,,NA
15_3,15,COUNT,True,False,no_cue
15_3,15,DISTINCT,False,,NA
15_3,15,SUM,False,,NA
15_3,15,MIN,False,,NA
15_3,15,MAX,False,,NA
15_3,15,GROUP BY,True,False,no_cue
15_3,15,Temporal,False,,NA
15_3,15,Negation,False,,NA
15_3,15,Set operation,False,,NA
15_4,15,COUNT,True,False,no_cue
15_4,15,DISTINCT,False,,NA
15_4,15,SUM,False,,NA
15_4,15,MIN,False,,NA
15_4,15,MAX,False,,NA
15_4,15,GROUP BY,True,False,no_cue
15_4,15,Temporal,False,,NA
15_4,15,Negation,False,,NA
15_4,15,Set operation,False,,NA
16_0,16,COUNT,True,True,explicit_cue
16_0,16,DISTINCT,False,,NA
16_0,16,SUM,False,,NA
16_0,16,MIN,False,,NA
16_0,16,MAX,False,,NA
16_0,16,GROUP BY,True,True,explicit_cue
16_0,16,Temporal,False,,NA
16_0,16,Negation,False,,NA
16_0,16,Set operation,False,,NA
16_1,16,COUNT,True,True,explicit_cue
16_1,16,DISTINCT,False,,NA
16_1,16,SUM,False,,NA
16_1,16,MIN,False,,NA
16_1,16,MAX,False,,NA
16_1,16,GROUP BY,True,False,no_cue
16_1,16,Temporal,False,,NA
16_1,16,Negation,False,,NA
16_1,16,Set operation,False,,NA
16_2,16,COUNT,True,True,explicit_cue
16_2,16,DISTINCT,False,,NA
16_2,16,SUM,False,,NA
16_2,16,MIN,False,,NA
16_2,16,MAX,False,,NA
16_2,16,GROUP BY,True,False,no_cue
16_2,16,Temporal,False,,NA
16_2,16,Negation,False,,NA
16_2,16,Set operation,False,,NA
16_3,16,COUNT,True,True,explicit_cue
16_3,16,DISTINCT,False,,NA
16_3,16,SUM,False,,NA
16_3,16,MIN,False,,NA
16_3,16,MAX,False,,NA
16_3,16,GROUP BY,True,True,explicit_cue
16_3,16,Temporal,False,,NA
16_3,16,Negation,False,,NA
16_3,16,Set operation,False,,NA
17_0,17,COUNT,False,,NA
17_0,17,DISTINCT,False,,NA
17_0,17,SUM,False,,NA
17_0,17,MIN,False,,NA
17_0,17,MAX,False,,NA
17_0,17,GROUP BY,False,,NA
17_0,17,Temporal,True,True,explicit_cue
17_0,17,Negation,False,,NA
17_0,17,Set operation,False,,NA
17_1,17,COUNT,False,,NA
17_1,17,DISTINCT,False,,NA
17_1,17,SUM,False,,NA
17_1,17,MIN,False,,NA
17_1,17,MAX,False,,NA
17_1,17,GROUP BY,False,,NA
17_1,17,Temporal,True,True,explicit_cue
17_1,17,Negation,False,,NA
17_1,17,Set operation,False,,NA
17_2,17,COUNT,False,,NA
17_2,17,DISTINCT,False,,NA
17_2,17,SUM,False,,NA
17_2,17,MIN,False,,NA
17_2,17,MAX,False,,NA
17_2,17,GROUP BY,False,,NA
17_2,17,Temporal,True,True,explicit_cue
17_2,17,Negation,False,,NA
17_2,17,Set operation,False,,NA
17_3,17,COUNT,False,,NA
17_3,17,DISTINCT,False,,NA
17_3,17,SUM,False,,NA
17_3,17,MIN,False,,NA
17_3,17,MAX,False,,NA
17_3,17,GROUP BY,False,,NA
17_3,17,Temporal,True,True,explicit_cue
17_3,17,Negation,False,,NA
17_3,17,Set operation,False,,NA
17_4,17,COUNT,False,,NA
17_4,17,DISTINCT,False,,NA
17_4,17,SUM,False,,NA
17_4,17,MIN,False,,NA
17_4,17,MAX,False,,NA
17_4,17,GROUP BY,False,,NA
17_4,17,Temporal,True,True,explicit_cue
17_4,17,Negation,False,,NA
17_4,17,Set operation,False,,NA
17_5,17,COUNT,False,,NA
17_5,17,DISTINCT,False,,NA
17_5,17,SUM,False,,NA
17_5,17,MIN,False,,NA
17_5,17,MAX,False,,NA
17_5,17,GROUP BY,False,,NA
17_5,17,Temporal,True,True,explicit_cue
17_5,17,Negation,False,,NA
17_5,17,Set operation,False,,NA
17_6,17,COUNT,False,,NA
17_6,17,DISTINCT,False,,NA
17_6,17,SUM,False,,NA
17_6,17,MIN,False,,NA
17_6,17,MAX,False,,NA
17_6,17,GROUP BY,False,,NA
17_6,17,Temporal,True,True,explicit_cue
17_6,17,Negation,False,,NA
17_6,17,Set operation,False,,NA
17_7,17,COUNT,False,,NA
17_7,17,DISTINCT,False,,NA
17_7,17,SUM,False,,NA
17_7,17,MIN,False,,NA
17_7,17,MAX,False,,NA
17_7,17,GROUP BY,False,,NA
17_7,17,Temporal,True,True,explicit_cue
17_7,17,Negation,False,,NA
17_7,17,Set operation,False,,NA
17_8,17,COUNT,False,,NA
17_8,17,DISTINCT,False,,NA
17_8,17,SUM,False,,NA
17_8,17,MIN,False,,NA
17_8,17,MAX,False,,NA
17_8,17,GROUP BY,False,,NA
17_8,17,Temporal,True,True,explicit_cue
17_8,17,Negation,False,,NA
17_8,17,Set operation,False,,NA
17_9,17,COUNT,False,,NA
17_9,17,DISTINCT,False,,NA
17_9,17,SUM,False,,NA
17_9,17,MIN,False,,NA
17_9,17,MAX,False,,NA
17_9,17,GROUP BY,False,,NA
17_9,17,Temporal,True,True,explicit_cue
17_9,17,Negation,False,,NA
17_9,17,Set operation,False,,NA
17_10,17,COUNT,False,,NA
17_10,17,DISTINCT,False,,NA
17_10,17,SUM,False,,NA
17_10,17,MIN,False,,NA
17_10,17,MAX,False,,NA
17_10,17,GROUP BY,False,,NA
17_10,17,Temporal,True,True,explicit_cue
17_10,17,Negation,False,,NA
17_10,17,Set operation,False,,NA
17_11,17,COUNT,False,,NA
17_11,17,DISTINCT,False,,NA
17_11,17,SUM,False,,NA
17_11,17,MIN,False,,NA
17_11,17,MAX,False,,NA
17_11,17,GROUP BY,False,,NA
17_11,17,Temporal,True,True,explicit_cue
17_11,17,Negation,False,,NA
17_11,17,Set operation,False,,NA
17_12,17,COUNT,False,,NA
17_12,17,DISTINCT,False,,NA
17_12,17,SUM,False,,NA
17_12,17,MIN,False,,NA
17_12,17,MAX,False,,NA
17_12,17,GROUP BY,False,,NA
17_12,17,Temporal,True,True,explicit_cue
17_12,17,Negation,False,,NA
17_12,17,Set operation,False,,NA
17_13,17,COUNT,False,,NA
17_13,17,DISTINCT,False,,NA
17_13,17,SUM,False,,NA
17_13,17,MIN,False,,NA
17_13,17,MAX,False,,NA
17_13,17,GROUP BY,False,,NA
17_13,17,Temporal,True,True,explicit_cue
17_13,17,Negation,False,,NA
17_13,17,Set operation,False,,NA
17_14,17,COUNT,False,,NA
17_14,17,DISTINCT,False,,NA
17_14,17,SUM,False,,NA
17_14,17,MIN,False,,NA
17_14,17,MAX,False,,NA
17_14,17,GROUP BY,False,,NA
17_14,17,Temporal,True,True,explicit_cue
17_14,17,Negation,False,,NA
17_14,17,Set operation,False,,NA
18_0,18,COUNT,True,False,no_cue
18_0,18,DISTINCT,False,,NA
18_0,18,SUM,False,,NA
18_0,18,MIN,False,,NA
18_0,18,MAX,False,,NA
18_0,18,GROUP BY,True,False,no_cue
18_0,18,Temporal,False,,NA
18_0,18,Negation,False,,NA
18_0,18,Set operation,False,,NA
18_1,18,COUNT,True,False,no_cue
18_1,18,DISTINCT,False,,NA
18_1,18,SUM,False,,NA
18_1,18,MIN,False,,NA
18_1,18,MAX,False,,NA
18_1,18,GROUP BY,True,False,no_cue
18_1,18,Temporal,False,,NA
18_1,18,Negation,False,,NA
18_1,18,Set operation,False,,NA
18_2,18,COUNT,True,False,no_cue
18_2,18,DISTINCT,False,,NA
18_2,18,SUM,False,,NA
18_2,18,MIN,False,,NA
18_2,18,MAX,False,,NA
18_2,18,GROUP BY,True,False,no_cue
18_2,18,Temporal,False,,NA
18_2,18,Negation,False,,NA
18_2,18,Set operation,False,,NA
18_3,18,COUNT,True,True,explicit_cue
18_3,18,DISTINCT,False,,NA
18_3,18,SUM,False,,NA
18_3,18,MIN,False,,NA
18_3,18,MAX,False,,NA
18_3,18,GROUP BY,True,False,no_cue
18_3,18,Temporal,False,,NA
18_3,18,Negation,False,,NA
18_3,18,Set operation,False,,NA
18_4,18,COUNT,True,False,no_cue
18_4,18,DISTINCT,False,,NA
18_4,18,SUM,False,,NA
18_4,18,MIN,False,,NA
18_4,18,MAX,False,,NA
18_4,18,GROUP BY,True,False,no_cue
18_4,18,Temporal,False,,NA
18_4,18,Negation,False,,NA
18_4,18,Set operation,False,,NA
18_5,18,COUNT,True,False,no_cue
18_5,18,DISTINCT,False,,NA
18_5,18,SUM,False,,NA
18_5,18,MIN,False,,NA
18_5,18,MAX,False,,NA
18_5,18,GROUP BY,True,False,no_cue
18_5,18,Temporal,False,,NA
18_5,18,Negation,False,,NA
18_5,18,Set operation,False,,NA
18_6,18,COUNT,True,False,no_cue
18_6,18,DISTINCT,False,,NA
18_6,18,SUM,False,,NA
18_6,18,MIN,False,,NA
18_6,18,MAX,False,,NA
18_6,18,GROUP BY,True,False,no_cue
18_6,18,Temporal,False,,NA
18_6,18,Negation,False,,NA
18_6,18,Set operation,False,,NA
19_0,19,COUNT,True,False,no_cue
19_0,19,DISTINCT,True,False,no_cue
19_0,19,SUM,False,,NA
19_0,19,MIN,False,,NA
19_0,19,MAX,False,,NA
19_0,19,GROUP BY,True,False,no_cue
19_0,19,Temporal,False,,NA
19_0,19,Negation,False,,NA
19_0,19,Set operation,False,,NA
19_1,19,COUNT,True,False,no_cue
19_1,19,DISTINCT,True,False,no_cue
19_1,19,SUM,False,,NA
19_1,19,MIN,False,,NA
19_1,19,MAX,False,,NA
19_1,19,GROUP BY,True,False,no_cue
19_1,19,Temporal,False,,NA
19_1,19,Negation,False,,NA
19_1,19,Set operation,False,,NA
19_2,19,COUNT,True,True,explicit_cue
19_2,19,DISTINCT,True,False,no_cue
19_2,19,SUM,False,,NA
19_2,19,MIN,False,,NA
19_2,19,MAX,False,,NA
19_2,19,GROUP BY,True,False,no_cue
19_2,19,Temporal,False,,NA
19_2,19,Negation,False,,NA
19_2,19,Set operation,False,,NA
19_3,19,COUNT,True,False,no_cue
19_3,19,DISTINCT,True,False,no_cue
19_3,19,SUM,False,,NA
19_3,19,MIN,False,,NA
19_3,19,MAX,False,,NA
19_3,19,GROUP BY,True,False,no_cue
19_3,19,Temporal,False,,NA
19_3,19,Negation,False,,NA
19_3,19,Set operation,False,,NA
19_4,19,COUNT,True,False,no_cue
19_4,19,DISTINCT,True,False,no_cue
19_4,19,SUM,False,,NA
19_4,19,MIN,False,,NA
19_4,19,MAX,False,,NA
19_4,19,GROUP BY,True,False,no_cue
19_4,19,Temporal,False,,NA
19_4,19,Negation,False,,NA
19_4,19,Set operation,False,,NA
20_0,20,COUNT,True,False,no_cue
20_0,20,DISTINCT,False,,NA
20_0,20,SUM,False,,NA
20_0,20,MIN,False,,NA
20_0,20,MAX,False,,NA
20_0,20,GROUP BY,True,False,no_cue
20_0,20,Temporal,False,,NA
20_0,20,Negation,False,,NA
20_0,20,Set operation,False,,NA
20_1,20,COUNT,True,True,explicit_cue
20_1,20,DISTINCT,False,,NA
20_1,20,SUM,False,,NA
20_1,20,MIN,False,,NA
20_1,20,MAX,False,,NA
20_1,20,GROUP BY,True,False,no_cue
20_1,20,Temporal,False,,NA
20_1,20,Negation,False,,NA
20_1,20,Set operation,False,,NA
20_2,20,COUNT,True,True,explicit_cue
20_2,20,DISTINCT,False,,NA
20_2,20,SUM,False,,NA
20_2,20,MIN,False,,NA
20_2,20,MAX,False,,NA
20_2,20,GROUP BY,True,False,no_cue
20_2,20,Temporal,False,,NA
20_2,20,Negation,False,,NA
20_2,20,Set operation,False,,NA
20_3,20,COUNT,True,True,explicit_cue
20_3,20,DISTINCT,False,,NA
20_3,20,SUM,False,,NA
20_3,20,MIN,False,,NA
20_3,20,MAX,False,,NA
20_3,20,GROUP BY,True,False,no_cue
20_3,20,Temporal,False,,NA
20_3,20,Negation,False,,NA
20_3,20,Set operation,False,,NA
20_4,20,COUNT,True,False,no_cue
20_4,20,DISTINCT,False,,NA
20_4,20,SUM,False,,NA
20_4,20,MIN,False,,NA
20_4,20,MAX,False,,NA
20_4,20,GROUP BY,True,False,no_cue
20_4,20,Temporal,False,,NA
20_4,20,Negation,False,,NA
20_4,20,Set operation,False,,NA
21_0,21,COUNT,True,True,explicit_cue
21_0,21,DISTINCT,False,,NA
21_0,21,SUM,False,,NA
21_0,21,MIN,False,,NA
21_0,21,MAX,False,,NA
21_0,21,GROUP BY,True,True,explicit_cue
21_0,21,Temporal,True,True,explicit_cue
21_0,21,Negation,False,,NA
21_0,21,Set operation,False,,NA
21_1,21,COUNT,True,True,explicit_cue
21_1,21,DISTINCT,False,,NA
21_1,21,SUM,False,,NA
21_1,21,MIN,False,,NA
21_1,21,MAX,False,,NA
21_1,21,GROUP BY,True,True,explicit_cue
21_1,21,Temporal,True,True,explicit_cue
21_1,21,Negation,False,,NA
21_1,21,Set operation,False,,NA
21_2,21,COUNT,True,True,explicit_cue
21_2,21,DISTINCT,False,,NA
21_2,21,SUM,False,,NA
21_2,21,MIN,False,,NA
21_2,21,MAX,False,,NA
21_2,21,GROUP BY,True,True,explicit_cue
21_2,21,Temporal,True,True,explicit_cue
21_2,21,Negation,False,,NA
21_2,21,Set operation,False,,NA
21_3,21,COUNT,True,True,explicit_cue
21_3,21,DISTINCT,False,,NA
21_3,21,SUM,False,,NA
21_3,21,MIN,False,,NA
21_3,21,MAX,False,,NA
21_3,21,GROUP BY,True,True,explicit_cue
21_3,21,Temporal,True,True,explicit_cue
21_3,21,Negation,False,,NA
21_3,21,Set operation,False,,NA
21_4,21,COUNT,True,True,explicit_cue
21_4,21,DISTINCT,False,,NA
21_4,21,SUM,False,,NA
21_4,21,MIN,False,,NA
21_4,21,MAX,False,,NA
21_4,21,GROUP BY,True,True,explicit_cue
21_4,21,Temporal,True,True,explicit_cue
21_4,21,Negation,False,,NA
21_4,21,Set operation,False,,NA
21_5,21,COUNT,True,True,explicit_cue
21_5,21,DISTINCT,False,,NA
21_5,21,SUM,False,,NA
21_5,21,MIN,False,,NA
21_5,21,MAX,False,,NA
21_5,21,GROUP BY,True,True,explicit_cue
21_5,21,Temporal,True,True,explicit_cue
21_5,21,Negation,False,,NA
21_5,21,Set operation,False,,NA
21_6,21,COUNT,True,True,explicit_cue
21_6,21,DISTINCT,False,,NA
21_6,21,SUM,False,,NA
21_6,21,MIN,False,,NA
21_6,21,MAX,False,,NA
21_6,21,GROUP BY,True,True,explicit_cue
21_6,21,Temporal,True,True,explicit_cue
21_6,21,Negation,False,,NA
21_6,21,Set operation,False,,NA
21_7,21,COUNT,True,True,explicit_cue
21_7,21,DISTINCT,False,,NA
21_7,21,SUM,False,,NA
21_7,21,MIN,False,,NA
21_7,21,MAX,False,,NA
21_7,21,GROUP BY,True,True,explicit_cue
21_7,21,Temporal,True,True,explicit_cue
21_7,21,Negation,False,,NA
21_7,21,Set operation,False,,NA
21_8,21,COUNT,True,True,explicit_cue
21_8,21,DISTINCT,False,,NA
21_8,21,SUM,False,,NA
21_8,21,MIN,False,,NA
21_8,21,MAX,False,,NA
21_8,21,GROUP BY,True,True,explicit_cue
21_8,21,Temporal,True,True,explicit_cue
21_8,21,Negation,False,,NA
21_8,21,Set operation,False,,NA
22_0,22,COUNT,True,True,explicit_cue
22_0,22,DISTINCT,False,,NA
22_0,22,SUM,False,,NA
22_0,22,MIN,False,,NA
22_0,22,MAX,False,,NA
22_0,22,GROUP BY,True,True,explicit_cue
22_0,22,Temporal,False,,NA
22_0,22,Negation,False,,NA
22_0,22,Set operation,False,,NA
22_1,22,COUNT,True,True,explicit_cue
22_1,22,DISTINCT,False,,NA
22_1,22,SUM,False,,NA
22_1,22,MIN,False,,NA
22_1,22,MAX,False,,NA
22_1,22,GROUP BY,True,True,explicit_cue
22_1,22,Temporal,False,,NA
22_1,22,Negation,False,,NA
22_1,22,Set operation,False,,NA
22_2,22,COUNT,True,True,explicit_cue
22_2,22,DISTINCT,False,,NA
22_2,22,SUM,False,,NA
22_2,22,MIN,False,,NA
22_2,22,MAX,False,,NA
22_2,22,GROUP BY,True,True,explicit_cue
22_2,22,Temporal,False,,NA
22_2,22,Negation,False,,NA
22_2,22,Set operation,False,,NA
22_3,22,COUNT,True,True,explicit_cue
22_3,22,DISTINCT,False,,NA
22_3,22,SUM,False,,NA
22_3,22,MIN,False,,NA
22_3,22,MAX,False,,NA
22_3,22,GROUP BY,True,True,explicit_cue
22_3,22,Temporal,False,,NA
22_3,22,Negation,False,,NA
22_3,22,Set operation,False,,NA
22_4,22,COUNT,True,True,explicit_cue
22_4,22,DISTINCT,False,,NA
22_4,22,SUM,False,,NA
22_4,22,MIN,False,,NA
22_4,22,MAX,False,,NA
22_4,22,GROUP BY,True,True,explicit_cue
22_4,22,Temporal,False,,NA
22_4,22,Negation,False,,NA
22_4,22,Set operation,False,,NA
22_5,22,COUNT,True,True,explicit_cue
22_5,22,DISTINCT,False,,NA
22_5,22,SUM,False,,NA
22_5,22,MIN,False,,NA
22_5,22,MAX,False,,NA
22_5,22,GROUP BY,True,True,explicit_cue
22_5,22,Temporal,False,,NA
22_5,22,Negation,False,,NA
22_5,22,Set operation,False,,NA
22_6,22,COUNT,True,True,explicit_cue
22_6,22,DISTINCT,False,,NA
22_6,22,SUM,False,,NA
22_6,22,MIN,False,,NA
22_6,22,MAX,False,,NA
22_6,22,GROUP BY,True,True,explicit_cue
22_6,22,Temporal,False,,NA
22_6,22,Negation,False,,NA
22_6,22,Set operation,False,,NA
22_7,22,COUNT,True,True,explicit_cue
22_7,22,DISTINCT,False,,NA
22_7,22,SUM,False,,NA
22_7,22,MIN,False,,NA
22_7,22,MAX,False,,NA
22_7,22,GROUP BY,True,True,explicit_cue
22_7,22,Temporal,False,,NA
22_7,22,Negation,False,,NA
22_7,22,Set operation,False,,NA
22_8,22,COUNT,True,True,explicit_cue
22_8,22,DISTINCT,False,,NA
22_8,22,SUM,False,,NA
22_8,22,MIN,False,,NA
22_8,22,MAX,False,,NA
22_8,22,GROUP BY,True,True,explicit_cue
22_8,22,Temporal,False,,NA
22_8,22,Negation,False,,NA
22_8,22,Set operation,False,,NA
22_9,22,COUNT,True,True,explicit_cue
22_9,22,DISTINCT,False,,NA
22_9,22,SUM,False,,NA
22_9,22,MIN,False,,NA
22_9,22,MAX,False,,NA
22_9,22,GROUP BY,True,True,explicit_cue
22_9,22,Temporal,False,,NA
22_9,22,Negation,False,,NA
22_9,22,Set operation,False,,NA
22_10,22,COUNT,True,True,explicit_cue
22_10,22,DISTINCT,False,,NA
22_10,22,SUM,False,,NA
22_10,22,MIN,False,,NA
22_10,22,MAX,False,,NA
22_10,22,GROUP BY,True,True,explicit_cue
22_10,22,Temporal,False,,NA
22_10,22,Negation,False,,NA
22_10,22,Set operation,False,,NA
23_0,23,COUNT,True,True,explicit_cue
23_0,23,DISTINCT,False,,NA
23_0,23,SUM,False,,NA
23_0,23,MIN,False,,NA
23_0,23,MAX,False,,NA
23_0,23,GROUP BY,True,False,no_cue
23_0,23,Temporal,False,,NA
23_0,23,Negation,False,,NA
23_0,23,Set operation,False,,NA
23_1,23,COUNT,True,True,explicit_cue
23_1,23,DISTINCT,False,,NA
23_1,23,SUM,False,,NA
23_1,23,MIN,False,,NA
23_1,23,MAX,False,,NA
23_1,23,GROUP BY,True,False,no_cue
23_1,23,Temporal,False,,NA
23_1,23,Negation,False,,NA
23_1,23,Set operation,False,,NA
23_2,23,COUNT,True,True,explicit_cue
23_2,23,DISTINCT,False,,NA
23_2,23,SUM,False,,NA
23_2,23,MIN,False,,NA
23_2,23,MAX,False,,NA
23_2,23,GROUP BY,True,False,no_cue
23_2,23,Temporal,False,,NA
23_2,23,Negation,False,,NA
23_2,23,Set operation,False,,NA
23_3,23,COUNT,True,True,explicit_cue
23_3,23,DISTINCT,False,,NA
23_3,23,SUM,False,,NA
23_3,23,MIN,False,,NA
23_3,23,MAX,False,,NA
23_3,23,GROUP BY,True,False,no_cue
23_3,23,Temporal,False,,NA
23_3,23,Negation,False,,NA
23_3,23,Set operation,False,,NA
23_4,23,COUNT,True,False,no_cue
23_4,23,DISTINCT,False,,NA
23_4,23,SUM,False,,NA
23_4,23,MIN,False,,NA
23_4,23,MAX,False,,NA
23_4,23,GROUP BY,True,False,no_cue
23_4,23,Temporal,False,,NA
23_4,23,Negation,False,,NA
23_4,23,Set operation,False,,NA
23_5,23,COUNT,True,True,explicit_cue
23_5,23,DISTINCT,False,,NA
23_5,23,SUM,False,,NA
23_5,23,MIN,False,,NA
23_5,23,MAX,False,,NA
23_5,23,GROUP BY,True,False,no_cue
23_5,23,Temporal,False,,NA
23_5,23,Negation,False,,NA
23_5,23,Set operation,False,,NA
23_6,23,COUNT,True,True,explicit_cue
23_6,23,DISTINCT,False,,NA
23_6,23,SUM,False,,NA
23_6,23,MIN,False,,NA
23_6,23,MAX,False,,NA
23_6,23,GROUP BY,True,False,no_cue
23_6,23,Temporal,False,,NA
23_6,23,Negation,False,,NA
23_6,23,Set operation,False,,NA
23_7,23,COUNT,True,True,explicit_cue
23_7,23,DISTINCT,False,,NA
23_7,23,SUM,False,,NA
23_7,23,MIN,False,,NA
23_7,23,MAX,False,,NA
23_7,23,GROUP BY,True,False,no_cue
23_7,23,Temporal,False,,NA
23_7,23,Negation,False,,NA
23_7,23,Set operation,False,,NA
23_8,23,COUNT,True,False,no_cue
23_8,23,DISTINCT,False,,NA
23_8,23,SUM,False,,NA
23_8,23,MIN,False,,NA
23_8,23,MAX,False,,NA
23_8,23,GROUP BY,True,False,no_cue
23_8,23,Temporal,False,,NA
23_8,23,Negation,False,,NA
23_8,23,Set operation,False,,NA
24_0,24,COUNT,True,True,explicit_cue
24_0,24,DISTINCT,False,,NA
24_0,24,SUM,False,,NA
24_0,24,MIN,False,,NA
24_0,24,MAX,False,,NA
24_0,24,GROUP BY,True,False,no_cue
24_0,24,Temporal,False,,NA
24_0,24,Negation,False,,NA
24_0,24,Set operation,False,,NA
24_1,24,COUNT,True,False,no_cue
24_1,24,DISTINCT,False,,NA
24_1,24,SUM,False,,NA
24_1,24,MIN,False,,NA
24_1,24,MAX,False,,NA
24_1,24,GROUP BY,True,False,no_cue
24_1,24,Temporal,False,,NA
24_1,24,Negation,False,,NA
24_1,24,Set operation,False,,NA
24_2,24,COUNT,True,True,explicit_cue
24_2,24,DISTINCT,False,,NA
24_2,24,SUM,False,,NA
24_2,24,MIN,False,,NA
24_2,24,MAX,False,,NA
24_2,24,GROUP BY,True,False,no_cue
24_2,24,Temporal,False,,NA
24_2,24,Negation,False,,NA
24_2,24,Set operation,False,,NA
24_3,24,COUNT,True,False,no_cue
24_3,24,DISTINCT,False,,NA
24_3,24,SUM,False,,NA
24_3,24,MIN,False,,NA
24_3,24,MAX,False,,NA
24_3,24,GROUP BY,True,False,no_cue
24_3,24,Temporal,False,,NA
24_3,24,Negation,False,,NA
24_3,24,Set operation,False,,NA
24_4,24,COUNT,True,True,explicit_cue
24_4,24,DISTINCT,False,,NA
24_4,24,SUM,False,,NA
24_4,24,MIN,False,,NA
24_4,24,MAX,False,,NA
24_4,24,GROUP BY,True,False,no_cue
24_4,24,Temporal,False,,NA
24_4,24,Negation,False,,NA
24_4,24,Set operation,False,,NA
24_5,24,COUNT,True,False,no_cue
24_5,24,DISTINCT,False,,NA
24_5,24,SUM,False,,NA
24_5,24,MIN,False,,NA
24_5,24,MAX,False,,NA
24_5,24,GROUP BY,True,False,no_cue
24_5,24,Temporal,False,,NA
24_5,24,Negation,False,,NA
24_5,24,Set operation,False,,NA
24_6,24,COUNT,True,True,explicit_cue
24_6,24,DISTINCT,False,,NA
24_6,24,SUM,False,,NA
24_6,24,MIN,False,,NA
24_6,24,MAX,False,,NA
24_6,24,GROUP BY,True,False,no_cue
24_6,24,Temporal,False,,NA
24_6,24,Negation,False,,NA
24_6,24,Set operation,False,,NA
25_0,25,COUNT,False,,NA
25_0,25,DISTINCT,True,False,no_cue
25_0,25,SUM,False,,NA
25_0,25,MIN,False,,NA
25_0,25,MAX,False,,NA
25_0,25,GROUP BY,False,,NA
25_0,25,Temporal,False,,NA
25_0,25,Negation,True,True,explicit_cue
25_0,25,Set operation,False,,NA
25_1,25,COUNT,False,,NA
25_1,25,DISTINCT,True,False,no_cue
25_1,25,SUM,False,,NA
25_1,25,MIN,False,,NA
25_1,25,MAX,False,,NA
25_1,25,GROUP BY,False,,NA
25_1,25,Temporal,False,,NA
25_1,25,Negation,True,True,explicit_cue
25_1,25,Set operation,False,,NA
25_2,25,COUNT,False,,NA
25_2,25,DISTINCT,True,False,no_cue
25_2,25,SUM,False,,NA
25_2,25,MIN,False,,NA
25_2,25,MAX,False,,NA
25_2,25,GROUP BY,False,,NA
25_2,25,Temporal,False,,NA
25_2,25,Negation,True,True,explicit_cue
25_2,25,Set operation,False,,NA
25_3,25,COUNT,False,,NA
25_3,25,DISTINCT,True,False,no_cue
25_3,25,SUM,False,,NA
25_3,25,MIN,False,,NA
25_3,25,MAX,False,,NA
25_3,25,GROUP BY,False,,NA
25_3,25,Temporal,False,,NA
25_3,25,Negation,True,True,explicit_cue
25_3,25,Set operation,False,,NA
25_4,25,COUNT,False,,NA
25_4,25,DISTINCT,True,False,no_cue
25_4,25,SUM,False,,NA
25_4,25,MIN,False,,NA
25_4,25,MAX,False,,NA
25_4,25,GROUP BY,False,,NA
25_4,25,Temporal,False,,NA
25_4,25,Negation,True,True,explicit_cue
25_4,25,Set operation,False,,NA
25_5,25,COUNT,False,,NA
25_5,25,DISTINCT,True,False,no_cue
25_5,25,SUM,False,,NA
25_5,25,MIN,False,,NA
25_5,25,MAX,False,,NA
25_5,25,GROUP BY,False,,NA
25_5,25,Temporal,False,,NA
25_5,25,Negation,True,True,explicit_cue
25_5,25,Set operation,False,,NA
26_0,26,COUNT,False,,NA
26_0,26,DISTINCT,False,,NA
26_0,26,SUM,False,,NA
26_0,26,MIN,False,,NA
26_0,26,MAX,False,,NA
26_0,26,GROUP BY,False,,NA
26_0,26,Temporal,True,True,explicit_cue
26_0,26,Negation,False,,NA
26_0,26,Set operation,False,,NA
26_1,26,COUNT,False,,NA
26_1,26,DISTINCT,False,,NA
26_1,26,SUM,False,,NA
26_1,26,MIN,False,,NA
26_1,26,MAX,False,,NA
26_1,26,GROUP BY,False,,NA
26_1,26,Temporal,True,True,explicit_cue
26_1,26,Negation,False,,NA
26_1,26,Set operation,False,,NA
26_2,26,COUNT,False,,NA
26_2,26,DISTINCT,False,,NA
26_2,26,SUM,False,,NA
26_2,26,MIN,False,,NA
26_2,26,MAX,False,,NA
26_2,26,GROUP BY,False,,NA
26_2,26,Temporal,True,True,explicit_cue
26_2,26,Negation,False,,NA
26_2,26,Set operation,False,,NA
26_3,26,COUNT,False,,NA
26_3,26,DISTINCT,False,,NA
26_3,26,SUM,False,,NA
26_3,26,MIN,False,,NA
26_3,26,MAX,False,,NA
26_3,26,GROUP BY,False,,NA
26_3,26,Temporal,True,True,explicit_cue
26_3,26,Negation,False,,NA
26_3,26,Set operation,False,,NA
26_4,26,COUNT,False,,NA
26_4,26,DISTINCT,False,,NA
26_4,26,SUM,False,,NA
26_4,26,MIN,False,,NA
26_4,26,MAX,False,,NA
26_4,26,GROUP BY,False,,NA
26_4,26,Temporal,True,True,explicit_cue
26_4,26,Negation,False,,NA
26_4,26,Set operation,False,,NA
27_0,27,COUNT,True,True,explicit_cue
27_0,27,DISTINCT,True,False,no_cue
27_0,27,SUM,False,,NA
27_0,27,MIN,False,,NA
27_0,27,MAX,False,,NA
27_0,27,GROUP BY,True,True,explicit_cue
27_0,27,Temporal,True,True,explicit_cue
27_0,27,Negation,False,,NA
27_0,27,Set operation,False,,NA
27_1,27,COUNT,True,True,explicit_cue
27_1,27,DISTINCT,True,False,no_cue
27_1,27,SUM,False,,NA
27_1,27,MIN,False,,NA
27_1,27,MAX,False,,NA
27_1,27,GROUP BY,True,True,explicit_cue
27_1,27,Temporal,True,True,explicit_cue
27_1,27,Negation,False,,NA
27_1,27,Set operation,False,,NA
27_2,27,COUNT,True,True,explicit_cue
27_2,27,DISTINCT,True,False,no_cue
27_2,27,SUM,False,,NA
27_2,27,MIN,False,,NA
27_2,27,MAX,False,,NA
27_2,27,GROUP BY,True,True,explicit_cue
27_2,27,Temporal,True,True,explicit_cue
27_2,27,Negation,False,,NA
27_2,27,Set operation,False,,NA
27_3,27,COUNT,True,True,explicit_cue
27_3,27,DISTINCT,True,False,no_cue
27_3,27,SUM,False,,NA
27_3,27,MIN,False,,NA
27_3,27,MAX,False,,NA
27_3,27,GROUP BY,True,True,explicit_cue
27_3,27,Temporal,True,True,explicit_cue
27_3,27,Negation,False,,NA
27_3,27,Set operation,False,,NA
27_4,27,COUNT,True,True,explicit_cue
27_4,27,DISTINCT,True,False,no_cue
27_4,27,SUM,False,,NA
27_4,27,MIN,False,,NA
27_4,27,MAX,False,,NA
27_4,27,GROUP BY,True,True,explicit_cue
27_4,27,Temporal,True,True,explicit_cue
27_4,27,Negation,False,,NA
27_4,27,Set operation,False,,NA
27_5,27,COUNT,True,True,explicit_cue
27_5,27,DISTINCT,True,False,no_cue
27_5,27,SUM,False,,NA
27_5,27,MIN,False,,NA
27_5,27,MAX,False,,NA
27_5,27,GROUP BY,True,True,explicit_cue
27_5,27,Temporal,True,True,explicit_cue
27_5,27,Negation,False,,NA
27_5,27,Set operation,False,,NA
27_6,27,COUNT,True,True,explicit_cue
27_6,27,DISTINCT,True,False,no_cue
27_6,27,SUM,False,,NA
27_6,27,MIN,False,,NA
27_6,27,MAX,False,,NA
27_6,27,GROUP BY,True,True,explicit_cue
27_6,27,Temporal,True,True,explicit_cue
27_6,27,Negation,False,,NA
27_6,27,Set operation,False,,NA
27_7,27,COUNT,True,True,explicit_cue
27_7,27,DISTINCT,True,False,no_cue
27_7,27,SUM,False,,NA
27_7,27,MIN,False,,NA
27_7,27,MAX,False,,NA
27_7,27,GROUP BY,True,True,explicit_cue
27_7,27,Temporal,True,True,explicit_cue
27_7,27,Negation,False,,NA
27_7,27,Set operation,False,,NA
27_8,27,COUNT,True,True,explicit_cue
27_8,27,DISTINCT,True,False,no_cue
27_8,27,SUM,False,,NA
27_8,27,MIN,False,,NA
27_8,27,MAX,False,,NA
27_8,27,GROUP BY,True,True,explicit_cue
27_8,27,Temporal,True,True,explicit_cue
27_8,27,Negation,False,,NA
27_8,27,Set operation,False,,NA
27_9,27,COUNT,True,True,explicit_cue
27_9,27,DISTINCT,True,False,no_cue
27_9,27,SUM,False,,NA
27_9,27,MIN,False,,NA
27_9,27,MAX,False,,NA
27_9,27,GROUP BY,True,True,explicit_cue
27_9,27,Temporal,True,True,explicit_cue
27_9,27,Negation,False,,NA
27_9,27,Set operation,False,,NA
27_10,27,COUNT,True,True,explicit_cue
27_10,27,DISTINCT,True,False,no_cue
27_10,27,SUM,False,,NA
27_10,27,MIN,False,,NA
27_10,27,MAX,False,,NA
27_10,27,GROUP BY,True,True,explicit_cue
27_10,27,Temporal,True,True,explicit_cue
27_10,27,Negation,False,,NA
27_10,27,Set operation,False,,NA
28_0,28,COUNT,True,False,no_cue
28_0,28,DISTINCT,False,,NA
28_0,28,SUM,False,,NA
28_0,28,MIN,False,,NA
28_0,28,MAX,False,,NA
28_0,28,GROUP BY,True,False,no_cue
28_0,28,Temporal,False,,NA
28_0,28,Negation,False,,NA
28_0,28,Set operation,False,,NA
28_1,28,COUNT,True,True,explicit_cue
28_1,28,DISTINCT,False,,NA
28_1,28,SUM,False,,NA
28_1,28,MIN,False,,NA
28_1,28,MAX,False,,NA
28_1,28,GROUP BY,True,False,no_cue
28_1,28,Temporal,False,,NA
28_1,28,Negation,False,,NA
28_1,28,Set operation,False,,NA
28_2,28,COUNT,True,False,no_cue
28_2,28,DISTINCT,False,,NA
28_2,28,SUM,False,,NA
28_2,28,MIN,False,,NA
28_2,28,MAX,False,,NA
28_2,28,GROUP BY,True,False,no_cue
28_2,28,Temporal,False,,NA
28_2,28,Negation,False,,NA
28_2,28,Set operation,False,,NA
28_3,28,COUNT,True,False,no_cue
28_3,28,DISTINCT,False,,NA
28_3,28,SUM,False,,NA
28_3,28,MIN,False,,NA
28_3,28,MAX,False,,NA
28_3,28,GROUP BY,True,False,no_cue
28_3,28,Temporal,False,,NA
28_3,28,Negation,False,,NA
28_3,28,Set operation,False,,NA
28_4,28,COUNT,True,False,no_cue
28_4,28,DISTINCT,False,,NA
28_4,28,SUM,False,,NA
28_4,28,MIN,False,,NA
28_4,28,MAX,False,,NA
28_4,28,GROUP BY,True,False,no_cue
28_4,28,Temporal,False,,NA
28_4,28,Negation,False,,NA
28_4,28,Set operation,False,,NA
28_5,28,COUNT,True,False,no_cue
28_5,28,DISTINCT,False,,NA
28_5,28,SUM,False,,NA
28_5,28,MIN,False,,NA
28_5,28,MAX,False,,NA
28_5,28,GROUP BY,True,False,no_cue
28_5,28,Temporal,False,,NA
28_5,28,Negation,False,,NA
28_5,28,Set operation,False,,NA
28_6,28,COUNT,True,False,no_cue
28_6,28,DISTINCT,False,,NA
28_6,28,SUM,False,,NA
28_6,28,MIN,False,,NA
28_6,28,MAX,False,,NA
28_6,28,GROUP BY,True,False,no_cue
28_6,28,Temporal,False,,NA
28_6,28,Negation,False,,NA
28_6,28,Set operation,False,,NA
28_7,28,COUNT,True,False,no_cue
28_7,28,DISTINCT,False,,NA
28_7,28,SUM,False,,NA
28_7,28,MIN,False,,NA
28_7,28,MAX,False,,NA
28_7,28,GROUP BY,True,False,no_cue
28_7,28,Temporal,False,,NA
28_7,28,Negation,False,,NA
28_7,28,Set operation,False,,NA
28_8,28,COUNT,True,False,no_cue
28_8,28,DISTINCT,False,,NA
28_8,28,SUM,False,,NA
28_8,28,MIN,False,,NA
28_8,28,MAX,False,,NA
28_8,28,GROUP BY,True,False,no_cue
28_8,28,Temporal,False,,NA
28_8,28,Negation,False,,NA
28_8,28,Set operation,False,,NA
28_9,28,COUNT,True,True,explicit_cue
28_9,28,DISTINCT,False,,NA
28_9,28,SUM,False,,NA
28_9,28,MIN,False,,NA
28_9,28,MAX,False,,NA
28_9,28,GROUP BY,True,True,explicit_cue
28_9,28,Temporal,False,,NA
28_9,28,Negation,False,,NA
28_9,28,Set operation,False,,NA
28_10,28,COUNT,True,True,explicit_cue
28_10,28,DISTINCT,False,,NA
28_10,28,SUM,False,,NA
28_10,28,MIN,False,,NA
28_10,28,MAX,False,,NA
28_10,28,GROUP BY,True,False,no_cue
28_10,28,Temporal,False,,NA
28_10,28,Negation,False,,NA
28_10,28,Set operation,False,,NA
29_0,29,COUNT,True,False,no_cue
29_0,29,DISTINCT,False,,NA
29_0,29,SUM,False,,NA
29_0,29,MIN,False,,NA
29_0,29,MAX,False,,NA
29_0,29,GROUP BY,True,False,no_cue
29_0,29,Temporal,False,,NA
29_0,29,Negation,False,,NA
29_0,29,Set operation,False,,NA
29_1,29,COUNT,True,True,explicit_cue
29_1,29,DISTINCT,False,,NA
29_1,29,SUM,False,,NA
29_1,29,MIN,False,,NA
29_1,29,MAX,False,,NA
29_1,29,GROUP BY,True,False,no_cue
29_1,29,Temporal,False,,NA
29_1,29,Negation,False,,NA
29_1,29,Set operation,False,,NA
29_2,29,COUNT,True,True,explicit_cue
29_2,29,DISTINCT,False,,NA
29_2,29,SUM,False,,NA
29_2,29,MIN,False,,NA
29_2,29,MAX,False,,NA
29_2,29,GROUP BY,True,False,no_cue
29_2,29,Temporal,False,,NA
29_2,29,Negation,False,,NA
29_2,29,Set operation,False,,NA
29_3,29,COUNT,True,False,no_cue
29_3,29,DISTINCT,False,,NA
29_3,29,SUM,False,,NA
29_3,29,MIN,False,,NA
29_3,29,MAX,False,,NA
29_3,29,GROUP BY,True,False,no_cue
29_3,29,Temporal,False,,NA
29_3,29,Negation,False,,NA
29_3,29,Set operation,False,,NA
29_4,29,COUNT,True,False,no_cue
29_4,29,DISTINCT,False,,NA
29_4,29,SUM,False,,NA
29_4,29,MIN,False,,NA
29_4,29,MAX,False,,NA
29_4,29,GROUP BY,True,False,no_cue
29_4,29,Temporal,False,,NA
29_4,29,Negation,False,,NA
29_4,29,Set operation,False,,NA
29_5,29,COUNT,True,False,no_cue
29_5,29,DISTINCT,False,,NA
29_5,29,SUM,False,,NA
29_5,29,MIN,False,,NA
29_5,29,MAX,False,,NA
29_5,29,GROUP BY,True,False,no_cue
29_5,29,Temporal,False,,NA
29_5,29,Negation,False,,NA
29_5,29,Set operation,False,,NA
29_6,29,COUNT,True,False,no_cue
29_6,29,DISTINCT,False,,NA
29_6,29,SUM,False,,NA
29_6,29,MIN,False,,NA
29_6,29,MAX,False,,NA
29_6,29,GROUP BY,True,False,no_cue
29_6,29,Temporal,False,,NA
29_6,29,Negation,False,,NA
29_6,29,Set operation,False,,NA
30_0,30,COUNT,False,,NA
30_0,30,DISTINCT,False,,NA
30_0,30,SUM,True,False,no_cue
30_0,30,MIN,False,,NA
30_0,30,MAX,False,,NA
30_0,30,GROUP BY,True,True,explicit_cue
30_0,30,Temporal,False,,NA
30_0,30,Negation,False,,NA
30_0,30,Set operation,False,,NA
30_1,30,COUNT,False,,NA
30_1,30,DISTINCT,False,,NA
30_1,30,SUM,True,True,explicit_cue
30_1,30,MIN,False,,NA
30_1,30,MAX,False,,NA
30_1,30,GROUP BY,True,True,explicit_cue
30_1,30,Temporal,False,,NA
30_1,30,Negation,False,,NA
30_1,30,Set operation,False,,NA
30_2,30,COUNT,False,,NA
30_2,30,DISTINCT,False,,NA
30_2,30,SUM,True,True,explicit_cue
30_2,30,MIN,False,,NA
30_2,30,MAX,False,,NA
30_2,30,GROUP BY,True,True,explicit_cue
30_2,30,Temporal,False,,NA
30_2,30,Negation,False,,NA
30_2,30,Set operation,False,,NA
30_3,30,COUNT,False,,NA
30_3,30,DISTINCT,False,,NA
30_3,30,SUM,True,True,explicit_cue
30_3,30,MIN,False,,NA
30_3,30,MAX,False,,NA
30_3,30,GROUP BY,True,True,explicit_cue
30_3,30,Temporal,False,,NA
30_3,30,Negation,False,,NA
30_3,30,Set operation,False,,NA
30_4,30,COUNT,False,,NA
30_4,30,DISTINCT,False,,NA
30_4,30,SUM,True,True,explicit_cue
30_4,30,MIN,False,,NA
30_4,30,MAX,False,,NA
30_4,30,GROUP BY,True,True,explicit_cue
30_4,30,Temporal,False,,NA
30_4,30,Negation,False,,NA
30_4,30,Set operation,False,,NA
30_5,30,COUNT,False,,NA
30_5,30,DISTINCT,False,,NA
30_5,30,SUM,True,True,explicit_cue
30_5,30,MIN,False,,NA
30_5,30,MAX,False,,NA
30_5,30,GROUP BY,True,True,explicit_cue
30_5,30,Temporal,False,,NA
30_5,30,Negation,False,,NA
30_5,30,Set operation,False,,NA
30_6,30,COUNT,False,,NA
30_6,30,DISTINCT,False,,NA
30_6,30,SUM,True,True,explicit_cue
30_6,30,MIN,False,,NA
30_6,30,MAX,False,,NA
30_6,30,GROUP BY,True,True,explicit_cue
30_6,30,Temporal,False,,NA
30_6,30,Negation,False,,NA
30_6,30,Set operation,False,,NA
30_7,30,COUNT,False,,NA
30_7,30,DISTINCT,False,,NA
30_7,30,SUM,True,False,no_cue
30_7,30,MIN,False,,NA
30_7,30,MAX,False,,NA
30_7,30,GROUP BY,True,True,explicit_cue
30_7,30,Temporal,False,,NA
30_7,30,Negation,False,,NA
30_7,30,Set operation,False,,NA
30_8,30,COUNT,False,,NA
30_8,30,DISTINCT,False,,NA
30_8,30,SUM,True,False,no_cue
30_8,30,MIN,False,,NA
30_8,30,MAX,False,,NA
30_8,30,GROUP BY,True,True,explicit_cue
30_8,30,Temporal,False,,NA
30_8,30,Negation,False,,NA
30_8,30,Set operation,False,,NA
31_0,31,COUNT,True,True,explicit_cue
31_0,31,DISTINCT,False,,NA
31_0,31,SUM,False,,NA
31_0,31,MIN,False,,NA
31_0,31,MAX,False,,NA
31_0,31,GROUP BY,True,True,explicit_cue
31_0,31,Temporal,False,,NA
31_0,31,Negation,False,,NA
31_0,31,Set operation,False,,NA
31_1,31,COUNT,True,True,explicit_cue
31_1,31,DISTINCT,False,,NA
31_1,31,SUM,False,,NA
31_1,31,MIN,False,,NA
31_1,31,MAX,False,,NA
31_1,31,GROUP BY,True,True,explicit_cue
31_1,31,Temporal,False,,NA
31_1,31,Negation,False,,NA
31_1,31,Set operation,False,,NA
31_2,31,COUNT,True,True,explicit_cue
31_2,31,DISTINCT,False,,NA
31_2,31,SUM,False,,NA
31_2,31,MIN,False,,NA
31_2,31,MAX,False,,NA
31_2,31,GROUP BY,True,True,explicit_cue
31_2,31,Temporal,False,,NA
31_2,31,Negation,False,,NA
31_2,31,Set operation,False,,NA
32_0,32,COUNT,False,,NA
32_0,32,DISTINCT,False,,NA
32_0,32,SUM,False,,NA
32_0,32,MIN,False,,NA
32_0,32,MAX,False,,NA
32_0,32,GROUP BY,False,,NA
32_0,32,Temporal,False,,NA
32_0,32,Negation,False,,NA
32_0,32,Set operation,False,,NA
32_1,32,COUNT,False,,NA
32_1,32,DISTINCT,False,,NA
32_1,32,SUM,False,,NA
32_1,32,MIN,False,,NA
32_1,32,MAX,False,,NA
32_1,32,GROUP BY,False,,NA
32_1,32,Temporal,False,,NA
32_1,32,Negation,False,,NA
32_1,32,Set operation,False,,NA
32_2,32,COUNT,False,,NA
32_2,32,DISTINCT,False,,NA
32_2,32,SUM,False,,NA
32_2,32,MIN,False,,NA
32_2,32,MAX,False,,NA
32_2,32,GROUP BY,False,,NA
32_2,32,Temporal,False,,NA
32_2,32,Negation,False,,NA
32_2,32,Set operation,False,,NA
32_3,32,COUNT,False,,NA
32_3,32,DISTINCT,False,,NA
32_3,32,SUM,False,,NA
32_3,32,MIN,False,,NA
32_3,32,MAX,False,,NA
32_3,32,GROUP BY,False,,NA
32_3,32,Temporal,False,,NA
32_3,32,Negation,False,,NA
32_3,32,Set operation,False,,NA
32_4,32,COUNT,False,,NA
32_4,32,DISTINCT,False,,NA
32_4,32,SUM,False,,NA
32_4,32,MIN,False,,NA
32_4,32,MAX,False,,NA
32_4,32,GROUP BY,False,,NA
32_4,32,Temporal,False,,NA
32_4,32,Negation,False,,NA
32_4,32,Set operation,False,,NA
32_5,32,COUNT,False,,NA
32_5,32,DISTINCT,False,,NA
32_5,32,SUM,False,,NA
32_5,32,MIN,False,,NA
32_5,32,MAX,False,,NA
32_5,32,GROUP BY,False,,NA
32_5,32,Temporal,False,,NA
32_5,32,Negation,False,,NA
32_5,32,Set operation,False,,NA
33_0,33,COUNT,True,True,explicit_cue
33_0,33,DISTINCT,False,,NA
33_0,33,SUM,False,,NA
33_0,33,MIN,False,,NA
33_0,33,MAX,False,,NA
33_0,33,GROUP BY,True,True,explicit_cue
33_0,33,Temporal,False,,NA
33_0,33,Negation,False,,NA
33_0,33,Set operation,False,,NA
33_1,33,COUNT,True,True,explicit_cue
33_1,33,DISTINCT,False,,NA
33_1,33,SUM,False,,NA
33_1,33,MIN,False,,NA
33_1,33,MAX,False,,NA
33_1,33,GROUP BY,True,True,explicit_cue
33_1,33,Temporal,False,,NA
33_1,33,Negation,False,,NA
33_1,33,Set operation,False,,NA
33_2,33,COUNT,True,True,explicit_cue
33_2,33,DISTINCT,False,,NA
33_2,33,SUM,False,,NA
33_2,33,MIN,False,,NA
33_2,33,MAX,False,,NA
33_2,33,GROUP BY,True,True,explicit_cue
33_2,33,Temporal,False,,NA
33_2,33,Negation,False,,NA
33_2,33,Set operation,False,,NA
33_3,33,COUNT,True,True,explicit_cue
33_3,33,DISTINCT,False,,NA
33_3,33,SUM,False,,NA
33_3,33,MIN,False,,NA
33_3,33,MAX,False,,NA
33_3,33,GROUP BY,True,True,explicit_cue
33_3,33,Temporal,False,,NA
33_3,33,Negation,False,,NA
33_3,33,Set operation,False,,NA
33_4,33,COUNT,True,True,explicit_cue
33_4,33,DISTINCT,False,,NA
33_4,33,SUM,False,,NA
33_4,33,MIN,False,,NA
33_4,33,MAX,False,,NA
33_4,33,GROUP BY,True,True,explicit_cue
33_4,33,Temporal,False,,NA
33_4,33,Negation,False,,NA
33_4,33,Set operation,False,,NA
34_0,34,COUNT,True,True,explicit_cue
34_0,34,DISTINCT,False,,NA
34_0,34,SUM,False,,NA
34_0,34,MIN,False,,NA
34_0,34,MAX,False,,NA
34_0,34,GROUP BY,True,True,explicit_cue
34_0,34,Temporal,False,,NA
34_0,34,Negation,False,,NA
34_0,34,Set operation,False,,NA
34_1,34,COUNT,True,True,explicit_cue
34_1,34,DISTINCT,False,,NA
34_1,34,SUM,False,,NA
34_1,34,MIN,False,,NA
34_1,34,MAX,False,,NA
34_1,34,GROUP BY,True,True,explicit_cue
34_1,34,Temporal,False,,NA
34_1,34,Negation,False,,NA
34_1,34,Set operation,False,,NA
34_2,34,COUNT,True,True,explicit_cue
34_2,34,DISTINCT,False,,NA
34_2,34,SUM,False,,NA
34_2,34,MIN,False,,NA
34_2,34,MAX,False,,NA
34_2,34,GROUP BY,True,True,explicit_cue
34_2,34,Temporal,False,,NA
34_2,34,Negation,False,,NA
34_2,34,Set operation,False,,NA
35_0,35,COUNT,True,True,explicit_cue
35_0,35,DISTINCT,False,,NA
35_0,35,SUM,False,,NA
35_0,35,MIN,False,,NA
35_0,35,MAX,False,,NA
35_0,35,GROUP BY,True,True,explicit_cue
35_0,35,Temporal,True,True,explicit_cue
35_0,35,Negation,False,,NA
35_0,35,Set operation,False,,NA
35_1,35,COUNT,True,True,explicit_cue
35_1,35,DISTINCT,False,,NA
35_1,35,SUM,False,,NA
35_1,35,MIN,False,,NA
35_1,35,MAX,False,,NA
35_1,35,GROUP BY,True,True,explicit_cue
35_1,35,Temporal,True,True,explicit_cue
35_1,35,Negation,False,,NA
35_1,35,Set operation,False,,NA
35_2,35,COUNT,True,True,explicit_cue
35_2,35,DISTINCT,False,,NA
35_2,35,SUM,False,,NA
35_2,35,MIN,False,,NA
35_2,35,MAX,False,,NA
35_2,35,GROUP BY,True,True,explicit_cue
35_2,35,Temporal,True,True,explicit_cue
35_2,35,Negation,False,,NA
35_2,35,Set operation,False,,NA
35_3,35,COUNT,True,True,explicit_cue
35_3,35,DISTINCT,False,,NA
35_3,35,SUM,False,,NA
35_3,35,MIN,False,,NA
35_3,35,MAX,False,,NA
35_3,35,GROUP BY,True,True,explicit_cue
35_3,35,Temporal,True,True,explicit_cue
35_3,35,Negation,False,,NA
35_3,35,Set operation,False,,NA
36_0,36,COUNT,True,True,explicit_cue
36_0,36,DISTINCT,False,,NA
36_0,36,SUM,False,,NA
36_0,36,MIN,False,,NA
36_0,36,MAX,False,,NA
36_0,36,GROUP BY,False,,NA
36_0,36,Temporal,True,True,explicit_cue
36_0,36,Negation,False,,NA
36_0,36,Set operation,False,,NA
36_1,36,COUNT,True,True,explicit_cue
36_1,36,DISTINCT,False,,NA
36_1,36,SUM,False,,NA
36_1,36,MIN,False,,NA
36_1,36,MAX,False,,NA
36_1,36,GROUP BY,False,,NA
36_1,36,Temporal,True,True,explicit_cue
36_1,36,Negation,False,,NA
36_1,36,Set operation,False,,NA
36_2,36,COUNT,True,True,explicit_cue
36_2,36,DISTINCT,False,,NA
36_2,36,SUM,False,,NA
36_2,36,MIN,False,,NA
36_2,36,MAX,False,,NA
36_2,36,GROUP BY,False,,NA
36_2,36,Temporal,True,True,explicit_cue
36_2,36,Negation,False,,NA
36_2,36,Set operation,False,,NA
36_3,36,COUNT,True,True,explicit_cue
36_3,36,DISTINCT,False,,NA
36_3,36,SUM,False,,NA
36_3,36,MIN,False,,NA
36_3,36,MAX,False,,NA
36_3,36,GROUP BY,False,,NA
36_3,36,Temporal,True,True,explicit_cue
36_3,36,Negation,False,,NA
36_3,36,Set operation,False,,NA
36_4,36,COUNT,True,True,explicit_cue
36_4,36,DISTINCT,False,,NA
36_4,36,SUM,False,,NA
36_4,36,MIN,False,,NA
36_4,36,MAX,False,,NA
36_4,36,GROUP BY,False,,NA
36_4,36,Temporal,True,True,explicit_cue
36_4,36,Negation,False,,NA
36_4,36,Set operation,False,,NA
36_5,36,COUNT,True,False,no_cue
36_5,36,DISTINCT,False,,NA
36_5,36,SUM,False,,NA
36_5,36,MIN,False,,NA
36_5,36,MAX,False,,NA
36_5,36,GROUP BY,False,,NA
36_5,36,Temporal,True,True,explicit_cue
36_5,36,Negation,False,,NA
36_5,36,Set operation,False,,NA
37_0,37,COUNT,False,,NA
37_0,37,DISTINCT,False,,NA
37_0,37,SUM,False,,NA
37_0,37,MIN,False,,NA
37_0,37,MAX,True,True,explicit_cue
37_0,37,GROUP BY,True,True,explicit_cue
37_0,37,Temporal,False,,NA
37_0,37,Negation,False,,NA
37_0,37,Set operation,False,,NA
37_1,37,COUNT,False,,NA
37_1,37,DISTINCT,False,,NA
37_1,37,SUM,False,,NA
37_1,37,MIN,False,,NA
37_1,37,MAX,True,True,explicit_cue
37_1,37,GROUP BY,True,True,explicit_cue
37_1,37,Temporal,False,,NA
37_1,37,Negation,False,,NA
37_1,37,Set operation,False,,NA
37_2,37,COUNT,False,,NA
37_2,37,DISTINCT,False,,NA
37_2,37,SUM,False,,NA
37_2,37,MIN,False,,NA
37_2,37,MAX,True,True,explicit_cue
37_2,37,GROUP BY,True,True,explicit_cue
37_2,37,Temporal,False,,NA
37_2,37,Negation,False,,NA
37_2,37,Set operation,False,,NA
37_3,37,COUNT,False,,NA
37_3,37,DISTINCT,False,,NA
37_3,37,SUM,False,,NA
37_3,37,MIN,False,,NA
37_3,37,MAX,True,False,no_cue
37_3,37,GROUP BY,True,True,explicit_cue
37_3,37,Temporal,False,,NA
37_3,37,Negation,False,,NA
37_3,37,Set operation,False,,NA
37_4,37,COUNT,False,,NA
37_4,37,DISTINCT,False,,NA
37_4,37,SUM,False,,NA
37_4,37,MIN,False,,NA
37_4,37,MAX,True,False,no_cue
37_4,37,GROUP BY,True,True,explicit_cue
37_4,37,Temporal,False,,NA
37_4,37,Negation,False,,NA
37_4,37,Set operation,False,,NA
37_5,37,COUNT,False,,NA
37_5,37,DISTINCT,False,,NA
37_5,37,SUM,False,,NA
37_5,37,MIN,False,,NA
37_5,37,MAX,True,False,no_cue
37_5,37,GROUP BY,True,True,explicit_cue
37_5,37,Temporal,False,,NA
37_5,37,Negation,False,,NA
37_5,37,Set operation,False,,NA
37_6,37,COUNT,False,,NA
37_6,37,DISTINCT,False,,NA
37_6,37,SUM,False,,NA
37_6,37,MIN,False,,NA
37_6,37,MAX,True,True,explicit_cue
37_6,37,GROUP BY,True,True,explicit_cue
37_6,37,Temporal,False,,NA
37_6,37,Negation,False,,NA
37_6,37,Set operation,False,,NA
37_7,37,COUNT,False,,NA
37_7,37,DISTINCT,False,,NA
37_7,37,SUM,False,,NA
37_7,37,MIN,False,,NA
37_7,37,MAX,True,False,no_cue
37_7,37,GROUP BY,True,True,explicit_cue
37_7,37,Temporal,False,,NA
37_7,37,Negation,False,,NA
37_7,37,Set operation,False,,NA
38_0,38,COUNT,True,True,explicit_cue
38_0,38,DISTINCT,False,,NA
38_0,38,SUM,False,,NA
38_0,38,MIN,False,,NA
38_0,38,MAX,False,,NA
38_0,38,GROUP BY,True,True,explicit_cue
38_0,38,Temporal,True,True,explicit_cue
38_0,38,Negation,False,,NA
38_0,38,Set operation,True,False,no_cue
38_1,38,COUNT,True,True,explicit_cue
38_1,38,DISTINCT,False,,NA
38_1,38,SUM,False,,NA
38_1,38,MIN,False,,NA
38_1,38,MAX,False,,NA
38_1,38,GROUP BY,True,True,explicit_cue
38_1,38,Temporal,True,True,explicit_cue
38_1,38,Negation,False,,NA
38_1,38,Set operation,True,False,no_cue
38_2,38,COUNT,True,True,explicit_cue
38_2,38,DISTINCT,False,,NA
38_2,38,SUM,False,,NA
38_2,38,MIN,False,,NA
38_2,38,MAX,False,,NA
38_2,38,GROUP BY,True,True,explicit_cue
38_2,38,Temporal,True,True,explicit_cue
38_2,38,Negation,False,,NA
38_2,38,Set operation,True,False,no_cue
38_3,38,COUNT,True,True,explicit_cue
38_3,38,DISTINCT,False,,NA
38_3,38,SUM,False,,NA
38_3,38,MIN,False,,NA
38_3,38,MAX,False,,NA
38_3,38,GROUP BY,True,True,explicit_cue
38_3,38,Temporal,True,True,explicit_cue
38_3,38,Negation,False,,NA
38_3,38,Set operation,True,False,no_cue
38_4,38,COUNT,True,True,explicit_cue
38_4,38,DISTINCT,False,,NA
38_4,38,SUM,False,,NA
38_4,38,MIN,False,,NA
38_4,38,MAX,False,,NA
38_4,38,GROUP BY,True,True,explicit_cue
38_4,38,Temporal,True,True,explicit_cue
38_4,38,Negation,False,,NA
38_4,38,Set operation,True,False,no_cue
38_5,38,COUNT,True,True,explicit_cue
38_5,38,DISTINCT,False,,NA
38_5,38,SUM,False,,NA
38_5,38,MIN,False,,NA
38_5,38,MAX,False,,NA
38_5,38,GROUP BY,True,True,explicit_cue
38_5,38,Temporal,True,True,explicit_cue
38_5,38,Negation,False,,NA
38_5,38,Set operation,True,False,no_cue
39_0,39,COUNT,False,,NA
39_0,39,DISTINCT,False,,NA
39_0,39,SUM,False,,NA
39_0,39,MIN,False,,NA
39_0,39,MAX,False,,NA
39_0,39,GROUP BY,False,,NA
39_0,39,Temporal,False,,NA
39_0,39,Negation,False,,NA
39_0,39,Set operation,False,,NA
39_1,39,COUNT,False,,NA
39_1,39,DISTINCT,False,,NA
39_1,39,SUM,False,,NA
39_1,39,MIN,False,,NA
39_1,39,MAX,False,,NA
39_1,39,GROUP BY,False,,NA
39_1,39,Temporal,False,,NA
39_1,39,Negation,False,,NA
39_1,39,Set operation,False,,NA
39_2,39,COUNT,False,,NA
39_2,39,DISTINCT,False,,NA
39_2,39,SUM,False,,NA
39_2,39,MIN,False,,NA
39_2,39,MAX,False,,NA
39_2,39,GROUP BY,False,,NA
39_2,39,Temporal,False,,NA
39_2,39,Negation,False,,NA
39_2,39,Set operation,False,,NA
40_0,40,COUNT,True,True,explicit_cue
40_0,40,DISTINCT,False,,NA
40_0,40,SUM,False,,NA
40_0,40,MIN,False,,NA
40_0,40,MAX,False,,NA
40_0,40,GROUP BY,False,,NA
40_0,40,Temporal,False,,NA
40_0,40,Negation,False,,NA
40_0,40,Set operation,False,,NA
40_1,40,COUNT,True,False,no_cue
40_1,40,DISTINCT,False,,NA
40_1,40,SUM,False,,NA
40_1,40,MIN,False,,NA
40_1,40,MAX,False,,NA
40_1,40,GROUP BY,False,,NA
40_1,40,Temporal,False,,NA
40_1,40,Negation,False,,NA
40_1,40,Set operation,False,,NA
40_2,40,COUNT,True,True,explicit_cue
40_2,40,DISTINCT,False,,NA
40_2,40,SUM,False,,NA
40_2,40,MIN,False,,NA
40_2,40,MAX,False,,NA
40_2,40,GROUP BY,False,,NA
40_2,40,Temporal,False,,NA
40_2,40,Negation,False,,NA
40_2,40,Set operation,False,,NA
40_3,40,COUNT,True,True,explicit_cue
40_3,40,DISTINCT,False,,NA
40_3,40,SUM,False,,NA
40_3,40,MIN,False,,NA
40_3,40,MAX,False,,NA
40_3,40,GROUP BY,False,,NA
40_3,40,Temporal,False,,NA
40_3,40,Negation,False,,NA
40_3,40,Set operation,False,,NA
40_4,40,COUNT,True,True,explicit_cue
40_4,40,DISTINCT,False,,NA
40_4,40,SUM,False,,NA
40_4,40,MIN,False,,NA
40_4,40,MAX,False,,NA
40_4,40,GROUP BY,False,,NA
40_4,40,Temporal,False,,NA
40_4,40,Negation,False,,NA
40_4,40,Set operation,False,,NA
40_5,40,COUNT,True,True,explicit_cue
40_5,40,DISTINCT,False,,NA
40_5,40,SUM,False,,NA
40_5,40,MIN,False,,NA
40_5,40,MAX,False,,NA
40_5,40,GROUP BY,False,,NA
40_5,40,Temporal,False,,NA
40_5,40,Negation,False,,NA
40_5,40,Set operation,False,,NA
41_0,41,COUNT,True,True,explicit_cue
41_0,41,DISTINCT,False,,NA
41_0,41,SUM,False,,NA
41_0,41,MIN,False,,NA
41_0,41,MAX,False,,NA
41_0,41,GROUP BY,False,,NA
41_0,41,Temporal,False,,NA
41_0,41,Negation,True,False,no_cue
41_0,41,Set operation,False,,NA
41_1,41,COUNT,True,True,explicit_cue
41_1,41,DISTINCT,False,,NA
41_1,41,SUM,False,,NA
41_1,41,MIN,False,,NA
41_1,41,MAX,False,,NA
41_1,41,GROUP BY,False,,NA
41_1,41,Temporal,False,,NA
41_1,41,Negation,True,False,no_cue
41_1,41,Set operation,False,,NA
41_2,41,COUNT,True,True,explicit_cue
41_2,41,DISTINCT,False,,NA
41_2,41,SUM,False,,NA
41_2,41,MIN,False,,NA
41_2,41,MAX,False,,NA
41_2,41,GROUP BY,False,,NA
41_2,41,Temporal,False,,NA
41_2,41,Negation,True,False,no_cue
41_2,41,Set operation,False,,NA
41_3,41,COUNT,True,False,no_cue
41_3,41,DISTINCT,False,,NA
41_3,41,SUM,False,,NA
41_3,41,MIN,False,,NA
41_3,41,MAX,False,,NA
41_3,41,GROUP BY,False,,NA
41_3,41,Temporal,False,,NA
41_3,41,Negation,True,False,no_cue
41_3,41,Set operation,False,,NA
42_0,42,COUNT,True,True,explicit_cue
42_0,42,DISTINCT,False,,NA
42_0,42,SUM,False,,NA
42_0,42,MIN,False,,NA
42_0,42,MAX,False,,NA
42_0,42,GROUP BY,True,False,no_cue
42_0,42,Temporal,False,,NA
42_0,42,Negation,True,False,no_cue
42_0,42,Set operation,False,,NA
42_1,42,COUNT,True,True,explicit_cue
42_1,42,DISTINCT,False,,NA
42_1,42,SUM,False,,NA
42_1,42,MIN,False,,NA
42_1,42,MAX,False,,NA
42_1,42,GROUP BY,True,True,explicit_cue
42_1,42,Temporal,False,,NA
42_1,42,Negation,True,False,no_cue
42_1,42,Set operation,False,,NA
42_2,42,COUNT,True,False,no_cue
42_2,42,DISTINCT,False,,NA
42_2,42,SUM,False,,NA
42_2,42,MIN,False,,NA
42_2,42,MAX,False,,NA
42_2,42,GROUP BY,True,True,explicit_cue
42_2,42,Temporal,False,,NA
42_2,42,Negation,True,False,no_cue
42_2,42,Set operation,False,,NA
43_0,43,COUNT,True,True,explicit_cue
43_0,43,DISTINCT,True,False,no_cue
43_0,43,SUM,False,,NA
43_0,43,MIN,False,,NA
43_0,43,MAX,False,,NA
43_0,43,GROUP BY,True,False,no_cue
43_0,43,Temporal,False,,NA
43_0,43,Negation,False,,NA
43_0,43,Set operation,False,,NA
43_1,43,COUNT,True,True,explicit_cue
43_1,43,DISTINCT,True,False,no_cue
43_1,43,SUM,False,,NA
43_1,43,MIN,False,,NA
43_1,43,MAX,False,,NA
43_1,43,GROUP BY,True,False,no_cue
43_1,43,Temporal,False,,NA
43_1,43,Negation,False,,NA
43_1,43,Set operation,False,,NA
43_2,43,COUNT,True,True,explicit_cue
43_2,43,DISTINCT,True,False,no_cue
43_2,43,SUM,False,,NA
43_2,43,MIN,False,,NA
43_2,43,MAX,False,,NA
43_2,43,GROUP BY,True,False,no_cue
43_2,43,Temporal,False,,NA
43_2,43,Negation,False,,NA
43_2,43,Set operation,False,,NA
43_3,43,COUNT,True,True,explicit_cue
43_3,43,DISTINCT,True,False,no_cue
43_3,43,SUM,False,,NA
43_3,43,MIN,False,,NA
43_3,43,MAX,False,,NA
43_3,43,GROUP BY,True,False,no_cue
43_3,43,Temporal,False,,NA
43_3,43,Negation,False,,NA
43_3,43,Set operation,False,,NA
43_4,43,COUNT,True,True,explicit_cue
43_4,43,DISTINCT,True,False,no_cue
43_4,43,SUM,False,,NA
43_4,43,MIN,False,,NA
43_4,43,MAX,False,,NA
43_4,43,GROUP BY,True,False,no_cue
43_4,43,Temporal,False,,NA
43_4,43,Negation,False,,NA
43_4,43,Set operation,False,,NA
44_0,44,COUNT,False,,NA
44_0,44,DISTINCT,True,False,no_cue
44_0,44,SUM,False,,NA
44_0,44,MIN,False,,NA
44_0,44,MAX,False,,NA
44_0,44,GROUP BY,False,,NA
44_0,44,Temporal,False,,NA
44_0,44,Negation,False,,NA
44_0,44,Set operation,False,,NA
44_1,44,COUNT,False,,NA
44_1,44,DISTINCT,True,False,no_cue
44_1,44,SUM,False,,NA
44_1,44,MIN,False,,NA
44_1,44,MAX,False,,NA
44_1,44,GROUP BY,False,,NA
44_1,44,Temporal,False,,NA
44_1,44,Negation,False,,NA
44_1,44,Set operation,False,,NA
44_2,44,COUNT,False,,NA
44_2,44,DISTINCT,True,False,no_cue
44_2,44,SUM,False,,NA
44_2,44,MIN,False,,NA
44_2,44,MAX,False,,NA
44_2,44,GROUP BY,False,,NA
44_2,44,Temporal,False,,NA
44_2,44,Negation,False,,NA
44_2,44,Set operation,False,,NA
44_3,44,COUNT,False,,NA
44_3,44,DISTINCT,True,False,no_cue
44_3,44,SUM,False,,NA
44_3,44,MIN,False,,NA
44_3,44,MAX,False,,NA
44_3,44,GROUP BY,False,,NA
44_3,44,Temporal,False,,NA
44_3,44,Negation,False,,NA
44_3,44,Set operation,False,,NA
44_4,44,COUNT,False,,NA
44_4,44,DISTINCT,True,False,no_cue
44_4,44,SUM,False,,NA
44_4,44,MIN,False,,NA
44_4,44,MAX,False,,NA
44_4,44,GROUP BY,False,,NA
44_4,44,Temporal,False,,NA
44_4,44,Negation,False,,NA
44_4,44,Set operation,False,,NA
44_5,44,COUNT,False,,NA
44_5,44,DISTINCT,True,False,no_cue
44_5,44,SUM,False,,NA
44_5,44,MIN,False,,NA
44_5,44,MAX,False,,NA
44_5,44,GROUP BY,False,,NA
44_5,44,Temporal,False,,NA
44_5,44,Negation,False,,NA
44_5,44,Set operation,False,,NA
44_6,44,COUNT,False,,NA
44_6,44,DISTINCT,True,False,no_cue
44_6,44,SUM,False,,NA
44_6,44,MIN,False,,NA
44_6,44,MAX,False,,NA
44_6,44,GROUP BY,False,,NA
44_6,44,Temporal,False,,NA
44_6,44,Negation,False,,NA
44_6,44,Set operation,False,,NA
45_0,45,COUNT,True,True,explicit_cue
45_0,45,DISTINCT,True,False,no_cue
45_0,45,SUM,False,,NA
45_0,45,MIN,False,,NA
45_0,45,MAX,False,,NA
45_0,45,GROUP BY,False,,NA
45_0,45,Temporal,True,True,explicit_cue
45_0,45,Negation,False,,NA
45_0,45,Set operation,False,,NA
45_1,45,COUNT,True,True,explicit_cue
45_1,45,DISTINCT,True,False,no_cue
45_1,45,SUM,False,,NA
45_1,45,MIN,False,,NA
45_1,45,MAX,False,,NA
45_1,45,GROUP BY,False,,NA
45_1,45,Temporal,True,True,explicit_cue
45_1,45,Negation,False,,NA
45_1,45,Set operation,False,,NA
45_2,45,COUNT,True,True,explicit_cue
45_2,45,DISTINCT,True,False,no_cue
45_2,45,SUM,False,,NA
45_2,45,MIN,False,,NA
45_2,45,MAX,False,,NA
45_2,45,GROUP BY,False,,NA
45_2,45,Temporal,True,True,explicit_cue
45_2,45,Negation,False,,NA
45_2,45,Set operation,False,,NA
45_3,45,COUNT,True,True,explicit_cue
45_3,45,DISTINCT,True,False,no_cue
45_3,45,SUM,False,,NA
45_3,45,MIN,False,,NA
45_3,45,MAX,False,,NA
45_3,45,GROUP BY,False,,NA
45_3,45,Temporal,True,True,explicit_cue
45_3,45,Negation,False,,NA
45_3,45,Set operation,False,,NA
46_0,46,COUNT,False,,NA
46_0,46,DISTINCT,False,,NA
46_0,46,SUM,False,,NA
46_0,46,MIN,False,,NA
46_0,46,MAX,False,,NA
46_0,46,GROUP BY,False,,NA
46_0,46,Temporal,True,True,explicit_cue
46_0,46,Negation,False,,NA
46_0,46,Set operation,True,False,no_cue
46_1,46,COUNT,False,,NA
46_1,46,DISTINCT,False,,NA
46_1,46,SUM,False,,NA
46_1,46,MIN,False,,NA
46_1,46,MAX,False,,NA
46_1,46,GROUP BY,False,,NA
46_1,46,Temporal,True,True,explicit_cue
46_1,46,Negation,False,,NA
46_1,46,Set operation,True,False,no_cue
46_2,46,COUNT,False,,NA
46_2,46,DISTINCT,False,,NA
46_2,46,SUM,False,,NA
46_2,46,MIN,False,,NA
46_2,46,MAX,False,,NA
46_2,46,GROUP BY,False,,NA
46_2,46,Temporal,True,True,explicit_cue
46_2,46,Negation,False,,NA
46_2,46,Set operation,True,False,no_cue
46_3,46,COUNT,False,,NA
46_3,46,DISTINCT,False,,NA
46_3,46,SUM,False,,NA
46_3,46,MIN,False,,NA
46_3,46,MAX,False,,NA
46_3,46,GROUP BY,False,,NA
46_3,46,Temporal,True,True,explicit_cue
46_3,46,Negation,False,,NA
46_3,46,Set operation,True,False,no_cue
46_4,46,COUNT,False,,NA
46_4,46,DISTINCT,False,,NA
46_4,46,SUM,False,,NA
46_4,46,MIN,False,,NA
46_4,46,MAX,False,,NA
46_4,46,GROUP BY,False,,NA
46_4,46,Temporal,True,True,explicit_cue
46_4,46,Negation,False,,NA
46_4,46,Set operation,True,False,no_cue
47_0,47,COUNT,True,False,no_cue
47_0,47,DISTINCT,True,True,explicit_cue
47_0,47,SUM,False,,NA
47_0,47,MIN,False,,NA
47_0,47,MAX,False,,NA
47_0,47,GROUP BY,True,False,no_cue
47_0,47,Temporal,False,,NA
47_0,47,Negation,False,,NA
47_0,47,Set operation,False,,NA
47_1,47,COUNT,True,False,no_cue
47_1,47,DISTINCT,True,True,explicit_cue
47_1,47,SUM,False,,NA
47_1,47,MIN,False,,NA
47_1,47,MAX,False,,NA
47_1,47,GROUP BY,True,False,no_cue
47_1,47,Temporal,False,,NA
47_1,47,Negation,False,,NA
47_1,47,Set operation,False,,NA
47_2,47,COUNT,True,False,no_cue
47_2,47,DISTINCT,True,True,explicit_cue
47_2,47,SUM,False,,NA
47_2,47,MIN,False,,NA
47_2,47,MAX,False,,NA
47_2,47,GROUP BY,True,False,no_cue
47_2,47,Temporal,False,,NA
47_2,47,Negation,False,,NA
47_2,47,Set operation,False,,NA
47_3,47,COUNT,True,False,no_cue
47_3,47,DISTINCT,True,True,explicit_cue
47_3,47,SUM,False,,NA
47_3,47,MIN,False,,NA
47_3,47,MAX,False,,NA
47_3,47,GROUP BY,True,False,no_cue
47_3,47,Temporal,False,,NA
47_3,47,Negation,False,,NA
47_3,47,Set operation,False,,NA
47_4,47,COUNT,True,False,no_cue
47_4,47,DISTINCT,True,True,explicit_cue
47_4,47,SUM,False,,NA
47_4,47,MIN,False,,NA
47_4,47,MAX,False,,NA
47_4,47,GROUP BY,True,False,no_cue
47_4,47,Temporal,False,,NA
47_4,47,Negation,False,,NA
47_4,47,Set operation,False,,NA
47_5,47,COUNT,True,False,no_cue
47_5,47,DISTINCT,True,True,explicit_cue
47_5,47,SUM,False,,NA
47_5,47,MIN,False,,NA
47_5,47,MAX,False,,NA
47_5,47,GROUP BY,True,False,no_cue
47_5,47,Temporal,False,,NA
47_5,47,Negation,False,,NA
47_5,47,Set operation,False,,NA
47_6,47,COUNT,True,False,no_cue
47_6,47,DISTINCT,True,True,explicit_cue
47_6,47,SUM,False,,NA
47_6,47,MIN,False,,NA
47_6,47,MAX,False,,NA
47_6,47,GROUP BY,True,False,no_cue
47_6,47,Temporal,False,,NA
47_6,47,Negation,False,,NA
47_6,47,Set operation,False,,NA
47_7,47,COUNT,True,False,no_cue
47_7,47,DISTINCT,True,True,explicit_cue
47_7,47,SUM,False,,NA
47_7,47,MIN,False,,NA
47_7,47,MAX,False,,NA
47_7,47,GROUP BY,True,False,no_cue
47_7,47,Temporal,False,,NA
47_7,47,Negation,False,,NA
47_7,47,Set operation,False,,NA
47_8,47,COUNT,True,False,no_cue
47_8,47,DISTINCT,True,True,explicit_cue
47_8,47,SUM,False,,NA
47_8,47,MIN,False,,NA
47_8,47,MAX,False,,NA
47_8,47,GROUP BY,True,False,no_cue
47_8,47,Temporal,False,,NA
47_8,47,Negation,False,,NA
47_8,47,Set operation,False,,NA
48_0,48,COUNT,True,False,no_cue
48_0,48,DISTINCT,False,,NA
48_0,48,SUM,False,,NA
48_0,48,MIN,False,,NA
48_0,48,MAX,False,,NA
48_0,48,GROUP BY,True,False,no_cue
48_0,48,Temporal,False,,NA
48_0,48,Negation,False,,NA
48_0,48,Set operation,False,,NA
48_1,48,COUNT,True,False,no_cue
48_1,48,DISTINCT,False,,NA
48_1,48,SUM,False,,NA
48_1,48,MIN,False,,NA
48_1,48,MAX,False,,NA
48_1,48,GROUP BY,True,False,no_cue
48_1,48,Temporal,False,,NA
48_1,48,Negation,False,,NA
48_1,48,Set operation,False,,NA
48_2,48,COUNT,True,False,no_cue
48_2,48,DISTINCT,False,,NA
48_2,48,SUM,False,,NA
48_2,48,MIN,False,,NA
48_2,48,MAX,False,,NA
48_2,48,GROUP BY,True,False,no_cue
48_2,48,Temporal,False,,NA
48_2,48,Negation,False,,NA
48_2,48,Set operation,False,,NA
48_3,48,COUNT,True,False,no_cue
48_3,48,DISTINCT,False,,NA
48_3,48,SUM,False,,NA
48_3,48,MIN,False,,NA
48_3,48,MAX,False,,NA
48_3,48,GROUP BY,True,False,no_cue
48_3,48,Temporal,False,,NA
48_3,48,Negation,False,,NA
48_3,48,Set operation,False,,NA
48_4,48,COUNT,True,False,no_cue
48_4,48,DISTINCT,False,,NA
48_4,48,SUM,False,,NA
48_4,48,MIN,False,,NA
48_4,48,MAX,False,,NA
48_4,48,GROUP BY,True,False,no_cue
48_4,48,Temporal,False,,NA
48_4,48,Negation,False,,NA
48_4,48,Set operation,False,,NA
48_5,48,COUNT,True,False,no_cue
48_5,48,DISTINCT,False,,NA
48_5,48,SUM,False,,NA
48_5,48,MIN,False,,NA
48_5,48,MAX,False,,NA
48_5,48,GROUP BY,True,False,no_cue
48_5,48,Temporal,False,,NA
48_5,48,Negation,False,,NA
48_5,48,Set operation,False,,NA
48_6,48,COUNT,True,False,no_cue
48_6,48,DISTINCT,False,,NA
48_6,48,SUM,False,,NA
48_6,48,MIN,False,,NA
48_6,48,MAX,False,,NA
48_6,48,GROUP BY,True,False,no_cue
48_6,48,Temporal,False,,NA
48_6,48,Negation,False,,NA
48_6,48,Set operation,False,,NA
48_7,48,COUNT,True,False,no_cue
48_7,48,DISTINCT,False,,NA
48_7,48,SUM,False,,NA
48_7,48,MIN,False,,NA
48_7,48,MAX,False,,NA
48_7,48,GROUP BY,True,False,no_cue
48_7,48,Temporal,False,,NA
48_7,48,Negation,False,,NA
48_7,48,Set operation,False,,NA
48_8,48,COUNT,True,False,no_cue
48_8,48,DISTINCT,False,,NA
48_8,48,SUM,False,,NA
48_8,48,MIN,False,,NA
48_8,48,MAX,False,,NA
48_8,48,GROUP BY,True,False,no_cue
48_8,48,Temporal,False,,NA
48_8,48,Negation,False,,NA
48_8,48,Set operation,False,,NA
49_0,49,COUNT,False,,NA
49_0,49,DISTINCT,False,,NA
49_0,49,SUM,False,,NA
49_0,49,MIN,True,False,no_cue
49_0,49,MAX,True,False,no_cue
49_0,49,GROUP BY,True,True,explicit_cue
49_0,49,Temporal,False,,NA
49_0,49,Negation,False,,NA
49_0,49,Set operation,False,,NA
49_1,49,COUNT,False,,NA
49_1,49,DISTINCT,False,,NA
49_1,49,SUM,False,,NA
49_1,49,MIN,True,False,no_cue
49_1,49,MAX,True,False,no_cue
49_1,49,GROUP BY,True,True,explicit_cue
49_1,49,Temporal,False,,NA
49_1,49,Negation,False,,NA
49_1,49,Set operation,False,,NA
49_2,49,COUNT,False,,NA
49_2,49,DISTINCT,False,,NA
49_2,49,SUM,False,,NA
49_2,49,MIN,True,False,no_cue
49_2,49,MAX,True,False,no_cue
49_2,49,GROUP BY,True,True,explicit_cue
49_2,49,Temporal,False,,NA
49_2,49,Negation,False,,NA
49_2,49,Set operation,False,,NA
49_3,49,COUNT,False,,NA
49_3,49,DISTINCT,False,,NA
49_3,49,SUM,False,,NA
49_3,49,MIN,True,False,no_cue
49_3,49,MAX,True,False,no_cue
49_3,49,GROUP BY,True,True,explicit_cue
49_3,49,Temporal,False,,NA
49_3,49,Negation,False,,NA
49_3,49,Set operation,False,,NA
49_4,49,COUNT,False,,NA
49_4,49,DISTINCT,False,,NA
49_4,49,SUM,False,,NA
49_4,49,MIN,True,False,no_cue
49_4,49,MAX,True,False,no_cue
49_4,49,GROUP BY,True,True,explicit_cue
49_4,49,Temporal,False,,NA
49_4,49,Negation,False,,NA
49_4,49,Set operation,False,,NA
49_5,49,COUNT,False,,NA
49_5,49,DISTINCT,False,,NA
49_5,49,SUM,False,,NA
49_5,49,MIN,True,False,no_cue
49_5,49,MAX,True,False,no_cue
49_5,49,GROUP BY,True,True,explicit_cue
49_5,49,Temporal,False,,NA
49_5,49,Negation,False,,NA
49_5,49,Set operation,False,,NA
50_0,50,COUNT,True,False,no_cue
50_0,50,DISTINCT,True,False,no_cue
50_0,50,SUM,False,,NA
50_0,50,MIN,False,,NA
50_0,50,MAX,False,,NA
50_0,50,GROUP BY,True,False,no_cue
50_0,50,Temporal,False,,NA
50_0,50,Negation,False,,NA
50_0,50,Set operation,False,,NA
50_1,50,COUNT,True,False,no_cue
50_1,50,DISTINCT,True,False,no_cue
50_1,50,SUM,False,,NA
50_1,50,MIN,False,,NA
50_1,50,MAX,False,,NA
50_1,50,GROUP BY,True,False,no_cue
50_1,50,Temporal,False,,NA
50_1,50,Negation,False,,NA
50_1,50,Set operation,False,,NA
50_2,50,COUNT,True,False,no_cue
50_2,50,DISTINCT,True,False,no_cue
50_2,50,SUM,False,,NA
50_2,50,MIN,False,,NA
50_2,50,MAX,False,,NA
50_2,50,GROUP BY,True,False,no_cue
50_2,50,Temporal,False,,NA
50_2,50,Negation,False,,NA
50_2,50,Set operation,False,,NA
50_3,50,COUNT,True,False,no_cue
50_3,50,DISTINCT,True,False,no_cue
50_3,50,SUM,False,,NA
50_3,50,MIN,False,,NA
50_3,50,MAX,False,,NA
50_3,50,GROUP BY,True,True,explicit_cue
50_3,50,Temporal,False,,NA
50_3,50,Negation,False,,NA
50_3,50,Set operation,False,,NA
50_4,50,COUNT,True,False,no_cue
50_4,50,DISTINCT,True,False,no_cue
50_4,50,SUM,False,,NA
50_4,50,MIN,False,,NA
50_4,50,MAX,False,,NA
50_4,50,GROUP BY,True,False,no_cue
50_4,50,Temporal,False,,NA
50_4,50,Negation,False,,NA
50_4,50,Set operation,False,,NA
50_5,50,COUNT,True,False,no_cue
50_5,50,DISTINCT,True,False,no_cue
50_5,50,SUM,False,,NA
50_5,50,MIN,False,,NA
50_5,50,MAX,False,,NA
50_5,50,GROUP BY,True,True,explicit_cue
50_5,50,Temporal,False,,NA
50_5,50,Negation,False,,NA
50_5,50,Set operation,False,,NA
50_6,50,COUNT,True,False,no_cue
50_6,50,DISTINCT,True,False,no_cue
50_6,50,SUM,False,,NA
50_6,50,MIN,False,,NA
50_6,50,MAX,False,,NA
50_6,50,GROUP BY,True,False,no_cue
50_6,50,Temporal,False,,NA
50_6,50,Negation,False,,NA
50_6,50,Set operation,False,,NA
50_7,50,COUNT,True,False,no_cue
50_7,50,DISTINCT,True,False,no_cue
50_7,50,SUM,False,,NA
50_7,50,MIN,False,,NA
50_7,50,MAX,False,,NA
50_7,50,GROUP BY,True,True,explicit_cue
50_7,50,Temporal,False,,NA
50_7,50,Negation,False,,NA
50_7,50,Set operation,False,,NA
50_8,50,COUNT,True,False,no_cue
50_8,50,DISTINCT,True,False,no_cue
50_8,50,SUM,False,,NA
50_8,50,MIN,False,,NA
50_8,50,MAX,False,,NA
50_8,50,GROUP BY,True,False,no_cue
50_8,50,Temporal,False,,NA
50_8,50,Negation,False,,NA
50_8,50,Set operation,False,,NA
50_9,50,COUNT,True,False,no_cue
50_9,50,DISTINCT,True,False,no_cue
50_9,50,SUM,False,,NA
50_9,50,MIN,False,,NA
50_9,50,MAX,False,,NA
50_9,50,GROUP BY,True,True,explicit_cue
50_9,50,Temporal,False,,NA
50_9,50,Negation,False,,NA
50_9,50,Set operation,False,,NA
51_0,51,COUNT,False,,NA
51_0,51,DISTINCT,True,False,no_cue
51_0,51,SUM,False,,NA
51_0,51,MIN,False,,NA
51_0,51,MAX,False,,NA
51_0,51,GROUP BY,False,,NA
51_0,51,Temporal,True,True,explicit_cue
51_0,51,Negation,False,,NA
51_0,51,Set operation,False,,NA
51_1,51,COUNT,False,,NA
51_1,51,DISTINCT,True,False,no_cue
51_1,51,SUM,False,,NA
51_1,51,MIN,False,,NA
51_1,51,MAX,False,,NA
51_1,51,GROUP BY,False,,NA
51_1,51,Temporal,True,True,explicit_cue
51_1,51,Negation,False,,NA
51_1,51,Set operation,False,,NA
51_2,51,COUNT,False,,NA
51_2,51,DISTINCT,True,False,no_cue
51_2,51,SUM,False,,NA
51_2,51,MIN,False,,NA
51_2,51,MAX,False,,NA
51_2,51,GROUP BY,False,,NA
51_2,51,Temporal,True,True,explicit_cue
51_2,51,Negation,False,,NA
51_2,51,Set operation,False,,NA
51_3,51,COUNT,False,,NA
51_3,51,DISTINCT,True,False,no_cue
51_3,51,SUM,False,,NA
51_3,51,MIN,False,,NA
51_3,51,MAX,False,,NA
51_3,51,GROUP BY,False,,NA
51_3,51,Temporal,True,True,explicit_cue
51_3,51,Negation,False,,NA
51_3,51,Set operation,False,,NA
51_4,51,COUNT,False,,NA
51_4,51,DISTINCT,True,False,no_cue
51_4,51,SUM,False,,NA
51_4,51,MIN,False,,NA
51_4,51,MAX,False,,NA
51_4,51,GROUP BY,False,,NA
51_4,51,Temporal,True,True,explicit_cue
51_4,51,Negation,False,,NA
51_4,51,Set operation,False,,NA
51_5,51,COUNT,False,,NA
51_5,51,DISTINCT,True,False,no_cue
51_5,51,SUM,False,,NA
51_5,51,MIN,False,,NA
51_5,51,MAX,False,,NA
51_5,51,GROUP BY,False,,NA
51_5,51,Temporal,True,True,explicit_cue
51_5,51,Negation,False,,NA
51_5,51,Set operation,False,,NA
51_6,51,COUNT,False,,NA
51_6,51,DISTINCT,True,False,no_cue
51_6,51,SUM,False,,NA
51_6,51,MIN,False,,NA
51_6,51,MAX,False,,NA
51_6,51,GROUP BY,False,,NA
51_6,51,Temporal,True,True,explicit_cue
51_6,51,Negation,False,,NA
51_6,51,Set operation,False,,NA
51_7,51,COUNT,False,,NA
51_7,51,DISTINCT,True,False,no_cue
51_7,51,SUM,False,,NA
51_7,51,MIN,False,,NA
51_7,51,MAX,False,,NA
51_7,51,GROUP BY,False,,NA
51_7,51,Temporal,True,True,explicit_cue
51_7,51,Negation,False,,NA
51_7,51,Set operation,False,,NA
51_8,51,COUNT,False,,NA
51_8,51,DISTINCT,True,False,no_cue
51_8,51,SUM,False,,NA
51_8,51,MIN,False,,NA
51_8,51,MAX,False,,NA
51_8,51,GROUP BY,False,,NA
51_8,51,Temporal,True,True,explicit_cue
51_8,51,Negation,False,,NA
51_8,51,Set operation,False,,NA
51_9,51,COUNT,False,,NA
51_9,51,DISTINCT,True,False,no_cue
51_9,51,SUM,False,,NA
51_9,51,MIN,False,,NA
51_9,51,MAX,False,,NA
51_9,51,GROUP BY,False,,NA
51_9,51,Temporal,True,True,explicit_cue
51_9,51,Negation,False,,NA
51_9,51,Set operation,False,,NA
51_10,51,COUNT,False,,NA
51_10,51,DISTINCT,True,False,no_cue
51_10,51,SUM,False,,NA
51_10,51,MIN,False,,NA
51_10,51,MAX,False,,NA
51_10,51,GROUP BY,False,,NA
51_10,51,Temporal,True,True,explicit_cue
51_10,51,Negation,False,,NA
51_10,51,Set operation,False,,NA
52_0,52,COUNT,False,,NA
52_0,52,DISTINCT,False,,NA
52_0,52,SUM,False,,NA
52_0,52,MIN,False,,NA
52_0,52,MAX,False,,NA
52_0,52,GROUP BY,False,,NA
52_0,52,Temporal,False,,NA
52_0,52,Negation,False,,NA
52_0,52,Set operation,False,,NA
52_1,52,COUNT,False,,NA
52_1,52,DISTINCT,False,,NA
52_1,52,SUM,False,,NA
52_1,52,MIN,False,,NA
52_1,52,MAX,False,,NA
52_1,52,GROUP BY,False,,NA
52_1,52,Temporal,False,,NA
52_1,52,Negation,False,,NA
52_1,52,Set operation,False,,NA
52_2,52,COUNT,False,,NA
52_2,52,DISTINCT,False,,NA
52_2,52,SUM,False,,NA
52_2,52,MIN,False,,NA
52_2,52,MAX,False,,NA
52_2,52,GROUP BY,False,,NA
52_2,52,Temporal,False,,NA
52_2,52,Negation,False,,NA
52_2,52,Set operation,False,,NA
52_3,52,COUNT,False,,NA
52_3,52,DISTINCT,False,,NA
52_3,52,SUM,False,,NA
52_3,52,MIN,False,,NA
52_3,52,MAX,False,,NA
52_3,52,GROUP BY,False,,NA
52_3,52,Temporal,False,,NA
52_3,52,Negation,False,,NA
52_3,52,Set operation,False,,NA
52_4,52,COUNT,False,,NA
52_4,52,DISTINCT,False,,NA
52_4,52,SUM,False,,NA
52_4,52,MIN,False,,NA
52_4,52,MAX,False,,NA
52_4,52,GROUP BY,False,,NA
52_4,52,Temporal,False,,NA
52_4,52,Negation,False,,NA
52_4,52,Set operation,False,,NA
52_5,52,COUNT,False,,NA
52_5,52,DISTINCT,False,,NA
52_5,52,SUM,False,,NA
52_5,52,MIN,False,,NA
52_5,52,MAX,False,,NA
52_5,52,GROUP BY,False,,NA
52_5,52,Temporal,False,,NA
52_5,52,Negation,False,,NA
52_5,52,Set operation,False,,NA
52_6,52,COUNT,False,,NA
52_6,52,DISTINCT,False,,NA
52_6,52,SUM,False,,NA
52_6,52,MIN,False,,NA
52_6,52,MAX,False,,NA
52_6,52,GROUP BY,False,,NA
52_6,52,Temporal,False,,NA
52_6,52,Negation,False,,NA
52_6,52,Set operation,False,,NA
52_7,52,COUNT,False,,NA
52_7,52,DISTINCT,False,,NA
52_7,52,SUM,False,,NA
52_7,52,MIN,False,,NA
52_7,52,MAX,False,,NA
52_7,52,GROUP BY,False,,NA
52_7,52,Temporal,False,,NA
52_7,52,Negation,False,,NA
52_7,52,Set operation,False,,NA
53_0,53,COUNT,False,,NA
53_0,53,DISTINCT,False,,NA
53_0,53,SUM,False,,NA
53_0,53,MIN,True,True,explicit_cue
53_0,53,MAX,True,True,explicit_cue
53_0,53,GROUP BY,True,True,explicit_cue
53_0,53,Temporal,False,,NA
53_0,53,Negation,False,,NA
53_0,53,Set operation,False,,NA
53_1,53,COUNT,False,,NA
53_1,53,DISTINCT,False,,NA
53_1,53,SUM,False,,NA
53_1,53,MIN,True,True,explicit_cue
53_1,53,MAX,True,True,explicit_cue
53_1,53,GROUP BY,True,True,explicit_cue
53_1,53,Temporal,False,,NA
53_1,53,Negation,False,,NA
53_1,53,Set operation,False,,NA
53_2,53,COUNT,False,,NA
53_2,53,DISTINCT,False,,NA
53_2,53,SUM,False,,NA
53_2,53,MIN,True,True,explicit_cue
53_2,53,MAX,True,True,explicit_cue
53_2,53,GROUP BY,True,True,explicit_cue
53_2,53,Temporal,False,,NA
53_2,53,Negation,False,,NA
53_2,53,Set operation,False,,NA
53_3,53,COUNT,False,,NA
53_3,53,DISTINCT,False,,NA
53_3,53,SUM,False,,NA
53_3,53,MIN,True,True,explicit_cue
53_3,53,MAX,True,True,explicit_cue
53_3,53,GROUP BY,True,True,explicit_cue
53_3,53,Temporal,False,,NA
53_3,53,Negation,False,,NA
53_3,53,Set operation,False,,NA
53_4,53,COUNT,False,,NA
53_4,53,DISTINCT,False,,NA
53_4,53,SUM,False,,NA
53_4,53,MIN,True,True,explicit_cue
53_4,53,MAX,True,True,explicit_cue
53_4,53,GROUP BY,True,True,explicit_cue
53_4,53,Temporal,False,,NA
53_4,53,Negation,False,,NA
53_4,53,Set operation,False,,NA
53_5,53,COUNT,False,,NA
53_5,53,DISTINCT,False,,NA
53_5,53,SUM,False,,NA
53_5,53,MIN,True,True,explicit_cue
53_5,53,MAX,True,True,explicit_cue
53_5,53,GROUP BY,True,True,explicit_cue
53_5,53,Temporal,False,,NA
53_5,53,Negation,False,,NA
53_5,53,Set operation,False,,NA
53_6,53,COUNT,False,,NA
53_6,53,DISTINCT,False,,NA
53_6,53,SUM,False,,NA
53_6,53,MIN,True,True,explicit_cue
53_6,53,MAX,True,True,explicit_cue
53_6,53,GROUP BY,True,True,explicit_cue
53_6,53,Temporal,False,,NA
53_6,53,Negation,False,,NA
53_6,53,Set operation,False,,NA
53_7,53,COUNT,False,,NA
53_7,53,DISTINCT,False,,NA
53_7,53,SUM,False,,NA
53_7,53,MIN,True,True,explicit_cue
53_7,53,MAX,True,True,explicit_cue
53_7,53,GROUP BY,True,True,explicit_cue
53_7,53,Temporal,False,,NA
53_7,53,Negation,False,,NA
53_7,53,Set operation,False,,NA
53_8,53,COUNT,False,,NA
53_8,53,DISTINCT,False,,NA
53_8,53,SUM,False,,NA
53_8,53,MIN,True,True,explicit_cue
53_8,53,MAX,True,True,explicit_cue
53_8,53,GROUP BY,True,True,explicit_cue
53_8,53,Temporal,False,,NA
53_8,53,Negation,False,,NA
53_8,53,Set operation,False,,NA
53_9,53,COUNT,False,,NA
53_9,53,DISTINCT,False,,NA
53_9,53,SUM,False,,NA
53_9,53,MIN,True,True,explicit_cue
53_9,53,MAX,True,True,explicit_cue
53_9,53,GROUP BY,True,True,explicit_cue
53_9,53,Temporal,False,,NA
53_9,53,Negation,False,,NA
53_9,53,Set operation,False,,NA
53_10,53,COUNT,False,,NA
53_10,53,DISTINCT,False,,NA
53_10,53,SUM,False,,NA
53_10,53,MIN,True,True,explicit_cue
53_10,53,MAX,True,True,explicit_cue
53_10,53,GROUP BY,True,True,explicit_cue
53_10,53,Temporal,False,,NA
53_10,53,Negation,False,,NA
53_10,53,Set operation,False,,NA
53_11,53,COUNT,False,,NA
53_11,53,DISTINCT,False,,NA
53_11,53,SUM,False,,NA
53_11,53,MIN,True,True,explicit_cue
53_11,53,MAX,True,True,explicit_cue
53_11,53,GROUP BY,True,True,explicit_cue
53_11,53,Temporal,False,,NA
53_11,53,Negation,False,,NA
53_11,53,Set operation,False,,NA
53_12,53,COUNT,False,,NA
53_12,53,DISTINCT,False,,NA
53_12,53,SUM,False,,NA
53_12,53,MIN,True,True,explicit_cue
53_12,53,MAX,True,True,explicit_cue
53_12,53,GROUP BY,True,True,explicit_cue
53_12,53,Temporal,False,,NA
53_12,53,Negation,False,,NA
53_12,53,Set operation,False,,NA
53_13,53,COUNT,False,,NA
53_13,53,DISTINCT,False,,NA
53_13,53,SUM,False,,NA
53_13,53,MIN,True,True,explicit_cue
53_13,53,MAX,True,True,explicit_cue
53_13,53,GROUP BY,True,True,explicit_cue
53_13,53,Temporal,False,,NA
53_13,53,Negation,False,,NA
53_13,53,Set operation,False,,NA
54_0,54,COUNT,False,,NA
54_0,54,DISTINCT,False,,NA
54_0,54,SUM,False,,NA
54_0,54,MIN,True,False,no_cue
54_0,54,MAX,False,,NA
54_0,54,GROUP BY,True,True,explicit_cue
54_0,54,Temporal,False,,NA
54_0,54,Negation,False,,NA
54_0,54,Set operation,False,,NA
54_1,54,COUNT,False,,NA
54_1,54,DISTINCT,False,,NA
54_1,54,SUM,False,,NA
54_1,54,MIN,True,False,no_cue
54_1,54,MAX,False,,NA
54_1,54,GROUP BY,True,True,explicit_cue
54_1,54,Temporal,False,,NA
54_1,54,Negation,False,,NA
54_1,54,Set operation,False,,NA
54_2,54,COUNT,False,,NA
54_2,54,DISTINCT,False,,NA
54_2,54,SUM,False,,NA
54_2,54,MIN,True,False,no_cue
54_2,54,MAX,False,,NA
54_2,54,GROUP BY,True,True,explicit_cue
54_2,54,Temporal,False,,NA
54_2,54,Negation,False,,NA
54_2,54,Set operation,False,,NA
54_3,54,COUNT,False,,NA
54_3,54,DISTINCT,False,,NA
54_3,54,SUM,False,,NA
54_3,54,MIN,True,False,no_cue
54_3,54,MAX,False,,NA
54_3,54,GROUP BY,True,True,explicit_cue
54_3,54,Temporal,False,,NA
54_3,54,Negation,False,,NA
54_3,54,Set operation,False,,NA
54_4,54,COUNT,False,,NA
54_4,54,DISTINCT,False,,NA
54_4,54,SUM,False,,NA
54_4,54,MIN,True,False,no_cue
54_4,54,MAX,False,,NA
54_4,54,GROUP BY,True,True,explicit_cue
54_4,54,Temporal,False,,NA
54_4,54,Negation,False,,NA
54_4,54,Set operation,False,,NA
55_0,55,COUNT,False,,NA
55_0,55,DISTINCT,False,,NA
55_0,55,SUM,False,,NA
55_0,55,MIN,True,False,no_cue
55_0,55,MAX,True,False,no_cue
55_0,55,GROUP BY,True,True,explicit_cue
55_0,55,Temporal,False,,NA
55_0,55,Negation,False,,NA
55_0,55,Set operation,False,,NA
55_1,55,COUNT,False,,NA
55_1,55,DISTINCT,False,,NA
55_1,55,SUM,False,,NA
55_1,55,MIN,True,False,no_cue
55_1,55,MAX,True,False,no_cue
55_1,55,GROUP BY,True,True,explicit_cue
55_1,55,Temporal,False,,NA
55_1,55,Negation,False,,NA
55_1,55,Set operation,False,,NA
55_2,55,COUNT,False,,NA
55_2,55,DISTINCT,False,,NA
55_2,55,SUM,False,,NA
55_2,55,MIN,True,False,no_cue
55_2,55,MAX,True,False,no_cue
55_2,55,GROUP BY,True,True,explicit_cue
55_2,55,Temporal,False,,NA
55_2,55,Negation,False,,NA
55_2,55,Set operation,False,,NA
55_3,55,COUNT,False,,NA
55_3,55,DISTINCT,False,,NA
55_3,55,SUM,False,,NA
55_3,55,MIN,True,False,no_cue
55_3,55,MAX,True,False,no_cue
55_3,55,GROUP BY,True,True,explicit_cue
55_3,55,Temporal,False,,NA
55_3,55,Negation,False,,NA
55_3,55,Set operation,False,,NA
55_4,55,COUNT,False,,NA
55_4,55,DISTINCT,False,,NA
55_4,55,SUM,False,,NA
55_4,55,MIN,True,False,no_cue
55_4,55,MAX,True,False,no_cue
55_4,55,GROUP BY,True,True,explicit_cue
55_4,55,Temporal,False,,NA
55_4,55,Negation,False,,NA
55_4,55,Set operation,False,,NA
56_0,56,COUNT,False,,NA
56_0,56,DISTINCT,False,,NA
56_0,56,SUM,False,,NA
56_0,56,MIN,False,,NA
56_0,56,MAX,False,,NA
56_0,56,GROUP BY,False,,NA
56_0,56,Temporal,False,,NA
56_0,56,Negation,False,,NA
56_0,56,Set operation,False,,NA
56_1,56,COUNT,False,,NA
56_1,56,DISTINCT,False,,NA
56_1,56,SUM,False,,NA
56_1,56,MIN,False,,NA
56_1,56,MAX,False,,NA
56_1,56,GROUP BY,False,,NA
56_1,56,Temporal,False,,NA
56_1,56,Negation,False,,NA
56_1,56,Set operation,False,,NA
56_2,56,COUNT,False,,NA
56_2,56,DISTINCT,False,,NA
56_2,56,SUM,False,,NA
56_2,56,MIN,False,,NA
56_2,56,MAX,False,,NA
56_2,56,GROUP BY,False,,NA
56_2,56,Temporal,False,,NA
56_2,56,Negation,False,,NA
56_2,56,Set operation,False,,NA
56_3,56,COUNT,False,,NA
56_3,56,DISTINCT,False,,NA
56_3,56,SUM,False,,NA
56_3,56,MIN,False,,NA
56_3,56,MAX,False,,NA
56_3,56,GROUP BY,False,,NA
56_3,56,Temporal,False,,NA
56_3,56,Negation,False,,NA
56_3,56,Set operation,False,,NA
57_0,57,COUNT,False,,NA
57_0,57,DISTINCT,False,,NA
57_0,57,SUM,False,,NA
57_0,57,MIN,False,,NA
57_0,57,MAX,False,,NA
57_0,57,GROUP BY,True,True,explicit_cue
57_0,57,Temporal,False,,NA
57_0,57,Negation,True,False,no_cue
57_0,57,Set operation,False,,NA
57_1,57,COUNT,False,,NA
57_1,57,DISTINCT,False,,NA
57_1,57,SUM,False,,NA
57_1,57,MIN,False,,NA
57_1,57,MAX,False,,NA
57_1,57,GROUP BY,True,True,explicit_cue
57_1,57,Temporal,False,,NA
57_1,57,Negation,True,False,no_cue
57_1,57,Set operation,False,,NA
57_2,57,COUNT,False,,NA
57_2,57,DISTINCT,False,,NA
57_2,57,SUM,False,,NA
57_2,57,MIN,False,,NA
57_2,57,MAX,False,,NA
57_2,57,GROUP BY,True,True,explicit_cue
57_2,57,Temporal,False,,NA
57_2,57,Negation,True,False,no_cue
57_2,57,Set operation,False,,NA
57_3,57,COUNT,False,,NA
57_3,57,DISTINCT,False,,NA
57_3,57,SUM,False,,NA
57_3,57,MIN,False,,NA
57_3,57,MAX,False,,NA
57_3,57,GROUP BY,True,True,explicit_cue
57_3,57,Temporal,False,,NA
57_3,57,Negation,True,False,no_cue
57_3,57,Set operation,False,,NA
57_4,57,COUNT,False,,NA
57_4,57,DISTINCT,False,,NA
57_4,57,SUM,False,,NA
57_4,57,MIN,False,,NA
57_4,57,MAX,False,,NA
57_4,57,GROUP BY,True,True,explicit_cue
57_4,57,Temporal,False,,NA
57_4,57,Negation,True,False,no_cue
57_4,57,Set operation,False,,NA
57_5,57,COUNT,False,,NA
57_5,57,DISTINCT,False,,NA
57_5,57,SUM,False,,NA
57_5,57,MIN,False,,NA
57_5,57,MAX,False,,NA
57_5,57,GROUP BY,True,True,explicit_cue
57_5,57,Temporal,False,,NA
57_5,57,Negation,True,False,no_cue
57_5,57,Set operation,False,,NA
57_6,57,COUNT,False,,NA
57_6,57,DISTINCT,False,,NA
57_6,57,SUM,False,,NA
57_6,57,MIN,False,,NA
57_6,57,MAX,False,,NA
57_6,57,GROUP BY,True,True,explicit_cue
57_6,57,Temporal,False,,NA
57_6,57,Negation,True,False,no_cue
57_6,57,Set operation,False,,NA
57_7,57,COUNT,False,,NA
57_7,57,DISTINCT,False,,NA
57_7,57,SUM,False,,NA
57_7,57,MIN,False,,NA
57_7,57,MAX,False,,NA
57_7,57,GROUP BY,True,True,explicit_cue
57_7,57,Temporal,False,,NA
57_7,57,Negation,True,False,no_cue
57_7,57,Set operation,False,,NA
57_8,57,COUNT,False,,NA
57_8,57,DISTINCT,False,,NA
57_8,57,SUM,False,,NA
57_8,57,MIN,False,,NA
57_8,57,MAX,False,,NA
57_8,57,GROUP BY,True,True,explicit_cue
57_8,57,Temporal,False,,NA
57_8,57,Negation,True,False,no_cue
57_8,57,Set operation,False,,NA
57_9,57,COUNT,False,,NA
57_9,57,DISTINCT,False,,NA
57_9,57,SUM,False,,NA
57_9,57,MIN,False,,NA
57_9,57,MAX,False,,NA
57_9,57,GROUP BY,True,True,explicit_cue
57_9,57,Temporal,False,,NA
57_9,57,Negation,True,False,no_cue
57_9,57,Set operation,False,,NA
57_10,57,COUNT,False,,NA
57_10,57,DISTINCT,False,,NA
57_10,57,SUM,False,,NA
57_10,57,MIN,False,,NA
57_10,57,MAX,False,,NA
57_10,57,GROUP BY,True,True,explicit_cue
57_10,57,Temporal,False,,NA
57_10,57,Negation,True,False,no_cue
57_10,57,Set operation,False,,NA
57_11,57,COUNT,False,,NA
57_11,57,DISTINCT,False,,NA
57_11,57,SUM,False,,NA
57_11,57,MIN,False,,NA
57_11,57,MAX,False,,NA
57_11,57,GROUP BY,True,True,explicit_cue
57_11,57,Temporal,False,,NA
57_11,57,Negation,True,False,no_cue
57_11,57,Set operation,False,,NA
57_12,57,COUNT,False,,NA
57_12,57,DISTINCT,False,,NA
57_12,57,SUM,False,,NA
57_12,57,MIN,False,,NA
57_12,57,MAX,False,,NA
57_12,57,GROUP BY,True,True,explicit_cue
57_12,57,Temporal,False,,NA
57_12,57,Negation,True,False,no_cue
57_12,57,Set operation,False,,NA
57_13,57,COUNT,False,,NA
57_13,57,DISTINCT,False,,NA
57_13,57,SUM,False,,NA
57_13,57,MIN,False,,NA
57_13,57,MAX,False,,NA
57_13,57,GROUP BY,True,True,explicit_cue
57_13,57,Temporal,False,,NA
57_13,57,Negation,True,False,no_cue
57_13,57,Set operation,False,,NA
57_14,57,COUNT,False,,NA
57_14,57,DISTINCT,False,,NA
57_14,57,SUM,False,,NA
57_14,57,MIN,False,,NA
57_14,57,MAX,False,,NA
57_14,57,GROUP BY,True,True,explicit_cue
57_14,57,Temporal,False,,NA
57_14,57,Negation,True,False,no_cue
57_14,57,Set operation,False,,NA
57_15,57,COUNT,False,,NA
57_15,57,DISTINCT,False,,NA
57_15,57,SUM,False,,NA
57_15,57,MIN,False,,NA
57_15,57,MAX,False,,NA
57_15,57,GROUP BY,True,True,explicit_cue
57_15,57,Temporal,False,,NA
57_15,57,Negation,True,False,no_cue
57_15,57,Set operation,False,,NA
57_16,57,COUNT,False,,NA
57_16,57,DISTINCT,False,,NA
57_16,57,SUM,False,,NA
57_16,57,MIN,False,,NA
57_16,57,MAX,False,,NA
57_16,57,GROUP BY,True,True,explicit_cue
57_16,57,Temporal,False,,NA
57_16,57,Negation,True,False,no_cue
57_16,57,Set operation,False,,NA
57_17,57,COUNT,False,,NA
57_17,57,DISTINCT,False,,NA
57_17,57,SUM,False,,NA
57_17,57,MIN,False,,NA
57_17,57,MAX,False,,NA
57_17,57,GROUP BY,True,True,explicit_cue
57_17,57,Temporal,False,,NA
57_17,57,Negation,True,False,no_cue
57_17,57,Set operation,False,,NA
57_18,57,COUNT,False,,NA
57_18,57,DISTINCT,False,,NA
57_18,57,SUM,False,,NA
57_18,57,MIN,False,,NA
57_18,57,MAX,False,,NA
57_18,57,GROUP BY,True,True,explicit_cue
57_18,57,Temporal,False,,NA
57_18,57,Negation,True,False,no_cue
57_18,57,Set operation,False,,NA
57_19,57,COUNT,False,,NA
57_19,57,DISTINCT,False,,NA
57_19,57,SUM,False,,NA
57_19,57,MIN,False,,NA
57_19,57,MAX,False,,NA
57_19,57,GROUP BY,True,True,explicit_cue
57_19,57,Temporal,False,,NA
57_19,57,Negation,True,False,no_cue
57_19,57,Set operation,False,,NA
57_20,57,COUNT,False,,NA
57_20,57,DISTINCT,False,,NA
57_20,57,SUM,False,,NA
57_20,57,MIN,False,,NA
57_20,57,MAX,False,,NA
57_20,57,GROUP BY,True,True,explicit_cue
57_20,57,Temporal,False,,NA
57_20,57,Negation,True,False,no_cue
57_20,57,Set operation,False,,NA
57_21,57,COUNT,False,,NA
57_21,57,DISTINCT,False,,NA
57_21,57,SUM,False,,NA
57_21,57,MIN,False,,NA
57_21,57,MAX,False,,NA
57_21,57,GROUP BY,True,True,explicit_cue
57_21,57,Temporal,False,,NA
57_21,57,Negation,True,False,no_cue
57_21,57,Set operation,False,,NA
57_22,57,COUNT,False,,NA
57_22,57,DISTINCT,False,,NA
57_22,57,SUM,False,,NA
57_22,57,MIN,False,,NA
57_22,57,MAX,False,,NA
57_22,57,GROUP BY,True,True,explicit_cue
57_22,57,Temporal,False,,NA
57_22,57,Negation,True,False,no_cue
57_22,57,Set operation,False,,NA
57_23,57,COUNT,False,,NA
57_23,57,DISTINCT,False,,NA
57_23,57,SUM,False,,NA
57_23,57,MIN,False,,NA
57_23,57,MAX,False,,NA
57_23,57,GROUP BY,True,True,explicit_cue
57_23,57,Temporal,False,,NA
57_23,57,Negation,True,False,no_cue
57_23,57,Set operation,False,,NA
57_24,57,COUNT,False,,NA
57_24,57,DISTINCT,False,,NA
57_24,57,SUM,False,,NA
57_24,57,MIN,False,,NA
57_24,57,MAX,False,,NA
57_24,57,GROUP BY,True,True,explicit_cue
57_24,57,Temporal,False,,NA
57_24,57,Negation,True,False,no_cue
57_24,57,Set operation,False,,NA
57_25,57,COUNT,False,,NA
57_25,57,DISTINCT,False,,NA
57_25,57,SUM,False,,NA
57_25,57,MIN,False,,NA
57_25,57,MAX,False,,NA
57_25,57,GROUP BY,True,True,explicit_cue
57_25,57,Temporal,False,,NA
57_25,57,Negation,True,False,no_cue
57_25,57,Set operation,False,,NA
58_0,58,COUNT,False,,NA
58_0,58,DISTINCT,False,,NA
58_0,58,SUM,True,False,no_cue
58_0,58,MIN,False,,NA
58_0,58,MAX,False,,NA
58_0,58,GROUP BY,True,False,no_cue
58_0,58,Temporal,False,,NA
58_0,58,Negation,False,,NA
58_0,58,Set operation,False,,NA
58_1,58,COUNT,False,,NA
58_1,58,DISTINCT,False,,NA
58_1,58,SUM,True,False,no_cue
58_1,58,MIN,False,,NA
58_1,58,MAX,False,,NA
58_1,58,GROUP BY,True,False,no_cue
58_1,58,Temporal,False,,NA
58_1,58,Negation,False,,NA
58_1,58,Set operation,False,,NA
58_2,58,COUNT,False,,NA
58_2,58,DISTINCT,False,,NA
58_2,58,SUM,True,False,no_cue
58_2,58,MIN,False,,NA
58_2,58,MAX,False,,NA
58_2,58,GROUP BY,True,False,no_cue
58_2,58,Temporal,False,,NA
58_2,58,Negation,False,,NA
58_2,58,Set operation,False,,NA
58_3,58,COUNT,False,,NA
58_3,58,DISTINCT,False,,NA
58_3,58,SUM,True,False,no_cue
58_3,58,MIN,False,,NA
58_3,58,MAX,False,,NA
58_3,58,GROUP BY,True,False,no_cue
58_3,58,Temporal,False,,NA
58_3,58,Negation,False,,NA
58_3,58,Set operation,False,,NA
58_4,58,COUNT,False,,NA
58_4,58,DISTINCT,False,,NA
58_4,58,SUM,True,False,no_cue
58_4,58,MIN,False,,NA
58_4,58,MAX,False,,NA
58_4,58,GROUP BY,True,False,no_cue
58_4,58,Temporal,False,,NA
58_4,58,Negation,False,,NA
58_4,58,Set operation,False,,NA
58_5,58,COUNT,False,,NA
58_5,58,DISTINCT,False,,NA
58_5,58,SUM,True,False,no_cue
58_5,58,MIN,False,,NA
58_5,58,MAX,False,,NA
58_5,58,GROUP BY,True,False,no_cue
58_5,58,Temporal,False,,NA
58_5,58,Negation,False,,NA
58_5,58,Set operation,False,,NA
58_6,58,COUNT,False,,NA
58_6,58,DISTINCT,False,,NA
58_6,58,SUM,True,False,no_cue
58_6,58,MIN,False,,NA
58_6,58,MAX,False,,NA
58_6,58,GROUP BY,True,False,no_cue
58_6,58,Temporal,False,,NA
58_6,58,Negation,False,,NA
58_6,58,Set operation,False,,NA
59_0,59,COUNT,False,,NA
59_0,59,DISTINCT,False,,NA
59_0,59,SUM,False,,NA
59_0,59,MIN,False,,NA
59_0,59,MAX,True,True,explicit_cue
59_0,59,GROUP BY,False,,NA
59_0,59,Temporal,False,,NA
59_0,59,Negation,False,,NA
59_0,59,Set operation,False,,NA
59_1,59,COUNT,False,,NA
59_1,59,DISTINCT,False,,NA
59_1,59,SUM,False,,NA
59_1,59,MIN,False,,NA
59_1,59,MAX,True,True,explicit_cue
59_1,59,GROUP BY,False,,NA
59_1,59,Temporal,False,,NA
59_1,59,Negation,False,,NA
59_1,59,Set operation,False,,NA
59_2,59,COUNT,False,,NA
59_2,59,DISTINCT,False,,NA
59_2,59,SUM,False,,NA
59_2,59,MIN,False,,NA
59_2,59,MAX,True,True,explicit_cue
59_2,59,GROUP BY,False,,NA
59_2,59,Temporal,False,,NA
59_2,59,Negation,False,,NA
59_2,59,Set operation,False,,NA
59_3,59,COUNT,False,,NA
59_3,59,DISTINCT,False,,NA
59_3,59,SUM,False,,NA
59_3,59,MIN,False,,NA
59_3,59,MAX,True,True,explicit_cue
59_3,59,GROUP BY,False,,NA
59_3,59,Temporal,False,,NA
59_3,59,Negation,False,,NA
59_3,59,Set operation,False,,NA
59_4,59,COUNT,False,,NA
59_4,59,DISTINCT,False,,NA
59_4,59,SUM,False,,NA
59_4,59,MIN,False,,NA
59_4,59,MAX,True,True,explicit_cue
59_4,59,GROUP BY,False,,NA
59_4,59,Temporal,False,,NA
59_4,59,Negation,False,,NA
59_4,59,Set operation,False,,NA
59_5,59,COUNT,False,,NA
59_5,59,DISTINCT,False,,NA
59_5,59,SUM,False,,NA
59_5,59,MIN,False,,NA
59_5,59,MAX,True,True,explicit_cue
59_5,59,GROUP BY,False,,NA
59_5,59,Temporal,False,,NA
59_5,59,Negation,False,,NA
59_5,59,Set operation,False,,NA
59_6,59,COUNT,False,,NA
59_6,59,DISTINCT,False,,NA
59_6,59,SUM,False,,NA
59_6,59,MIN,False,,NA
59_6,59,MAX,True,True,explicit_cue
59_6,59,GROUP BY,False,,NA
59_6,59,Temporal,False,,NA
59_6,59,Negation,False,,NA
59_6,59,Set operation,False,,NA
59_7,59,COUNT,False,,NA
59_7,59,DISTINCT,False,,NA
59_7,59,SUM,False,,NA
59_7,59,MIN,False,,NA
59_7,59,MAX,True,True,explicit_cue
59_7,59,GROUP BY,False,,NA
59_7,59,Temporal,False,,NA
59_7,59,Negation,False,,NA
59_7,59,Set operation,False,,NA
59_8,59,COUNT,False,,NA
59_8,59,DISTINCT,False,,NA
59_8,59,SUM,False,,NA
59_8,59,MIN,False,,NA
59_8,59,MAX,True,True,explicit_cue
59_8,59,GROUP BY,False,,NA
59_8,59,Temporal,False,,NA
59_8,59,Negation,False,,NA
59_8,59,Set operation,False,,NA
59_9,59,COUNT,False,,NA
59_9,59,DISTINCT,False,,NA
59_9,59,SUM,False,,NA
59_9,59,MIN,False,,NA
59_9,59,MAX,True,True,explicit_cue
59_9,59,GROUP BY,False,,NA
59_9,59,Temporal,False,,NA
59_9,59,Negation,False,,NA
59_9,59,Set operation,False,,NA
59_10,59,COUNT,False,,NA
59_10,59,DISTINCT,False,,NA
59_10,59,SUM,False,,NA
59_10,59,MIN,False,,NA
59_10,59,MAX,True,True,explicit_cue
59_10,59,GROUP BY,False,,NA
59_10,59,Temporal,False,,NA
59_10,59,Negation,False,,NA
59_10,59,Set operation,False,,NA
59_11,59,COUNT,False,,NA
59_11,59,DISTINCT,False,,NA
59_11,59,SUM,False,,NA
59_11,59,MIN,False,,NA
59_11,59,MAX,True,True,explicit_cue
59_11,59,GROUP BY,False,,NA
59_11,59,Temporal,False,,NA
59_11,59,Negation,False,,NA
59_11,59,Set operation,False,,NA
59_12,59,COUNT,False,,NA
59_12,59,DISTINCT,False,,NA
59_12,59,SUM,False,,NA
59_12,59,MIN,False,,NA
59_12,59,MAX,True,True,explicit_cue
59_12,59,GROUP BY,False,,NA
59_12,59,Temporal,False,,NA
59_12,59,Negation,False,,NA
59_12,59,Set operation,False,,NA
59_13,59,COUNT,False,,NA
59_13,59,DISTINCT,False,,NA
59_13,59,SUM,False,,NA
59_13,59,MIN,False,,NA
59_13,59,MAX,True,True,explicit_cue
59_13,59,GROUP BY,False,,NA
59_13,59,Temporal,False,,NA
59_13,59,Negation,False,,NA
59_13,59,Set operation,False,,NA
59_14,59,COUNT,False,,NA
59_14,59,DISTINCT,False,,NA
59_14,59,SUM,False,,NA
59_14,59,MIN,False,,NA
59_14,59,MAX,True,True,explicit_cue
59_14,59,GROUP BY,False,,NA
59_14,59,Temporal,False,,NA
59_14,59,Negation,False,,NA
59_14,59,Set operation,False,,NA
59_15,59,COUNT,False,,NA
59_15,59,DISTINCT,False,,NA
59_15,59,SUM,False,,NA
59_15,59,MIN,False,,NA
59_15,59,MAX,True,True,explicit_cue
59_15,59,GROUP BY,False,,NA
59_15,59,Temporal,False,,NA
59_15,59,Negation,False,,NA
59_15,59,Set operation,False,,NA
59_16,59,COUNT,False,,NA
59_16,59,DISTINCT,False,,NA
59_16,59,SUM,False,,NA
59_16,59,MIN,False,,NA
59_16,59,MAX,True,True,explicit_cue
59_16,59,GROUP BY,False,,NA
59_16,59,Temporal,False,,NA
59_16,59,Negation,False,,NA
59_16,59,Set operation,False,,NA
60_0,60,COUNT,False,,NA
60_0,60,DISTINCT,False,,NA
60_0,60,SUM,False,,NA
60_0,60,MIN,False,,NA
60_0,60,MAX,False,,NA
60_0,60,GROUP BY,False,,NA
60_0,60,Temporal,False,,NA
60_0,60,Negation,False,,NA
60_0,60,Set operation,False,,NA
60_1,60,COUNT,False,,NA
60_1,60,DISTINCT,False,,NA
60_1,60,SUM,False,,NA
60_1,60,MIN,False,,NA
60_1,60,MAX,False,,NA
60_1,60,GROUP BY,False,,NA
60_1,60,Temporal,False,,NA
60_1,60,Negation,False,,NA
60_1,60,Set operation,False,,NA
60_2,60,COUNT,False,,NA
60_2,60,DISTINCT,False,,NA
60_2,60,SUM,False,,NA
60_2,60,MIN,False,,NA
60_2,60,MAX,False,,NA
60_2,60,GROUP BY,False,,NA
60_2,60,Temporal,False,,NA
60_2,60,Negation,False,,NA
60_2,60,Set operation,False,,NA
60_3,60,COUNT,False,,NA
60_3,60,DISTINCT,False,,NA
60_3,60,SUM,False,,NA
60_3,60,MIN,False,,NA
60_3,60,MAX,False,,NA
60_3,60,GROUP BY,False,,NA
60_3,60,Temporal,False,,NA
60_3,60,Negation,False,,NA
60_3,60,Set operation,False,,NA
60_4,60,COUNT,False,,NA
60_4,60,DISTINCT,False,,NA
60_4,60,SUM,False,,NA
60_4,60,MIN,False,,NA
60_4,60,MAX,False,,NA
60_4,60,GROUP BY,False,,NA
60_4,60,Temporal,False,,NA
60_4,60,Negation,False,,NA
60_4,60,Set operation,False,,NA
60_5,60,COUNT,False,,NA
60_5,60,DISTINCT,False,,NA
60_5,60,SUM,False,,NA
60_5,60,MIN,False,,NA
60_5,60,MAX,False,,NA
60_5,60,GROUP BY,False,,NA
60_5,60,Temporal,False,,NA
60_5,60,Negation,False,,NA
60_5,60,Set operation,False,,NA
60_6,60,COUNT,False,,NA
60_6,60,DISTINCT,False,,NA
60_6,60,SUM,False,,NA
60_6,60,MIN,False,,NA
60_6,60,MAX,False,,NA
60_6,60,GROUP BY,False,,NA
60_6,60,Temporal,False,,NA
60_6,60,Negation,False,,NA
60_6,60,Set operation,False,,NA
60_7,60,COUNT,False,,NA
60_7,60,DISTINCT,False,,NA
60_7,60,SUM,False,,NA
60_7,60,MIN,False,,NA
60_7,60,MAX,False,,NA
60_7,60,GROUP BY,False,,NA
60_7,60,Temporal,False,,NA
60_7,60,Negation,False,,NA
60_7,60,Set operation,False,,NA
60_8,60,COUNT,False,,NA
60_8,60,DISTINCT,False,,NA
60_8,60,SUM,False,,NA
60_8,60,MIN,False,,NA
60_8,60,MAX,False,,NA
60_8,60,GROUP BY,False,,NA
60_8,60,Temporal,False,,NA
60_8,60,Negation,False,,NA
60_8,60,Set operation,False,,NA
60_9,60,COUNT,False,,NA
60_9,60,DISTINCT,False,,NA
60_9,60,SUM,False,,NA
60_9,60,MIN,False,,NA
60_9,60,MAX,False,,NA
60_9,60,GROUP BY,False,,NA
60_9,60,Temporal,False,,NA
60_9,60,Negation,False,,NA
60_9,60,Set operation,False,,NA
60_10,60,COUNT,False,,NA
60_10,60,DISTINCT,False,,NA
60_10,60,SUM,False,,NA
60_10,60,MIN,False,,NA
60_10,60,MAX,False,,NA
60_10,60,GROUP BY,False,,NA
60_10,60,Temporal,False,,NA
60_10,60,Negation,False,,NA
60_10,60,Set operation,False,,NA
60_11,60,COUNT,False,,NA
60_11,60,DISTINCT,False,,NA
60_11,60,SUM,False,,NA
60_11,60,MIN,False,,NA
60_11,60,MAX,False,,NA
60_11,60,GROUP BY,False,,NA
60_11,60,Temporal,False,,NA
60_11,60,Negation,False,,NA
60_11,60,Set operation,False,,NA
60_12,60,COUNT,False,,NA
60_12,60,DISTINCT,False,,NA
60_12,60,SUM,False,,NA
60_12,60,MIN,False,,NA
60_12,60,MAX,False,,NA
60_12,60,GROUP BY,False,,NA
60_12,60,Temporal,False,,NA
60_12,60,Negation,False,,NA
60_12,60,Set operation,False,,NA
60_13,60,COUNT,False,,NA
60_13,60,DISTINCT,False,,NA
60_13,60,SUM,False,,NA
60_13,60,MIN,False,,NA
60_13,60,MAX,False,,NA
60_13,60,GROUP BY,False,,NA
60_13,60,Temporal,False,,NA
60_13,60,Negation,False,,NA
60_13,60,Set operation,False,,NA
60_14,60,COUNT,False,,NA
60_14,60,DISTINCT,False,,NA
60_14,60,SUM,False,,NA
60_14,60,MIN,False,,NA
60_14,60,MAX,False,,NA
60_14,60,GROUP BY,False,,NA
60_14,60,Temporal,False,,NA
60_14,60,Negation,False,,NA
60_14,60,Set operation,False,,NA
60_15,60,COUNT,False,,NA
60_15,60,DISTINCT,False,,NA
60_15,60,SUM,False,,NA
60_15,60,MIN,False,,NA
60_15,60,MAX,False,,NA
60_15,60,GROUP BY,False,,NA
60_15,60,Temporal,False,,NA
60_15,60,Negation,False,,NA
60_15,60,Set operation,False,,NA
60_16,60,COUNT,False,,NA
60_16,60,DISTINCT,False,,NA
60_16,60,SUM,False,,NA
60_16,60,MIN,False,,NA
60_16,60,MAX,False,,NA
60_16,60,GROUP BY,False,,NA
60_16,60,Temporal,False,,NA
60_16,60,Negation,False,,NA
60_16,60,Set operation,False,,NA
60_17,60,COUNT,False,,NA
60_17,60,DISTINCT,False,,NA
60_17,60,SUM,False,,NA
60_17,60,MIN,False,,NA
60_17,60,MAX,False,,NA
60_17,60,GROUP BY,False,,NA
60_17,60,Temporal,False,,NA
60_17,60,Negation,False,,NA
60_17,60,Set operation,False,,NA
61_0,61,COUNT,True,True,explicit_cue
61_0,61,DISTINCT,False,,NA
61_0,61,SUM,False,,NA
61_0,61,MIN,False,,NA
61_0,61,MAX,False,,NA
61_0,61,GROUP BY,True,True,explicit_cue
61_0,61,Temporal,False,,NA
61_0,61,Negation,False,,NA
61_0,61,Set operation,False,,NA
61_1,61,COUNT,True,True,explicit_cue
61_1,61,DISTINCT,False,,NA
61_1,61,SUM,False,,NA
61_1,61,MIN,False,,NA
61_1,61,MAX,False,,NA
61_1,61,GROUP BY,True,True,explicit_cue
61_1,61,Temporal,False,,NA
61_1,61,Negation,False,,NA
61_1,61,Set operation,False,,NA
61_2,61,COUNT,True,False,no_cue
61_2,61,DISTINCT,False,,NA
61_2,61,SUM,False,,NA
61_2,61,MIN,False,,NA
61_2,61,MAX,False,,NA
61_2,61,GROUP BY,True,True,explicit_cue
61_2,61,Temporal,False,,NA
61_2,61,Negation,False,,NA
61_2,61,Set operation,False,,NA
61_3,61,COUNT,True,True,explicit_cue
61_3,61,DISTINCT,False,,NA
61_3,61,SUM,False,,NA
61_3,61,MIN,False,,NA
61_3,61,MAX,False,,NA
61_3,61,GROUP BY,True,True,explicit_cue
61_3,61,Temporal,False,,NA
61_3,61,Negation,False,,NA
61_3,61,Set operation,False,,NA
61_4,61,COUNT,True,True,explicit_cue
61_4,61,DISTINCT,False,,NA
61_4,61,SUM,False,,NA
61_4,61,MIN,False,,NA
61_4,61,MAX,False,,NA
61_4,61,GROUP BY,True,True,explicit_cue
61_4,61,Temporal,False,,NA
61_4,61,Negation,False,,NA
61_4,61,Set operation,False,,NA
61_5,61,COUNT,True,True,explicit_cue
61_5,61,DISTINCT,False,,NA
61_5,61,SUM,False,,NA
61_5,61,MIN,False,,NA
61_5,61,MAX,False,,NA
61_5,61,GROUP BY,True,True,explicit_cue
61_5,61,Temporal,False,,NA
61_5,61,Negation,False,,NA
61_5,61,Set operation,False,,NA
61_6,61,COUNT,True,True,explicit_cue
61_6,61,DISTINCT,False,,NA
61_6,61,SUM,False,,NA
61_6,61,MIN,False,,NA
61_6,61,MAX,False,,NA
61_6,61,GROUP BY,True,True,explicit_cue
61_6,61,Temporal,False,,NA
61_6,61,Negation,False,,NA
61_6,61,Set operation,False,,NA
61_7,61,COUNT,True,True,explicit_cue
61_7,61,DISTINCT,False,,NA
61_7,61,SUM,False,,NA
61_7,61,MIN,False,,NA
61_7,61,MAX,False,,NA
61_7,61,GROUP BY,True,True,explicit_cue
61_7,61,Temporal,False,,NA
61_7,61,Negation,False,,NA
61_7,61,Set operation,False,,NA
61_8,61,COUNT,True,True,explicit_cue
61_8,61,DISTINCT,False,,NA
61_8,61,SUM,False,,NA
61_8,61,MIN,False,,NA
61_8,61,MAX,False,,NA
61_8,61,GROUP BY,True,True,explicit_cue
61_8,61,Temporal,False,,NA
61_8,61,Negation,False,,NA
61_8,61,Set operation,False,,NA
61_9,61,COUNT,True,True,explicit_cue
61_9,61,DISTINCT,False,,NA
61_9,61,SUM,False,,NA
61_9,61,MIN,False,,NA
61_9,61,MAX,False,,NA
61_9,61,GROUP BY,True,True,explicit_cue
61_9,61,Temporal,False,,NA
61_9,61,Negation,False,,NA
61_9,61,Set operation,False,,NA
61_10,61,COUNT,True,True,explicit_cue
61_10,61,DISTINCT,False,,NA
61_10,61,SUM,False,,NA
61_10,61,MIN,False,,NA
61_10,61,MAX,False,,NA
61_10,61,GROUP BY,True,True,explicit_cue
61_10,61,Temporal,False,,NA
61_10,61,Negation,False,,NA
61_10,61,Set operation,False,,NA
61_11,61,COUNT,True,True,explicit_cue
61_11,61,DISTINCT,False,,NA
61_11,61,SUM,False,,NA
61_11,61,MIN,False,,NA
61_11,61,MAX,False,,NA
61_11,61,GROUP BY,True,True,explicit_cue
61_11,61,Temporal,False,,NA
61_11,61,Negation,False,,NA
61_11,61,Set operation,False,,NA
61_12,61,COUNT,True,True,explicit_cue
61_12,61,DISTINCT,False,,NA
61_12,61,SUM,False,,NA
61_12,61,MIN,False,,NA
61_12,61,MAX,False,,NA
61_12,61,GROUP BY,True,True,explicit_cue
61_12,61,Temporal,False,,NA
61_12,61,Negation,False,,NA
61_12,61,Set operation,False,,NA
61_13,61,COUNT,True,False,no_cue
61_13,61,DISTINCT,False,,NA
61_13,61,SUM,False,,NA
61_13,61,MIN,False,,NA
61_13,61,MAX,False,,NA
61_13,61,GROUP BY,True,True,explicit_cue
61_13,61,Temporal,False,,NA
61_13,61,Negation,False,,NA
61_13,61,Set operation,False,,NA
61_14,61,COUNT,True,True,explicit_cue
61_14,61,DISTINCT,False,,NA
61_14,61,SUM,False,,NA
61_14,61,MIN,False,,NA
61_14,61,MAX,False,,NA
61_14,61,GROUP BY,True,True,explicit_cue
61_14,61,Temporal,False,,NA
61_14,61,Negation,False,,NA
61_14,61,Set operation,False,,NA
61_15,61,COUNT,True,True,explicit_cue
61_15,61,DISTINCT,False,,NA
61_15,61,SUM,False,,NA
61_15,61,MIN,False,,NA
61_15,61,MAX,False,,NA
61_15,61,GROUP BY,True,True,explicit_cue
61_15,61,Temporal,False,,NA
61_15,61,Negation,False,,NA
61_15,61,Set operation,False,,NA
61_16,61,COUNT,True,True,explicit_cue
61_16,61,DISTINCT,False,,NA
61_16,61,SUM,False,,NA
61_16,61,MIN,False,,NA
61_16,61,MAX,False,,NA
61_16,61,GROUP BY,True,True,explicit_cue
61_16,61,Temporal,False,,NA
61_16,61,Negation,False,,NA
61_16,61,Set operation,False,,NA
61_17,61,COUNT,True,True,explicit_cue
61_17,61,DISTINCT,False,,NA
61_17,61,SUM,False,,NA
61_17,61,MIN,False,,NA
61_17,61,MAX,False,,NA
61_17,61,GROUP BY,True,True,explicit_cue
61_17,61,Temporal,False,,NA
61_17,61,Negation,False,,NA
61_17,61,Set operation,False,,NA
61_18,61,COUNT,True,True,explicit_cue
61_18,61,DISTINCT,False,,NA
61_18,61,SUM,False,,NA
61_18,61,MIN,False,,NA
61_18,61,MAX,False,,NA
61_18,61,GROUP BY,True,True,explicit_cue
61_18,61,Temporal,False,,NA
61_18,61,Negation,False,,NA
61_18,61,Set operation,False,,NA
61_19,61,COUNT,True,True,explicit_cue
61_19,61,DISTINCT,False,,NA
61_19,61,SUM,False,,NA
61_19,61,MIN,False,,NA
61_19,61,MAX,False,,NA
61_19,61,GROUP BY,True,True,explicit_cue
61_19,61,Temporal,False,,NA
61_19,61,Negation,False,,NA
61_19,61,Set operation,False,,NA
61_20,61,COUNT,True,True,explicit_cue
61_20,61,DISTINCT,False,,NA
61_20,61,SUM,False,,NA
61_20,61,MIN,False,,NA
61_20,61,MAX,False,,NA
61_20,61,GROUP BY,True,True,explicit_cue
61_20,61,Temporal,False,,NA
61_20,61,Negation,False,,NA
61_20,61,Set operation,False,,NA
61_21,61,COUNT,True,True,explicit_cue
61_21,61,DISTINCT,False,,NA
61_21,61,SUM,False,,NA
61_21,61,MIN,False,,NA
61_21,61,MAX,False,,NA
61_21,61,GROUP BY,True,True,explicit_cue
61_21,61,Temporal,False,,NA
61_21,61,Negation,False,,NA
61_21,61,Set operation,False,,NA
61_22,61,COUNT,True,True,explicit_cue
61_22,61,DISTINCT,False,,NA
61_22,61,SUM,False,,NA
61_22,61,MIN,False,,NA
61_22,61,MAX,False,,NA
61_22,61,GROUP BY,True,True,explicit_cue
61_22,61,Temporal,False,,NA
61_22,61,Negation,False,,NA
61_22,61,Set operation,False,,NA
61_23,61,COUNT,True,True,explicit_cue
61_23,61,DISTINCT,False,,NA
61_23,61,SUM,False,,NA
61_23,61,MIN,False,,NA
61_23,61,MAX,False,,NA
61_23,61,GROUP BY,True,True,explicit_cue
61_23,61,Temporal,False,,NA
61_23,61,Negation,False,,NA
61_23,61,Set operation,False,,NA
62_0,62,COUNT,False,,NA
62_0,62,DISTINCT,False,,NA
62_0,62,SUM,False,,NA
62_0,62,MIN,False,,NA
62_0,62,MAX,False,,NA
62_0,62,GROUP BY,False,,NA
62_0,62,Temporal,False,,NA
62_0,62,Negation,False,,NA
62_0,62,Set operation,False,,NA
62_1,62,COUNT,False,,NA
62_1,62,DISTINCT,False,,NA
62_1,62,SUM,False,,NA
62_1,62,MIN,False,,NA
62_1,62,MAX,False,,NA
62_1,62,GROUP BY,False,,NA
62_1,62,Temporal,False,,NA
62_1,62,Negation,False,,NA
62_1,62,Set operation,False,,NA
62_2,62,COUNT,False,,NA
62_2,62,DISTINCT,False,,NA
62_2,62,SUM,False,,NA
62_2,62,MIN,False,,NA
62_2,62,MAX,False,,NA
62_2,62,GROUP BY,False,,NA
62_2,62,Temporal,False,,NA
62_2,62,Negation,False,,NA
62_2,62,Set operation,False,,NA
62_3,62,COUNT,False,,NA
62_3,62,DISTINCT,False,,NA
62_3,62,SUM,False,,NA
62_3,62,MIN,False,,NA
62_3,62,MAX,False,,NA
62_3,62,GROUP BY,False,,NA
62_3,62,Temporal,False,,NA
62_3,62,Negation,False,,NA
62_3,62,Set operation,False,,NA
62_4,62,COUNT,False,,NA
62_4,62,DISTINCT,False,,NA
62_4,62,SUM,False,,NA
62_4,62,MIN,False,,NA
62_4,62,MAX,False,,NA
62_4,62,GROUP BY,False,,NA
62_4,62,Temporal,False,,NA
62_4,62,Negation,False,,NA
62_4,62,Set operation,False,,NA
62_5,62,COUNT,False,,NA
62_5,62,DISTINCT,False,,NA
62_5,62,SUM,False,,NA
62_5,62,MIN,False,,NA
62_5,62,MAX,False,,NA
62_5,62,GROUP BY,False,,NA
62_5,62,Temporal,False,,NA
62_5,62,Negation,False,,NA
62_5,62,Set operation,False,,NA
62_6,62,COUNT,False,,NA
62_6,62,DISTINCT,False,,NA
62_6,62,SUM,False,,NA
62_6,62,MIN,False,,NA
62_6,62,MAX,False,,NA
62_6,62,GROUP BY,False,,NA
62_6,62,Temporal,False,,NA
62_6,62,Negation,False,,NA
62_6,62,Set operation,False,,NA
62_7,62,COUNT,False,,NA
62_7,62,DISTINCT,False,,NA
62_7,62,SUM,False,,NA
62_7,62,MIN,False,,NA
62_7,62,MAX,False,,NA
62_7,62,GROUP BY,False,,NA
62_7,62,Temporal,False,,NA
62_7,62,Negation,False,,NA
62_7,62,Set operation,False,,NA
63_0,63,COUNT,False,,NA
63_0,63,DISTINCT,False,,NA
63_0,63,SUM,False,,NA
63_0,63,MIN,False,,NA
63_0,63,MAX,False,,NA
63_0,63,GROUP BY,False,,NA
63_0,63,Temporal,False,,NA
63_0,63,Negation,False,,NA
63_0,63,Set operation,False,,NA
63_1,63,COUNT,False,,NA
63_1,63,DISTINCT,False,,NA
63_1,63,SUM,False,,NA
63_1,63,MIN,False,,NA
63_1,63,MAX,False,,NA
63_1,63,GROUP BY,False,,NA
63_1,63,Temporal,False,,NA
63_1,63,Negation,False,,NA
63_1,63,Set operation,False,,NA
63_2,63,COUNT,False,,NA
63_2,63,DISTINCT,False,,NA
63_2,63,SUM,False,,NA
63_2,63,MIN,False,,NA
63_2,63,MAX,False,,NA
63_2,63,GROUP BY,False,,NA
63_2,63,Temporal,False,,NA
63_2,63,Negation,False,,NA
63_2,63,Set operation,False,,NA
63_3,63,COUNT,False,,NA
63_3,63,DISTINCT,False,,NA
63_3,63,SUM,False,,NA
63_3,63,MIN,False,,NA
63_3,63,MAX,False,,NA
63_3,63,GROUP BY,False,,NA
63_3,63,Temporal,False,,NA
63_3,63,Negation,False,,NA
63_3,63,Set operation,False,,NA
63_4,63,COUNT,False,,NA
63_4,63,DISTINCT,False,,NA
63_4,63,SUM,False,,NA
63_4,63,MIN,False,,NA
63_4,63,MAX,False,,NA
63_4,63,GROUP BY,False,,NA
63_4,63,Temporal,False,,NA
63_4,63,Negation,False,,NA
63_4,63,Set operation,False,,NA
63_5,63,COUNT,False,,NA
63_5,63,DISTINCT,False,,NA
63_5,63,SUM,False,,NA
63_5,63,MIN,False,,NA
63_5,63,MAX,False,,NA
63_5,63,GROUP BY,False,,NA
63_5,63,Temporal,False,,NA
63_5,63,Negation,False,,NA
63_5,63,Set operation,False,,NA
63_6,63,COUNT,False,,NA
63_6,63,DISTINCT,False,,NA
63_6,63,SUM,False,,NA
63_6,63,MIN,False,,NA
63_6,63,MAX,False,,NA
63_6,63,GROUP BY,False,,NA
63_6,63,Temporal,False,,NA
63_6,63,Negation,False,,NA
63_6,63,Set operation,False,,NA
63_7,63,COUNT,False,,NA
63_7,63,DISTINCT,False,,NA
63_7,63,SUM,False,,NA
63_7,63,MIN,False,,NA
63_7,63,MAX,False,,NA
63_7,63,GROUP BY,False,,NA
63_7,63,Temporal,False,,NA
63_7,63,Negation,False,,NA
63_7,63,Set operation,False,,NA
63_8,63,COUNT,False,,NA
63_8,63,DISTINCT,False,,NA
63_8,63,SUM,False,,NA
63_8,63,MIN,False,,NA
63_8,63,MAX,False,,NA
63_8,63,GROUP BY,False,,NA
63_8,63,Temporal,False,,NA
63_8,63,Negation,False,,NA
63_8,63,Set operation,False,,NA
63_9,63,COUNT,False,,NA
63_9,63,DISTINCT,False,,NA
63_9,63,SUM,False,,NA
63_9,63,MIN,False,,NA
63_9,63,MAX,False,,NA
63_9,63,GROUP BY,False,,NA
63_9,63,Temporal,False,,NA
63_9,63,Negation,False,,NA
63_9,63,Set operation,False,,NA
63_10,63,COUNT,False,,NA
63_10,63,DISTINCT,False,,NA
63_10,63,SUM,False,,NA
63_10,63,MIN,False,,NA
63_10,63,MAX,False,,NA
63_10,63,GROUP BY,False,,NA
63_10,63,Temporal,False,,NA
63_10,63,Negation,False,,NA
63_10,63,Set operation,False,,NA
63_11,63,COUNT,False,,NA
63_11,63,DISTINCT,False,,NA
63_11,63,SUM,False,,NA
63_11,63,MIN,False,,NA
63_11,63,MAX,False,,NA
63_11,63,GROUP BY,False,,NA
63_11,63,Temporal,False,,NA
63_11,63,Negation,False,,NA
63_11,63,Set operation,False,,NA
64_0,64,COUNT,False,,NA
64_0,64,DISTINCT,False,,NA
64_0,64,SUM,False,,NA
64_0,64,MIN,False,,NA
64_0,64,MAX,True,True,explicit_cue
64_0,64,GROUP BY,False,,NA
64_0,64,Temporal,False,,NA
64_0,64,Negation,False,,NA
64_0,64,Set operation,False,,NA
64_1,64,COUNT,False,,NA
64_1,64,DISTINCT,False,,NA
64_1,64,SUM,False,,NA
64_1,64,MIN,False,,NA
64_1,64,MAX,True,True,explicit_cue
64_1,64,GROUP BY,False,,NA
64_1,64,Temporal,False,,NA
64_1,64,Negation,False,,NA
64_1,64,Set operation,False,,NA
64_2,64,COUNT,False,,NA
64_2,64,DISTINCT,False,,NA
64_2,64,SUM,False,,NA
64_2,64,MIN,False,,NA
64_2,64,MAX,True,True,explicit_cue
64_2,64,GROUP BY,False,,NA
64_2,64,Temporal,False,,NA
64_2,64,Negation,False,,NA
64_2,64,Set operation,False,,NA
64_3,64,COUNT,False,,NA
64_3,64,DISTINCT,False,,NA
64_3,64,SUM,False,,NA
64_3,64,MIN,False,,NA
64_3,64,MAX,True,True,explicit_cue
64_3,64,GROUP BY,False,,NA
64_3,64,Temporal,False,,NA
64_3,64,Negation,False,,NA
64_3,64,Set operation,False,,NA
64_4,64,COUNT,False,,NA
64_4,64,DISTINCT,False,,NA
64_4,64,SUM,False,,NA
64_4,64,MIN,False,,NA
64_4,64,MAX,True,True,explicit_cue
64_4,64,GROUP BY,False,,NA
64_4,64,Temporal,False,,NA
64_4,64,Negation,False,,NA
64_4,64,Set operation,False,,NA
64_5,64,COUNT,False,,NA
64_5,64,DISTINCT,False,,NA
64_5,64,SUM,False,,NA
64_5,64,MIN,False,,NA
64_5,64,MAX,True,True,explicit_cue
64_5,64,GROUP BY,False,,NA
64_5,64,Temporal,False,,NA
64_5,64,Negation,False,,NA
64_5,64,Set operation,False,,NA
65_0,65,COUNT,False,,NA
65_0,65,DISTINCT,False,,NA
65_0,65,SUM,False,,NA
65_0,65,MIN,False,,NA
65_0,65,MAX,False,,NA
65_0,65,GROUP BY,False,,NA
65_0,65,Temporal,False,,NA
65_0,65,Negation,False,,NA
65_0,65,Set operation,True,False,no_cue
65_1,65,COUNT,False,,NA
65_1,65,DISTINCT,False,,NA
65_1,65,SUM,False,,NA
65_1,65,MIN,False,,NA
65_1,65,MAX,False,,NA
65_1,65,GROUP BY,False,,NA
65_1,65,Temporal,False,,NA
65_1,65,Negation,False,,NA
65_1,65,Set operation,True,False,no_cue
65_2,65,COUNT,False,,NA
65_2,65,DISTINCT,False,,NA
65_2,65,SUM,False,,NA
65_2,65,MIN,False,,NA
65_2,65,MAX,False,,NA
65_2,65,GROUP BY,False,,NA
65_2,65,Temporal,False,,NA
65_2,65,Negation,False,,NA
65_2,65,Set operation,True,False,no_cue
65_3,65,COUNT,False,,NA
65_3,65,DISTINCT,False,,NA
65_3,65,SUM,False,,NA
65_3,65,MIN,False,,NA
65_3,65,MAX,False,,NA
65_3,65,GROUP BY,False,,NA
65_3,65,Temporal,False,,NA
65_3,65,Negation,False,,NA
65_3,65,Set operation,True,False,no_cue
65_4,65,COUNT,False,,NA
65_4,65,DISTINCT,False,,NA
65_4,65,SUM,False,,NA
65_4,65,MIN,False,,NA
65_4,65,MAX,False,,NA
65_4,65,GROUP BY,False,,NA
65_4,65,Temporal,False,,NA
65_4,65,Negation,False,,NA
65_4,65,Set operation,True,False,no_cue
65_5,65,COUNT,False,,NA
65_5,65,DISTINCT,False,,NA
65_5,65,SUM,False,,NA
65_5,65,MIN,False,,NA
65_5,65,MAX,False,,NA
65_5,65,GROUP BY,False,,NA
65_5,65,Temporal,False,,NA
65_5,65,Negation,False,,NA
65_5,65,Set operation,True,False,no_cue
66_0,66,COUNT,True,True,explicit_cue
66_0,66,DISTINCT,False,,NA
66_0,66,SUM,False,,NA
66_0,66,MIN,False,,NA
66_0,66,MAX,False,,NA
66_0,66,GROUP BY,True,True,explicit_cue
66_0,66,Temporal,False,,NA
66_0,66,Negation,False,,NA
66_0,66,Set operation,False,,NA
66_1,66,COUNT,True,True,explicit_cue
66_1,66,DISTINCT,False,,NA
66_1,66,SUM,False,,NA
66_1,66,MIN,False,,NA
66_1,66,MAX,False,,NA
66_1,66,GROUP BY,True,True,explicit_cue
66_1,66,Temporal,False,,NA
66_1,66,Negation,False,,NA
66_1,66,Set operation,False,,NA
66_2,66,COUNT,True,True,explicit_cue
66_2,66,DISTINCT,False,,NA
66_2,66,SUM,False,,NA
66_2,66,MIN,False,,NA
66_2,66,MAX,False,,NA
66_2,66,GROUP BY,True,True,explicit_cue
66_2,66,Temporal,False,,NA
66_2,66,Negation,False,,NA
66_2,66,Set operation,False,,NA
66_3,66,COUNT,True,True,explicit_cue
66_3,66,DISTINCT,False,,NA
66_3,66,SUM,False,,NA
66_3,66,MIN,False,,NA
66_3,66,MAX,False,,NA
66_3,66,GROUP BY,True,True,explicit_cue
66_3,66,Temporal,False,,NA
66_3,66,Negation,False,,NA
66_3,66,Set operation,False,,NA
66_4,66,COUNT,True,True,explicit_cue
66_4,66,DISTINCT,False,,NA
66_4,66,SUM,False,,NA
66_4,66,MIN,False,,NA
66_4,66,MAX,False,,NA
66_4,66,GROUP BY,True,True,explicit_cue
66_4,66,Temporal,False,,NA
66_4,66,Negation,False,,NA
66_4,66,Set operation,False,,NA
66_5,66,COUNT,True,True,explicit_cue
66_5,66,DISTINCT,False,,NA
66_5,66,SUM,False,,NA
66_5,66,MIN,False,,NA
66_5,66,MAX,False,,NA
66_5,66,GROUP BY,True,True,explicit_cue
66_5,66,Temporal,False,,NA
66_5,66,Negation,False,,NA
66_5,66,Set operation,False,,NA
66_6,66,COUNT,True,True,explicit_cue
66_6,66,DISTINCT,False,,NA
66_6,66,SUM,False,,NA
66_6,66,MIN,False,,NA
66_6,66,MAX,False,,NA
66_6,66,GROUP BY,True,True,explicit_cue
66_6,66,Temporal,False,,NA
66_6,66,Negation,False,,NA
66_6,66,Set operation,False,,NA
66_7,66,COUNT,True,True,explicit_cue
66_7,66,DISTINCT,False,,NA
66_7,66,SUM,False,,NA
66_7,66,MIN,False,,NA
66_7,66,MAX,False,,NA
66_7,66,GROUP BY,True,True,explicit_cue
66_7,66,Temporal,False,,NA
66_7,66,Negation,False,,NA
66_7,66,Set operation,False,,NA
66_8,66,COUNT,True,True,explicit_cue
66_8,66,DISTINCT,False,,NA
66_8,66,SUM,False,,NA
66_8,66,MIN,False,,NA
66_8,66,MAX,False,,NA
66_8,66,GROUP BY,True,True,explicit_cue
66_8,66,Temporal,False,,NA
66_8,66,Negation,False,,NA
66_8,66,Set operation,False,,NA
66_9,66,COUNT,True,True,explicit_cue
66_9,66,DISTINCT,False,,NA
66_9,66,SUM,False,,NA
66_9,66,MIN,False,,NA
66_9,66,MAX,False,,NA
66_9,66,GROUP BY,True,True,explicit_cue
66_9,66,Temporal,False,,NA
66_9,66,Negation,False,,NA
66_9,66,Set operation,False,,NA
66_10,66,COUNT,True,True,explicit_cue
66_10,66,DISTINCT,False,,NA
66_10,66,SUM,False,,NA
66_10,66,MIN,False,,NA
66_10,66,MAX,False,,NA
66_10,66,GROUP BY,True,True,explicit_cue
66_10,66,Temporal,False,,NA
66_10,66,Negation,False,,NA
66_10,66,Set operation,False,,NA
67_0,67,COUNT,True,True,explicit_cue
67_0,67,DISTINCT,False,,NA
67_0,67,SUM,False,,NA
67_0,67,MIN,False,,NA
67_0,67,MAX,False,,NA
67_0,67,GROUP BY,True,True,explicit_cue
67_0,67,Temporal,False,,NA
67_0,67,Negation,False,,NA
67_0,67,Set operation,False,,NA
67_1,67,COUNT,True,True,explicit_cue
67_1,67,DISTINCT,False,,NA
67_1,67,SUM,False,,NA
67_1,67,MIN,False,,NA
67_1,67,MAX,False,,NA
67_1,67,GROUP BY,True,True,explicit_cue
67_1,67,Temporal,False,,NA
67_1,67,Negation,False,,NA
67_1,67,Set operation,False,,NA
67_2,67,COUNT,True,True,explicit_cue
67_2,67,DISTINCT,False,,NA
67_2,67,SUM,False,,NA
67_2,67,MIN,False,,NA
67_2,67,MAX,False,,NA
67_2,67,GROUP BY,True,True,explicit_cue
67_2,67,Temporal,False,,NA
67_2,67,Negation,False,,NA
67_2,67,Set operation,False,,NA
67_3,67,COUNT,True,True,explicit_cue
67_3,67,DISTINCT,False,,NA
67_3,67,SUM,False,,NA
67_3,67,MIN,False,,NA
67_3,67,MAX,False,,NA
67_3,67,GROUP BY,True,True,explicit_cue
67_3,67,Temporal,False,,NA
67_3,67,Negation,False,,NA
67_3,67,Set operation,False,,NA
67_4,67,COUNT,True,True,explicit_cue
67_4,67,DISTINCT,False,,NA
67_4,67,SUM,False,,NA
67_4,67,MIN,False,,NA
67_4,67,MAX,False,,NA
67_4,67,GROUP BY,True,True,explicit_cue
67_4,67,Temporal,False,,NA
67_4,67,Negation,False,,NA
67_4,67,Set operation,False,,NA
67_5,67,COUNT,True,True,explicit_cue
67_5,67,DISTINCT,False,,NA
67_5,67,SUM,False,,NA
67_5,67,MIN,False,,NA
67_5,67,MAX,False,,NA
67_5,67,GROUP BY,True,True,explicit_cue
67_5,67,Temporal,False,,NA
67_5,67,Negation,False,,NA
67_5,67,Set operation,False,,NA
67_6,67,COUNT,True,True,explicit_cue
67_6,67,DISTINCT,False,,NA
67_6,67,SUM,False,,NA
67_6,67,MIN,False,,NA
67_6,67,MAX,False,,NA
67_6,67,GROUP BY,True,True,explicit_cue
67_6,67,Temporal,False,,NA
67_6,67,Negation,False,,NA
67_6,67,Set operation,False,,NA
67_7,67,COUNT,True,True,explicit_cue
67_7,67,DISTINCT,False,,NA
67_7,67,SUM,False,,NA
67_7,67,MIN,False,,NA
67_7,67,MAX,False,,NA
67_7,67,GROUP BY,True,True,explicit_cue
67_7,67,Temporal,False,,NA
67_7,67,Negation,False,,NA
67_7,67,Set operation,False,,NA
67_8,67,COUNT,True,True,explicit_cue
67_8,67,DISTINCT,False,,NA
67_8,67,SUM,False,,NA
67_8,67,MIN,False,,NA
67_8,67,MAX,False,,NA
67_8,67,GROUP BY,True,True,explicit_cue
67_8,67,Temporal,False,,NA
67_8,67,Negation,False,,NA
67_8,67,Set operation,False,,NA
67_9,67,COUNT,True,True,explicit_cue
67_9,67,DISTINCT,False,,NA
67_9,67,SUM,False,,NA
67_9,67,MIN,False,,NA
67_9,67,MAX,False,,NA
67_9,67,GROUP BY,True,True,explicit_cue
67_9,67,Temporal,False,,NA
67_9,67,Negation,False,,NA
67_9,67,Set operation,False,,NA
68_0,68,COUNT,False,,NA
68_0,68,DISTINCT,False,,NA
68_0,68,SUM,False,,NA
68_0,68,MIN,False,,NA
68_0,68,MAX,False,,NA
68_0,68,GROUP BY,False,,NA
68_0,68,Temporal,False,,NA
68_0,68,Negation,True,True,explicit_cue
68_0,68,Set operation,False,,NA
68_1,68,COUNT,False,,NA
68_1,68,DISTINCT,False,,NA
68_1,68,SUM,False,,NA
68_1,68,MIN,False,,NA
68_1,68,MAX,False,,NA
68_1,68,GROUP BY,False,,NA
68_1,68,Temporal,False,,NA
68_1,68,Negation,True,True,explicit_cue
68_1,68,Set operation,False,,NA
68_2,68,COUNT,False,,NA
68_2,68,DISTINCT,False,,NA
68_2,68,SUM,False,,NA
68_2,68,MIN,False,,NA
68_2,68,MAX,False,,NA
68_2,68,GROUP BY,False,,NA
68_2,68,Temporal,False,,NA
68_2,68,Negation,True,True,explicit_cue
68_2,68,Set operation,False,,NA
68_3,68,COUNT,False,,NA
68_3,68,DISTINCT,False,,NA
68_3,68,SUM,False,,NA
68_3,68,MIN,False,,NA
68_3,68,MAX,False,,NA
68_3,68,GROUP BY,False,,NA
68_3,68,Temporal,False,,NA
68_3,68,Negation,True,True,explicit_cue
68_3,68,Set operation,False,,NA
68_4,68,COUNT,False,,NA
68_4,68,DISTINCT,False,,NA
68_4,68,SUM,False,,NA
68_4,68,MIN,False,,NA
68_4,68,MAX,False,,NA
68_4,68,GROUP BY,False,,NA
68_4,68,Temporal,False,,NA
68_4,68,Negation,True,True,explicit_cue
68_4,68,Set operation,False,,NA
68_5,68,COUNT,False,,NA
68_5,68,DISTINCT,False,,NA
68_5,68,SUM,False,,NA
68_5,68,MIN,False,,NA
68_5,68,MAX,False,,NA
68_5,68,GROUP BY,False,,NA
68_5,68,Temporal,False,,NA
68_5,68,Negation,True,True,explicit_cue
68_5,68,Set operation,False,,NA
68_6,68,COUNT,False,,NA
68_6,68,DISTINCT,False,,NA
68_6,68,SUM,False,,NA
68_6,68,MIN,False,,NA
68_6,68,MAX,False,,NA
68_6,68,GROUP BY,False,,NA
68_6,68,Temporal,False,,NA
68_6,68,Negation,True,True,explicit_cue
68_6,68,Set operation,False,,NA
68_7,68,COUNT,False,,NA
68_7,68,DISTINCT,False,,NA
68_7,68,SUM,False,,NA
68_7,68,MIN,False,,NA
68_7,68,MAX,False,,NA
68_7,68,GROUP BY,False,,NA
68_7,68,Temporal,False,,NA
68_7,68,Negation,True,True,explicit_cue
68_7,68,Set operation,False,,NA
68_8,68,COUNT,False,,NA
68_8,68,DISTINCT,False,,NA
68_8,68,SUM,False,,NA
68_8,68,MIN,False,,NA
68_8,68,MAX,False,,NA
68_8,68,GROUP BY,False,,NA
68_8,68,Temporal,False,,NA
68_8,68,Negation,True,True,explicit_cue
68_8,68,Set operation,False,,NA
68_9,68,COUNT,False,,NA
68_9,68,DISTINCT,False,,NA
68_9,68,SUM,False,,NA
68_9,68,MIN,False,,NA
68_9,68,MAX,False,,NA
68_9,68,GROUP BY,False,,NA
68_9,68,Temporal,False,,NA
68_9,68,Negation,True,True,explicit_cue
68_9,68,Set operation,False,,NA
69_0,69,COUNT,False,,NA
69_0,69,DISTINCT,True,False,no_cue
69_0,69,SUM,False,,NA
69_0,69,MIN,False,,NA
69_0,69,MAX,False,,NA
69_0,69,GROUP BY,False,,NA
69_0,69,Temporal,False,,NA
69_0,69,Negation,False,,NA
69_0,69,Set operation,False,,NA
69_1,69,COUNT,False,,NA
69_1,69,DISTINCT,True,False,no_cue
69_1,69,SUM,False,,NA
69_1,69,MIN,False,,NA
69_1,69,MAX,False,,NA
69_1,69,GROUP BY,False,,NA
69_1,69,Temporal,False,,NA
69_1,69,Negation,False,,NA
69_1,69,Set operation,False,,NA
69_2,69,COUNT,False,,NA
69_2,69,DISTINCT,True,False,no_cue
69_2,69,SUM,False,,NA
69_2,69,MIN,False,,NA
69_2,69,MAX,False,,NA
69_2,69,GROUP BY,False,,NA
69_2,69,Temporal,False,,NA
69_2,69,Negation,False,,NA
69_2,69,Set operation,False,,NA
69_3,69,COUNT,False,,NA
69_3,69,DISTINCT,True,False,no_cue
69_3,69,SUM,False,,NA
69_3,69,MIN,False,,NA
69_3,69,MAX,False,,NA
69_3,69,GROUP BY,False,,NA
69_3,69,Temporal,False,,NA
69_3,69,Negation,False,,NA
69_3,69,Set operation,False,,NA
69_4,69,COUNT,False,,NA
69_4,69,DISTINCT,True,False,no_cue
69_4,69,SUM,False,,NA
69_4,69,MIN,False,,NA
69_4,69,MAX,False,,NA
69_4,69,GROUP BY,False,,NA
69_4,69,Temporal,False,,NA
69_4,69,Negation,False,,NA
69_4,69,Set operation,False,,NA
69_5,69,COUNT,False,,NA
69_5,69,DISTINCT,True,False,no_cue
69_5,69,SUM,False,,NA
69_5,69,MIN,False,,NA
69_5,69,MAX,False,,NA
69_5,69,GROUP BY,False,,NA
69_5,69,Temporal,False,,NA
69_5,69,Negation,False,,NA
69_5,69,Set operation,False,,NA
69_6,69,COUNT,False,,NA
69_6,69,DISTINCT,True,False,no_cue
69_6,69,SUM,False,,NA
69_6,69,MIN,False,,NA
69_6,69,MAX,False,,NA
69_6,69,GROUP BY,False,,NA
69_6,69,Temporal,False,,NA
69_6,69,Negation,False,,NA
69_6,69,Set operation,False,,NA
69_7,69,COUNT,False,,NA
69_7,69,DISTINCT,True,False,no_cue
69_7,69,SUM,False,,NA
69_7,69,MIN,False,,NA
69_7,69,MAX,False,,NA
69_7,69,GROUP BY,False,,NA
69_7,69,Temporal,False,,NA
69_7,69,Negation,False,,NA
69_7,69,Set operation,False,,NA
69_8,69,COUNT,False,,NA
69_8,69,DISTINCT,True,False,no_cue
69_8,69,SUM,False,,NA
69_8,69,MIN,False,,NA
69_8,69,MAX,False,,NA
69_8,69,GROUP BY,False,,NA
69_8,69,Temporal,False,,NA
69_8,69,Negation,False,,NA
69_8,69,Set operation,False,,NA
69_9,69,COUNT,False,,NA
69_9,69,DISTINCT,True,False,no_cue
69_9,69,SUM,False,,NA
69_9,69,MIN,False,,NA
69_9,69,MAX,False,,NA
69_9,69,GROUP BY,False,,NA
69_9,69,Temporal,False,,NA
69_9,69,Negation,False,,NA
69_9,69,Set operation,False,,NA
69_10,69,COUNT,False,,NA
69_10,69,DISTINCT,True,False,no_cue
69_10,69,SUM,False,,NA
69_10,69,MIN,False,,NA
69_10,69,MAX,False,,NA
69_10,69,GROUP BY,False,,NA
69_10,69,Temporal,False,,NA
69_10,69,Negation,False,,NA
69_10,69,Set operation,False,,NA
69_11,69,COUNT,False,,NA
69_11,69,DISTINCT,True,False,no_cue
69_11,69,SUM,False,,NA
69_11,69,MIN,False,,NA
69_11,69,MAX,False,,NA
69_11,69,GROUP BY,False,,NA
69_11,69,Temporal,False,,NA
69_11,69,Negation,False,,NA
69_11,69,Set operation,False,,NA
69_12,69,COUNT,False,,NA
69_12,69,DISTINCT,True,False,no_cue
69_12,69,SUM,False,,NA
69_12,69,MIN,False,,NA
69_12,69,MAX,False,,NA
69_12,69,GROUP BY,False,,NA
69_12,69,Temporal,False,,NA
69_12,69,Negation,False,,NA
69_12,69,Set operation,False,,NA
69_13,69,COUNT,False,,NA
69_13,69,DISTINCT,True,False,no_cue
69_13,69,SUM,False,,NA
69_13,69,MIN,False,,NA
69_13,69,MAX,False,,NA
69_13,69,GROUP BY,False,,NA
69_13,69,Temporal,False,,NA
69_13,69,Negation,False,,NA
69_13,69,Set operation,False,,NA
69_14,69,COUNT,False,,NA
69_14,69,DISTINCT,True,False,no_cue
69_14,69,SUM,False,,NA
69_14,69,MIN,False,,NA
69_14,69,MAX,False,,NA
69_14,69,GROUP BY,False,,NA
69_14,69,Temporal,False,,NA
69_14,69,Negation,False,,NA
69_14,69,Set operation,False,,NA
69_15,69,COUNT,False,,NA
69_15,69,DISTINCT,True,False,no_cue
69_15,69,SUM,False,,NA
69_15,69,MIN,False,,NA
69_15,69,MAX,False,,NA
69_15,69,GROUP BY,False,,NA
69_15,69,Temporal,False,,NA
69_15,69,Negation,False,,NA
69_15,69,Set operation,False,,NA
71_0,71,COUNT,True,False,no_cue
71_0,71,DISTINCT,False,,NA
71_0,71,SUM,False,,NA
71_0,71,MIN,False,,NA
71_0,71,MAX,False,,NA
71_0,71,GROUP BY,True,False,no_cue
71_0,71,Temporal,False,,NA
71_0,71,Negation,False,,NA
71_0,71,Set operation,False,,NA
71_1,71,COUNT,True,False,no_cue
71_1,71,DISTINCT,False,,NA
71_1,71,SUM,False,,NA
71_1,71,MIN,False,,NA
71_1,71,MAX,False,,NA
71_1,71,GROUP BY,True,False,no_cue
71_1,71,Temporal,False,,NA
71_1,71,Negation,False,,NA
71_1,71,Set operation,False,,NA
71_2,71,COUNT,True,False,no_cue
71_2,71,DISTINCT,False,,NA
71_2,71,SUM,False,,NA
71_2,71,MIN,False,,NA
71_2,71,MAX,False,,NA
71_2,71,GROUP BY,True,False,no_cue
71_2,71,Temporal,False,,NA
71_2,71,Negation,False,,NA
71_2,71,Set operation,False,,NA
71_3,71,COUNT,True,False,no_cue
71_3,71,DISTINCT,False,,NA
71_3,71,SUM,False,,NA
71_3,71,MIN,False,,NA
71_3,71,MAX,False,,NA
71_3,71,GROUP BY,True,False,no_cue
71_3,71,Temporal,False,,NA
71_3,71,Negation,False,,NA
71_3,71,Set operation,False,,NA
71_4,71,COUNT,True,False,no_cue
71_4,71,DISTINCT,False,,NA
71_4,71,SUM,False,,NA
71_4,71,MIN,False,,NA
71_4,71,MAX,False,,NA
71_4,71,GROUP BY,True,False,no_cue
71_4,71,Temporal,False,,NA
71_4,71,Negation,False,,NA
71_4,71,Set operation,False,,NA
71_5,71,COUNT,True,False,no_cue
71_5,71,DISTINCT,False,,NA
71_5,71,SUM,False,,NA
71_5,71,MIN,False,,NA
71_5,71,MAX,False,,NA
71_5,71,GROUP BY,True,False,no_cue
71_5,71,Temporal,False,,NA
71_5,71,Negation,False,,NA
71_5,71,Set operation,False,,NA
72_0,72,COUNT,True,True,explicit_cue
72_0,72,DISTINCT,True,False,no_cue
72_0,72,SUM,False,,NA
72_0,72,MIN,False,,NA
72_0,72,MAX,False,,NA
72_0,72,GROUP BY,True,False,no_cue
72_0,72,Temporal,False,,NA
72_0,72,Negation,False,,NA
72_0,72,Set operation,False,,NA
72_1,72,COUNT,True,False,no_cue
72_1,72,DISTINCT,True,False,no_cue
72_1,72,SUM,False,,NA
72_1,72,MIN,False,,NA
72_1,72,MAX,False,,NA
72_1,72,GROUP BY,True,False,no_cue
72_1,72,Temporal,False,,NA
72_1,72,Negation,False,,NA
72_1,72,Set operation,False,,NA
72_2,72,COUNT,True,True,explicit_cue
72_2,72,DISTINCT,True,False,no_cue
72_2,72,SUM,False,,NA
72_2,72,MIN,False,,NA
72_2,72,MAX,False,,NA
72_2,72,GROUP BY,True,False,no_cue
72_2,72,Temporal,False,,NA
72_2,72,Negation,False,,NA
72_2,72,Set operation,False,,NA
72_3,72,COUNT,True,True,explicit_cue
72_3,72,DISTINCT,True,False,no_cue
72_3,72,SUM,False,,NA
72_3,72,MIN,False,,NA
72_3,72,MAX,False,,NA
72_3,72,GROUP BY,True,False,no_cue
72_3,72,Temporal,False,,NA
72_3,72,Negation,False,,NA
72_3,72,Set operation,False,,NA
72_4,72,COUNT,True,False,no_cue
72_4,72,DISTINCT,True,False,no_cue
72_4,72,SUM,False,,NA
72_4,72,MIN,False,,NA
72_4,72,MAX,False,,NA
72_4,72,GROUP BY,True,False,no_cue
72_4,72,Temporal,False,,NA
72_4,72,Negation,False,,NA
72_4,72,Set operation,False,,NA
73_0,73,COUNT,False,,NA
73_0,73,DISTINCT,False,,NA
73_0,73,SUM,False,,NA
73_0,73,MIN,False,,NA
73_0,73,MAX,False,,NA
73_0,73,GROUP BY,False,,NA
73_0,73,Temporal,True,True,explicit_cue
73_0,73,Negation,False,,NA
73_0,73,Set operation,False,,NA
73_1,73,COUNT,False,,NA
73_1,73,DISTINCT,False,,NA
73_1,73,SUM,False,,NA
73_1,73,MIN,False,,NA
73_1,73,MAX,False,,NA
73_1,73,GROUP BY,False,,NA
73_1,73,Temporal,True,True,explicit_cue
73_1,73,Negation,False,,NA
73_1,73,Set operation,False,,NA
73_2,73,COUNT,False,,NA
73_2,73,DISTINCT,False,,NA
73_2,73,SUM,False,,NA
73_2,73,MIN,False,,NA
73_2,73,MAX,False,,NA
73_2,73,GROUP BY,False,,NA
73_2,73,Temporal,True,True,explicit_cue
73_2,73,Negation,False,,NA
73_2,73,Set operation,False,,NA
73_3,73,COUNT,False,,NA
73_3,73,DISTINCT,False,,NA
73_3,73,SUM,False,,NA
73_3,73,MIN,False,,NA
73_3,73,MAX,False,,NA
73_3,73,GROUP BY,False,,NA
73_3,73,Temporal,True,True,explicit_cue
73_3,73,Negation,False,,NA
73_3,73,Set operation,False,,NA
73_4,73,COUNT,False,,NA
73_4,73,DISTINCT,False,,NA
73_4,73,SUM,False,,NA
73_4,73,MIN,False,,NA
73_4,73,MAX,False,,NA
73_4,73,GROUP BY,False,,NA
73_4,73,Temporal,True,True,explicit_cue
73_4,73,Negation,False,,NA
73_4,73,Set operation,False,,NA
73_5,73,COUNT,False,,NA
73_5,73,DISTINCT,False,,NA
73_5,73,SUM,False,,NA
73_5,73,MIN,False,,NA
73_5,73,MAX,False,,NA
73_5,73,GROUP BY,False,,NA
73_5,73,Temporal,True,True,explicit_cue
73_5,73,Negation,False,,NA
73_5,73,Set operation,False,,NA
73_6,73,COUNT,False,,NA
73_6,73,DISTINCT,False,,NA
73_6,73,SUM,False,,NA
73_6,73,MIN,False,,NA
73_6,73,MAX,False,,NA
73_6,73,GROUP BY,False,,NA
73_6,73,Temporal,True,True,explicit_cue
73_6,73,Negation,False,,NA
73_6,73,Set operation,False,,NA
73_7,73,COUNT,False,,NA
73_7,73,DISTINCT,False,,NA
73_7,73,SUM,False,,NA
73_7,73,MIN,False,,NA
73_7,73,MAX,False,,NA
73_7,73,GROUP BY,False,,NA
73_7,73,Temporal,True,True,explicit_cue
73_7,73,Negation,False,,NA
73_7,73,Set operation,False,,NA
73_8,73,COUNT,False,,NA
73_8,73,DISTINCT,False,,NA
73_8,73,SUM,False,,NA
73_8,73,MIN,False,,NA
73_8,73,MAX,False,,NA
73_8,73,GROUP BY,False,,NA
73_8,73,Temporal,True,True,explicit_cue
73_8,73,Negation,False,,NA
73_8,73,Set operation,False,,NA
73_9,73,COUNT,False,,NA
73_9,73,DISTINCT,False,,NA
73_9,73,SUM,False,,NA
73_9,73,MIN,False,,NA
73_9,73,MAX,False,,NA
73_9,73,GROUP BY,False,,NA
73_9,73,Temporal,True,True,explicit_cue
73_9,73,Negation,False,,NA
73_9,73,Set operation,False,,NA
73_10,73,COUNT,False,,NA
73_10,73,DISTINCT,False,,NA
73_10,73,SUM,False,,NA
73_10,73,MIN,False,,NA
73_10,73,MAX,False,,NA
73_10,73,GROUP BY,False,,NA
73_10,73,Temporal,True,True,explicit_cue
73_10,73,Negation,False,,NA
73_10,73,Set operation,False,,NA
73_11,73,COUNT,False,,NA
73_11,73,DISTINCT,False,,NA
73_11,73,SUM,False,,NA
73_11,73,MIN,False,,NA
73_11,73,MAX,False,,NA
73_11,73,GROUP BY,False,,NA
73_11,73,Temporal,True,True,explicit_cue
73_11,73,Negation,False,,NA
73_11,73,Set operation,False,,NA
73_12,73,COUNT,False,,NA
73_12,73,DISTINCT,False,,NA
73_12,73,SUM,False,,NA
73_12,73,MIN,False,,NA
73_12,73,MAX,False,,NA
73_12,73,GROUP BY,False,,NA
73_12,73,Temporal,True,True,explicit_cue
73_12,73,Negation,False,,NA
73_12,73,Set operation,False,,NA
73_13,73,COUNT,False,,NA
73_13,73,DISTINCT,False,,NA
73_13,73,SUM,False,,NA
73_13,73,MIN,False,,NA
73_13,73,MAX,False,,NA
73_13,73,GROUP BY,False,,NA
73_13,73,Temporal,True,True,explicit_cue
73_13,73,Negation,False,,NA
73_13,73,Set operation,False,,NA
73_14,73,COUNT,False,,NA
73_14,73,DISTINCT,False,,NA
73_14,73,SUM,False,,NA
73_14,73,MIN,False,,NA
73_14,73,MAX,False,,NA
73_14,73,GROUP BY,False,,NA
73_14,73,Temporal,True,True,explicit_cue
73_14,73,Negation,False,,NA
73_14,73,Set operation,False,,NA
73_15,73,COUNT,False,,NA
73_15,73,DISTINCT,False,,NA
73_15,73,SUM,False,,NA
73_15,73,MIN,False,,NA
73_15,73,MAX,False,,NA
73_15,73,GROUP BY,False,,NA
73_15,73,Temporal,True,True,explicit_cue
73_15,73,Negation,False,,NA
73_15,73,Set operation,False,,NA
73_16,73,COUNT,False,,NA
73_16,73,DISTINCT,False,,NA
73_16,73,SUM,False,,NA
73_16,73,MIN,False,,NA
73_16,73,MAX,False,,NA
73_16,73,GROUP BY,False,,NA
73_16,73,Temporal,True,True,explicit_cue
73_16,73,Negation,False,,NA
73_16,73,Set operation,False,,NA
73_17,73,COUNT,False,,NA
73_17,73,DISTINCT,False,,NA
73_17,73,SUM,False,,NA
73_17,73,MIN,False,,NA
73_17,73,MAX,False,,NA
73_17,73,GROUP BY,False,,NA
73_17,73,Temporal,True,True,explicit_cue
73_17,73,Negation,False,,NA
73_17,73,Set operation,False,,NA
73_18,73,COUNT,False,,NA
73_18,73,DISTINCT,False,,NA
73_18,73,SUM,False,,NA
73_18,73,MIN,False,,NA
73_18,73,MAX,False,,NA
73_18,73,GROUP BY,False,,NA
73_18,73,Temporal,True,True,explicit_cue
73_18,73,Negation,False,,NA
73_18,73,Set operation,False,,NA
75_0,75,COUNT,False,,NA
75_0,75,DISTINCT,False,,NA
75_0,75,SUM,False,,NA
75_0,75,MIN,False,,NA
75_0,75,MAX,False,,NA
75_0,75,GROUP BY,False,,NA
75_0,75,Temporal,False,,NA
75_0,75,Negation,False,,NA
75_0,75,Set operation,False,,NA
75_1,75,COUNT,False,,NA
75_1,75,DISTINCT,False,,NA
75_1,75,SUM,False,,NA
75_1,75,MIN,False,,NA
75_1,75,MAX,False,,NA
75_1,75,GROUP BY,False,,NA
75_1,75,Temporal,False,,NA
75_1,75,Negation,False,,NA
75_1,75,Set operation,False,,NA
75_2,75,COUNT,False,,NA
75_2,75,DISTINCT,False,,NA
75_2,75,SUM,False,,NA
75_2,75,MIN,False,,NA
75_2,75,MAX,False,,NA
75_2,75,GROUP BY,False,,NA
75_2,75,Temporal,False,,NA
75_2,75,Negation,False,,NA
75_2,75,Set operation,False,,NA
75_3,75,COUNT,False,,NA
75_3,75,DISTINCT,False,,NA
75_3,75,SUM,False,,NA
75_3,75,MIN,False,,NA
75_3,75,MAX,False,,NA
75_3,75,GROUP BY,False,,NA
75_3,75,Temporal,False,,NA
75_3,75,Negation,False,,NA
75_3,75,Set operation,False,,NA
75_4,75,COUNT,False,,NA
75_4,75,DISTINCT,False,,NA
75_4,75,SUM,False,,NA
75_4,75,MIN,False,,NA
75_4,75,MAX,False,,NA
75_4,75,GROUP BY,False,,NA
75_4,75,Temporal,False,,NA
75_4,75,Negation,False,,NA
75_4,75,Set operation,False,,NA
75_5,75,COUNT,False,,NA
75_5,75,DISTINCT,False,,NA
75_5,75,SUM,False,,NA
75_5,75,MIN,False,,NA
75_5,75,MAX,False,,NA
75_5,75,GROUP BY,False,,NA
75_5,75,Temporal,False,,NA
75_5,75,Negation,False,,NA
75_5,75,Set operation,False,,NA
75_6,75,COUNT,False,,NA
75_6,75,DISTINCT,False,,NA
75_6,75,SUM,False,,NA
75_6,75,MIN,False,,NA
75_6,75,MAX,False,,NA
75_6,75,GROUP BY,False,,NA
75_6,75,Temporal,False,,NA
75_6,75,Negation,False,,NA
75_6,75,Set operation,False,,NA
75_7,75,COUNT,False,,NA
75_7,75,DISTINCT,False,,NA
75_7,75,SUM,False,,NA
75_7,75,MIN,False,,NA
75_7,75,MAX,False,,NA
75_7,75,GROUP BY,False,,NA
75_7,75,Temporal,False,,NA
75_7,75,Negation,False,,NA
75_7,75,Set operation,False,,NA
76_0,76,COUNT,True,False,no_cue
76_0,76,DISTINCT,False,,NA
76_0,76,SUM,False,,NA
76_0,76,MIN,False,,NA
76_0,76,MAX,False,,NA
76_0,76,GROUP BY,True,False,no_cue
76_0,76,Temporal,False,,NA
76_0,76,Negation,False,,NA
76_0,76,Set operation,False,,NA
76_1,76,COUNT,True,False,no_cue
76_1,76,DISTINCT,False,,NA
76_1,76,SUM,False,,NA
76_1,76,MIN,False,,NA
76_1,76,MAX,False,,NA
76_1,76,GROUP BY,True,False,no_cue
76_1,76,Temporal,False,,NA
76_1,76,Negation,False,,NA
76_1,76,Set operation,False,,NA
76_2,76,COUNT,True,False,no_cue
76_2,76,DISTINCT,False,,NA
76_2,76,SUM,False,,NA
76_2,76,MIN,False,,NA
76_2,76,MAX,False,,NA
76_2,76,GROUP BY,True,False,no_cue
76_2,76,Temporal,False,,NA
76_2,76,Negation,False,,NA
76_2,76,Set operation,False,,NA
76_3,76,COUNT,True,True,explicit_cue
76_3,76,DISTINCT,False,,NA
76_3,76,SUM,False,,NA
76_3,76,MIN,False,,NA
76_3,76,MAX,False,,NA
76_3,76,GROUP BY,True,False,no_cue
76_3,76,Temporal,False,,NA
76_3,76,Negation,False,,NA
76_3,76,Set operation,False,,NA
76_4,76,COUNT,True,False,no_cue
76_4,76,DISTINCT,False,,NA
76_4,76,SUM,False,,NA
76_4,76,MIN,False,,NA
76_4,76,MAX,False,,NA
76_4,76,GROUP BY,True,False,no_cue
76_4,76,Temporal,False,,NA
76_4,76,Negation,False,,NA
76_4,76,Set operation,False,,NA
76_5,76,COUNT,True,True,explicit_cue
76_5,76,DISTINCT,False,,NA
76_5,76,SUM,False,,NA
76_5,76,MIN,False,,NA
76_5,76,MAX,False,,NA
76_5,76,GROUP BY,True,False,no_cue
76_5,76,Temporal,False,,NA
76_5,76,Negation,False,,NA
76_5,76,Set operation,False,,NA
76_6,76,COUNT,True,False,no_cue
76_6,76,DISTINCT,False,,NA
76_6,76,SUM,False,,NA
76_6,76,MIN,False,,NA
76_6,76,MAX,False,,NA
76_6,76,GROUP BY,True,False,no_cue
76_6,76,Temporal,False,,NA
76_6,76,Negation,False,,NA
76_6,76,Set operation,False,,NA
76_7,76,COUNT,True,False,no_cue
76_7,76,DISTINCT,False,,NA
76_7,76,SUM,False,,NA
76_7,76,MIN,False,,NA
76_7,76,MAX,False,,NA
76_7,76,GROUP BY,True,False,no_cue
76_7,76,Temporal,False,,NA
76_7,76,Negation,False,,NA
76_7,76,Set operation,False,,NA
76_8,76,COUNT,True,True,explicit_cue
76_8,76,DISTINCT,False,,NA
76_8,76,SUM,False,,NA
76_8,76,MIN,False,,NA
76_8,76,MAX,False,,NA
76_8,76,GROUP BY,True,False,no_cue
76_8,76,Temporal,False,,NA
76_8,76,Negation,False,,NA
76_8,76,Set operation,False,,NA
76_9,76,COUNT,True,False,no_cue
76_9,76,DISTINCT,False,,NA
76_9,76,SUM,False,,NA
76_9,76,MIN,False,,NA
76_9,76,MAX,False,,NA
76_9,76,GROUP BY,True,False,no_cue
76_9,76,Temporal,False,,NA
76_9,76,Negation,False,,NA
76_9,76,Set operation,False,,NA
76_10,76,COUNT,True,False,no_cue
76_10,76,DISTINCT,False,,NA
76_10,76,SUM,False,,NA
76_10,76,MIN,False,,NA
76_10,76,MAX,False,,NA
76_10,76,GROUP BY,True,False,no_cue
76_10,76,Temporal,False,,NA
76_10,76,Negation,False,,NA
76_10,76,Set operation,False,,NA
76_11,76,COUNT,True,False,no_cue
76_11,76,DISTINCT,False,,NA
76_11,76,SUM,False,,NA
76_11,76,MIN,False,,NA
76_11,76,MAX,False,,NA
76_11,76,GROUP BY,True,False,no_cue
76_11,76,Temporal,False,,NA
76_11,76,Negation,False,,NA
76_11,76,Set operation,False,,NA
77_0,77,COUNT,True,False,no_cue
77_0,77,DISTINCT,True,False,no_cue
77_0,77,SUM,False,,NA
77_0,77,MIN,False,,NA
77_0,77,MAX,False,,NA
77_0,77,GROUP BY,True,True,explicit_cue
77_0,77,Temporal,False,,NA
77_0,77,Negation,False,,NA
77_0,77,Set operation,False,,NA
77_1,77,COUNT,True,False,no_cue
77_1,77,DISTINCT,True,False,no_cue
77_1,77,SUM,False,,NA
77_1,77,MIN,False,,NA
77_1,77,MAX,False,,NA
77_1,77,GROUP BY,True,False,no_cue
77_1,77,Temporal,False,,NA
77_1,77,Negation,False,,NA
77_1,77,Set operation,False,,NA
77_2,77,COUNT,True,True,explicit_cue
77_2,77,DISTINCT,True,False,no_cue
77_2,77,SUM,False,,NA
77_2,77,MIN,False,,NA
77_2,77,MAX,False,,NA
77_2,77,GROUP BY,True,True,explicit_cue
77_2,77,Temporal,False,,NA
77_2,77,Negation,False,,NA
77_2,77,Set operation,False,,NA
77_3,77,COUNT,True,False,no_cue
77_3,77,DISTINCT,True,False,no_cue
77_3,77,SUM,False,,NA
77_3,77,MIN,False,,NA
77_3,77,MAX,False,,NA
77_3,77,GROUP BY,True,True,explicit_cue
77_3,77,Temporal,False,,NA
77_3,77,Negation,False,,NA
77_3,77,Set operation,False,,NA
77_4,77,COUNT,True,True,explicit_cue
77_4,77,DISTINCT,True,False,no_cue
77_4,77,SUM,False,,NA
77_4,77,MIN,False,,NA
77_4,77,MAX,False,,NA
77_4,77,GROUP BY,True,False,no_cue
77_4,77,Temporal,False,,NA
77_4,77,Negation,False,,NA
77_4,77,Set operation,False,,NA
77_5,77,COUNT,True,False,no_cue
77_5,77,DISTINCT,True,False,no_cue
77_5,77,SUM,False,,NA
77_5,77,MIN,False,,NA
77_5,77,MAX,False,,NA
77_5,77,GROUP BY,True,False,no_cue
77_5,77,Temporal,False,,NA
77_5,77,Negation,False,,NA
77_5,77,Set operation,False,,NA
77_6,77,COUNT,True,False,no_cue
77_6,77,DISTINCT,True,False,no_cue
77_6,77,SUM,False,,NA
77_6,77,MIN,False,,NA
77_6,77,MAX,False,,NA
77_6,77,GROUP BY,True,True,explicit_cue
77_6,77,Temporal,False,,NA
77_6,77,Negation,False,,NA
77_6,77,Set operation,False,,NA
77_7,77,COUNT,True,True,explicit_cue
77_7,77,DISTINCT,True,False,no_cue
77_7,77,SUM,False,,NA
77_7,77,MIN,False,,NA
77_7,77,MAX,False,,NA
77_7,77,GROUP BY,True,True,explicit_cue
77_7,77,Temporal,False,,NA
77_7,77,Negation,False,,NA
77_7,77,Set operation,False,,NA
77_8,77,COUNT,True,False,no_cue
77_8,77,DISTINCT,True,False,no_cue
77_8,77,SUM,False,,NA
77_8,77,MIN,False,,NA
77_8,77,MAX,False,,NA
77_8,77,GROUP BY,True,True,explicit_cue
77_8,77,Temporal,False,,NA
77_8,77,Negation,False,,NA
77_8,77,Set operation,False,,NA
77_9,77,COUNT,True,False,no_cue
77_9,77,DISTINCT,True,False,no_cue
77_9,77,SUM,False,,NA
77_9,77,MIN,False,,NA
77_9,77,MAX,False,,NA
77_9,77,GROUP BY,True,False,no_cue
77_9,77,Temporal,False,,NA
77_9,77,Negation,False,,NA
77_9,77,Set operation,False,,NA
77_10,77,COUNT,True,False,no_cue
77_10,77,DISTINCT,True,False,no_cue
77_10,77,SUM,False,,NA
77_10,77,MIN,False,,NA
77_10,77,MAX,False,,NA
77_10,77,GROUP BY,True,True,explicit_cue
77_10,77,Temporal,False,,NA
77_10,77,Negation,False,,NA
77_10,77,Set operation,False,,NA
78_0,78,COUNT,True,True,explicit_cue
78_0,78,DISTINCT,False,,NA
78_0,78,SUM,False,,NA
78_0,78,MIN,False,,NA
78_0,78,MAX,False,,NA
78_0,78,GROUP BY,False,,NA
78_0,78,Temporal,False,,NA
78_0,78,Negation,False,,NA
78_0,78,Set operation,False,,NA
78_1,78,COUNT,True,False,no_cue
78_1,78,DISTINCT,False,,NA
78_1,78,SUM,False,,NA
78_1,78,MIN,False,,NA
78_1,78,MAX,False,,NA
78_1,78,GROUP BY,False,,NA
78_1,78,Temporal,False,,NA
78_1,78,Negation,False,,NA
78_1,78,Set operation,False,,NA
78_2,78,COUNT,True,True,explicit_cue
78_2,78,DISTINCT,False,,NA
78_2,78,SUM,False,,NA
78_2,78,MIN,False,,NA
78_2,78,MAX,False,,NA
78_2,78,GROUP BY,False,,NA
78_2,78,Temporal,False,,NA
78_2,78,Negation,False,,NA
78_2,78,Set operation,False,,NA
78_3,78,COUNT,True,True,explicit_cue
78_3,78,DISTINCT,False,,NA
78_3,78,SUM,False,,NA
78_3,78,MIN,False,,NA
78_3,78,MAX,False,,NA
78_3,78,GROUP BY,False,,NA
78_3,78,Temporal,False,,NA
78_3,78,Negation,False,,NA
78_3,78,Set operation,False,,NA
78_4,78,COUNT,True,True,explicit_cue
78_4,78,DISTINCT,False,,NA
78_4,78,SUM,False,,NA
78_4,78,MIN,False,,NA
78_4,78,MAX,False,,NA
78_4,78,GROUP BY,False,,NA
78_4,78,Temporal,False,,NA
78_4,78,Negation,False,,NA
78_4,78,Set operation,False,,NA
78_5,78,COUNT,True,True,explicit_cue
78_5,78,DISTINCT,False,,NA
78_5,78,SUM,False,,NA
78_5,78,MIN,False,,NA
78_5,78,MAX,False,,NA
78_5,78,GROUP BY,False,,NA
78_5,78,Temporal,False,,NA
78_5,78,Negation,False,,NA
78_5,78,Set operation,False,,NA
78_6,78,COUNT,True,True,explicit_cue
78_6,78,DISTINCT,False,,NA
78_6,78,SUM,False,,NA
78_6,78,MIN,False,,NA
78_6,78,MAX,False,,NA
78_6,78,GROUP BY,False,,NA
78_6,78,Temporal,False,,NA
78_6,78,Negation,False,,NA
78_6,78,Set operation,False,,NA
79_0,79,COUNT,True,True,explicit_cue
79_0,79,DISTINCT,False,,NA
79_0,79,SUM,False,,NA
79_0,79,MIN,False,,NA
79_0,79,MAX,False,,NA
79_0,79,GROUP BY,True,False,no_cue
79_0,79,Temporal,False,,NA
79_0,79,Negation,False,,NA
79_0,79,Set operation,False,,NA
79_1,79,COUNT,True,True,explicit_cue
79_1,79,DISTINCT,False,,NA
79_1,79,SUM,False,,NA
79_1,79,MIN,False,,NA
79_1,79,MAX,False,,NA
79_1,79,GROUP BY,True,False,no_cue
79_1,79,Temporal,False,,NA
79_1,79,Negation,False,,NA
79_1,79,Set operation,False,,NA
79_2,79,COUNT,True,True,explicit_cue
79_2,79,DISTINCT,False,,NA
79_2,79,SUM,False,,NA
79_2,79,MIN,False,,NA
79_2,79,MAX,False,,NA
79_2,79,GROUP BY,True,False,no_cue
79_2,79,Temporal,False,,NA
79_2,79,Negation,False,,NA
79_2,79,Set operation,False,,NA
79_3,79,COUNT,True,True,explicit_cue
79_3,79,DISTINCT,False,,NA
79_3,79,SUM,False,,NA
79_3,79,MIN,False,,NA
79_3,79,MAX,False,,NA
79_3,79,GROUP BY,True,False,no_cue
79_3,79,Temporal,False,,NA
79_3,79,Negation,False,,NA
79_3,79,Set operation,False,,NA
79_4,79,COUNT,True,True,explicit_cue
79_4,79,DISTINCT,False,,NA
79_4,79,SUM,False,,NA
79_4,79,MIN,False,,NA
79_4,79,MAX,False,,NA
79_4,79,GROUP BY,True,False,no_cue
79_4,79,Temporal,False,,NA
79_4,79,Negation,False,,NA
79_4,79,Set operation,False,,NA
79_5,79,COUNT,True,True,explicit_cue
79_5,79,DISTINCT,False,,NA
79_5,79,SUM,False,,NA
79_5,79,MIN,False,,NA
79_5,79,MAX,False,,NA
79_5,79,GROUP BY,True,False,no_cue
79_5,79,Temporal,False,,NA
79_5,79,Negation,False,,NA
79_5,79,Set operation,False,,NA
79_6,79,COUNT,True,True,explicit_cue
79_6,79,DISTINCT,False,,NA
79_6,79,SUM,False,,NA
79_6,79,MIN,False,,NA
79_6,79,MAX,False,,NA
79_6,79,GROUP BY,True,False,no_cue
79_6,79,Temporal,False,,NA
79_6,79,Negation,False,,NA
79_6,79,Set operation,False,,NA
79_7,79,COUNT,True,True,explicit_cue
79_7,79,DISTINCT,False,,NA
79_7,79,SUM,False,,NA
79_7,79,MIN,False,,NA
79_7,79,MAX,False,,NA
79_7,79,GROUP BY,True,False,no_cue
79_7,79,Temporal,False,,NA
79_7,79,Negation,False,,NA
79_7,79,Set operation,False,,NA
79_8,79,COUNT,True,True,explicit_cue
79_8,79,DISTINCT,False,,NA
79_8,79,SUM,False,,NA
79_8,79,MIN,False,,NA
79_8,79,MAX,False,,NA
79_8,79,GROUP BY,True,False,no_cue
79_8,79,Temporal,False,,NA
79_8,79,Negation,False,,NA
79_8,79,Set operation,False,,NA
79_9,79,COUNT,True,True,explicit_cue
79_9,79,DISTINCT,False,,NA
79_9,79,SUM,False,,NA
79_9,79,MIN,False,,NA
79_9,79,MAX,False,,NA
79_9,79,GROUP BY,True,False,no_cue
79_9,79,Temporal,False,,NA
79_9,79,Negation,False,,NA
79_9,79,Set operation,False,,NA
79_10,79,COUNT,True,True,explicit_cue
79_10,79,DISTINCT,False,,NA
79_10,79,SUM,False,,NA
79_10,79,MIN,False,,NA
79_10,79,MAX,False,,NA
79_10,79,GROUP BY,True,False,no_cue
79_10,79,Temporal,False,,NA
79_10,79,Negation,False,,NA
79_10,79,Set operation,False,,NA
80_0,80,COUNT,True,True,explicit_cue
80_0,80,DISTINCT,True,False,no_cue
80_0,80,SUM,False,,NA
80_0,80,MIN,False,,NA
80_0,80,MAX,False,,NA
80_0,80,GROUP BY,True,True,explicit_cue
80_0,80,Temporal,False,,NA
80_0,80,Negation,False,,NA
80_0,80,Set operation,False,,NA
80_1,80,COUNT,True,True,explicit_cue
80_1,80,DISTINCT,True,False,no_cue
80_1,80,SUM,False,,NA
80_1,80,MIN,False,,NA
80_1,80,MAX,False,,NA
80_1,80,GROUP BY,True,True,explicit_cue
80_1,80,Temporal,False,,NA
80_1,80,Negation,False,,NA
80_1,80,Set operation,False,,NA
80_2,80,COUNT,True,True,explicit_cue
80_2,80,DISTINCT,True,False,no_cue
80_2,80,SUM,False,,NA
80_2,80,MIN,False,,NA
80_2,80,MAX,False,,NA
80_2,80,GROUP BY,True,True,explicit_cue
80_2,80,Temporal,False,,NA
80_2,80,Negation,False,,NA
80_2,80,Set operation,False,,NA
80_3,80,COUNT,True,True,explicit_cue
80_3,80,DISTINCT,True,False,no_cue
80_3,80,SUM,False,,NA
80_3,80,MIN,False,,NA
80_3,80,MAX,False,,NA
80_3,80,GROUP BY,True,True,explicit_cue
80_3,80,Temporal,False,,NA
80_3,80,Negation,False,,NA
80_3,80,Set operation,False,,NA
80_4,80,COUNT,True,True,explicit_cue
80_4,80,DISTINCT,True,False,no_cue
80_4,80,SUM,False,,NA
80_4,80,MIN,False,,NA
80_4,80,MAX,False,,NA
80_4,80,GROUP BY,True,True,explicit_cue
80_4,80,Temporal,False,,NA
80_4,80,Negation,False,,NA
80_4,80,Set operation,False,,NA
80_5,80,COUNT,True,True,explicit_cue
80_5,80,DISTINCT,True,False,no_cue
80_5,80,SUM,False,,NA
80_5,80,MIN,False,,NA
80_5,80,MAX,False,,NA
80_5,80,GROUP BY,True,True,explicit_cue
80_5,80,Temporal,False,,NA
80_5,80,Negation,False,,NA
80_5,80,Set operation,False,,NA
80_6,80,COUNT,True,True,explicit_cue
80_6,80,DISTINCT,True,False,no_cue
80_6,80,SUM,False,,NA
80_6,80,MIN,False,,NA
80_6,80,MAX,False,,NA
80_6,80,GROUP BY,True,True,explicit_cue
80_6,80,Temporal,False,,NA
80_6,80,Negation,False,,NA
80_6,80,Set operation,False,,NA
80_7,80,COUNT,True,True,explicit_cue
80_7,80,DISTINCT,True,False,no_cue
80_7,80,SUM,False,,NA
80_7,80,MIN,False,,NA
80_7,80,MAX,False,,NA
80_7,80,GROUP BY,True,True,explicit_cue
80_7,80,Temporal,False,,NA
80_7,80,Negation,False,,NA
80_7,80,Set operation,False,,NA
80_8,80,COUNT,True,True,explicit_cue
80_8,80,DISTINCT,True,False,no_cue
80_8,80,SUM,False,,NA
80_8,80,MIN,False,,NA
80_8,80,MAX,False,,NA
80_8,80,GROUP BY,True,True,explicit_cue
80_8,80,Temporal,False,,NA
80_8,80,Negation,False,,NA
80_8,80,Set operation,False,,NA
80_9,80,COUNT,True,True,explicit_cue
80_9,80,DISTINCT,True,False,no_cue
80_9,80,SUM,False,,NA
80_9,80,MIN,False,,NA
80_9,80,MAX,False,,NA
80_9,80,GROUP BY,True,True,explicit_cue
80_9,80,Temporal,False,,NA
80_9,80,Negation,False,,NA
80_9,80,Set operation,False,,NA
80_10,80,COUNT,True,True,explicit_cue
80_10,80,DISTINCT,True,False,no_cue
80_10,80,SUM,False,,NA
80_10,80,MIN,False,,NA
80_10,80,MAX,False,,NA
80_10,80,GROUP BY,True,True,explicit_cue
80_10,80,Temporal,False,,NA
80_10,80,Negation,False,,NA
80_10,80,Set operation,False,,NA
81_0,81,COUNT,True,True,explicit_cue
81_0,81,DISTINCT,False,,NA
81_0,81,SUM,False,,NA
81_0,81,MIN,False,,NA
81_0,81,MAX,False,,NA
81_0,81,GROUP BY,True,True,explicit_cue
81_0,81,Temporal,False,,NA
81_0,81,Negation,False,,NA
81_0,81,Set operation,False,,NA
81_1,81,COUNT,True,True,explicit_cue
81_1,81,DISTINCT,False,,NA
81_1,81,SUM,False,,NA
81_1,81,MIN,False,,NA
81_1,81,MAX,False,,NA
81_1,81,GROUP BY,True,False,no_cue
81_1,81,Temporal,False,,NA
81_1,81,Negation,False,,NA
81_1,81,Set operation,False,,NA
81_2,81,COUNT,True,True,explicit_cue
81_2,81,DISTINCT,False,,NA
81_2,81,SUM,False,,NA
81_2,81,MIN,False,,NA
81_2,81,MAX,False,,NA
81_2,81,GROUP BY,True,False,no_cue
81_2,81,Temporal,False,,NA
81_2,81,Negation,False,,NA
81_2,81,Set operation,False,,NA
81_3,81,COUNT,True,True,explicit_cue
81_3,81,DISTINCT,False,,NA
81_3,81,SUM,False,,NA
81_3,81,MIN,False,,NA
81_3,81,MAX,False,,NA
81_3,81,GROUP BY,True,True,explicit_cue
81_3,81,Temporal,False,,NA
81_3,81,Negation,False,,NA
81_3,81,Set operation,False,,NA
81_4,81,COUNT,True,True,explicit_cue
81_4,81,DISTINCT,False,,NA
81_4,81,SUM,False,,NA
81_4,81,MIN,False,,NA
81_4,81,MAX,False,,NA
81_4,81,GROUP BY,True,False,no_cue
81_4,81,Temporal,False,,NA
81_4,81,Negation,False,,NA
81_4,81,Set operation,False,,NA
81_5,81,COUNT,True,True,explicit_cue
81_5,81,DISTINCT,False,,NA
81_5,81,SUM,False,,NA
81_5,81,MIN,False,,NA
81_5,81,MAX,False,,NA
81_5,81,GROUP BY,True,False,no_cue
81_5,81,Temporal,False,,NA
81_5,81,Negation,False,,NA
81_5,81,Set operation,False,,NA
81_6,81,COUNT,True,True,explicit_cue
81_6,81,DISTINCT,False,,NA
81_6,81,SUM,False,,NA
81_6,81,MIN,False,,NA
81_6,81,MAX,False,,NA
81_6,81,GROUP BY,True,False,no_cue
81_6,81,Temporal,False,,NA
81_6,81,Negation,False,,NA
81_6,81,Set operation,False,,NA
81_7,81,COUNT,True,True,explicit_cue
81_7,81,DISTINCT,False,,NA
81_7,81,SUM,False,,NA
81_7,81,MIN,False,,NA
81_7,81,MAX,False,,NA
81_7,81,GROUP BY,True,True,explicit_cue
81_7,81,Temporal,False,,NA
81_7,81,Negation,False,,NA
81_7,81,Set operation,False,,NA
82_0,82,COUNT,False,,NA
82_0,82,DISTINCT,True,False,no_cue
82_0,82,SUM,False,,NA
82_0,82,MIN,False,,NA
82_0,82,MAX,False,,NA
82_0,82,GROUP BY,False,,NA
82_0,82,Temporal,False,,NA
82_0,82,Negation,False,,NA
82_0,82,Set operation,False,,NA
82_1,82,COUNT,False,,NA
82_1,82,DISTINCT,True,False,no_cue
82_1,82,SUM,False,,NA
82_1,82,MIN,False,,NA
82_1,82,MAX,False,,NA
82_1,82,GROUP BY,False,,NA
82_1,82,Temporal,False,,NA
82_1,82,Negation,False,,NA
82_1,82,Set operation,False,,NA
82_2,82,COUNT,False,,NA
82_2,82,DISTINCT,True,False,no_cue
82_2,82,SUM,False,,NA
82_2,82,MIN,False,,NA
82_2,82,MAX,False,,NA
82_2,82,GROUP BY,False,,NA
82_2,82,Temporal,False,,NA
82_2,82,Negation,False,,NA
82_2,82,Set operation,False,,NA
82_3,82,COUNT,False,,NA
82_3,82,DISTINCT,True,False,no_cue
82_3,82,SUM,False,,NA
82_3,82,MIN,False,,NA
82_3,82,MAX,False,,NA
82_3,82,GROUP BY,False,,NA
82_3,82,Temporal,False,,NA
82_3,82,Negation,False,,NA
82_3,82,Set operation,False,,NA
82_4,82,COUNT,False,,NA
82_4,82,DISTINCT,True,False,no_cue
82_4,82,SUM,False,,NA
82_4,82,MIN,False,,NA
82_4,82,MAX,False,,NA
82_4,82,GROUP BY,False,,NA
82_4,82,Temporal,False,,NA
82_4,82,Negation,False,,NA
82_4,82,Set operation,False,,NA
83_0,83,COUNT,True,True,explicit_cue
83_0,83,DISTINCT,True,False,no_cue
83_0,83,SUM,False,,NA
83_0,83,MIN,False,,NA
83_0,83,MAX,False,,NA
83_0,83,GROUP BY,True,True,explicit_cue
83_0,83,Temporal,True,True,explicit_cue
83_0,83,Negation,False,,NA
83_0,83,Set operation,False,,NA
83_1,83,COUNT,True,True,explicit_cue
83_1,83,DISTINCT,True,False,no_cue
83_1,83,SUM,False,,NA
83_1,83,MIN,False,,NA
83_1,83,MAX,False,,NA
83_1,83,GROUP BY,True,True,explicit_cue
83_1,83,Temporal,True,True,explicit_cue
83_1,83,Negation,False,,NA
83_1,83,Set operation,False,,NA
83_2,83,COUNT,True,True,explicit_cue
83_2,83,DISTINCT,True,False,no_cue
83_2,83,SUM,False,,NA
83_2,83,MIN,False,,NA
83_2,83,MAX,False,,NA
83_2,83,GROUP BY,True,True,explicit_cue
83_2,83,Temporal,True,True,explicit_cue
83_2,83,Negation,False,,NA
83_2,83,Set operation,False,,NA
83_3,83,COUNT,True,True,explicit_cue
83_3,83,DISTINCT,True,False,no_cue
83_3,83,SUM,False,,NA
83_3,83,MIN,False,,NA
83_3,83,MAX,False,,NA
83_3,83,GROUP BY,True,True,explicit_cue
83_3,83,Temporal,True,True,explicit_cue
83_3,83,Negation,False,,NA
83_3,83,Set operation,False,,NA
83_4,83,COUNT,True,True,explicit_cue
83_4,83,DISTINCT,True,False,no_cue
83_4,83,SUM,False,,NA
83_4,83,MIN,False,,NA
83_4,83,MAX,False,,NA
83_4,83,GROUP BY,True,True,explicit_cue
83_4,83,Temporal,True,True,explicit_cue
83_4,83,Negation,False,,NA
83_4,83,Set operation,False,,NA
83_5,83,COUNT,True,True,explicit_cue
83_5,83,DISTINCT,True,False,no_cue
83_5,83,SUM,False,,NA
83_5,83,MIN,False,,NA
83_5,83,MAX,False,,NA
83_5,83,GROUP BY,True,True,explicit_cue
83_5,83,Temporal,True,True,explicit_cue
83_5,83,Negation,False,,NA
83_5,83,Set operation,False,,NA
83_6,83,COUNT,True,True,explicit_cue
83_6,83,DISTINCT,True,False,no_cue
83_6,83,SUM,False,,NA
83_6,83,MIN,False,,NA
83_6,83,MAX,False,,NA
83_6,83,GROUP BY,True,True,explicit_cue
83_6,83,Temporal,True,True,explicit_cue
83_6,83,Negation,False,,NA
83_6,83,Set operation,False,,NA
83_7,83,COUNT,True,True,explicit_cue
83_7,83,DISTINCT,True,False,no_cue
83_7,83,SUM,False,,NA
83_7,83,MIN,False,,NA
83_7,83,MAX,False,,NA
83_7,83,GROUP BY,True,True,explicit_cue
83_7,83,Temporal,True,True,explicit_cue
83_7,83,Negation,False,,NA
83_7,83,Set operation,False,,NA
83_8,83,COUNT,True,True,explicit_cue
83_8,83,DISTINCT,True,False,no_cue
83_8,83,SUM,False,,NA
83_8,83,MIN,False,,NA
83_8,83,MAX,False,,NA
83_8,83,GROUP BY,True,True,explicit_cue
83_8,83,Temporal,True,True,explicit_cue
83_8,83,Negation,False,,NA
83_8,83,Set operation,False,,NA
84_0,84,COUNT,True,True,explicit_cue
84_0,84,DISTINCT,True,False,no_cue
84_0,84,SUM,False,,NA
84_0,84,MIN,False,,NA
84_0,84,MAX,False,,NA
84_0,84,GROUP BY,True,True,explicit_cue
84_0,84,Temporal,True,True,explicit_cue
84_0,84,Negation,False,,NA
84_0,84,Set operation,False,,NA
84_1,84,COUNT,True,True,explicit_cue
84_1,84,DISTINCT,True,False,no_cue
84_1,84,SUM,False,,NA
84_1,84,MIN,False,,NA
84_1,84,MAX,False,,NA
84_1,84,GROUP BY,True,True,explicit_cue
84_1,84,Temporal,True,True,explicit_cue
84_1,84,Negation,False,,NA
84_1,84,Set operation,False,,NA
84_2,84,COUNT,True,True,explicit_cue
84_2,84,DISTINCT,True,False,no_cue
84_2,84,SUM,False,,NA
84_2,84,MIN,False,,NA
84_2,84,MAX,False,,NA
84_2,84,GROUP BY,True,True,explicit_cue
84_2,84,Temporal,True,True,explicit_cue
84_2,84,Negation,False,,NA
84_2,84,Set operation,False,,NA
85_0,85,COUNT,False,,NA
85_0,85,DISTINCT,False,,NA
85_0,85,SUM,False,,NA
85_0,85,MIN,False,,NA
85_0,85,MAX,False,,NA
85_0,85,GROUP BY,False,,NA
85_0,85,Temporal,False,,NA
85_0,85,Negation,True,False,no_cue
85_0,85,Set operation,False,,NA
85_1,85,COUNT,False,,NA
85_1,85,DISTINCT,False,,NA
85_1,85,SUM,False,,NA
85_1,85,MIN,False,,NA
85_1,85,MAX,False,,NA
85_1,85,GROUP BY,False,,NA
85_1,85,Temporal,False,,NA
85_1,85,Negation,True,False,no_cue
85_1,85,Set operation,False,,NA
85_2,85,COUNT,False,,NA
85_2,85,DISTINCT,False,,NA
85_2,85,SUM,False,,NA
85_2,85,MIN,False,,NA
85_2,85,MAX,False,,NA
85_2,85,GROUP BY,False,,NA
85_2,85,Temporal,False,,NA
85_2,85,Negation,True,False,no_cue
85_2,85,Set operation,False,,NA
85_3,85,COUNT,False,,NA
85_3,85,DISTINCT,False,,NA
85_3,85,SUM,False,,NA
85_3,85,MIN,False,,NA
85_3,85,MAX,False,,NA
85_3,85,GROUP BY,False,,NA
85_3,85,Temporal,False,,NA
85_3,85,Negation,True,True,explicit_cue
85_3,85,Set operation,False,,NA
85_4,85,COUNT,False,,NA
85_4,85,DISTINCT,False,,NA
85_4,85,SUM,False,,NA
85_4,85,MIN,False,,NA
85_4,85,MAX,False,,NA
85_4,85,GROUP BY,False,,NA
85_4,85,Temporal,False,,NA
85_4,85,Negation,True,True,explicit_cue
85_4,85,Set operation,False,,NA
86_0,86,COUNT,False,,NA
86_0,86,DISTINCT,True,False,no_cue
86_0,86,SUM,False,,NA
86_0,86,MIN,False,,NA
86_0,86,MAX,False,,NA
86_0,86,GROUP BY,False,,NA
86_0,86,Temporal,False,,NA
86_0,86,Negation,True,True,explicit_cue
86_0,86,Set operation,True,False,no_cue
86_1,86,COUNT,False,,NA
86_1,86,DISTINCT,True,False,no_cue
86_1,86,SUM,False,,NA
86_1,86,MIN,False,,NA
86_1,86,MAX,False,,NA
86_1,86,GROUP BY,False,,NA
86_1,86,Temporal,False,,NA
86_1,86,Negation,True,True,explicit_cue
86_1,86,Set operation,True,False,no_cue
86_2,86,COUNT,False,,NA
86_2,86,DISTINCT,True,False,no_cue
86_2,86,SUM,False,,NA
86_2,86,MIN,False,,NA
86_2,86,MAX,False,,NA
86_2,86,GROUP BY,False,,NA
86_2,86,Temporal,False,,NA
86_2,86,Negation,True,True,explicit_cue
86_2,86,Set operation,True,False,no_cue
86_3,86,COUNT,False,,NA
86_3,86,DISTINCT,True,False,no_cue
86_3,86,SUM,False,,NA
86_3,86,MIN,False,,NA
86_3,86,MAX,False,,NA
86_3,86,GROUP BY,False,,NA
86_3,86,Temporal,False,,NA
86_3,86,Negation,True,True,explicit_cue
86_3,86,Set operation,True,False,no_cue
86_4,86,COUNT,False,,NA
86_4,86,DISTINCT,True,False,no_cue
86_4,86,SUM,False,,NA
86_4,86,MIN,False,,NA
86_4,86,MAX,False,,NA
86_4,86,GROUP BY,False,,NA
86_4,86,Temporal,False,,NA
86_4,86,Negation,True,True,explicit_cue
86_4,86,Set operation,True,False,no_cue
86_5,86,COUNT,False,,NA
86_5,86,DISTINCT,True,False,no_cue
86_5,86,SUM,False,,NA
86_5,86,MIN,False,,NA
86_5,86,MAX,False,,NA
86_5,86,GROUP BY,False,,NA
86_5,86,Temporal,False,,NA
86_5,86,Negation,True,True,explicit_cue
86_5,86,Set operation,True,False,no_cue
86_6,86,COUNT,False,,NA
86_6,86,DISTINCT,True,False,no_cue
86_6,86,SUM,False,,NA
86_6,86,MIN,False,,NA
86_6,86,MAX,False,,NA
86_6,86,GROUP BY,False,,NA
86_6,86,Temporal,False,,NA
86_6,86,Negation,True,True,explicit_cue
86_6,86,Set operation,True,False,no_cue
86_7,86,COUNT,False,,NA
86_7,86,DISTINCT,True,False,no_cue
86_7,86,SUM,False,,NA
86_7,86,MIN,False,,NA
86_7,86,MAX,False,,NA
86_7,86,GROUP BY,False,,NA
86_7,86,Temporal,False,,NA
86_7,86,Negation,True,True,explicit_cue
86_7,86,Set operation,True,False,no_cue
86_8,86,COUNT,False,,NA
86_8,86,DISTINCT,True,False,no_cue
86_8,86,SUM,False,,NA
86_8,86,MIN,False,,NA
86_8,86,MAX,False,,NA
86_8,86,GROUP BY,False,,NA
86_8,86,Temporal,False,,NA
86_8,86,Negation,True,True,explicit_cue
86_8,86,Set operation,True,False,no_cue
86_9,86,COUNT,False,,NA
86_9,86,DISTINCT,True,False,no_cue
86_9,86,SUM,False,,NA
86_9,86,MIN,False,,NA
86_9,86,MAX,False,,NA
86_9,86,GROUP BY,False,,NA
86_9,86,Temporal,False,,NA
86_9,86,Negation,True,True,explicit_cue
86_9,86,Set operation,True,False,no_cue
87_0,87,COUNT,False,,NA
87_0,87,DISTINCT,False,,NA
87_0,87,SUM,False,,NA
87_0,87,MIN,False,,NA
87_0,87,MAX,False,,NA
87_0,87,GROUP BY,False,,NA
87_0,87,Temporal,False,,NA
87_0,87,Negation,False,,NA
87_0,87,Set operation,False,,NA
87_1,87,COUNT,False,,NA
87_1,87,DISTINCT,False,,NA
87_1,87,SUM,False,,NA
87_1,87,MIN,False,,NA
87_1,87,MAX,False,,NA
87_1,87,GROUP BY,False,,NA
87_1,87,Temporal,False,,NA
87_1,87,Negation,False,,NA
87_1,87,Set operation,False,,NA
87_2,87,COUNT,False,,NA
87_2,87,DISTINCT,False,,NA
87_2,87,SUM,False,,NA
87_2,87,MIN,False,,NA
87_2,87,MAX,False,,NA
87_2,87,GROUP BY,False,,NA
87_2,87,Temporal,False,,NA
87_2,87,Negation,False,,NA
87_2,87,Set operation,False,,NA
87_3,87,COUNT,False,,NA
87_3,87,DISTINCT,False,,NA
87_3,87,SUM,False,,NA
87_3,87,MIN,False,,NA
87_3,87,MAX,False,,NA
87_3,87,GROUP BY,False,,NA
87_3,87,Temporal,False,,NA
87_3,87,Negation,False,,NA
87_3,87,Set operation,False,,NA
87_4,87,COUNT,False,,NA
87_4,87,DISTINCT,False,,NA
87_4,87,SUM,False,,NA
87_4,87,MIN,False,,NA
87_4,87,MAX,False,,NA
87_4,87,GROUP BY,False,,NA
87_4,87,Temporal,False,,NA
87_4,87,Negation,False,,NA
87_4,87,Set operation,False,,NA
87_5,87,COUNT,False,,NA
87_5,87,DISTINCT,False,,NA
87_5,87,SUM,False,,NA
87_5,87,MIN,False,,NA
87_5,87,MAX,False,,NA
87_5,87,GROUP BY,False,,NA
87_5,87,Temporal,False,,NA
87_5,87,Negation,False,,NA
87_5,87,Set operation,False,,NA
87_6,87,COUNT,False,,NA
87_6,87,DISTINCT,False,,NA
87_6,87,SUM,False,,NA
87_6,87,MIN,False,,NA
87_6,87,MAX,False,,NA
87_6,87,GROUP BY,False,,NA
87_6,87,Temporal,False,,NA
87_6,87,Negation,False,,NA
87_6,87,Set operation,False,,NA
87_7,87,COUNT,False,,NA
87_7,87,DISTINCT,False,,NA
87_7,87,SUM,False,,NA
87_7,87,MIN,False,,NA
87_7,87,MAX,False,,NA
87_7,87,GROUP BY,False,,NA
87_7,87,Temporal,False,,NA
87_7,87,Negation,False,,NA
87_7,87,Set operation,False,,NA
88_0,88,COUNT,False,,NA
88_0,88,DISTINCT,False,,NA
88_0,88,SUM,False,,NA
88_0,88,MIN,True,False,no_cue
88_0,88,MAX,False,,NA
88_0,88,GROUP BY,True,False,no_cue
88_0,88,Temporal,False,,NA
88_0,88,Negation,False,,NA
88_0,88,Set operation,False,,NA
88_1,88,COUNT,False,,NA
88_1,88,DISTINCT,False,,NA
88_1,88,SUM,False,,NA
88_1,88,MIN,True,False,no_cue
88_1,88,MAX,False,,NA
88_1,88,GROUP BY,True,False,no_cue
88_1,88,Temporal,False,,NA
88_1,88,Negation,False,,NA
88_1,88,Set operation,False,,NA
88_2,88,COUNT,False,,NA
88_2,88,DISTINCT,False,,NA
88_2,88,SUM,False,,NA
88_2,88,MIN,True,False,no_cue
88_2,88,MAX,False,,NA
88_2,88,GROUP BY,True,False,no_cue
88_2,88,Temporal,False,,NA
88_2,88,Negation,False,,NA
88_2,88,Set operation,False,,NA
88_3,88,COUNT,False,,NA
88_3,88,DISTINCT,False,,NA
88_3,88,SUM,False,,NA
88_3,88,MIN,True,False,no_cue
88_3,88,MAX,False,,NA
88_3,88,GROUP BY,True,False,no_cue
88_3,88,Temporal,False,,NA
88_3,88,Negation,False,,NA
88_3,88,Set operation,False,,NA
88_4,88,COUNT,False,,NA
88_4,88,DISTINCT,False,,NA
88_4,88,SUM,False,,NA
88_4,88,MIN,True,False,no_cue
88_4,88,MAX,False,,NA
88_4,88,GROUP BY,True,False,no_cue
88_4,88,Temporal,False,,NA
88_4,88,Negation,False,,NA
88_4,88,Set operation,False,,NA
88_5,88,COUNT,False,,NA
88_5,88,DISTINCT,False,,NA
88_5,88,SUM,False,,NA
88_5,88,MIN,True,False,no_cue
88_5,88,MAX,False,,NA
88_5,88,GROUP BY,True,False,no_cue
88_5,88,Temporal,False,,NA
88_5,88,Negation,False,,NA
88_5,88,Set operation,False,,NA
88_6,88,COUNT,False,,NA
88_6,88,DISTINCT,False,,NA
88_6,88,SUM,False,,NA
88_6,88,MIN,True,False,no_cue
88_6,88,MAX,False,,NA
88_6,88,GROUP BY,True,False,no_cue
88_6,88,Temporal,False,,NA
88_6,88,Negation,False,,NA
88_6,88,Set operation,False,,NA
88_7,88,COUNT,False,,NA
88_7,88,DISTINCT,False,,NA
88_7,88,SUM,False,,NA
88_7,88,MIN,True,False,no_cue
88_7,88,MAX,False,,NA
88_7,88,GROUP BY,True,False,no_cue
88_7,88,Temporal,False,,NA
88_7,88,Negation,False,,NA
88_7,88,Set operation,False,,NA
88_8,88,COUNT,False,,NA
88_8,88,DISTINCT,False,,NA
88_8,88,SUM,False,,NA
88_8,88,MIN,True,False,no_cue
88_8,88,MAX,False,,NA
88_8,88,GROUP BY,True,False,no_cue
88_8,88,Temporal,False,,NA
88_8,88,Negation,False,,NA
88_8,88,Set operation,False,,NA
88_9,88,COUNT,False,,NA
88_9,88,DISTINCT,False,,NA
88_9,88,SUM,False,,NA
88_9,88,MIN,True,False,no_cue
88_9,88,MAX,False,,NA
88_9,88,GROUP BY,True,False,no_cue
88_9,88,Temporal,False,,NA
88_9,88,Negation,False,,NA
88_9,88,Set operation,False,,NA
89_0,89,COUNT,False,,NA
89_0,89,DISTINCT,True,False,no_cue
89_0,89,SUM,False,,NA
89_0,89,MIN,True,False,no_cue
89_0,89,MAX,False,,NA
89_0,89,GROUP BY,True,False,no_cue
89_0,89,Temporal,False,,NA
89_0,89,Negation,False,,NA
89_0,89,Set operation,False,,NA
89_1,89,COUNT,False,,NA
89_1,89,DISTINCT,True,False,no_cue
89_1,89,SUM,False,,NA
89_1,89,MIN,True,False,no_cue
89_1,89,MAX,False,,NA
89_1,89,GROUP BY,True,False,no_cue
89_1,89,Temporal,False,,NA
89_1,89,Negation,False,,NA
89_1,89,Set operation,False,,NA
89_2,89,COUNT,False,,NA
89_2,89,DISTINCT,True,False,no_cue
89_2,89,SUM,False,,NA
89_2,89,MIN,True,False,no_cue
89_2,89,MAX,False,,NA
89_2,89,GROUP BY,True,True,explicit_cue
89_2,89,Temporal,False,,NA
89_2,89,Negation,False,,NA
89_2,89,Set operation,False,,NA
89_3,89,COUNT,False,,NA
89_3,89,DISTINCT,True,False,no_cue
89_3,89,SUM,False,,NA
89_3,89,MIN,True,False,no_cue
89_3,89,MAX,False,,NA
89_3,89,GROUP BY,True,False,no_cue
89_3,89,Temporal,False,,NA
89_3,89,Negation,False,,NA
89_3,89,Set operation,False,,NA
89_4,89,COUNT,False,,NA
89_4,89,DISTINCT,True,False,no_cue
89_4,89,SUM,False,,NA
89_4,89,MIN,True,False,no_cue
89_4,89,MAX,False,,NA
89_4,89,GROUP BY,True,False,no_cue
89_4,89,Temporal,False,,NA
89_4,89,Negation,False,,NA
89_4,89,Set operation,False,,NA
89_5,89,COUNT,False,,NA
89_5,89,DISTINCT,True,False,no_cue
89_5,89,SUM,False,,NA
89_5,89,MIN,True,False,no_cue
89_5,89,MAX,False,,NA
89_5,89,GROUP BY,True,False,no_cue
89_5,89,Temporal,False,,NA
89_5,89,Negation,False,,NA
89_5,89,Set operation,False,,NA
89_6,89,COUNT,False,,NA
89_6,89,DISTINCT,True,False,no_cue
89_6,89,SUM,False,,NA
89_6,89,MIN,True,False,no_cue
89_6,89,MAX,False,,NA
89_6,89,GROUP BY,True,False,no_cue
89_6,89,Temporal,False,,NA
89_6,89,Negation,False,,NA
89_6,89,Set operation,False,,NA
90_0,90,COUNT,True,False,no_cue
90_0,90,DISTINCT,True,False,no_cue
90_0,90,SUM,False,,NA
90_0,90,MIN,False,,NA
90_0,90,MAX,False,,NA
90_0,90,GROUP BY,True,False,no_cue
90_0,90,Temporal,False,,NA
90_0,90,Negation,False,,NA
90_0,90,Set operation,False,,NA
90_1,90,COUNT,True,False,no_cue
90_1,90,DISTINCT,True,False,no_cue
90_1,90,SUM,False,,NA
90_1,90,MIN,False,,NA
90_1,90,MAX,False,,NA
90_1,90,GROUP BY,True,False,no_cue
90_1,90,Temporal,False,,NA
90_1,90,Negation,False,,NA
90_1,90,Set operation,False,,NA
90_2,90,COUNT,True,False,no_cue
90_2,90,DISTINCT,True,False,no_cue
90_2,90,SUM,False,,NA
90_2,90,MIN,False,,NA
90_2,90,MAX,False,,NA
90_2,90,GROUP BY,True,False,no_cue
90_2,90,Temporal,False,,NA
90_2,90,Negation,False,,NA
90_2,90,Set operation,False,,NA
90_3,90,COUNT,True,False,no_cue
90_3,90,DISTINCT,True,False,no_cue
90_3,90,SUM,False,,NA
90_3,90,MIN,False,,NA
90_3,90,MAX,False,,NA
90_3,90,GROUP BY,True,False,no_cue
90_3,90,Temporal,False,,NA
90_3,90,Negation,False,,NA
90_3,90,Set operation,False,,NA
90_4,90,COUNT,True,False,no_cue
90_4,90,DISTINCT,True,False,no_cue
90_4,90,SUM,False,,NA
90_4,90,MIN,False,,NA
90_4,90,MAX,False,,NA
90_4,90,GROUP BY,True,False,no_cue
90_4,90,Temporal,False,,NA
90_4,90,Negation,False,,NA
90_4,90,Set operation,False,,NA
90_5,90,COUNT,True,False,no_cue
90_5,90,DISTINCT,True,False,no_cue
90_5,90,SUM,False,,NA
90_5,90,MIN,False,,NA
90_5,90,MAX,False,,NA
90_5,90,GROUP BY,True,False,no_cue
90_5,90,Temporal,False,,NA
90_5,90,Negation,False,,NA
90_5,90,Set operation,False,,NA
90_6,90,COUNT,True,False,no_cue
90_6,90,DISTINCT,True,False,no_cue
90_6,90,SUM,False,,NA
90_6,90,MIN,False,,NA
90_6,90,MAX,False,,NA
90_6,90,GROUP BY,True,False,no_cue
90_6,90,Temporal,False,,NA
90_6,90,Negation,False,,NA
90_6,90,Set operation,False,,NA
90_7,90,COUNT,True,False,no_cue
90_7,90,DISTINCT,True,False,no_cue
90_7,90,SUM,False,,NA
90_7,90,MIN,False,,NA
90_7,90,MAX,False,,NA
90_7,90,GROUP BY,True,False,no_cue
90_7,90,Temporal,False,,NA
90_7,90,Negation,False,,NA
90_7,90,Set operation,False,,NA
90_8,90,COUNT,True,False,no_cue
90_8,90,DISTINCT,True,False,no_cue
90_8,90,SUM,False,,NA
90_8,90,MIN,False,,NA
90_8,90,MAX,False,,NA
90_8,90,GROUP BY,True,False,no_cue
90_8,90,Temporal,False,,NA
90_8,90,Negation,False,,NA
90_8,90,Set operation,False,,NA
90_9,90,COUNT,True,False,no_cue
90_9,90,DISTINCT,True,False,no_cue
90_9,90,SUM,False,,NA
90_9,90,MIN,False,,NA
90_9,90,MAX,False,,NA
90_9,90,GROUP BY,True,False,no_cue
90_9,90,Temporal,False,,NA
90_9,90,Negation,False,,NA
90_9,90,Set operation,False,,NA
90_10,90,COUNT,True,False,no_cue
90_10,90,DISTINCT,True,False,no_cue
90_10,90,SUM,False,,NA
90_10,90,MIN,False,,NA
90_10,90,MAX,False,,NA
90_10,90,GROUP BY,True,False,no_cue
90_10,90,Temporal,False,,NA
90_10,90,Negation,False,,NA
90_10,90,Set operation,False,,NA
91_0,91,COUNT,True,False,no_cue
91_0,91,DISTINCT,False,,NA
91_0,91,SUM,False,,NA
91_0,91,MIN,False,,NA
91_0,91,MAX,False,,NA
91_0,91,GROUP BY,True,False,no_cue
91_0,91,Temporal,False,,NA
91_0,91,Negation,False,,NA
91_0,91,Set operation,False,,NA
91_1,91,COUNT,True,False,no_cue
91_1,91,DISTINCT,False,,NA
91_1,91,SUM,False,,NA
91_1,91,MIN,False,,NA
91_1,91,MAX,False,,NA
91_1,91,GROUP BY,True,False,no_cue
91_1,91,Temporal,False,,NA
91_1,91,Negation,False,,NA
91_1,91,Set operation,False,,NA
91_2,91,COUNT,True,False,no_cue
91_2,91,DISTINCT,False,,NA
91_2,91,SUM,False,,NA
91_2,91,MIN,False,,NA
91_2,91,MAX,False,,NA
91_2,91,GROUP BY,True,False,no_cue
91_2,91,Temporal,False,,NA
91_2,91,Negation,False,,NA
91_2,91,Set operation,False,,NA
91_3,91,COUNT,True,False,no_cue
91_3,91,DISTINCT,False,,NA
91_3,91,SUM,False,,NA
91_3,91,MIN,False,,NA
91_3,91,MAX,False,,NA
91_3,91,GROUP BY,True,False,no_cue
91_3,91,Temporal,False,,NA
91_3,91,Negation,False,,NA
91_3,91,Set operation,False,,NA
91_4,91,COUNT,True,False,no_cue
91_4,91,DISTINCT,False,,NA
91_4,91,SUM,False,,NA
91_4,91,MIN,False,,NA
91_4,91,MAX,False,,NA
91_4,91,GROUP BY,True,False,no_cue
91_4,91,Temporal,False,,NA
91_4,91,Negation,False,,NA
91_4,91,Set operation,False,,NA
92_0,92,COUNT,True,False,no_cue
92_0,92,DISTINCT,False,,NA
92_0,92,SUM,False,,NA
92_0,92,MIN,False,,NA
92_0,92,MAX,False,,NA
92_0,92,GROUP BY,True,True,explicit_cue
92_0,92,Temporal,False,,NA
92_0,92,Negation,False,,NA
92_0,92,Set operation,False,,NA
92_1,92,COUNT,True,False,no_cue
92_1,92,DISTINCT,False,,NA
92_1,92,SUM,False,,NA
92_1,92,MIN,False,,NA
92_1,92,MAX,False,,NA
92_1,92,GROUP BY,True,True,explicit_cue
92_1,92,Temporal,False,,NA
92_1,92,Negation,False,,NA
92_1,92,Set operation,False,,NA
92_2,92,COUNT,True,False,no_cue
92_2,92,DISTINCT,False,,NA
92_2,92,SUM,False,,NA
92_2,92,MIN,False,,NA
92_2,92,MAX,False,,NA
92_2,92,GROUP BY,True,False,no_cue
92_2,92,Temporal,False,,NA
92_2,92,Negation,False,,NA
92_2,92,Set operation,False,,NA
93_0,93,COUNT,True,True,explicit_cue
93_0,93,DISTINCT,False,,NA
93_0,93,SUM,False,,NA
93_0,93,MIN,False,,NA
93_0,93,MAX,False,,NA
93_0,93,GROUP BY,True,True,explicit_cue
93_0,93,Temporal,False,,NA
93_0,93,Negation,False,,NA
93_0,93,Set operation,False,,NA
93_1,93,COUNT,True,True,explicit_cue
93_1,93,DISTINCT,False,,NA
93_1,93,SUM,False,,NA
93_1,93,MIN,False,,NA
93_1,93,MAX,False,,NA
93_1,93,GROUP BY,True,True,explicit_cue
93_1,93,Temporal,False,,NA
93_1,93,Negation,False,,NA
93_1,93,Set operation,False,,NA
93_2,93,COUNT,True,True,explicit_cue
93_2,93,DISTINCT,False,,NA
93_2,93,SUM,False,,NA
93_2,93,MIN,False,,NA
93_2,93,MAX,False,,NA
93_2,93,GROUP BY,True,True,explicit_cue
93_2,93,Temporal,False,,NA
93_2,93,Negation,False,,NA
93_2,93,Set operation,False,,NA
93_3,93,COUNT,True,True,explicit_cue
93_3,93,DISTINCT,False,,NA
93_3,93,SUM,False,,NA
93_3,93,MIN,False,,NA
93_3,93,MAX,False,,NA
93_3,93,GROUP BY,True,True,explicit_cue
93_3,93,Temporal,False,,NA
93_3,93,Negation,False,,NA
93_3,93,Set operation,False,,NA
93_4,93,COUNT,True,False,no_cue
93_4,93,DISTINCT,False,,NA
93_4,93,SUM,False,,NA
93_4,93,MIN,False,,NA
93_4,93,MAX,False,,NA
93_4,93,GROUP BY,True,False,no_cue
93_4,93,Temporal,False,,NA
93_4,93,Negation,False,,NA
93_4,93,Set operation,False,,NA
94_0,94,COUNT,True,True,explicit_cue
94_0,94,DISTINCT,True,False,no_cue
94_0,94,SUM,False,,NA
94_0,94,MIN,False,,NA
94_0,94,MAX,False,,NA
94_0,94,GROUP BY,False,,NA
94_0,94,Temporal,False,,NA
94_0,94,Negation,False,,NA
94_0,94,Set operation,False,,NA
94_1,94,COUNT,True,True,explicit_cue
94_1,94,DISTINCT,True,False,no_cue
94_1,94,SUM,False,,NA
94_1,94,MIN,False,,NA
94_1,94,MAX,False,,NA
94_1,94,GROUP BY,False,,NA
94_1,94,Temporal,False,,NA
94_1,94,Negation,False,,NA
94_1,94,Set operation,False,,NA
94_2,94,COUNT,True,True,explicit_cue
94_2,94,DISTINCT,True,False,no_cue
94_2,94,SUM,False,,NA
94_2,94,MIN,False,,NA
94_2,94,MAX,False,,NA
94_2,94,GROUP BY,False,,NA
94_2,94,Temporal,False,,NA
94_2,94,Negation,False,,NA
94_2,94,Set operation,False,,NA
94_3,94,COUNT,True,True,explicit_cue
94_3,94,DISTINCT,True,False,no_cue
94_3,94,SUM,False,,NA
94_3,94,MIN,False,,NA
94_3,94,MAX,False,,NA
94_3,94,GROUP BY,False,,NA
94_3,94,Temporal,False,,NA
94_3,94,Negation,False,,NA
94_3,94,Set operation,False,,NA
94_4,94,COUNT,True,True,explicit_cue
94_4,94,DISTINCT,True,False,no_cue
94_4,94,SUM,False,,NA
94_4,94,MIN,False,,NA
94_4,94,MAX,False,,NA
94_4,94,GROUP BY,False,,NA
94_4,94,Temporal,False,,NA
94_4,94,Negation,False,,NA
94_4,94,Set operation,False,,NA
94_5,94,COUNT,True,True,explicit_cue
94_5,94,DISTINCT,True,False,no_cue
94_5,94,SUM,False,,NA
94_5,94,MIN,False,,NA
94_5,94,MAX,False,,NA
94_5,94,GROUP BY,False,,NA
94_5,94,Temporal,False,,NA
94_5,94,Negation,False,,NA
94_5,94,Set operation,False,,NA
94_6,94,COUNT,True,True,explicit_cue
94_6,94,DISTINCT,True,False,no_cue
94_6,94,SUM,False,,NA
94_6,94,MIN,False,,NA
94_6,94,MAX,False,,NA
94_6,94,GROUP BY,False,,NA
94_6,94,Temporal,False,,NA
94_6,94,Negation,False,,NA
94_6,94,Set operation,False,,NA
94_7,94,COUNT,True,True,explicit_cue
94_7,94,DISTINCT,True,False,no_cue
94_7,94,SUM,False,,NA
94_7,94,MIN,False,,NA
94_7,94,MAX,False,,NA
94_7,94,GROUP BY,False,,NA
94_7,94,Temporal,False,,NA
94_7,94,Negation,False,,NA
94_7,94,Set operation,False,,NA
94_8,94,COUNT,True,True,explicit_cue
94_8,94,DISTINCT,True,False,no_cue
94_8,94,SUM,False,,NA
94_8,94,MIN,False,,NA
94_8,94,MAX,False,,NA
94_8,94,GROUP BY,False,,NA
94_8,94,Temporal,False,,NA
94_8,94,Negation,False,,NA
94_8,94,Set operation,False,,NA
95_0,95,COUNT,False,,NA
95_0,95,DISTINCT,False,,NA
95_0,95,SUM,False,,NA
95_0,95,MIN,False,,NA
95_0,95,MAX,False,,NA
95_0,95,GROUP BY,False,,NA
95_0,95,Temporal,False,,NA
95_0,95,Negation,False,,NA
95_0,95,Set operation,True,False,no_cue
95_1,95,COUNT,False,,NA
95_1,95,DISTINCT,False,,NA
95_1,95,SUM,False,,NA
95_1,95,MIN,False,,NA
95_1,95,MAX,False,,NA
95_1,95,GROUP BY,False,,NA
95_1,95,Temporal,False,,NA
95_1,95,Negation,False,,NA
95_1,95,Set operation,True,False,no_cue
95_2,95,COUNT,False,,NA
95_2,95,DISTINCT,False,,NA
95_2,95,SUM,False,,NA
95_2,95,MIN,False,,NA
95_2,95,MAX,False,,NA
95_2,95,GROUP BY,False,,NA
95_2,95,Temporal,False,,NA
95_2,95,Negation,False,,NA
95_2,95,Set operation,True,False,no_cue
95_3,95,COUNT,False,,NA
95_3,95,DISTINCT,False,,NA
95_3,95,SUM,False,,NA
95_3,95,MIN,False,,NA
95_3,95,MAX,False,,NA
95_3,95,GROUP BY,False,,NA
95_3,95,Temporal,False,,NA
95_3,95,Negation,False,,NA
95_3,95,Set operation,True,False,no_cue
96_0,96,COUNT,True,True,explicit_cue
96_0,96,DISTINCT,False,,NA
96_0,96,SUM,False,,NA
96_0,96,MIN,False,,NA
96_0,96,MAX,False,,NA
96_0,96,GROUP BY,True,True,explicit_cue
96_0,96,Temporal,False,,NA
96_0,96,Negation,False,,NA
96_0,96,Set operation,False,,NA
96_1,96,COUNT,True,True,explicit_cue
96_1,96,DISTINCT,False,,NA
96_1,96,SUM,False,,NA
96_1,96,MIN,False,,NA
96_1,96,MAX,False,,NA
96_1,96,GROUP BY,True,True,explicit_cue
96_1,96,Temporal,False,,NA
96_1,96,Negation,False,,NA
96_1,96,Set operation,False,,NA
96_2,96,COUNT,True,True,explicit_cue
96_2,96,DISTINCT,False,,NA
96_2,96,SUM,False,,NA
96_2,96,MIN,False,,NA
96_2,96,MAX,False,,NA
96_2,96,GROUP BY,True,True,explicit_cue
96_2,96,Temporal,False,,NA
96_2,96,Negation,False,,NA
96_2,96,Set operation,False,,NA
96_3,96,COUNT,True,True,explicit_cue
96_3,96,DISTINCT,False,,NA
96_3,96,SUM,False,,NA
96_3,96,MIN,False,,NA
96_3,96,MAX,False,,NA
96_3,96,GROUP BY,True,True,explicit_cue
96_3,96,Temporal,False,,NA
96_3,96,Negation,False,,NA
96_3,96,Set operation,False,,NA
96_4,96,COUNT,True,True,explicit_cue
96_4,96,DISTINCT,False,,NA
96_4,96,SUM,False,,NA
96_4,96,MIN,False,,NA
96_4,96,MAX,False,,NA
96_4,96,GROUP BY,True,True,explicit_cue
96_4,96,Temporal,False,,NA
96_4,96,Negation,False,,NA
96_4,96,Set operation,False,,NA
96_5,96,COUNT,True,True,explicit_cue
96_5,96,DISTINCT,False,,NA
96_5,96,SUM,False,,NA
96_5,96,MIN,False,,NA
96_5,96,MAX,False,,NA
96_5,96,GROUP BY,True,True,explicit_cue
96_5,96,Temporal,False,,NA
96_5,96,Negation,False,,NA
96_5,96,Set operation,False,,NA
96_6,96,COUNT,True,True,explicit_cue
96_6,96,DISTINCT,False,,NA
96_6,96,SUM,False,,NA
96_6,96,MIN,False,,NA
96_6,96,MAX,False,,NA
96_6,96,GROUP BY,True,False,no_cue
96_6,96,Temporal,False,,NA
96_6,96,Negation,False,,NA
96_6,96,Set operation,False,,NA
97_0,97,COUNT,False,,NA
97_0,97,DISTINCT,True,False,no_cue
97_0,97,SUM,False,,NA
97_0,97,MIN,False,,NA
97_0,97,MAX,False,,NA
97_0,97,GROUP BY,False,,NA
97_0,97,Temporal,True,True,explicit_cue
97_0,97,Negation,False,,NA
97_0,97,Set operation,False,,NA
97_1,97,COUNT,False,,NA
97_1,97,DISTINCT,True,False,no_cue
97_1,97,SUM,False,,NA
97_1,97,MIN,False,,NA
97_1,97,MAX,False,,NA
97_1,97,GROUP BY,False,,NA
97_1,97,Temporal,True,True,explicit_cue
97_1,97,Negation,False,,NA
97_1,97,Set operation,False,,NA
97_2,97,COUNT,False,,NA
97_2,97,DISTINCT,True,False,no_cue
97_2,97,SUM,False,,NA
97_2,97,MIN,False,,NA
97_2,97,MAX,False,,NA
97_2,97,GROUP BY,False,,NA
97_2,97,Temporal,True,True,explicit_cue
97_2,97,Negation,False,,NA
97_2,97,Set operation,False,,NA
97_3,97,COUNT,False,,NA
97_3,97,DISTINCT,True,False,no_cue
97_3,97,SUM,False,,NA
97_3,97,MIN,False,,NA
97_3,97,MAX,False,,NA
97_3,97,GROUP BY,False,,NA
97_3,97,Temporal,True,True,explicit_cue
97_3,97,Negation,False,,NA
97_3,97,Set operation,False,,NA
97_4,97,COUNT,False,,NA
97_4,97,DISTINCT,True,False,no_cue
97_4,97,SUM,False,,NA
97_4,97,MIN,False,,NA
97_4,97,MAX,False,,NA
97_4,97,GROUP BY,False,,NA
97_4,97,Temporal,True,True,explicit_cue
97_4,97,Negation,False,,NA
97_4,97,Set operation,False,,NA
97_5,97,COUNT,False,,NA
97_5,97,DISTINCT,True,False,no_cue
97_5,97,SUM,False,,NA
97_5,97,MIN,False,,NA
97_5,97,MAX,False,,NA
97_5,97,GROUP BY,False,,NA
97_5,97,Temporal,True,True,explicit_cue
97_5,97,Negation,False,,NA
97_5,97,Set operation,False,,NA
97_6,97,COUNT,False,,NA
97_6,97,DISTINCT,True,False,no_cue
97_6,97,SUM,False,,NA
97_6,97,MIN,False,,NA
97_6,97,MAX,False,,NA
97_6,97,GROUP BY,False,,NA
97_6,97,Temporal,True,True,explicit_cue
97_6,97,Negation,False,,NA
97_6,97,Set operation,False,,NA
97_7,97,COUNT,False,,NA
97_7,97,DISTINCT,True,False,no_cue
97_7,97,SUM,False,,NA
97_7,97,MIN,False,,NA
97_7,97,MAX,False,,NA
97_7,97,GROUP BY,False,,NA
97_7,97,Temporal,True,True,explicit_cue
97_7,97,Negation,False,,NA
97_7,97,Set operation,False,,NA
98_0,98,COUNT,True,True,explicit_cue
98_0,98,DISTINCT,True,False,no_cue
98_0,98,SUM,False,,NA
98_0,98,MIN,False,,NA
98_0,98,MAX,False,,NA
98_0,98,GROUP BY,True,True,explicit_cue
98_0,98,Temporal,False,,NA
98_0,98,Negation,False,,NA
98_0,98,Set operation,False,,NA
98_1,98,COUNT,True,True,explicit_cue
98_1,98,DISTINCT,True,False,no_cue
98_1,98,SUM,False,,NA
98_1,98,MIN,False,,NA
98_1,98,MAX,False,,NA
98_1,98,GROUP BY,True,True,explicit_cue
98_1,98,Temporal,False,,NA
98_1,98,Negation,False,,NA
98_1,98,Set operation,False,,NA
98_2,98,COUNT,True,True,explicit_cue
98_2,98,DISTINCT,True,False,no_cue
98_2,98,SUM,False,,NA
98_2,98,MIN,False,,NA
98_2,98,MAX,False,,NA
98_2,98,GROUP BY,True,True,explicit_cue
98_2,98,Temporal,False,,NA
98_2,98,Negation,False,,NA
98_2,98,Set operation,False,,NA
98_3,98,COUNT,True,True,explicit_cue
98_3,98,DISTINCT,True,False,no_cue
98_3,98,SUM,False,,NA
98_3,98,MIN,False,,NA
98_3,98,MAX,False,,NA
98_3,98,GROUP BY,True,True,explicit_cue
98_3,98,Temporal,False,,NA
98_3,98,Negation,False,,NA
98_3,98,Set operation,False,,NA
98_4,98,COUNT,True,True,explicit_cue
98_4,98,DISTINCT,True,False,no_cue
98_4,98,SUM,False,,NA
98_4,98,MIN,False,,NA
98_4,98,MAX,False,,NA
98_4,98,GROUP BY,True,True,explicit_cue
98_4,98,Temporal,False,,NA
98_4,98,Negation,False,,NA
98_4,98,Set operation,False,,NA
98_5,98,COUNT,True,True,explicit_cue
98_5,98,DISTINCT,True,False,no_cue
98_5,98,SUM,False,,NA
98_5,98,MIN,False,,NA
98_5,98,MAX,False,,NA
98_5,98,GROUP BY,True,True,explicit_cue
98_5,98,Temporal,False,,NA
98_5,98,Negation,False,,NA
98_5,98,Set operation,False,,NA
98_6,98,COUNT,True,True,explicit_cue
98_6,98,DISTINCT,True,False,no_cue
98_6,98,SUM,False,,NA
98_6,98,MIN,False,,NA
98_6,98,MAX,False,,NA
98_6,98,GROUP BY,True,True,explicit_cue
98_6,98,Temporal,False,,NA
98_6,98,Negation,False,,NA
98_6,98,Set operation,False,,NA
98_7,98,COUNT,True,True,explicit_cue
98_7,98,DISTINCT,True,False,no_cue
98_7,98,SUM,False,,NA
98_7,98,MIN,False,,NA
98_7,98,MAX,False,,NA
98_7,98,GROUP BY,True,True,explicit_cue
98_7,98,Temporal,False,,NA
98_7,98,Negation,False,,NA
98_7,98,Set operation,False,,NA
99_0,99,COUNT,True,False,no_cue
99_0,99,DISTINCT,True,False,no_cue
99_0,99,SUM,False,,NA
99_0,99,MIN,False,,NA
99_0,99,MAX,False,,NA
99_0,99,GROUP BY,True,True,explicit_cue
99_0,99,Temporal,False,,NA
99_0,99,Negation,False,,NA
99_0,99,Set operation,False,,NA
99_1,99,COUNT,True,False,no_cue
99_1,99,DISTINCT,True,False,no_cue
99_1,99,SUM,False,,NA
99_1,99,MIN,False,,NA
99_1,99,MAX,False,,NA
99_1,99,GROUP BY,True,True,explicit_cue
99_1,99,Temporal,False,,NA
99_1,99,Negation,False,,NA
99_1,99,Set operation,False,,NA
99_2,99,COUNT,True,False,no_cue
99_2,99,DISTINCT,True,False,no_cue
99_2,99,SUM,False,,NA
99_2,99,MIN,False,,NA
99_2,99,MAX,False,,NA
99_2,99,GROUP BY,True,False,no_cue
99_2,99,Temporal,False,,NA
99_2,99,Negation,False,,NA
99_2,99,Set operation,False,,NA
99_3,99,COUNT,True,False,no_cue
99_3,99,DISTINCT,True,False,no_cue
99_3,99,SUM,False,,NA
99_3,99,MIN,False,,NA
99_3,99,MAX,False,,NA
99_3,99,GROUP BY,True,False,no_cue
99_3,99,Temporal,False,,NA
99_3,99,Negation,False,,NA
99_3,99,Set operation,False,,NA
99_4,99,COUNT,True,False,no_cue
99_4,99,DISTINCT,True,False,no_cue
99_4,99,SUM,False,,NA
99_4,99,MIN,False,,NA
99_4,99,MAX,False,,NA
99_4,99,GROUP BY,True,False,no_cue
99_4,99,Temporal,False,,NA
99_4,99,Negation,False,,NA
99_4,99,Set operation,False,,NA
99_5,99,COUNT,True,False,no_cue
99_5,99,DISTINCT,True,False,no_cue
99_5,99,SUM,False,,NA
99_5,99,MIN,False,,NA
99_5,99,MAX,False,,NA
99_5,99,GROUP BY,True,True,explicit_cue
99_5,99,Temporal,False,,NA
99_5,99,Negation,False,,NA
99_5,99,Set operation,False,,NA
99_6,99,COUNT,True,False,no_cue
99_6,99,DISTINCT,True,False,no_cue
99_6,99,SUM,False,,NA
99_6,99,MIN,False,,NA
99_6,99,MAX,False,,NA
99_6,99,GROUP BY,True,True,explicit_cue
99_6,99,Temporal,False,,NA
99_6,99,Negation,False,,NA
99_6,99,Set operation,False,,NA
99_7,99,COUNT,True,False,no_cue
99_7,99,DISTINCT,True,False,no_cue
99_7,99,SUM,False,,NA
99_7,99,MIN,False,,NA
99_7,99,MAX,False,,NA
99_7,99,GROUP BY,True,False,no_cue
99_7,99,Temporal,False,,NA
99_7,99,Negation,False,,NA
99_7,99,Set operation,False,,NA
100_0,100,COUNT,True,False,no_cue
100_0,100,DISTINCT,True,False,no_cue
100_0,100,SUM,False,,NA
100_0,100,MIN,False,,NA
100_0,100,MAX,False,,NA
100_0,100,GROUP BY,True,True,explicit_cue
100_0,100,Temporal,False,,NA
100_0,100,Negation,False,,NA
100_0,100,Set operation,False,,NA
100_1,100,COUNT,True,False,no_cue
100_1,100,DISTINCT,True,False,no_cue
100_1,100,SUM,False,,NA
100_1,100,MIN,False,,NA
100_1,100,MAX,False,,NA
100_1,100,GROUP BY,True,True,explicit_cue
100_1,100,Temporal,False,,NA
100_1,100,Negation,False,,NA
100_1,100,Set operation,False,,NA
100_2,100,COUNT,True,False,no_cue
100_2,100,DISTINCT,True,False,no_cue
100_2,100,SUM,False,,NA
100_2,100,MIN,False,,NA
100_2,100,MAX,False,,NA
100_2,100,GROUP BY,True,True,explicit_cue
100_2,100,Temporal,False,,NA
100_2,100,Negation,False,,NA
100_2,100,Set operation,False,,NA
100_3,100,COUNT,True,False,no_cue
100_3,100,DISTINCT,True,False,no_cue
100_3,100,SUM,False,,NA
100_3,100,MIN,False,,NA
100_3,100,MAX,False,,NA
100_3,100,GROUP BY,True,True,explicit_cue
100_3,100,Temporal,False,,NA
100_3,100,Negation,False,,NA
100_3,100,Set operation,False,,NA
100_4,100,COUNT,True,False,no_cue
100_4,100,DISTINCT,True,False,no_cue
100_4,100,SUM,False,,NA
100_4,100,MIN,False,,NA
100_4,100,MAX,False,,NA
100_4,100,GROUP BY,True,False,no_cue
100_4,100,Temporal,False,,NA
100_4,100,Negation,False,,NA
100_4,100,Set operation,False,,NA
100_5,100,COUNT,True,False,no_cue
100_5,100,DISTINCT,True,False,no_cue
100_5,100,SUM,False,,NA
100_5,100,MIN,False,,NA
100_5,100,MAX,False,,NA
100_5,100,GROUP BY,True,False,no_cue
100_5,100,Temporal,False,,NA
100_5,100,Negation,False,,NA
100_5,100,Set operation,False,,NA
100_6,100,COUNT,True,False,no_cue
100_6,100,DISTINCT,True,False,no_cue
100_6,100,SUM,False,,NA
100_6,100,MIN,False,,NA
100_6,100,MAX,False,,NA
100_6,100,GROUP BY,True,True,explicit_cue
100_6,100,Temporal,False,,NA
100_6,100,Negation,False,,NA
100_6,100,Set operation,False,,NA
100_7,100,COUNT,True,False,no_cue
100_7,100,DISTINCT,True,False,no_cue
100_7,100,SUM,False,,NA
100_7,100,MIN,False,,NA
100_7,100,MAX,False,,NA
100_7,100,GROUP BY,True,False,no_cue
100_7,100,Temporal,False,,NA
100_7,100,Negation,False,,NA
100_7,100,Set operation,False,,NA
101_0,101,COUNT,True,False,no_cue
101_0,101,DISTINCT,True,False,no_cue
101_0,101,SUM,False,,NA
101_0,101,MIN,False,,NA
101_0,101,MAX,False,,NA
101_0,101,GROUP BY,True,False,no_cue
101_0,101,Temporal,False,,NA
101_0,101,Negation,False,,NA
101_0,101,Set operation,False,,NA
101_1,101,COUNT,True,False,no_cue
101_1,101,DISTINCT,True,False,no_cue
101_1,101,SUM,False,,NA
101_1,101,MIN,False,,NA
101_1,101,MAX,False,,NA
101_1,101,GROUP BY,True,False,no_cue
101_1,101,Temporal,False,,NA
101_1,101,Negation,False,,NA
101_1,101,Set operation,False,,NA
101_2,101,COUNT,True,False,no_cue
101_2,101,DISTINCT,True,False,no_cue
101_2,101,SUM,False,,NA
101_2,101,MIN,False,,NA
101_2,101,MAX,False,,NA
101_2,101,GROUP BY,True,False,no_cue
101_2,101,Temporal,False,,NA
101_2,101,Negation,False,,NA
101_2,101,Set operation,False,,NA
101_3,101,COUNT,True,False,no_cue
101_3,101,DISTINCT,True,False,no_cue
101_3,101,SUM,False,,NA
101_3,101,MIN,False,,NA
101_3,101,MAX,False,,NA
101_3,101,GROUP BY,True,False,no_cue
101_3,101,Temporal,False,,NA
101_3,101,Negation,False,,NA
101_3,101,Set operation,False,,NA
101_4,101,COUNT,True,False,no_cue
101_4,101,DISTINCT,True,False,no_cue
101_4,101,SUM,False,,NA
101_4,101,MIN,False,,NA
101_4,101,MAX,False,,NA
101_4,101,GROUP BY,True,False,no_cue
101_4,101,Temporal,False,,NA
101_4,101,Negation,False,,NA
101_4,101,Set operation,False,,NA
101_5,101,COUNT,True,False,no_cue
101_5,101,DISTINCT,True,False,no_cue
101_5,101,SUM,False,,NA
101_5,101,MIN,False,,NA
101_5,101,MAX,False,,NA
101_5,101,GROUP BY,True,False,no_cue
101_5,101,Temporal,False,,NA
101_5,101,Negation,False,,NA
101_5,101,Set operation,False,,NA
101_6,101,COUNT,True,False,no_cue
101_6,101,DISTINCT,True,False,no_cue
101_6,101,SUM,False,,NA
101_6,101,MIN,False,,NA
101_6,101,MAX,False,,NA
101_6,101,GROUP BY,True,False,no_cue
101_6,101,Temporal,False,,NA
101_6,101,Negation,False,,NA
101_6,101,Set operation,False,,NA
102_0,102,COUNT,True,True,explicit_cue
102_0,102,DISTINCT,False,,NA
102_0,102,SUM,False,,NA
102_0,102,MIN,False,,NA
102_0,102,MAX,False,,NA
102_0,102,GROUP BY,True,True,explicit_cue
102_0,102,Temporal,False,,NA
102_0,102,Negation,False,,NA
102_0,102,Set operation,False,,NA
102_1,102,COUNT,True,True,explicit_cue
102_1,102,DISTINCT,False,,NA
102_1,102,SUM,False,,NA
102_1,102,MIN,False,,NA
102_1,102,MAX,False,,NA
102_1,102,GROUP BY,True,True,explicit_cue
102_1,102,Temporal,False,,NA
102_1,102,Negation,False,,NA
102_1,102,Set operation,False,,NA
102_2,102,COUNT,True,True,explicit_cue
102_2,102,DISTINCT,False,,NA
102_2,102,SUM,False,,NA
102_2,102,MIN,False,,NA
102_2,102,MAX,False,,NA
102_2,102,GROUP BY,True,True,explicit_cue
102_2,102,Temporal,False,,NA
102_2,102,Negation,False,,NA
102_2,102,Set operation,False,,NA
102_3,102,COUNT,True,True,explicit_cue
102_3,102,DISTINCT,False,,NA
102_3,102,SUM,False,,NA
102_3,102,MIN,False,,NA
102_3,102,MAX,False,,NA
102_3,102,GROUP BY,True,True,explicit_cue
102_3,102,Temporal,False,,NA
102_3,102,Negation,False,,NA
102_3,102,Set operation,False,,NA
102_4,102,COUNT,True,True,explicit_cue
102_4,102,DISTINCT,False,,NA
102_4,102,SUM,False,,NA
102_4,102,MIN,False,,NA
102_4,102,MAX,False,,NA
102_4,102,GROUP BY,True,True,explicit_cue
102_4,102,Temporal,False,,NA
102_4,102,Negation,False,,NA
102_4,102,Set operation,False,,NA
102_5,102,COUNT,True,True,explicit_cue
102_5,102,DISTINCT,False,,NA
102_5,102,SUM,False,,NA
102_5,102,MIN,False,,NA
102_5,102,MAX,False,,NA
102_5,102,GROUP BY,True,True,explicit_cue
102_5,102,Temporal,False,,NA
102_5,102,Negation,False,,NA
102_5,102,Set operation,False,,NA
102_6,102,COUNT,True,True,explicit_cue
102_6,102,DISTINCT,False,,NA
102_6,102,SUM,False,,NA
102_6,102,MIN,False,,NA
102_6,102,MAX,False,,NA
102_6,102,GROUP BY,True,True,explicit_cue
102_6,102,Temporal,False,,NA
102_6,102,Negation,False,,NA
102_6,102,Set operation,False,,NA
102_7,102,COUNT,True,True,explicit_cue
102_7,102,DISTINCT,False,,NA
102_7,102,SUM,False,,NA
102_7,102,MIN,False,,NA
102_7,102,MAX,False,,NA
102_7,102,GROUP BY,True,True,explicit_cue
102_7,102,Temporal,False,,NA
102_7,102,Negation,False,,NA
102_7,102,Set operation,False,,NA
103_0,103,COUNT,False,,NA
103_0,103,DISTINCT,False,,NA
103_0,103,SUM,False,,NA
103_0,103,MIN,False,,NA
103_0,103,MAX,False,,NA
103_0,103,GROUP BY,False,,NA
103_0,103,Temporal,False,,NA
103_0,103,Negation,False,,NA
103_0,103,Set operation,False,,NA
103_1,103,COUNT,False,,NA
103_1,103,DISTINCT,False,,NA
103_1,103,SUM,False,,NA
103_1,103,MIN,False,,NA
103_1,103,MAX,False,,NA
103_1,103,GROUP BY,False,,NA
103_1,103,Temporal,False,,NA
103_1,103,Negation,False,,NA
103_1,103,Set operation,False,,NA
103_2,103,COUNT,False,,NA
103_2,103,DISTINCT,False,,NA
103_2,103,SUM,False,,NA
103_2,103,MIN,False,,NA
103_2,103,MAX,False,,NA
103_2,103,GROUP BY,False,,NA
103_2,103,Temporal,False,,NA
103_2,103,Negation,False,,NA
103_2,103,Set operation,False,,NA
103_3,103,COUNT,False,,NA
103_3,103,DISTINCT,False,,NA
103_3,103,SUM,False,,NA
103_3,103,MIN,False,,NA
103_3,103,MAX,False,,NA
103_3,103,GROUP BY,False,,NA
103_3,103,Temporal,False,,NA
103_3,103,Negation,False,,NA
103_3,103,Set operation,False,,NA
103_4,103,COUNT,False,,NA
103_4,103,DISTINCT,False,,NA
103_4,103,SUM,False,,NA
103_4,103,MIN,False,,NA
103_4,103,MAX,False,,NA
103_4,103,GROUP BY,False,,NA
103_4,103,Temporal,False,,NA
103_4,103,Negation,False,,NA
103_4,103,Set operation,False,,NA
103_5,103,COUNT,False,,NA
103_5,103,DISTINCT,False,,NA
103_5,103,SUM,False,,NA
103_5,103,MIN,False,,NA
103_5,103,MAX,False,,NA
103_5,103,GROUP BY,False,,NA
103_5,103,Temporal,False,,NA
103_5,103,Negation,False,,NA
103_5,103,Set operation,False,,NA
103_6,103,COUNT,False,,NA
103_6,103,DISTINCT,False,,NA
103_6,103,SUM,False,,NA
103_6,103,MIN,False,,NA
103_6,103,MAX,False,,NA
103_6,103,GROUP BY,False,,NA
103_6,103,Temporal,False,,NA
103_6,103,Negation,False,,NA
103_6,103,Set operation,False,,NA
103_7,103,COUNT,False,,NA
103_7,103,DISTINCT,False,,NA
103_7,103,SUM,False,,NA
103_7,103,MIN,False,,NA
103_7,103,MAX,False,,NA
103_7,103,GROUP BY,False,,NA
103_7,103,Temporal,False,,NA
103_7,103,Negation,False,,NA
103_7,103,Set operation,False,,NA
104_0,104,COUNT,False,,NA
104_0,104,DISTINCT,False,,NA
104_0,104,SUM,True,True,explicit_cue
104_0,104,MIN,False,,NA
104_0,104,MAX,False,,NA
104_0,104,GROUP BY,True,True,explicit_cue
104_0,104,Temporal,False,,NA
104_0,104,Negation,False,,NA
104_0,104,Set operation,False,,NA
104_1,104,COUNT,False,,NA
104_1,104,DISTINCT,False,,NA
104_1,104,SUM,True,True,explicit_cue
104_1,104,MIN,False,,NA
104_1,104,MAX,False,,NA
104_1,104,GROUP BY,True,True,explicit_cue
104_1,104,Temporal,False,,NA
104_1,104,Negation,False,,NA
104_1,104,Set operation,False,,NA
104_2,104,COUNT,False,,NA
104_2,104,DISTINCT,False,,NA
104_2,104,SUM,True,True,explicit_cue
104_2,104,MIN,False,,NA
104_2,104,MAX,False,,NA
104_2,104,GROUP BY,True,True,explicit_cue
104_2,104,Temporal,False,,NA
104_2,104,Negation,False,,NA
104_2,104,Set operation,False,,NA
104_3,104,COUNT,False,,NA
104_3,104,DISTINCT,False,,NA
104_3,104,SUM,True,True,explicit_cue
104_3,104,MIN,False,,NA
104_3,104,MAX,False,,NA
104_3,104,GROUP BY,True,True,explicit_cue
104_3,104,Temporal,False,,NA
104_3,104,Negation,False,,NA
104_3,104,Set operation,False,,NA
104_4,104,COUNT,False,,NA
104_4,104,DISTINCT,False,,NA
104_4,104,SUM,True,True,explicit_cue
104_4,104,MIN,False,,NA
104_4,104,MAX,False,,NA
104_4,104,GROUP BY,True,True,explicit_cue
104_4,104,Temporal,False,,NA
104_4,104,Negation,False,,NA
104_4,104,Set operation,False,,NA
104_5,104,COUNT,False,,NA
104_5,104,DISTINCT,False,,NA
104_5,104,SUM,True,True,explicit_cue
104_5,104,MIN,False,,NA
104_5,104,MAX,False,,NA
104_5,104,GROUP BY,True,True,explicit_cue
104_5,104,Temporal,False,,NA
104_5,104,Negation,False,,NA
104_5,104,Set operation,False,,NA
104_6,104,COUNT,False,,NA
104_6,104,DISTINCT,False,,NA
104_6,104,SUM,True,True,explicit_cue
104_6,104,MIN,False,,NA
104_6,104,MAX,False,,NA
104_6,104,GROUP BY,True,True,explicit_cue
104_6,104,Temporal,False,,NA
104_6,104,Negation,False,,NA
104_6,104,Set operation,False,,NA
104_7,104,COUNT,False,,NA
104_7,104,DISTINCT,False,,NA
104_7,104,SUM,True,True,explicit_cue
104_7,104,MIN,False,,NA
104_7,104,MAX,False,,NA
104_7,104,GROUP BY,True,True,explicit_cue
104_7,104,Temporal,False,,NA
104_7,104,Negation,False,,NA
104_7,104,Set operation,False,,NA
105_0,105,COUNT,False,,NA
105_0,105,DISTINCT,True,False,no_cue
105_0,105,SUM,False,,NA
105_0,105,MIN,False,,NA
105_0,105,MAX,False,,NA
105_0,105,GROUP BY,False,,NA
105_0,105,Temporal,False,,NA
105_0,105,Negation,False,,NA
105_0,105,Set operation,False,,NA
105_1,105,COUNT,False,,NA
105_1,105,DISTINCT,True,False,no_cue
105_1,105,SUM,False,,NA
105_1,105,MIN,False,,NA
105_1,105,MAX,False,,NA
105_1,105,GROUP BY,False,,NA
105_1,105,Temporal,False,,NA
105_1,105,Negation,False,,NA
105_1,105,Set operation,False,,NA
105_2,105,COUNT,False,,NA
105_2,105,DISTINCT,True,False,no_cue
105_2,105,SUM,False,,NA
105_2,105,MIN,False,,NA
105_2,105,MAX,False,,NA
105_2,105,GROUP BY,False,,NA
105_2,105,Temporal,False,,NA
105_2,105,Negation,False,,NA
105_2,105,Set operation,False,,NA
105_3,105,COUNT,False,,NA
105_3,105,DISTINCT,True,False,no_cue
105_3,105,SUM,False,,NA
105_3,105,MIN,False,,NA
105_3,105,MAX,False,,NA
105_3,105,GROUP BY,False,,NA
105_3,105,Temporal,False,,NA
105_3,105,Negation,False,,NA
105_3,105,Set operation,False,,NA
105_4,105,COUNT,False,,NA
105_4,105,DISTINCT,True,False,no_cue
105_4,105,SUM,False,,NA
105_4,105,MIN,False,,NA
105_4,105,MAX,False,,NA
105_4,105,GROUP BY,False,,NA
105_4,105,Temporal,False,,NA
105_4,105,Negation,False,,NA
105_4,105,Set operation,False,,NA
105_5,105,COUNT,False,,NA
105_5,105,DISTINCT,True,False,no_cue
105_5,105,SUM,False,,NA
105_5,105,MIN,False,,NA
105_5,105,MAX,False,,NA
105_5,105,GROUP BY,False,,NA
105_5,105,Temporal,False,,NA
105_5,105,Negation,False,,NA
105_5,105,Set operation,False,,NA
106_0,106,COUNT,True,True,explicit_cue
106_0,106,DISTINCT,False,,NA
106_0,106,SUM,False,,NA
106_0,106,MIN,False,,NA
106_0,106,MAX,False,,NA
106_0,106,GROUP BY,True,True,explicit_cue
106_0,106,Temporal,False,,NA
106_0,106,Negation,False,,NA
106_0,106,Set operation,False,,NA
106_1,106,COUNT,True,False,no_cue
106_1,106,DISTINCT,False,,NA
106_1,106,SUM,False,,NA
106_1,106,MIN,False,,NA
106_1,106,MAX,False,,NA
106_1,106,GROUP BY,True,True,explicit_cue
106_1,106,Temporal,False,,NA
106_1,106,Negation,False,,NA
106_1,106,Set operation,False,,NA
106_2,106,COUNT,True,True,explicit_cue
106_2,106,DISTINCT,False,,NA
106_2,106,SUM,False,,NA
106_2,106,MIN,False,,NA
106_2,106,MAX,False,,NA
106_2,106,GROUP BY,True,True,explicit_cue
106_2,106,Temporal,False,,NA
106_2,106,Negation,False,,NA
106_2,106,Set operation,False,,NA
106_3,106,COUNT,True,True,explicit_cue
106_3,106,DISTINCT,False,,NA
106_3,106,SUM,False,,NA
106_3,106,MIN,False,,NA
106_3,106,MAX,False,,NA
106_3,106,GROUP BY,True,True,explicit_cue
106_3,106,Temporal,False,,NA
106_3,106,Negation,False,,NA
106_3,106,Set operation,False,,NA
106_4,106,COUNT,True,True,explicit_cue
106_4,106,DISTINCT,False,,NA
106_4,106,SUM,False,,NA
106_4,106,MIN,False,,NA
106_4,106,MAX,False,,NA
106_4,106,GROUP BY,True,True,explicit_cue
106_4,106,Temporal,False,,NA
106_4,106,Negation,False,,NA
106_4,106,Set operation,False,,NA
106_5,106,COUNT,True,True,explicit_cue
106_5,106,DISTINCT,False,,NA
106_5,106,SUM,False,,NA
106_5,106,MIN,False,,NA
106_5,106,MAX,False,,NA
106_5,106,GROUP BY,True,True,explicit_cue
106_5,106,Temporal,False,,NA
106_5,106,Negation,False,,NA
106_5,106,Set operation,False,,NA
106_6,106,COUNT,True,True,explicit_cue
106_6,106,DISTINCT,False,,NA
106_6,106,SUM,False,,NA
106_6,106,MIN,False,,NA
106_6,106,MAX,False,,NA
106_6,106,GROUP BY,True,True,explicit_cue
106_6,106,Temporal,False,,NA
106_6,106,Negation,False,,NA
106_6,106,Set operation,False,,NA
107_0,107,COUNT,True,True,explicit_cue
107_0,107,DISTINCT,False,,NA
107_0,107,SUM,False,,NA
107_0,107,MIN,False,,NA
107_0,107,MAX,False,,NA
107_0,107,GROUP BY,True,True,explicit_cue
107_0,107,Temporal,False,,NA
107_0,107,Negation,False,,NA
107_0,107,Set operation,False,,NA
107_1,107,COUNT,True,True,explicit_cue
107_1,107,DISTINCT,False,,NA
107_1,107,SUM,False,,NA
107_1,107,MIN,False,,NA
107_1,107,MAX,False,,NA
107_1,107,GROUP BY,True,True,explicit_cue
107_1,107,Temporal,False,,NA
107_1,107,Negation,False,,NA
107_1,107,Set operation,False,,NA
107_2,107,COUNT,True,True,explicit_cue
107_2,107,DISTINCT,False,,NA
107_2,107,SUM,False,,NA
107_2,107,MIN,False,,NA
107_2,107,MAX,False,,NA
107_2,107,GROUP BY,True,True,explicit_cue
107_2,107,Temporal,False,,NA
107_2,107,Negation,False,,NA
107_2,107,Set operation,False,,NA
107_3,107,COUNT,True,True,explicit_cue
107_3,107,DISTINCT,False,,NA
107_3,107,SUM,False,,NA
107_3,107,MIN,False,,NA
107_3,107,MAX,False,,NA
107_3,107,GROUP BY,True,True,explicit_cue
107_3,107,Temporal,False,,NA
107_3,107,Negation,False,,NA
107_3,107,Set operation,False,,NA
107_4,107,COUNT,True,True,explicit_cue
107_4,107,DISTINCT,False,,NA
107_4,107,SUM,False,,NA
107_4,107,MIN,False,,NA
107_4,107,MAX,False,,NA
107_4,107,GROUP BY,True,True,explicit_cue
107_4,107,Temporal,False,,NA
107_4,107,Negation,False,,NA
107_4,107,Set operation,False,,NA
107_5,107,COUNT,True,True,explicit_cue
107_5,107,DISTINCT,False,,NA
107_5,107,SUM,False,,NA
107_5,107,MIN,False,,NA
107_5,107,MAX,False,,NA
107_5,107,GROUP BY,True,True,explicit_cue
107_5,107,Temporal,False,,NA
107_5,107,Negation,False,,NA
107_5,107,Set operation,False,,NA
107_6,107,COUNT,True,True,explicit_cue
107_6,107,DISTINCT,False,,NA
107_6,107,SUM,False,,NA
107_6,107,MIN,False,,NA
107_6,107,MAX,False,,NA
107_6,107,GROUP BY,True,True,explicit_cue
107_6,107,Temporal,False,,NA
107_6,107,Negation,False,,NA
107_6,107,Set operation,False,,NA
108_0,108,COUNT,True,True,explicit_cue
108_0,108,DISTINCT,False,,NA
108_0,108,SUM,False,,NA
108_0,108,MIN,False,,NA
108_0,108,MAX,False,,NA
108_0,108,GROUP BY,True,True,explicit_cue
108_0,108,Temporal,False,,NA
108_0,108,Negation,False,,NA
108_0,108,Set operation,False,,NA
108_1,108,COUNT,True,True,explicit_cue
108_1,108,DISTINCT,False,,NA
108_1,108,SUM,False,,NA
108_1,108,MIN,False,,NA
108_1,108,MAX,False,,NA
108_1,108,GROUP BY,True,True,explicit_cue
108_1,108,Temporal,False,,NA
108_1,108,Negation,False,,NA
108_1,108,Set operation,False,,NA
108_2,108,COUNT,True,True,explicit_cue
108_2,108,DISTINCT,False,,NA
108_2,108,SUM,False,,NA
108_2,108,MIN,False,,NA
108_2,108,MAX,False,,NA
108_2,108,GROUP BY,True,True,explicit_cue
108_2,108,Temporal,False,,NA
108_2,108,Negation,False,,NA
108_2,108,Set operation,False,,NA
108_3,108,COUNT,True,True,explicit_cue
108_3,108,DISTINCT,False,,NA
108_3,108,SUM,False,,NA
108_3,108,MIN,False,,NA
108_3,108,MAX,False,,NA
108_3,108,GROUP BY,True,True,explicit_cue
108_3,108,Temporal,False,,NA
108_3,108,Negation,False,,NA
108_3,108,Set operation,False,,NA
108_4,108,COUNT,True,True,explicit_cue
108_4,108,DISTINCT,False,,NA
108_4,108,SUM,False,,NA
108_4,108,MIN,False,,NA
108_4,108,MAX,False,,NA
108_4,108,GROUP BY,True,False,no_cue
108_4,108,Temporal,False,,NA
108_4,108,Negation,False,,NA
108_4,108,Set operation,False,,NA
108_5,108,COUNT,True,True,explicit_cue
108_5,108,DISTINCT,False,,NA
108_5,108,SUM,False,,NA
108_5,108,MIN,False,,NA
108_5,108,MAX,False,,NA
108_5,108,GROUP BY,True,True,explicit_cue
108_5,108,Temporal,False,,NA
108_5,108,Negation,False,,NA
108_5,108,Set operation,False,,NA
108_6,108,COUNT,True,False,no_cue
108_6,108,DISTINCT,False,,NA
108_6,108,SUM,False,,NA
108_6,108,MIN,False,,NA
108_6,108,MAX,False,,NA
108_6,108,GROUP BY,True,True,explicit_cue
108_6,108,Temporal,False,,NA
108_6,108,Negation,False,,NA
108_6,108,Set operation,False,,NA
108_7,108,COUNT,True,True,explicit_cue
108_7,108,DISTINCT,False,,NA
108_7,108,SUM,False,,NA
108_7,108,MIN,False,,NA
108_7,108,MAX,False,,NA
108_7,108,GROUP BY,True,True,explicit_cue
108_7,108,Temporal,False,,NA
108_7,108,Negation,False,,NA
108_7,108,Set operation,False,,NA
109_0,109,COUNT,True,True,explicit_cue
109_0,109,DISTINCT,True,False,no_cue
109_0,109,SUM,False,,NA
109_0,109,MIN,False,,NA
109_0,109,MAX,False,,NA
109_0,109,GROUP BY,False,,NA
109_0,109,Temporal,False,,NA
109_0,109,Negation,False,,NA
109_0,109,Set operation,False,,NA
109_1,109,COUNT,True,True,explicit_cue
109_1,109,DISTINCT,True,False,no_cue
109_1,109,SUM,False,,NA
109_1,109,MIN,False,,NA
109_1,109,MAX,False,,NA
109_1,109,GROUP BY,False,,NA
109_1,109,Temporal,False,,NA
109_1,109,Negation,False,,NA
109_1,109,Set operation,False,,NA
109_2,109,COUNT,True,True,explicit_cue
109_2,109,DISTINCT,True,False,no_cue
109_2,109,SUM,False,,NA
109_2,109,MIN,False,,NA
109_2,109,MAX,False,,NA
109_2,109,GROUP BY,False,,NA
109_2,109,Temporal,False,,NA
109_2,109,Negation,False,,NA
109_2,109,Set operation,False,,NA
109_3,109,COUNT,True,True,explicit_cue
109_3,109,DISTINCT,True,False,no_cue
109_3,109,SUM,False,,NA
109_3,109,MIN,False,,NA
109_3,109,MAX,False,,NA
109_3,109,GROUP BY,False,,NA
109_3,109,Temporal,False,,NA
109_3,109,Negation,False,,NA
109_3,109,Set operation,False,,NA
109_4,109,COUNT,True,True,explicit_cue
109_4,109,DISTINCT,True,False,no_cue
109_4,109,SUM,False,,NA
109_4,109,MIN,False,,NA
109_4,109,MAX,False,,NA
109_4,109,GROUP BY,False,,NA
109_4,109,Temporal,False,,NA
109_4,109,Negation,False,,NA
109_4,109,Set operation,False,,NA
109_5,109,COUNT,True,True,explicit_cue
109_5,109,DISTINCT,True,False,no_cue
109_5,109,SUM,False,,NA
109_5,109,MIN,False,,NA
109_5,109,MAX,False,,NA
109_5,109,GROUP BY,False,,NA
109_5,109,Temporal,False,,NA
109_5,109,Negation,False,,NA
109_5,109,Set operation,False,,NA
109_6,109,COUNT,True,True,explicit_cue
109_6,109,DISTINCT,True,False,no_cue
109_6,109,SUM,False,,NA
109_6,109,MIN,False,,NA
109_6,109,MAX,False,,NA
109_6,109,GROUP BY,False,,NA
109_6,109,Temporal,False,,NA
109_6,109,Negation,False,,NA
109_6,109,Set operation,False,,NA
109_7,109,COUNT,True,True,explicit_cue
109_7,109,DISTINCT,True,False,no_cue
109_7,109,SUM,False,,NA
109_7,109,MIN,False,,NA
109_7,109,MAX,False,,NA
109_7,109,GROUP BY,False,,NA
109_7,109,Temporal,False,,NA
109_7,109,Negation,False,,NA
109_7,109,Set operation,False,,NA
110_0,110,COUNT,False,,NA
110_0,110,DISTINCT,False,,NA
110_0,110,SUM,False,,NA
110_0,110,MIN,False,,NA
110_0,110,MAX,False,,NA
110_0,110,GROUP BY,False,,NA
110_0,110,Temporal,False,,NA
110_0,110,Negation,True,True,explicit_cue
110_0,110,Set operation,False,,NA
110_1,110,COUNT,False,,NA
110_1,110,DISTINCT,False,,NA
110_1,110,SUM,False,,NA
110_1,110,MIN,False,,NA
110_1,110,MAX,False,,NA
110_1,110,GROUP BY,False,,NA
110_1,110,Temporal,False,,NA
110_1,110,Negation,True,False,no_cue
110_1,110,Set operation,False,,NA
110_2,110,COUNT,False,,NA
110_2,110,DISTINCT,False,,NA
110_2,110,SUM,False,,NA
110_2,110,MIN,False,,NA
110_2,110,MAX,False,,NA
110_2,110,GROUP BY,False,,NA
110_2,110,Temporal,False,,NA
110_2,110,Negation,True,False,no_cue
110_2,110,Set operation,False,,NA
110_3,110,COUNT,False,,NA
110_3,110,DISTINCT,False,,NA
110_3,110,SUM,False,,NA
110_3,110,MIN,False,,NA
110_3,110,MAX,False,,NA
110_3,110,GROUP BY,False,,NA
110_3,110,Temporal,False,,NA
110_3,110,Negation,True,False,no_cue
110_3,110,Set operation,False,,NA
110_4,110,COUNT,False,,NA
110_4,110,DISTINCT,False,,NA
110_4,110,SUM,False,,NA
110_4,110,MIN,False,,NA
110_4,110,MAX,False,,NA
110_4,110,GROUP BY,False,,NA
110_4,110,Temporal,False,,NA
110_4,110,Negation,True,True,explicit_cue
110_4,110,Set operation,False,,NA
110_5,110,COUNT,False,,NA
110_5,110,DISTINCT,False,,NA
110_5,110,SUM,False,,NA
110_5,110,MIN,False,,NA
110_5,110,MAX,False,,NA
110_5,110,GROUP BY,False,,NA
110_5,110,Temporal,False,,NA
110_5,110,Negation,True,True,explicit_cue
110_5,110,Set operation,False,,NA
110_6,110,COUNT,False,,NA
110_6,110,DISTINCT,False,,NA
110_6,110,SUM,False,,NA
110_6,110,MIN,False,,NA
110_6,110,MAX,False,,NA
110_6,110,GROUP BY,False,,NA
110_6,110,Temporal,False,,NA
110_6,110,Negation,True,True,explicit_cue
110_6,110,Set operation,False,,NA
111_0,111,COUNT,True,True,explicit_cue
111_0,111,DISTINCT,False,,NA
111_0,111,SUM,False,,NA
111_0,111,MIN,False,,NA
111_0,111,MAX,False,,NA
111_0,111,GROUP BY,True,True,explicit_cue
111_0,111,Temporal,False,,NA
111_0,111,Negation,False,,NA
111_0,111,Set operation,False,,NA
111_1,111,COUNT,True,True,explicit_cue
111_1,111,DISTINCT,False,,NA
111_1,111,SUM,False,,NA
111_1,111,MIN,False,,NA
111_1,111,MAX,False,,NA
111_1,111,GROUP BY,True,True,explicit_cue
111_1,111,Temporal,False,,NA
111_1,111,Negation,False,,NA
111_1,111,Set operation,False,,NA
111_2,111,COUNT,True,True,explicit_cue
111_2,111,DISTINCT,False,,NA
111_2,111,SUM,False,,NA
111_2,111,MIN,False,,NA
111_2,111,MAX,False,,NA
111_2,111,GROUP BY,True,True,explicit_cue
111_2,111,Temporal,False,,NA
111_2,111,Negation,False,,NA
111_2,111,Set operation,False,,NA
111_3,111,COUNT,True,True,explicit_cue
111_3,111,DISTINCT,False,,NA
111_3,111,SUM,False,,NA
111_3,111,MIN,False,,NA
111_3,111,MAX,False,,NA
111_3,111,GROUP BY,True,True,explicit_cue
111_3,111,Temporal,False,,NA
111_3,111,Negation,False,,NA
111_3,111,Set operation,False,,NA
111_4,111,COUNT,True,True,explicit_cue
111_4,111,DISTINCT,False,,NA
111_4,111,SUM,False,,NA
111_4,111,MIN,False,,NA
111_4,111,MAX,False,,NA
111_4,111,GROUP BY,True,True,explicit_cue
111_4,111,Temporal,False,,NA
111_4,111,Negation,False,,NA
111_4,111,Set operation,False,,NA
111_5,111,COUNT,True,True,explicit_cue
111_5,111,DISTINCT,False,,NA
111_5,111,SUM,False,,NA
111_5,111,MIN,False,,NA
111_5,111,MAX,False,,NA
111_5,111,GROUP BY,True,True,explicit_cue
111_5,111,Temporal,False,,NA
111_5,111,Negation,False,,NA
111_5,111,Set operation,False,,NA
111_6,111,COUNT,True,True,explicit_cue
111_6,111,DISTINCT,False,,NA
111_6,111,SUM,False,,NA
111_6,111,MIN,False,,NA
111_6,111,MAX,False,,NA
111_6,111,GROUP BY,True,True,explicit_cue
111_6,111,Temporal,False,,NA
111_6,111,Negation,False,,NA
111_6,111,Set operation,False,,NA
112_0,112,COUNT,True,True,explicit_cue
112_0,112,DISTINCT,False,,NA
112_0,112,SUM,False,,NA
112_0,112,MIN,False,,NA
112_0,112,MAX,False,,NA
112_0,112,GROUP BY,True,True,explicit_cue
112_0,112,Temporal,False,,NA
112_0,112,Negation,False,,NA
112_0,112,Set operation,False,,NA
112_1,112,COUNT,True,True,explicit_cue
112_1,112,DISTINCT,False,,NA
112_1,112,SUM,False,,NA
112_1,112,MIN,False,,NA
112_1,112,MAX,False,,NA
112_1,112,GROUP BY,True,True,explicit_cue
112_1,112,Temporal,False,,NA
112_1,112,Negation,False,,NA
112_1,112,Set operation,False,,NA
112_2,112,COUNT,True,True,explicit_cue
112_2,112,DISTINCT,False,,NA
112_2,112,SUM,False,,NA
112_2,112,MIN,False,,NA
112_2,112,MAX,False,,NA
112_2,112,GROUP BY,True,True,explicit_cue
112_2,112,Temporal,False,,NA
112_2,112,Negation,False,,NA
112_2,112,Set operation,False,,NA
112_3,112,COUNT,True,True,explicit_cue
112_3,112,DISTINCT,False,,NA
112_3,112,SUM,False,,NA
112_3,112,MIN,False,,NA
112_3,112,MAX,False,,NA
112_3,112,GROUP BY,True,True,explicit_cue
112_3,112,Temporal,False,,NA
112_3,112,Negation,False,,NA
112_3,112,Set operation,False,,NA
112_4,112,COUNT,True,True,explicit_cue
112_4,112,DISTINCT,False,,NA
112_4,112,SUM,False,,NA
112_4,112,MIN,False,,NA
112_4,112,MAX,False,,NA
112_4,112,GROUP BY,True,True,explicit_cue
112_4,112,Temporal,False,,NA
112_4,112,Negation,False,,NA
112_4,112,Set operation,False,,NA
112_5,112,COUNT,True,True,explicit_cue
112_5,112,DISTINCT,False,,NA
112_5,112,SUM,False,,NA
112_5,112,MIN,False,,NA
112_5,112,MAX,False,,NA
112_5,112,GROUP BY,True,True,explicit_cue
112_5,112,Temporal,False,,NA
112_5,112,Negation,False,,NA
112_5,112,Set operation,False,,NA
113_0,113,COUNT,False,,NA
113_0,113,DISTINCT,False,,NA
113_0,113,SUM,False,,NA
113_0,113,MIN,False,,NA
113_0,113,MAX,False,,NA
113_0,113,GROUP BY,False,,NA
113_0,113,Temporal,False,,NA
113_0,113,Negation,False,,NA
113_0,113,Set operation,True,False,no_cue
113_1,113,COUNT,False,,NA
113_1,113,DISTINCT,False,,NA
113_1,113,SUM,False,,NA
113_1,113,MIN,False,,NA
113_1,113,MAX,False,,NA
113_1,113,GROUP BY,False,,NA
113_1,113,Temporal,False,,NA
113_1,113,Negation,False,,NA
113_1,113,Set operation,True,False,no_cue
113_2,113,COUNT,False,,NA
113_2,113,DISTINCT,False,,NA
113_2,113,SUM,False,,NA
113_2,113,MIN,False,,NA
113_2,113,MAX,False,,NA
113_2,113,GROUP BY,False,,NA
113_2,113,Temporal,False,,NA
113_2,113,Negation,False,,NA
113_2,113,Set operation,True,False,no_cue
113_3,113,COUNT,False,,NA
113_3,113,DISTINCT,False,,NA
113_3,113,SUM,False,,NA
113_3,113,MIN,False,,NA
113_3,113,MAX,False,,NA
113_3,113,GROUP BY,False,,NA
113_3,113,Temporal,False,,NA
113_3,113,Negation,False,,NA
113_3,113,Set operation,True,False,no_cue
113_4,113,COUNT,False,,NA
113_4,113,DISTINCT,False,,NA
113_4,113,SUM,False,,NA
113_4,113,MIN,False,,NA
113_4,113,MAX,False,,NA
113_4,113,GROUP BY,False,,NA
113_4,113,Temporal,False,,NA
113_4,113,Negation,False,,NA
113_4,113,Set operation,True,False,no_cue
113_5,113,COUNT,False,,NA
113_5,113,DISTINCT,False,,NA
113_5,113,SUM,False,,NA
113_5,113,MIN,False,,NA
113_5,113,MAX,False,,NA
113_5,113,GROUP BY,False,,NA
113_5,113,Temporal,False,,NA
113_5,113,Negation,False,,NA
113_5,113,Set operation,True,False,no_cue
114_0,114,COUNT,False,,NA
114_0,114,DISTINCT,True,False,no_cue
114_0,114,SUM,False,,NA
114_0,114,MIN,False,,NA
114_0,114,MAX,False,,NA
114_0,114,GROUP BY,False,,NA
114_0,114,Temporal,False,,NA
114_0,114,Negation,False,,NA
114_0,114,Set operation,False,,NA
114_1,114,COUNT,False,,NA
114_1,114,DISTINCT,True,False,no_cue
114_1,114,SUM,False,,NA
114_1,114,MIN,False,,NA
114_1,114,MAX,False,,NA
114_1,114,GROUP BY,False,,NA
114_1,114,Temporal,False,,NA
114_1,114,Negation,False,,NA
114_1,114,Set operation,False,,NA
114_2,114,COUNT,False,,NA
114_2,114,DISTINCT,True,False,no_cue
114_2,114,SUM,False,,NA
114_2,114,MIN,False,,NA
114_2,114,MAX,False,,NA
114_2,114,GROUP BY,False,,NA
114_2,114,Temporal,False,,NA
114_2,114,Negation,False,,NA
114_2,114,Set operation,False,,NA
114_3,114,COUNT,False,,NA
114_3,114,DISTINCT,True,False,no_cue
114_3,114,SUM,False,,NA
114_3,114,MIN,False,,NA
114_3,114,MAX,False,,NA
114_3,114,GROUP BY,False,,NA
114_3,114,Temporal,False,,NA
114_3,114,Negation,False,,NA
114_3,114,Set operation,False,,NA
114_4,114,COUNT,False,,NA
114_4,114,DISTINCT,True,False,no_cue
114_4,114,SUM,False,,NA
114_4,114,MIN,False,,NA
114_4,114,MAX,False,,NA
114_4,114,GROUP BY,False,,NA
114_4,114,Temporal,False,,NA
114_4,114,Negation,False,,NA
114_4,114,Set operation,False,,NA
114_5,114,COUNT,False,,NA
114_5,114,DISTINCT,True,False,no_cue
114_5,114,SUM,False,,NA
114_5,114,MIN,False,,NA
114_5,114,MAX,False,,NA
114_5,114,GROUP BY,False,,NA
114_5,114,Temporal,False,,NA
114_5,114,Negation,False,,NA
114_5,114,Set operation,False,,NA
114_6,114,COUNT,False,,NA
114_6,114,DISTINCT,True,False,no_cue
114_6,114,SUM,False,,NA
114_6,114,MIN,False,,NA
114_6,114,MAX,False,,NA
114_6,114,GROUP BY,False,,NA
114_6,114,Temporal,False,,NA
114_6,114,Negation,False,,NA
114_6,114,Set operation,False,,NA
115_0,115,COUNT,False,,NA
115_0,115,DISTINCT,False,,NA
115_0,115,SUM,False,,NA
115_0,115,MIN,False,,NA
115_0,115,MAX,False,,NA
115_0,115,GROUP BY,False,,NA
115_0,115,Temporal,False,,NA
115_0,115,Negation,False,,NA
115_0,115,Set operation,False,,NA
115_1,115,COUNT,False,,NA
115_1,115,DISTINCT,False,,NA
115_1,115,SUM,False,,NA
115_1,115,MIN,False,,NA
115_1,115,MAX,False,,NA
115_1,115,GROUP BY,False,,NA
115_1,115,Temporal,False,,NA
115_1,115,Negation,False,,NA
115_1,115,Set operation,False,,NA
115_2,115,COUNT,False,,NA
115_2,115,DISTINCT,False,,NA
115_2,115,SUM,False,,NA
115_2,115,MIN,False,,NA
115_2,115,MAX,False,,NA
115_2,115,GROUP BY,False,,NA
115_2,115,Temporal,False,,NA
115_2,115,Negation,False,,NA
115_2,115,Set operation,False,,NA
115_3,115,COUNT,False,,NA
115_3,115,DISTINCT,False,,NA
115_3,115,SUM,False,,NA
115_3,115,MIN,False,,NA
115_3,115,MAX,False,,NA
115_3,115,GROUP BY,False,,NA
115_3,115,Temporal,False,,NA
115_3,115,Negation,False,,NA
115_3,115,Set operation,False,,NA
115_4,115,COUNT,False,,NA
115_4,115,DISTINCT,False,,NA
115_4,115,SUM,False,,NA
115_4,115,MIN,False,,NA
115_4,115,MAX,False,,NA
115_4,115,GROUP BY,False,,NA
115_4,115,Temporal,False,,NA
115_4,115,Negation,False,,NA
115_4,115,Set operation,False,,NA
115_5,115,COUNT,False,,NA
115_5,115,DISTINCT,False,,NA
115_5,115,SUM,False,,NA
115_5,115,MIN,False,,NA
115_5,115,MAX,False,,NA
115_5,115,GROUP BY,False,,NA
115_5,115,Temporal,False,,NA
115_5,115,Negation,False,,NA
115_5,115,Set operation,False,,NA
115_6,115,COUNT,False,,NA
115_6,115,DISTINCT,False,,NA
115_6,115,SUM,False,,NA
115_6,115,MIN,False,,NA
115_6,115,MAX,False,,NA
115_6,115,GROUP BY,False,,NA
115_6,115,Temporal,False,,NA
115_6,115,Negation,False,,NA
115_6,115,Set operation,False,,NA
116_0,116,COUNT,True,True,explicit_cue
116_0,116,DISTINCT,False,,NA
116_0,116,SUM,False,,NA
116_0,116,MIN,False,,NA
116_0,116,MAX,False,,NA
116_0,116,GROUP BY,False,,NA
116_0,116,Temporal,False,,NA
116_0,116,Negation,False,,NA
116_0,116,Set operation,False,,NA
116_1,116,COUNT,True,True,explicit_cue
116_1,116,DISTINCT,False,,NA
116_1,116,SUM,False,,NA
116_1,116,MIN,False,,NA
116_1,116,MAX,False,,NA
116_1,116,GROUP BY,False,,NA
116_1,116,Temporal,False,,NA
116_1,116,Negation,False,,NA
116_1,116,Set operation,False,,NA
116_2,116,COUNT,True,True,explicit_cue
116_2,116,DISTINCT,False,,NA
116_2,116,SUM,False,,NA
116_2,116,MIN,False,,NA
116_2,116,MAX,False,,NA
116_2,116,GROUP BY,False,,NA
116_2,116,Temporal,False,,NA
116_2,116,Negation,False,,NA
116_2,116,Set operation,False,,NA
116_3,116,COUNT,True,True,explicit_cue
116_3,116,DISTINCT,False,,NA
116_3,116,SUM,False,,NA
116_3,116,MIN,False,,NA
116_3,116,MAX,False,,NA
116_3,116,GROUP BY,False,,NA
116_3,116,Temporal,False,,NA
116_3,116,Negation,False,,NA
116_3,116,Set operation,False,,NA
116_4,116,COUNT,True,True,explicit_cue
116_4,116,DISTINCT,False,,NA
116_4,116,SUM,False,,NA
116_4,116,MIN,False,,NA
116_4,116,MAX,False,,NA
116_4,116,GROUP BY,False,,NA
116_4,116,Temporal,False,,NA
116_4,116,Negation,False,,NA
116_4,116,Set operation,False,,NA
116_5,116,COUNT,True,True,explicit_cue
116_5,116,DISTINCT,False,,NA
116_5,116,SUM,False,,NA
116_5,116,MIN,False,,NA
116_5,116,MAX,False,,NA
116_5,116,GROUP BY,False,,NA
116_5,116,Temporal,False,,NA
116_5,116,Negation,False,,NA
116_5,116,Set operation,False,,NA
116_6,116,COUNT,True,True,explicit_cue
116_6,116,DISTINCT,False,,NA
116_6,116,SUM,False,,NA
116_6,116,MIN,False,,NA
116_6,116,MAX,False,,NA
116_6,116,GROUP BY,False,,NA
116_6,116,Temporal,False,,NA
116_6,116,Negation,False,,NA
116_6,116,Set operation,False,,NA
116_7,116,COUNT,True,True,explicit_cue
116_7,116,DISTINCT,False,,NA
116_7,116,SUM,False,,NA
116_7,116,MIN,False,,NA
116_7,116,MAX,False,,NA
116_7,116,GROUP BY,False,,NA
116_7,116,Temporal,False,,NA
116_7,116,Negation,False,,NA
116_7,116,Set operation,False,,NA
117_0,117,COUNT,False,,NA
117_0,117,DISTINCT,False,,NA
117_0,117,SUM,False,,NA
117_0,117,MIN,False,,NA
117_0,117,MAX,False,,NA
117_0,117,GROUP BY,False,,NA
117_0,117,Temporal,False,,NA
117_0,117,Negation,False,,NA
117_0,117,Set operation,False,,NA
117_1,117,COUNT,False,,NA
117_1,117,DISTINCT,False,,NA
117_1,117,SUM,False,,NA
117_1,117,MIN,False,,NA
117_1,117,MAX,False,,NA
117_1,117,GROUP BY,False,,NA
117_1,117,Temporal,False,,NA
117_1,117,Negation,False,,NA
117_1,117,Set operation,False,,NA
117_2,117,COUNT,False,,NA
117_2,117,DISTINCT,False,,NA
117_2,117,SUM,False,,NA
117_2,117,MIN,False,,NA
117_2,117,MAX,False,,NA
117_2,117,GROUP BY,False,,NA
117_2,117,Temporal,False,,NA
117_2,117,Negation,False,,NA
117_2,117,Set operation,False,,NA
117_3,117,COUNT,False,,NA
117_3,117,DISTINCT,False,,NA
117_3,117,SUM,False,,NA
117_3,117,MIN,False,,NA
117_3,117,MAX,False,,NA
117_3,117,GROUP BY,False,,NA
117_3,117,Temporal,False,,NA
117_3,117,Negation,False,,NA
117_3,117,Set operation,False,,NA
117_4,117,COUNT,False,,NA
117_4,117,DISTINCT,False,,NA
117_4,117,SUM,False,,NA
117_4,117,MIN,False,,NA
117_4,117,MAX,False,,NA
117_4,117,GROUP BY,False,,NA
117_4,117,Temporal,False,,NA
117_4,117,Negation,False,,NA
117_4,117,Set operation,False,,NA
117_5,117,COUNT,False,,NA
117_5,117,DISTINCT,False,,NA
117_5,117,SUM,False,,NA
117_5,117,MIN,False,,NA
117_5,117,MAX,False,,NA
117_5,117,GROUP BY,False,,NA
117_5,117,Temporal,False,,NA
117_5,117,Negation,False,,NA
117_5,117,Set operation,False,,NA
118_0,118,COUNT,True,True,explicit_cue
118_0,118,DISTINCT,False,,NA
118_0,118,SUM,False,,NA
118_0,118,MIN,False,,NA
118_0,118,MAX,False,,NA
118_0,118,GROUP BY,True,True,explicit_cue
118_0,118,Temporal,False,,NA
118_0,118,Negation,False,,NA
118_0,118,Set operation,False,,NA
118_1,118,COUNT,True,True,explicit_cue
118_1,118,DISTINCT,False,,NA
118_1,118,SUM,False,,NA
118_1,118,MIN,False,,NA
118_1,118,MAX,False,,NA
118_1,118,GROUP BY,True,True,explicit_cue
118_1,118,Temporal,False,,NA
118_1,118,Negation,False,,NA
118_1,118,Set operation,False,,NA
118_2,118,COUNT,True,True,explicit_cue
118_2,118,DISTINCT,False,,NA
118_2,118,SUM,False,,NA
118_2,118,MIN,False,,NA
118_2,118,MAX,False,,NA
118_2,118,GROUP BY,True,True,explicit_cue
118_2,118,Temporal,False,,NA
118_2,118,Negation,False,,NA
118_2,118,Set operation,False,,NA
118_3,118,COUNT,True,True,explicit_cue
118_3,118,DISTINCT,False,,NA
118_3,118,SUM,False,,NA
118_3,118,MIN,False,,NA
118_3,118,MAX,False,,NA
118_3,118,GROUP BY,True,True,explicit_cue
118_3,118,Temporal,False,,NA
118_3,118,Negation,False,,NA
118_3,118,Set operation,False,,NA
118_4,118,COUNT,True,True,explicit_cue
118_4,118,DISTINCT,False,,NA
118_4,118,SUM,False,,NA
118_4,118,MIN,False,,NA
118_4,118,MAX,False,,NA
118_4,118,GROUP BY,True,True,explicit_cue
118_4,118,Temporal,False,,NA
118_4,118,Negation,False,,NA
118_4,118,Set operation,False,,NA
118_5,118,COUNT,True,True,explicit_cue
118_5,118,DISTINCT,False,,NA
118_5,118,SUM,False,,NA
118_5,118,MIN,False,,NA
118_5,118,MAX,False,,NA
118_5,118,GROUP BY,True,True,explicit_cue
118_5,118,Temporal,False,,NA
118_5,118,Negation,False,,NA
118_5,118,Set operation,False,,NA
118_6,118,COUNT,True,True,explicit_cue
118_6,118,DISTINCT,False,,NA
118_6,118,SUM,False,,NA
118_6,118,MIN,False,,NA
118_6,118,MAX,False,,NA
118_6,118,GROUP BY,True,True,explicit_cue
118_6,118,Temporal,False,,NA
118_6,118,Negation,False,,NA
118_6,118,Set operation,False,,NA
118_7,118,COUNT,True,True,explicit_cue
118_7,118,DISTINCT,False,,NA
118_7,118,SUM,False,,NA
118_7,118,MIN,False,,NA
118_7,118,MAX,False,,NA
118_7,118,GROUP BY,True,True,explicit_cue
118_7,118,Temporal,False,,NA
118_7,118,Negation,False,,NA
118_7,118,Set operation,False,,NA
119_0,119,COUNT,True,True,explicit_cue
119_0,119,DISTINCT,True,False,no_cue
119_0,119,SUM,False,,NA
119_0,119,MIN,False,,NA
119_0,119,MAX,False,,NA
119_0,119,GROUP BY,False,,NA
119_0,119,Temporal,True,True,explicit_cue
119_0,119,Negation,False,,NA
119_0,119,Set operation,False,,NA
119_1,119,COUNT,True,True,explicit_cue
119_1,119,DISTINCT,True,False,no_cue
119_1,119,SUM,False,,NA
119_1,119,MIN,False,,NA
119_1,119,MAX,False,,NA
119_1,119,GROUP BY,False,,NA
119_1,119,Temporal,True,True,explicit_cue
119_1,119,Negation,False,,NA
119_1,119,Set operation,False,,NA
119_2,119,COUNT,True,True,explicit_cue
119_2,119,DISTINCT,True,False,no_cue
119_2,119,SUM,False,,NA
119_2,119,MIN,False,,NA
119_2,119,MAX,False,,NA
119_2,119,GROUP BY,False,,NA
119_2,119,Temporal,True,True,explicit_cue
119_2,119,Negation,False,,NA
119_2,119,Set operation,False,,NA
119_3,119,COUNT,True,True,explicit_cue
119_3,119,DISTINCT,True,False,no_cue
119_3,119,SUM,False,,NA
119_3,119,MIN,False,,NA
119_3,119,MAX,False,,NA
119_3,119,GROUP BY,False,,NA
119_3,119,Temporal,True,True,explicit_cue
119_3,119,Negation,False,,NA
119_3,119,Set operation,False,,NA
119_4,119,COUNT,True,True,explicit_cue
119_4,119,DISTINCT,True,False,no_cue
119_4,119,SUM,False,,NA
119_4,119,MIN,False,,NA
119_4,119,MAX,False,,NA
119_4,119,GROUP BY,False,,NA
119_4,119,Temporal,True,True,explicit_cue
119_4,119,Negation,False,,NA
119_4,119,Set operation,False,,NA
119_5,119,COUNT,True,True,explicit_cue
119_5,119,DISTINCT,True,False,no_cue
119_5,119,SUM,False,,NA
119_5,119,MIN,False,,NA
119_5,119,MAX,False,,NA
119_5,119,GROUP BY,False,,NA
119_5,119,Temporal,True,True,explicit_cue
119_5,119,Negation,False,,NA
119_5,119,Set operation,False,,NA
119_6,119,COUNT,True,True,explicit_cue
119_6,119,DISTINCT,True,False,no_cue
119_6,119,SUM,False,,NA
119_6,119,MIN,False,,NA
119_6,119,MAX,False,,NA
119_6,119,GROUP BY,False,,NA
119_6,119,Temporal,True,True,explicit_cue
119_6,119,Negation,False,,NA
119_6,119,Set operation,False,,NA
119_7,119,COUNT,True,True,explicit_cue
119_7,119,DISTINCT,True,False,no_cue
119_7,119,SUM,False,,NA
119_7,119,MIN,False,,NA
119_7,119,MAX,False,,NA
119_7,119,GROUP BY,False,,NA
119_7,119,Temporal,True,True,explicit_cue
119_7,119,Negation,False,,NA
119_7,119,Set operation,False,,NA
120_0,120,COUNT,False,,NA
120_0,120,DISTINCT,False,,NA
120_0,120,SUM,False,,NA
120_0,120,MIN,False,,NA
120_0,120,MAX,False,,NA
120_0,120,GROUP BY,False,,NA
120_0,120,Temporal,False,,NA
120_0,120,Negation,False,,NA
120_0,120,Set operation,False,,NA
120_1,120,COUNT,False,,NA
120_1,120,DISTINCT,False,,NA
120_1,120,SUM,False,,NA
120_1,120,MIN,False,,NA
120_1,120,MAX,False,,NA
120_1,120,GROUP BY,False,,NA
120_1,120,Temporal,False,,NA
120_1,120,Negation,False,,NA
120_1,120,Set operation,False,,NA
120_2,120,COUNT,False,,NA
120_2,120,DISTINCT,False,,NA
120_2,120,SUM,False,,NA
120_2,120,MIN,False,,NA
120_2,120,MAX,False,,NA
120_2,120,GROUP BY,False,,NA
120_2,120,Temporal,False,,NA
120_2,120,Negation,False,,NA
120_2,120,Set operation,False,,NA
120_3,120,COUNT,False,,NA
120_3,120,DISTINCT,False,,NA
120_3,120,SUM,False,,NA
120_3,120,MIN,False,,NA
120_3,120,MAX,False,,NA
120_3,120,GROUP BY,False,,NA
120_3,120,Temporal,False,,NA
120_3,120,Negation,False,,NA
120_3,120,Set operation,False,,NA
120_4,120,COUNT,False,,NA
120_4,120,DISTINCT,False,,NA
120_4,120,SUM,False,,NA
120_4,120,MIN,False,,NA
120_4,120,MAX,False,,NA
120_4,120,GROUP BY,False,,NA
120_4,120,Temporal,False,,NA
120_4,120,Negation,False,,NA
120_4,120,Set operation,False,,NA
120_5,120,COUNT,False,,NA
120_5,120,DISTINCT,False,,NA
120_5,120,SUM,False,,NA
120_5,120,MIN,False,,NA
120_5,120,MAX,False,,NA
120_5,120,GROUP BY,False,,NA
120_5,120,Temporal,False,,NA
120_5,120,Negation,False,,NA
120_5,120,Set operation,False,,NA
120_6,120,COUNT,False,,NA
120_6,120,DISTINCT,False,,NA
120_6,120,SUM,False,,NA
120_6,120,MIN,False,,NA
120_6,120,MAX,False,,NA
120_6,120,GROUP BY,False,,NA
120_6,120,Temporal,False,,NA
120_6,120,Negation,False,,NA
120_6,120,Set operation,False,,NA
121_0,121,COUNT,False,,NA
121_0,121,DISTINCT,True,False,no_cue
121_0,121,SUM,False,,NA
121_0,121,MIN,False,,NA
121_0,121,MAX,False,,NA
121_0,121,GROUP BY,False,,NA
121_0,121,Temporal,False,,NA
121_0,121,Negation,False,,NA
121_0,121,Set operation,False,,NA
121_1,121,COUNT,False,,NA
121_1,121,DISTINCT,True,False,no_cue
121_1,121,SUM,False,,NA
121_1,121,MIN,False,,NA
121_1,121,MAX,False,,NA
121_1,121,GROUP BY,False,,NA
121_1,121,Temporal,False,,NA
121_1,121,Negation,False,,NA
121_1,121,Set operation,False,,NA
121_2,121,COUNT,False,,NA
121_2,121,DISTINCT,True,True,explicit_cue
121_2,121,SUM,False,,NA
121_2,121,MIN,False,,NA
121_2,121,MAX,False,,NA
121_2,121,GROUP BY,False,,NA
121_2,121,Temporal,False,,NA
121_2,121,Negation,False,,NA
121_2,121,Set operation,False,,NA
121_3,121,COUNT,False,,NA
121_3,121,DISTINCT,True,False,no_cue
121_3,121,SUM,False,,NA
121_3,121,MIN,False,,NA
121_3,121,MAX,False,,NA
121_3,121,GROUP BY,False,,NA
121_3,121,Temporal,False,,NA
121_3,121,Negation,False,,NA
121_3,121,Set operation,False,,NA
121_4,121,COUNT,False,,NA
121_4,121,DISTINCT,True,False,no_cue
121_4,121,SUM,False,,NA
121_4,121,MIN,False,,NA
121_4,121,MAX,False,,NA
121_4,121,GROUP BY,False,,NA
121_4,121,Temporal,False,,NA
121_4,121,Negation,False,,NA
121_4,121,Set operation,False,,NA
121_5,121,COUNT,False,,NA
121_5,121,DISTINCT,True,False,no_cue
121_5,121,SUM,False,,NA
121_5,121,MIN,False,,NA
121_5,121,MAX,False,,NA
121_5,121,GROUP BY,False,,NA
121_5,121,Temporal,False,,NA
121_5,121,Negation,False,,NA
121_5,121,Set operation,False,,NA
121_6,121,COUNT,False,,NA
121_6,121,DISTINCT,True,False,no_cue
121_6,121,SUM,False,,NA
121_6,121,MIN,False,,NA
121_6,121,MAX,False,,NA
121_6,121,GROUP BY,False,,NA
121_6,121,Temporal,False,,NA
121_6,121,Negation,False,,NA
121_6,121,Set operation,False,,NA
122_0,122,COUNT,True,False,no_cue
122_0,122,DISTINCT,True,False,no_cue
122_0,122,SUM,False,,NA
122_0,122,MIN,False,,NA
122_0,122,MAX,False,,NA
122_0,122,GROUP BY,True,False,no_cue
122_0,122,Temporal,False,,NA
122_0,122,Negation,False,,NA
122_0,122,Set operation,False,,NA
122_1,122,COUNT,True,False,no_cue
122_1,122,DISTINCT,True,False,no_cue
122_1,122,SUM,False,,NA
122_1,122,MIN,False,,NA
122_1,122,MAX,False,,NA
122_1,122,GROUP BY,True,False,no_cue
122_1,122,Temporal,False,,NA
122_1,122,Negation,False,,NA
122_1,122,Set operation,False,,NA
122_2,122,COUNT,True,False,no_cue
122_2,122,DISTINCT,True,False,no_cue
122_2,122,SUM,False,,NA
122_2,122,MIN,False,,NA
122_2,122,MAX,False,,NA
122_2,122,GROUP BY,True,False,no_cue
122_2,122,Temporal,False,,NA
122_2,122,Negation,False,,NA
122_2,122,Set operation,False,,NA
122_3,122,COUNT,True,False,no_cue
122_3,122,DISTINCT,True,False,no_cue
122_3,122,SUM,False,,NA
122_3,122,MIN,False,,NA
122_3,122,MAX,False,,NA
122_3,122,GROUP BY,True,False,no_cue
122_3,122,Temporal,False,,NA
122_3,122,Negation,False,,NA
122_3,122,Set operation,False,,NA
122_4,122,COUNT,True,False,no_cue
122_4,122,DISTINCT,True,False,no_cue
122_4,122,SUM,False,,NA
122_4,122,MIN,False,,NA
122_4,122,MAX,False,,NA
122_4,122,GROUP BY,True,False,no_cue
122_4,122,Temporal,False,,NA
122_4,122,Negation,False,,NA
122_4,122,Set operation,False,,NA
122_5,122,COUNT,True,False,no_cue
122_5,122,DISTINCT,True,False,no_cue
122_5,122,SUM,False,,NA
122_5,122,MIN,False,,NA
122_5,122,MAX,False,,NA
122_5,122,GROUP BY,True,False,no_cue
122_5,122,Temporal,False,,NA
122_5,122,Negation,False,,NA
122_5,122,Set operation,False,,NA
122_6,122,COUNT,True,False,no_cue
122_6,122,DISTINCT,True,False,no_cue
122_6,122,SUM,False,,NA
122_6,122,MIN,False,,NA
122_6,122,MAX,False,,NA
122_6,122,GROUP BY,True,False,no_cue
122_6,122,Temporal,False,,NA
122_6,122,Negation,False,,NA
122_6,122,Set operation,False,,NA
123_0,123,COUNT,True,True,explicit_cue
123_0,123,DISTINCT,True,False,no_cue
123_0,123,SUM,False,,NA
123_0,123,MIN,False,,NA
123_0,123,MAX,False,,NA
123_0,123,GROUP BY,False,,NA
123_0,123,Temporal,False,,NA
123_0,123,Negation,False,,NA
123_0,123,Set operation,False,,NA
123_1,123,COUNT,True,True,explicit_cue
123_1,123,DISTINCT,True,False,no_cue
123_1,123,SUM,False,,NA
123_1,123,MIN,False,,NA
123_1,123,MAX,False,,NA
123_1,123,GROUP BY,False,,NA
123_1,123,Temporal,False,,NA
123_1,123,Negation,False,,NA
123_1,123,Set operation,False,,NA
123_2,123,COUNT,True,True,explicit_cue
123_2,123,DISTINCT,True,False,no_cue
123_2,123,SUM,False,,NA
123_2,123,MIN,False,,NA
123_2,123,MAX,False,,NA
123_2,123,GROUP BY,False,,NA
123_2,123,Temporal,False,,NA
123_2,123,Negation,False,,NA
123_2,123,Set operation,False,,NA
123_3,123,COUNT,True,True,explicit_cue
123_3,123,DISTINCT,True,False,no_cue
123_3,123,SUM,False,,NA
123_3,123,MIN,False,,NA
123_3,123,MAX,False,,NA
123_3,123,GROUP BY,False,,NA
123_3,123,Temporal,False,,NA
123_3,123,Negation,False,,NA
123_3,123,Set operation,False,,NA
123_4,123,COUNT,True,True,explicit_cue
123_4,123,DISTINCT,True,False,no_cue
123_4,123,SUM,False,,NA
123_4,123,MIN,False,,NA
123_4,123,MAX,False,,NA
123_4,123,GROUP BY,False,,NA
123_4,123,Temporal,False,,NA
123_4,123,Negation,False,,NA
123_4,123,Set operation,False,,NA
123_5,123,COUNT,True,True,explicit_cue
123_5,123,DISTINCT,True,False,no_cue
123_5,123,SUM,False,,NA
123_5,123,MIN,False,,NA
123_5,123,MAX,False,,NA
123_5,123,GROUP BY,False,,NA
123_5,123,Temporal,False,,NA
123_5,123,Negation,False,,NA
123_5,123,Set operation,False,,NA
123_6,123,COUNT,True,True,explicit_cue
123_6,123,DISTINCT,True,False,no_cue
123_6,123,SUM,False,,NA
123_6,123,MIN,False,,NA
123_6,123,MAX,False,,NA
123_6,123,GROUP BY,False,,NA
123_6,123,Temporal,False,,NA
123_6,123,Negation,False,,NA
123_6,123,Set operation,False,,NA
123_7,123,COUNT,True,True,explicit_cue
123_7,123,DISTINCT,True,False,no_cue
123_7,123,SUM,False,,NA
123_7,123,MIN,False,,NA
123_7,123,MAX,False,,NA
123_7,123,GROUP BY,False,,NA
123_7,123,Temporal,False,,NA
123_7,123,Negation,False,,NA
123_7,123,Set operation,False,,NA
123_8,123,COUNT,True,True,explicit_cue
123_8,123,DISTINCT,True,False,no_cue
123_8,123,SUM,False,,NA
123_8,123,MIN,False,,NA
123_8,123,MAX,False,,NA
123_8,123,GROUP BY,False,,NA
123_8,123,Temporal,False,,NA
123_8,123,Negation,False,,NA
123_8,123,Set operation,False,,NA
124_0,124,COUNT,False,,NA
124_0,124,DISTINCT,True,False,no_cue
124_0,124,SUM,False,,NA
124_0,124,MIN,False,,NA
124_0,124,MAX,False,,NA
124_0,124,GROUP BY,False,,NA
124_0,124,Temporal,False,,NA
124_0,124,Negation,False,,NA
124_0,124,Set operation,False,,NA
124_1,124,COUNT,False,,NA
124_1,124,DISTINCT,True,False,no_cue
124_1,124,SUM,False,,NA
124_1,124,MIN,False,,NA
124_1,124,MAX,False,,NA
124_1,124,GROUP BY,False,,NA
124_1,124,Temporal,False,,NA
124_1,124,Negation,False,,NA
124_1,124,Set operation,False,,NA
124_2,124,COUNT,False,,NA
124_2,124,DISTINCT,True,False,no_cue
124_2,124,SUM,False,,NA
124_2,124,MIN,False,,NA
124_2,124,MAX,False,,NA
124_2,124,GROUP BY,False,,NA
124_2,124,Temporal,False,,NA
124_2,124,Negation,False,,NA
124_2,124,Set operation,False,,NA
124_3,124,COUNT,False,,NA
124_3,124,DISTINCT,True,False,no_cue
124_3,124,SUM,False,,NA
124_3,124,MIN,False,,NA
124_3,124,MAX,False,,NA
124_3,124,GROUP BY,False,,NA
124_3,124,Temporal,False,,NA
124_3,124,Negation,False,,NA
124_3,124,Set operation,False,,NA
124_4,124,COUNT,False,,NA
124_4,124,DISTINCT,True,False,no_cue
124_4,124,SUM,False,,NA
124_4,124,MIN,False,,NA
124_4,124,MAX,False,,NA
124_4,124,GROUP BY,False,,NA
124_4,124,Temporal,False,,NA
124_4,124,Negation,False,,NA
124_4,124,Set operation,False,,NA
124_5,124,COUNT,False,,NA
124_5,124,DISTINCT,True,False,no_cue
124_5,124,SUM,False,,NA
124_5,124,MIN,False,,NA
124_5,124,MAX,False,,NA
124_5,124,GROUP BY,False,,NA
124_5,124,Temporal,False,,NA
124_5,124,Negation,False,,NA
124_5,124,Set operation,False,,NA
124_6,124,COUNT,False,,NA
124_6,124,DISTINCT,True,True,explicit_cue
124_6,124,SUM,False,,NA
124_6,124,MIN,False,,NA
124_6,124,MAX,False,,NA
124_6,124,GROUP BY,False,,NA
124_6,124,Temporal,False,,NA
124_6,124,Negation,False,,NA
124_6,124,Set operation,False,,NA
124_7,124,COUNT,False,,NA
124_7,124,DISTINCT,True,False,no_cue
124_7,124,SUM,False,,NA
124_7,124,MIN,False,,NA
124_7,124,MAX,False,,NA
124_7,124,GROUP BY,False,,NA
124_7,124,Temporal,False,,NA
124_7,124,Negation,False,,NA
124_7,124,Set operation,False,,NA
125_0,125,COUNT,False,,NA
125_0,125,DISTINCT,False,,NA
125_0,125,SUM,False,,NA
125_0,125,MIN,False,,NA
125_0,125,MAX,False,,NA
125_0,125,GROUP BY,True,True,explicit_cue
125_0,125,Temporal,False,,NA
125_0,125,Negation,False,,NA
125_0,125,Set operation,False,,NA
125_1,125,COUNT,False,,NA
125_1,125,DISTINCT,False,,NA
125_1,125,SUM,False,,NA
125_1,125,MIN,False,,NA
125_1,125,MAX,False,,NA
125_1,125,GROUP BY,True,True,explicit_cue
125_1,125,Temporal,False,,NA
125_1,125,Negation,False,,NA
125_1,125,Set operation,False,,NA
125_2,125,COUNT,False,,NA
125_2,125,DISTINCT,False,,NA
125_2,125,SUM,False,,NA
125_2,125,MIN,False,,NA
125_2,125,MAX,False,,NA
125_2,125,GROUP BY,True,True,explicit_cue
125_2,125,Temporal,False,,NA
125_2,125,Negation,False,,NA
125_2,125,Set operation,False,,NA
125_3,125,COUNT,False,,NA
125_3,125,DISTINCT,False,,NA
125_3,125,SUM,False,,NA
125_3,125,MIN,False,,NA
125_3,125,MAX,False,,NA
125_3,125,GROUP BY,True,True,explicit_cue
125_3,125,Temporal,False,,NA
125_3,125,Negation,False,,NA
125_3,125,Set operation,False,,NA
125_4,125,COUNT,False,,NA
125_4,125,DISTINCT,False,,NA
125_4,125,SUM,False,,NA
125_4,125,MIN,False,,NA
125_4,125,MAX,False,,NA
125_4,125,GROUP BY,True,True,explicit_cue
125_4,125,Temporal,False,,NA
125_4,125,Negation,False,,NA
125_4,125,Set operation,False,,NA
125_5,125,COUNT,False,,NA
125_5,125,DISTINCT,False,,NA
125_5,125,SUM,False,,NA
125_5,125,MIN,False,,NA
125_5,125,MAX,False,,NA
125_5,125,GROUP BY,True,True,explicit_cue
125_5,125,Temporal,False,,NA
125_5,125,Negation,False,,NA
125_5,125,Set operation,False,,NA
125_6,125,COUNT,False,,NA
125_6,125,DISTINCT,False,,NA
125_6,125,SUM,False,,NA
125_6,125,MIN,False,,NA
125_6,125,MAX,False,,NA
125_6,125,GROUP BY,True,True,explicit_cue
125_6,125,Temporal,False,,NA
125_6,125,Negation,False,,NA
125_6,125,Set operation,False,,NA
125_7,125,COUNT,False,,NA
125_7,125,DISTINCT,False,,NA
125_7,125,SUM,False,,NA
125_7,125,MIN,False,,NA
125_7,125,MAX,False,,NA
125_7,125,GROUP BY,True,True,explicit_cue
125_7,125,Temporal,False,,NA
125_7,125,Negation,False,,NA
125_7,125,Set operation,False,,NA
125_8,125,COUNT,False,,NA
125_8,125,DISTINCT,False,,NA
125_8,125,SUM,False,,NA
125_8,125,MIN,False,,NA
125_8,125,MAX,False,,NA
125_8,125,GROUP BY,True,True,explicit_cue
125_8,125,Temporal,False,,NA
125_8,125,Negation,False,,NA
125_8,125,Set operation,False,,NA
126_0,126,COUNT,True,True,explicit_cue
126_0,126,DISTINCT,True,False,no_cue
126_0,126,SUM,False,,NA
126_0,126,MIN,False,,NA
126_0,126,MAX,False,,NA
126_0,126,GROUP BY,False,,NA
126_0,126,Temporal,False,,NA
126_0,126,Negation,True,True,explicit_cue
126_0,126,Set operation,True,False,no_cue
126_1,126,COUNT,True,True,explicit_cue
126_1,126,DISTINCT,True,False,no_cue
126_1,126,SUM,False,,NA
126_1,126,MIN,False,,NA
126_1,126,MAX,False,,NA
126_1,126,GROUP BY,False,,NA
126_1,126,Temporal,False,,NA
126_1,126,Negation,True,True,explicit_cue
126_1,126,Set operation,True,False,no_cue
126_2,126,COUNT,True,True,explicit_cue
126_2,126,DISTINCT,True,False,no_cue
126_2,126,SUM,False,,NA
126_2,126,MIN,False,,NA
126_2,126,MAX,False,,NA
126_2,126,GROUP BY,False,,NA
126_2,126,Temporal,False,,NA
126_2,126,Negation,True,True,explicit_cue
126_2,126,Set operation,True,False,no_cue
126_3,126,COUNT,True,True,explicit_cue
126_3,126,DISTINCT,True,False,no_cue
126_3,126,SUM,False,,NA
126_3,126,MIN,False,,NA
126_3,126,MAX,False,,NA
126_3,126,GROUP BY,False,,NA
126_3,126,Temporal,False,,NA
126_3,126,Negation,True,True,explicit_cue
126_3,126,Set operation,True,False,no_cue
126_4,126,COUNT,True,True,explicit_cue
126_4,126,DISTINCT,True,False,no_cue
126_4,126,SUM,False,,NA
126_4,126,MIN,False,,NA
126_4,126,MAX,False,,NA
126_4,126,GROUP BY,False,,NA
126_4,126,Temporal,False,,NA
126_4,126,Negation,True,True,explicit_cue
126_4,126,Set operation,True,False,no_cue
126_5,126,COUNT,True,True,explicit_cue
126_5,126,DISTINCT,True,False,no_cue
126_5,126,SUM,False,,NA
126_5,126,MIN,False,,NA
126_5,126,MAX,False,,NA
126_5,126,GROUP BY,False,,NA
126_5,126,Temporal,False,,NA
126_5,126,Negation,True,False,no_cue
126_5,126,Set operation,True,False,no_cue
126_6,126,COUNT,True,True,explicit_cue
126_6,126,DISTINCT,True,False,no_cue
126_6,126,SUM,False,,NA
126_6,126,MIN,False,,NA
126_6,126,MAX,False,,NA
126_6,126,GROUP BY,False,,NA
126_6,126,Temporal,False,,NA
126_6,126,Negation,True,True,explicit_cue
126_6,126,Set operation,True,False,no_cue
126_7,126,COUNT,True,True,explicit_cue
126_7,126,DISTINCT,True,False,no_cue
126_7,126,SUM,False,,NA
126_7,126,MIN,False,,NA
126_7,126,MAX,False,,NA
126_7,126,GROUP BY,False,,NA
126_7,126,Temporal,False,,NA
126_7,126,Negation,True,True,explicit_cue
126_7,126,Set operation,True,False,no_cue
126_8,126,COUNT,True,True,explicit_cue
126_8,126,DISTINCT,True,False,no_cue
126_8,126,SUM,False,,NA
126_8,126,MIN,False,,NA
126_8,126,MAX,False,,NA
126_8,126,GROUP BY,False,,NA
126_8,126,Temporal,False,,NA
126_8,126,Negation,True,True,explicit_cue
126_8,126,Set operation,True,False,no_cue
127_0,127,COUNT,False,,NA
127_0,127,DISTINCT,True,False,no_cue
127_0,127,SUM,False,,NA
127_0,127,MIN,False,,NA
127_0,127,MAX,False,,NA
127_0,127,GROUP BY,False,,NA
127_0,127,Temporal,False,,NA
127_0,127,Negation,False,,NA
127_0,127,Set operation,False,,NA
127_1,127,COUNT,False,,NA
127_1,127,DISTINCT,True,False,no_cue
127_1,127,SUM,False,,NA
127_1,127,MIN,False,,NA
127_1,127,MAX,False,,NA
127_1,127,GROUP BY,False,,NA
127_1,127,Temporal,False,,NA
127_1,127,Negation,False,,NA
127_1,127,Set operation,False,,NA
127_2,127,COUNT,False,,NA
127_2,127,DISTINCT,True,False,no_cue
127_2,127,SUM,False,,NA
127_2,127,MIN,False,,NA
127_2,127,MAX,False,,NA
127_2,127,GROUP BY,False,,NA
127_2,127,Temporal,False,,NA
127_2,127,Negation,False,,NA
127_2,127,Set operation,False,,NA
127_3,127,COUNT,False,,NA
127_3,127,DISTINCT,True,False,no_cue
127_3,127,SUM,False,,NA
127_3,127,MIN,False,,NA
127_3,127,MAX,False,,NA
127_3,127,GROUP BY,False,,NA
127_3,127,Temporal,False,,NA
127_3,127,Negation,False,,NA
127_3,127,Set operation,False,,NA
127_4,127,COUNT,False,,NA
127_4,127,DISTINCT,True,False,no_cue
127_4,127,SUM,False,,NA
127_4,127,MIN,False,,NA
127_4,127,MAX,False,,NA
127_4,127,GROUP BY,False,,NA
127_4,127,Temporal,False,,NA
127_4,127,Negation,False,,NA
127_4,127,Set operation,False,,NA
127_5,127,COUNT,False,,NA
127_5,127,DISTINCT,True,False,no_cue
127_5,127,SUM,False,,NA
127_5,127,MIN,False,,NA
127_5,127,MAX,False,,NA
127_5,127,GROUP BY,False,,NA
127_5,127,Temporal,False,,NA
127_5,127,Negation,False,,NA
127_5,127,Set operation,False,,NA
127_6,127,COUNT,False,,NA
127_6,127,DISTINCT,True,False,no_cue
127_6,127,SUM,False,,NA
127_6,127,MIN,False,,NA
127_6,127,MAX,False,,NA
127_6,127,GROUP BY,False,,NA
127_6,127,Temporal,False,,NA
127_6,127,Negation,False,,NA
127_6,127,Set operation,False,,NA
127_7,127,COUNT,False,,NA
127_7,127,DISTINCT,True,False,no_cue
127_7,127,SUM,False,,NA
127_7,127,MIN,False,,NA
127_7,127,MAX,False,,NA
127_7,127,GROUP BY,False,,NA
127_7,127,Temporal,False,,NA
127_7,127,Negation,False,,NA
127_7,127,Set operation,False,,NA
127_8,127,COUNT,False,,NA
127_8,127,DISTINCT,True,False,no_cue
127_8,127,SUM,False,,NA
127_8,127,MIN,False,,NA
127_8,127,MAX,False,,NA
127_8,127,GROUP BY,False,,NA
127_8,127,Temporal,False,,NA
127_8,127,Negation,False,,NA
127_8,127,Set operation,False,,NA
128_0,128,COUNT,True,True,explicit_cue
128_0,128,DISTINCT,False,,NA
128_0,128,SUM,False,,NA
128_0,128,MIN,False,,NA
128_0,128,MAX,False,,NA
128_0,128,GROUP BY,False,,NA
128_0,128,Temporal,False,,NA
128_0,128,Negation,False,,NA
128_0,128,Set operation,False,,NA
128_1,128,COUNT,True,True,explicit_cue
128_1,128,DISTINCT,False,,NA
128_1,128,SUM,False,,NA
128_1,128,MIN,False,,NA
128_1,128,MAX,False,,NA
128_1,128,GROUP BY,False,,NA
128_1,128,Temporal,False,,NA
128_1,128,Negation,False,,NA
128_1,128,Set operation,False,,NA
128_2,128,COUNT,True,True,explicit_cue
128_2,128,DISTINCT,False,,NA
128_2,128,SUM,False,,NA
128_2,128,MIN,False,,NA
128_2,128,MAX,False,,NA
128_2,128,GROUP BY,False,,NA
128_2,128,Temporal,False,,NA
128_2,128,Negation,False,,NA
128_2,128,Set operation,False,,NA
128_3,128,COUNT,True,True,explicit_cue
128_3,128,DISTINCT,False,,NA
128_3,128,SUM,False,,NA
128_3,128,MIN,False,,NA
128_3,128,MAX,False,,NA
128_3,128,GROUP BY,False,,NA
128_3,128,Temporal,False,,NA
128_3,128,Negation,False,,NA
128_3,128,Set operation,False,,NA
128_4,128,COUNT,True,True,explicit_cue
128_4,128,DISTINCT,False,,NA
128_4,128,SUM,False,,NA
128_4,128,MIN,False,,NA
128_4,128,MAX,False,,NA
128_4,128,GROUP BY,False,,NA
128_4,128,Temporal,False,,NA
128_4,128,Negation,False,,NA
128_4,128,Set operation,False,,NA
128_5,128,COUNT,True,True,explicit_cue
128_5,128,DISTINCT,False,,NA
128_5,128,SUM,False,,NA
128_5,128,MIN,False,,NA
128_5,128,MAX,False,,NA
128_5,128,GROUP BY,False,,NA
128_5,128,Temporal,False,,NA
128_5,128,Negation,False,,NA
128_5,128,Set operation,False,,NA
128_6,128,COUNT,True,True,explicit_cue
128_6,128,DISTINCT,False,,NA
128_6,128,SUM,False,,NA
128_6,128,MIN,False,,NA
128_6,128,MAX,False,,NA
128_6,128,GROUP BY,False,,NA
128_6,128,Temporal,False,,NA
128_6,128,Negation,False,,NA
128_6,128,Set operation,False,,NA
129_0,129,COUNT,False,,NA
129_0,129,DISTINCT,False,,NA
129_0,129,SUM,False,,NA
129_0,129,MIN,False,,NA
129_0,129,MAX,False,,NA
129_0,129,GROUP BY,False,,NA
129_0,129,Temporal,False,,NA
129_0,129,Negation,False,,NA
129_0,129,Set operation,False,,NA
129_1,129,COUNT,False,,NA
129_1,129,DISTINCT,False,,NA
129_1,129,SUM,False,,NA
129_1,129,MIN,False,,NA
129_1,129,MAX,False,,NA
129_1,129,GROUP BY,False,,NA
129_1,129,Temporal,False,,NA
129_1,129,Negation,False,,NA
129_1,129,Set operation,False,,NA
129_2,129,COUNT,False,,NA
129_2,129,DISTINCT,False,,NA
129_2,129,SUM,False,,NA
129_2,129,MIN,False,,NA
129_2,129,MAX,False,,NA
129_2,129,GROUP BY,False,,NA
129_2,129,Temporal,False,,NA
129_2,129,Negation,False,,NA
129_2,129,Set operation,False,,NA
129_3,129,COUNT,False,,NA
129_3,129,DISTINCT,False,,NA
129_3,129,SUM,False,,NA
129_3,129,MIN,False,,NA
129_3,129,MAX,False,,NA
129_3,129,GROUP BY,False,,NA
129_3,129,Temporal,False,,NA
129_3,129,Negation,False,,NA
129_3,129,Set operation,False,,NA
129_4,129,COUNT,False,,NA
129_4,129,DISTINCT,False,,NA
129_4,129,SUM,False,,NA
129_4,129,MIN,False,,NA
129_4,129,MAX,False,,NA
129_4,129,GROUP BY,False,,NA
129_4,129,Temporal,False,,NA
129_4,129,Negation,False,,NA
129_4,129,Set operation,False,,NA
129_5,129,COUNT,False,,NA
129_5,129,DISTINCT,False,,NA
129_5,129,SUM,False,,NA
129_5,129,MIN,False,,NA
129_5,129,MAX,False,,NA
129_5,129,GROUP BY,False,,NA
129_5,129,Temporal,False,,NA
129_5,129,Negation,False,,NA
129_5,129,Set operation,False,,NA
129_6,129,COUNT,False,,NA
129_6,129,DISTINCT,False,,NA
129_6,129,SUM,False,,NA
129_6,129,MIN,False,,NA
129_6,129,MAX,False,,NA
129_6,129,GROUP BY,False,,NA
129_6,129,Temporal,False,,NA
129_6,129,Negation,False,,NA
129_6,129,Set operation,False,,NA
129_7,129,COUNT,False,,NA
129_7,129,DISTINCT,False,,NA
129_7,129,SUM,False,,NA
129_7,129,MIN,False,,NA
129_7,129,MAX,False,,NA
129_7,129,GROUP BY,False,,NA
129_7,129,Temporal,False,,NA
129_7,129,Negation,False,,NA
129_7,129,Set operation,False,,NA
129_8,129,COUNT,False,,NA
129_8,129,DISTINCT,False,,NA
129_8,129,SUM,False,,NA
129_8,129,MIN,False,,NA
129_8,129,MAX,False,,NA
129_8,129,GROUP BY,False,,NA
129_8,129,Temporal,False,,NA
129_8,129,Negation,False,,NA
129_8,129,Set operation,False,,NA
129_9,129,COUNT,False,,NA
129_9,129,DISTINCT,False,,NA
129_9,129,SUM,False,,NA
129_9,129,MIN,False,,NA
129_9,129,MAX,False,,NA
129_9,129,GROUP BY,False,,NA
129_9,129,Temporal,False,,NA
129_9,129,Negation,False,,NA
129_9,129,Set operation,False,,NA
130_0,130,COUNT,True,True,explicit_cue
130_0,130,DISTINCT,True,True,explicit_cue
130_0,130,SUM,False,,NA
130_0,130,MIN,False,,NA
130_0,130,MAX,False,,NA
130_0,130,GROUP BY,True,True,explicit_cue
130_0,130,Temporal,False,,NA
130_0,130,Negation,False,,NA
130_0,130,Set operation,False,,NA
130_1,130,COUNT,True,True,explicit_cue
130_1,130,DISTINCT,True,True,explicit_cue
130_1,130,SUM,False,,NA
130_1,130,MIN,False,,NA
130_1,130,MAX,False,,NA
130_1,130,GROUP BY,True,True,explicit_cue
130_1,130,Temporal,False,,NA
130_1,130,Negation,False,,NA
130_1,130,Set operation,False,,NA
130_2,130,COUNT,True,True,explicit_cue
130_2,130,DISTINCT,True,False,no_cue
130_2,130,SUM,False,,NA
130_2,130,MIN,False,,NA
130_2,130,MAX,False,,NA
130_2,130,GROUP BY,True,True,explicit_cue
130_2,130,Temporal,False,,NA
130_2,130,Negation,False,,NA
130_2,130,Set operation,False,,NA
130_3,130,COUNT,True,True,explicit_cue
130_3,130,DISTINCT,True,False,no_cue
130_3,130,SUM,False,,NA
130_3,130,MIN,False,,NA
130_3,130,MAX,False,,NA
130_3,130,GROUP BY,True,True,explicit_cue
130_3,130,Temporal,False,,NA
130_3,130,Negation,False,,NA
130_3,130,Set operation,False,,NA
130_4,130,COUNT,True,True,explicit_cue
130_4,130,DISTINCT,True,False,no_cue
130_4,130,SUM,False,,NA
130_4,130,MIN,False,,NA
130_4,130,MAX,False,,NA
130_4,130,GROUP BY,True,True,explicit_cue
130_4,130,Temporal,False,,NA
130_4,130,Negation,False,,NA
130_4,130,Set operation,False,,NA
130_5,130,COUNT,True,True,explicit_cue
130_5,130,DISTINCT,True,False,no_cue
130_5,130,SUM,False,,NA
130_5,130,MIN,False,,NA
130_5,130,MAX,False,,NA
130_5,130,GROUP BY,True,True,explicit_cue
130_5,130,Temporal,False,,NA
130_5,130,Negation,False,,NA
130_5,130,Set operation,False,,NA
130_6,130,COUNT,True,True,explicit_cue
130_6,130,DISTINCT,True,True,explicit_cue
130_6,130,SUM,False,,NA
130_6,130,MIN,False,,NA
130_6,130,MAX,False,,NA
130_6,130,GROUP BY,True,True,explicit_cue
130_6,130,Temporal,False,,NA
130_6,130,Negation,False,,NA
130_6,130,Set operation,False,,NA
130_7,130,COUNT,True,True,explicit_cue
130_7,130,DISTINCT,True,False,no_cue
130_7,130,SUM,False,,NA
130_7,130,MIN,False,,NA
130_7,130,MAX,False,,NA
130_7,130,GROUP BY,True,True,explicit_cue
130_7,130,Temporal,False,,NA
130_7,130,Negation,False,,NA
130_7,130,Set operation,False,,NA
131_0,131,COUNT,True,True,explicit_cue
131_0,131,DISTINCT,False,,NA
131_0,131,SUM,False,,NA
131_0,131,MIN,False,,NA
131_0,131,MAX,False,,NA
131_0,131,GROUP BY,False,,NA
131_0,131,Temporal,False,,NA
131_0,131,Negation,False,,NA
131_0,131,Set operation,False,,NA
131_1,131,COUNT,True,True,explicit_cue
131_1,131,DISTINCT,False,,NA
131_1,131,SUM,False,,NA
131_1,131,MIN,False,,NA
131_1,131,MAX,False,,NA
131_1,131,GROUP BY,False,,NA
131_1,131,Temporal,False,,NA
131_1,131,Negation,False,,NA
131_1,131,Set operation,False,,NA
131_2,131,COUNT,True,True,explicit_cue
131_2,131,DISTINCT,False,,NA
131_2,131,SUM,False,,NA
131_2,131,MIN,False,,NA
131_2,131,MAX,False,,NA
131_2,131,GROUP BY,False,,NA
131_2,131,Temporal,False,,NA
131_2,131,Negation,False,,NA
131_2,131,Set operation,False,,NA
131_3,131,COUNT,True,True,explicit_cue
131_3,131,DISTINCT,False,,NA
131_3,131,SUM,False,,NA
131_3,131,MIN,False,,NA
131_3,131,MAX,False,,NA
131_3,131,GROUP BY,False,,NA
131_3,131,Temporal,False,,NA
131_3,131,Negation,False,,NA
131_3,131,Set operation,False,,NA
132_0,132,COUNT,True,False,no_cue
132_0,132,DISTINCT,True,False,no_cue
132_0,132,SUM,False,,NA
132_0,132,MIN,False,,NA
132_0,132,MAX,False,,NA
132_0,132,GROUP BY,True,False,no_cue
132_0,132,Temporal,False,,NA
132_0,132,Negation,False,,NA
132_0,132,Set operation,False,,NA
132_1,132,COUNT,True,False,no_cue
132_1,132,DISTINCT,True,False,no_cue
132_1,132,SUM,False,,NA
132_1,132,MIN,False,,NA
132_1,132,MAX,False,,NA
132_1,132,GROUP BY,True,False,no_cue
132_1,132,Temporal,False,,NA
132_1,132,Negation,False,,NA
132_1,132,Set operation,False,,NA
132_2,132,COUNT,True,False,no_cue
132_2,132,DISTINCT,True,False,no_cue
132_2,132,SUM,False,,NA
132_2,132,MIN,False,,NA
132_2,132,MAX,False,,NA
132_2,132,GROUP BY,True,False,no_cue
132_2,132,Temporal,False,,NA
132_2,132,Negation,False,,NA
132_2,132,Set operation,False,,NA
132_3,132,COUNT,True,False,no_cue
132_3,132,DISTINCT,True,False,no_cue
132_3,132,SUM,False,,NA
132_3,132,MIN,False,,NA
132_3,132,MAX,False,,NA
132_3,132,GROUP BY,True,False,no_cue
132_3,132,Temporal,False,,NA
132_3,132,Negation,False,,NA
132_3,132,Set operation,False,,NA
132_4,132,COUNT,True,False,no_cue
132_4,132,DISTINCT,True,False,no_cue
132_4,132,SUM,False,,NA
132_4,132,MIN,False,,NA
132_4,132,MAX,False,,NA
132_4,132,GROUP BY,True,False,no_cue
132_4,132,Temporal,False,,NA
132_4,132,Negation,False,,NA
132_4,132,Set operation,False,,NA
132_5,132,COUNT,True,False,no_cue
132_5,132,DISTINCT,True,False,no_cue
132_5,132,SUM,False,,NA
132_5,132,MIN,False,,NA
132_5,132,MAX,False,,NA
132_5,132,GROUP BY,True,False,no_cue
132_5,132,Temporal,False,,NA
132_5,132,Negation,False,,NA
132_5,132,Set operation,False,,NA
133_0,133,COUNT,True,True,explicit_cue
133_0,133,DISTINCT,True,False,no_cue
133_0,133,SUM,False,,NA
133_0,133,MIN,False,,NA
133_0,133,MAX,False,,NA
133_0,133,GROUP BY,True,True,explicit_cue
133_0,133,Temporal,False,,NA
133_0,133,Negation,False,,NA
133_0,133,Set operation,False,,NA
133_1,133,COUNT,True,True,explicit_cue
133_1,133,DISTINCT,True,False,no_cue
133_1,133,SUM,False,,NA
133_1,133,MIN,False,,NA
133_1,133,MAX,False,,NA
133_1,133,GROUP BY,True,True,explicit_cue
133_1,133,Temporal,False,,NA
133_1,133,Negation,False,,NA
133_1,133,Set operation,False,,NA
133_2,133,COUNT,True,True,explicit_cue
133_2,133,DISTINCT,True,False,no_cue
133_2,133,SUM,False,,NA
133_2,133,MIN,False,,NA
133_2,133,MAX,False,,NA
133_2,133,GROUP BY,True,True,explicit_cue
133_2,133,Temporal,False,,NA
133_2,133,Negation,False,,NA
133_2,133,Set operation,False,,NA
133_3,133,COUNT,True,True,explicit_cue
133_3,133,DISTINCT,True,False,no_cue
133_3,133,SUM,False,,NA
133_3,133,MIN,False,,NA
133_3,133,MAX,False,,NA
133_3,133,GROUP BY,True,True,explicit_cue
133_3,133,Temporal,False,,NA
133_3,133,Negation,False,,NA
133_3,133,Set operation,False,,NA
133_4,133,COUNT,True,True,explicit_cue
133_4,133,DISTINCT,True,False,no_cue
133_4,133,SUM,False,,NA
133_4,133,MIN,False,,NA
133_4,133,MAX,False,,NA
133_4,133,GROUP BY,True,True,explicit_cue
133_4,133,Temporal,False,,NA
133_4,133,Negation,False,,NA
133_4,133,Set operation,False,,NA
133_5,133,COUNT,True,True,explicit_cue
133_5,133,DISTINCT,True,False,no_cue
133_5,133,SUM,False,,NA
133_5,133,MIN,False,,NA
133_5,133,MAX,False,,NA
133_5,133,GROUP BY,True,True,explicit_cue
133_5,133,Temporal,False,,NA
133_5,133,Negation,False,,NA
133_5,133,Set operation,False,,NA
133_6,133,COUNT,True,False,no_cue
133_6,133,DISTINCT,True,False,no_cue
133_6,133,SUM,False,,NA
133_6,133,MIN,False,,NA
133_6,133,MAX,False,,NA
133_6,133,GROUP BY,True,False,no_cue
133_6,133,Temporal,False,,NA
133_6,133,Negation,False,,NA
133_6,133,Set operation,False,,NA
133_7,133,COUNT,True,True,explicit_cue
133_7,133,DISTINCT,True,False,no_cue
133_7,133,SUM,False,,NA
133_7,133,MIN,False,,NA
133_7,133,MAX,False,,NA
133_7,133,GROUP BY,True,False,no_cue
133_7,133,Temporal,False,,NA
133_7,133,Negation,False,,NA
133_7,133,Set operation,False,,NA
134_0,134,COUNT,False,,NA
134_0,134,DISTINCT,False,,NA
134_0,134,SUM,False,,NA
134_0,134,MIN,False,,NA
134_0,134,MAX,False,,NA
134_0,134,GROUP BY,False,,NA
134_0,134,Temporal,False,,NA
134_0,134,Negation,False,,NA
134_0,134,Set operation,False,,NA
134_1,134,COUNT,False,,NA
134_1,134,DISTINCT,False,,NA
134_1,134,SUM,False,,NA
134_1,134,MIN,False,,NA
134_1,134,MAX,False,,NA
134_1,134,GROUP BY,False,,NA
134_1,134,Temporal,False,,NA
134_1,134,Negation,False,,NA
134_1,134,Set operation,False,,NA
134_2,134,COUNT,False,,NA
134_2,134,DISTINCT,False,,NA
134_2,134,SUM,False,,NA
134_2,134,MIN,False,,NA
134_2,134,MAX,False,,NA
134_2,134,GROUP BY,False,,NA
134_2,134,Temporal,False,,NA
134_2,134,Negation,False,,NA
134_2,134,Set operation,False,,NA
134_3,134,COUNT,False,,NA
134_3,134,DISTINCT,False,,NA
134_3,134,SUM,False,,NA
134_3,134,MIN,False,,NA
134_3,134,MAX,False,,NA
134_3,134,GROUP BY,False,,NA
134_3,134,Temporal,False,,NA
134_3,134,Negation,False,,NA
134_3,134,Set operation,False,,NA
134_4,134,COUNT,False,,NA
134_4,134,DISTINCT,False,,NA
134_4,134,SUM,False,,NA
134_4,134,MIN,False,,NA
134_4,134,MAX,False,,NA
134_4,134,GROUP BY,False,,NA
134_4,134,Temporal,False,,NA
134_4,134,Negation,False,,NA
134_4,134,Set operation,False,,NA
134_5,134,COUNT,False,,NA
134_5,134,DISTINCT,False,,NA
134_5,134,SUM,False,,NA
134_5,134,MIN,False,,NA
134_5,134,MAX,False,,NA
134_5,134,GROUP BY,False,,NA
134_5,134,Temporal,False,,NA
134_5,134,Negation,False,,NA
134_5,134,Set operation,False,,NA
134_6,134,COUNT,False,,NA
134_6,134,DISTINCT,False,,NA
134_6,134,SUM,False,,NA
134_6,134,MIN,False,,NA
134_6,134,MAX,False,,NA
134_6,134,GROUP BY,False,,NA
134_6,134,Temporal,False,,NA
134_6,134,Negation,False,,NA
134_6,134,Set operation,False,,NA
134_7,134,COUNT,False,,NA
134_7,134,DISTINCT,False,,NA
134_7,134,SUM,False,,NA
134_7,134,MIN,False,,NA
134_7,134,MAX,False,,NA
134_7,134,GROUP BY,False,,NA
134_7,134,Temporal,False,,NA
134_7,134,Negation,False,,NA
134_7,134,Set operation,False,,NA
135_0,135,COUNT,True,True,explicit_cue
135_0,135,DISTINCT,False,,NA
135_0,135,SUM,False,,NA
135_0,135,MIN,False,,NA
135_0,135,MAX,False,,NA
135_0,135,GROUP BY,True,True,explicit_cue
135_0,135,Temporal,False,,NA
135_0,135,Negation,False,,NA
135_0,135,Set operation,False,,NA
135_1,135,COUNT,True,True,explicit_cue
135_1,135,DISTINCT,False,,NA
135_1,135,SUM,False,,NA
135_1,135,MIN,False,,NA
135_1,135,MAX,False,,NA
135_1,135,GROUP BY,True,True,explicit_cue
135_1,135,Temporal,False,,NA
135_1,135,Negation,False,,NA
135_1,135,Set operation,False,,NA
135_2,135,COUNT,True,True,explicit_cue
135_2,135,DISTINCT,False,,NA
135_2,135,SUM,False,,NA
135_2,135,MIN,False,,NA
135_2,135,MAX,False,,NA
135_2,135,GROUP BY,True,True,explicit_cue
135_2,135,Temporal,False,,NA
135_2,135,Negation,False,,NA
135_2,135,Set operation,False,,NA
135_3,135,COUNT,True,True,explicit_cue
135_3,135,DISTINCT,False,,NA
135_3,135,SUM,False,,NA
135_3,135,MIN,False,,NA
135_3,135,MAX,False,,NA
135_3,135,GROUP BY,True,True,explicit_cue
135_3,135,Temporal,False,,NA
135_3,135,Negation,False,,NA
135_3,135,Set operation,False,,NA
135_4,135,COUNT,True,False,no_cue
135_4,135,DISTINCT,False,,NA
135_4,135,SUM,False,,NA
135_4,135,MIN,False,,NA
135_4,135,MAX,False,,NA
135_4,135,GROUP BY,True,True,explicit_cue
135_4,135,Temporal,False,,NA
135_4,135,Negation,False,,NA
135_4,135,Set operation,False,,NA
135_5,135,COUNT,True,True,explicit_cue
135_5,135,DISTINCT,False,,NA
135_5,135,SUM,False,,NA
135_5,135,MIN,False,,NA
135_5,135,MAX,False,,NA
135_5,135,GROUP BY,True,True,explicit_cue
135_5,135,Temporal,False,,NA
135_5,135,Negation,False,,NA
135_5,135,Set operation,False,,NA
135_6,135,COUNT,True,True,explicit_cue
135_6,135,DISTINCT,False,,NA
135_6,135,SUM,False,,NA
135_6,135,MIN,False,,NA
135_6,135,MAX,False,,NA
135_6,135,GROUP BY,True,True,explicit_cue
135_6,135,Temporal,False,,NA
135_6,135,Negation,False,,NA
135_6,135,Set operation,False,,NA
135_7,135,COUNT,True,True,explicit_cue
135_7,135,DISTINCT,False,,NA
135_7,135,SUM,False,,NA
135_7,135,MIN,False,,NA
135_7,135,MAX,False,,NA
135_7,135,GROUP BY,True,True,explicit_cue
135_7,135,Temporal,False,,NA
135_7,135,Negation,False,,NA
135_7,135,Set operation,False,,NA
135_8,135,COUNT,True,True,explicit_cue
135_8,135,DISTINCT,False,,NA
135_8,135,SUM,False,,NA
135_8,135,MIN,False,,NA
135_8,135,MAX,False,,NA
135_8,135,GROUP BY,True,True,explicit_cue
135_8,135,Temporal,False,,NA
135_8,135,Negation,False,,NA
135_8,135,Set operation,False,,NA
135_9,135,COUNT,True,True,explicit_cue
135_9,135,DISTINCT,False,,NA
135_9,135,SUM,False,,NA
135_9,135,MIN,False,,NA
135_9,135,MAX,False,,NA
135_9,135,GROUP BY,True,True,explicit_cue
135_9,135,Temporal,False,,NA
135_9,135,Negation,False,,NA
135_9,135,Set operation,False,,NA
135_10,135,COUNT,True,True,explicit_cue
135_10,135,DISTINCT,False,,NA
135_10,135,SUM,False,,NA
135_10,135,MIN,False,,NA
135_10,135,MAX,False,,NA
135_10,135,GROUP BY,True,True,explicit_cue
135_10,135,Temporal,False,,NA
135_10,135,Negation,False,,NA
135_10,135,Set operation,False,,NA
136_0,136,COUNT,False,,NA
136_0,136,DISTINCT,False,,NA
136_0,136,SUM,False,,NA
136_0,136,MIN,False,,NA
136_0,136,MAX,False,,NA
136_0,136,GROUP BY,False,,NA
136_0,136,Temporal,False,,NA
136_0,136,Negation,False,,NA
136_0,136,Set operation,False,,NA
136_1,136,COUNT,False,,NA
136_1,136,DISTINCT,False,,NA
136_1,136,SUM,False,,NA
136_1,136,MIN,False,,NA
136_1,136,MAX,False,,NA
136_1,136,GROUP BY,False,,NA
136_1,136,Temporal,False,,NA
136_1,136,Negation,False,,NA
136_1,136,Set operation,False,,NA
136_2,136,COUNT,False,,NA
136_2,136,DISTINCT,False,,NA
136_2,136,SUM,False,,NA
136_2,136,MIN,False,,NA
136_2,136,MAX,False,,NA
136_2,136,GROUP BY,False,,NA
136_2,136,Temporal,False,,NA
136_2,136,Negation,False,,NA
136_2,136,Set operation,False,,NA
136_3,136,COUNT,False,,NA
136_3,136,DISTINCT,False,,NA
136_3,136,SUM,False,,NA
136_3,136,MIN,False,,NA
136_3,136,MAX,False,,NA
136_3,136,GROUP BY,False,,NA
136_3,136,Temporal,False,,NA
136_3,136,Negation,False,,NA
136_3,136,Set operation,False,,NA
136_4,136,COUNT,False,,NA
136_4,136,DISTINCT,False,,NA
136_4,136,SUM,False,,NA
136_4,136,MIN,False,,NA
136_4,136,MAX,False,,NA
136_4,136,GROUP BY,False,,NA
136_4,136,Temporal,False,,NA
136_4,136,Negation,False,,NA
136_4,136,Set operation,False,,NA
136_5,136,COUNT,False,,NA
136_5,136,DISTINCT,False,,NA
136_5,136,SUM,False,,NA
136_5,136,MIN,False,,NA
136_5,136,MAX,False,,NA
136_5,136,GROUP BY,False,,NA
136_5,136,Temporal,False,,NA
136_5,136,Negation,False,,NA
136_5,136,Set operation,False,,NA
136_6,136,COUNT,False,,NA
136_6,136,DISTINCT,False,,NA
136_6,136,SUM,False,,NA
136_6,136,MIN,False,,NA
136_6,136,MAX,False,,NA
136_6,136,GROUP BY,False,,NA
136_6,136,Temporal,False,,NA
136_6,136,Negation,False,,NA
136_6,136,Set operation,False,,NA
136_7,136,COUNT,False,,NA
136_7,136,DISTINCT,False,,NA
136_7,136,SUM,False,,NA
136_7,136,MIN,False,,NA
136_7,136,MAX,False,,NA
136_7,136,GROUP BY,False,,NA
136_7,136,Temporal,False,,NA
136_7,136,Negation,False,,NA
136_7,136,Set operation,False,,NA
137_0,137,COUNT,False,,NA
137_0,137,DISTINCT,False,,NA
137_0,137,SUM,False,,NA
137_0,137,MIN,False,,NA
137_0,137,MAX,False,,NA
137_0,137,GROUP BY,False,,NA
137_0,137,Temporal,True,True,explicit_cue
137_0,137,Negation,False,,NA
137_0,137,Set operation,False,,NA
137_1,137,COUNT,False,,NA
137_1,137,DISTINCT,False,,NA
137_1,137,SUM,False,,NA
137_1,137,MIN,False,,NA
137_1,137,MAX,False,,NA
137_1,137,GROUP BY,False,,NA
137_1,137,Temporal,True,True,explicit_cue
137_1,137,Negation,False,,NA
137_1,137,Set operation,False,,NA
137_2,137,COUNT,False,,NA
137_2,137,DISTINCT,False,,NA
137_2,137,SUM,False,,NA
137_2,137,MIN,False,,NA
137_2,137,MAX,False,,NA
137_2,137,GROUP BY,False,,NA
137_2,137,Temporal,True,True,explicit_cue
137_2,137,Negation,False,,NA
137_2,137,Set operation,False,,NA
137_3,137,COUNT,False,,NA
137_3,137,DISTINCT,False,,NA
137_3,137,SUM,False,,NA
137_3,137,MIN,False,,NA
137_3,137,MAX,False,,NA
137_3,137,GROUP BY,False,,NA
137_3,137,Temporal,True,True,explicit_cue
137_3,137,Negation,False,,NA
137_3,137,Set operation,False,,NA
137_4,137,COUNT,False,,NA
137_4,137,DISTINCT,False,,NA
137_4,137,SUM,False,,NA
137_4,137,MIN,False,,NA
137_4,137,MAX,False,,NA
137_4,137,GROUP BY,False,,NA
137_4,137,Temporal,True,False,no_cue
137_4,137,Negation,False,,NA
137_4,137,Set operation,False,,NA
137_5,137,COUNT,False,,NA
137_5,137,DISTINCT,False,,NA
137_5,137,SUM,False,,NA
137_5,137,MIN,False,,NA
137_5,137,MAX,False,,NA
137_5,137,GROUP BY,False,,NA
137_5,137,Temporal,True,True,explicit_cue
137_5,137,Negation,False,,NA
137_5,137,Set operation,False,,NA
137_6,137,COUNT,False,,NA
137_6,137,DISTINCT,False,,NA
137_6,137,SUM,False,,NA
137_6,137,MIN,False,,NA
137_6,137,MAX,False,,NA
137_6,137,GROUP BY,False,,NA
137_6,137,Temporal,True,True,explicit_cue
137_6,137,Negation,False,,NA
137_6,137,Set operation,False,,NA
137_7,137,COUNT,False,,NA
137_7,137,DISTINCT,False,,NA
137_7,137,SUM,False,,NA
137_7,137,MIN,False,,NA
137_7,137,MAX,False,,NA
137_7,137,GROUP BY,False,,NA
137_7,137,Temporal,True,True,explicit_cue
137_7,137,Negation,False,,NA
137_7,137,Set operation,False,,NA
137_8,137,COUNT,False,,NA
137_8,137,DISTINCT,False,,NA
137_8,137,SUM,False,,NA
137_8,137,MIN,False,,NA
137_8,137,MAX,False,,NA
137_8,137,GROUP BY,False,,NA
137_8,137,Temporal,True,True,explicit_cue
137_8,137,Negation,False,,NA
137_8,137,Set operation,False,,NA
138_0,138,COUNT,False,,NA
138_0,138,DISTINCT,True,False,no_cue
138_0,138,SUM,False,,NA
138_0,138,MIN,False,,NA
138_0,138,MAX,False,,NA
138_0,138,GROUP BY,False,,NA
138_0,138,Temporal,False,,NA
138_0,138,Negation,False,,NA
138_0,138,Set operation,False,,NA
138_1,138,COUNT,False,,NA
138_1,138,DISTINCT,True,False,no_cue
138_1,138,SUM,False,,NA
138_1,138,MIN,False,,NA
138_1,138,MAX,False,,NA
138_1,138,GROUP BY,False,,NA
138_1,138,Temporal,False,,NA
138_1,138,Negation,False,,NA
138_1,138,Set operation,False,,NA
138_2,138,COUNT,False,,NA
138_2,138,DISTINCT,True,False,no_cue
138_2,138,SUM,False,,NA
138_2,138,MIN,False,,NA
138_2,138,MAX,False,,NA
138_2,138,GROUP BY,False,,NA
138_2,138,Temporal,False,,NA
138_2,138,Negation,False,,NA
138_2,138,Set operation,False,,NA
138_3,138,COUNT,False,,NA
138_3,138,DISTINCT,True,False,no_cue
138_3,138,SUM,False,,NA
138_3,138,MIN,False,,NA
138_3,138,MAX,False,,NA
138_3,138,GROUP BY,False,,NA
138_3,138,Temporal,False,,NA
138_3,138,Negation,False,,NA
138_3,138,Set operation,False,,NA
139_0,139,COUNT,False,,NA
139_0,139,DISTINCT,True,False,no_cue
139_0,139,SUM,False,,NA
139_0,139,MIN,False,,NA
139_0,139,MAX,False,,NA
139_0,139,GROUP BY,False,,NA
139_0,139,Temporal,True,True,explicit_cue
139_0,139,Negation,False,,NA
139_0,139,Set operation,False,,NA
139_1,139,COUNT,False,,NA
139_1,139,DISTINCT,True,False,no_cue
139_1,139,SUM,False,,NA
139_1,139,MIN,False,,NA
139_1,139,MAX,False,,NA
139_1,139,GROUP BY,False,,NA
139_1,139,Temporal,True,True,explicit_cue
139_1,139,Negation,False,,NA
139_1,139,Set operation,False,,NA
139_2,139,COUNT,False,,NA
139_2,139,DISTINCT,True,False,no_cue
139_2,139,SUM,False,,NA
139_2,139,MIN,False,,NA
139_2,139,MAX,False,,NA
139_2,139,GROUP BY,False,,NA
139_2,139,Temporal,True,True,explicit_cue
139_2,139,Negation,False,,NA
139_2,139,Set operation,False,,NA
139_3,139,COUNT,False,,NA
139_3,139,DISTINCT,True,False,no_cue
139_3,139,SUM,False,,NA
139_3,139,MIN,False,,NA
139_3,139,MAX,False,,NA
139_3,139,GROUP BY,False,,NA
139_3,139,Temporal,True,True,explicit_cue
139_3,139,Negation,False,,NA
139_3,139,Set operation,False,,NA
139_4,139,COUNT,False,,NA
139_4,139,DISTINCT,True,False,no_cue
139_4,139,SUM,False,,NA
139_4,139,MIN,False,,NA
139_4,139,MAX,False,,NA
139_4,139,GROUP BY,False,,NA
139_4,139,Temporal,True,True,explicit_cue
139_4,139,Negation,False,,NA
139_4,139,Set operation,False,,NA
139_5,139,COUNT,False,,NA
139_5,139,DISTINCT,True,False,no_cue
139_5,139,SUM,False,,NA
139_5,139,MIN,False,,NA
139_5,139,MAX,False,,NA
139_5,139,GROUP BY,False,,NA
139_5,139,Temporal,True,True,explicit_cue
139_5,139,Negation,False,,NA
139_5,139,Set operation,False,,NA
139_6,139,COUNT,False,,NA
139_6,139,DISTINCT,True,False,no_cue
139_6,139,SUM,False,,NA
139_6,139,MIN,False,,NA
139_6,139,MAX,False,,NA
139_6,139,GROUP BY,False,,NA
139_6,139,Temporal,True,True,explicit_cue
139_6,139,Negation,False,,NA
139_6,139,Set operation,False,,NA
139_7,139,COUNT,False,,NA
139_7,139,DISTINCT,True,False,no_cue
139_7,139,SUM,False,,NA
139_7,139,MIN,False,,NA
139_7,139,MAX,False,,NA
139_7,139,GROUP BY,False,,NA
139_7,139,Temporal,True,True,explicit_cue
139_7,139,Negation,False,,NA
139_7,139,Set operation,False,,NA
139_8,139,COUNT,False,,NA
139_8,139,DISTINCT,True,False,no_cue
139_8,139,SUM,False,,NA
139_8,139,MIN,False,,NA
139_8,139,MAX,False,,NA
139_8,139,GROUP BY,False,,NA
139_8,139,Temporal,True,True,explicit_cue
139_8,139,Negation,False,,NA
139_8,139,Set operation,False,,NA
140_0,140,COUNT,False,,NA
140_0,140,DISTINCT,False,,NA
140_0,140,SUM,False,,NA
140_0,140,MIN,False,,NA
140_0,140,MAX,False,,NA
140_0,140,GROUP BY,False,,NA
140_0,140,Temporal,False,,NA
140_0,140,Negation,False,,NA
140_0,140,Set operation,False,,NA
140_1,140,COUNT,False,,NA
140_1,140,DISTINCT,False,,NA
140_1,140,SUM,False,,NA
140_1,140,MIN,False,,NA
140_1,140,MAX,False,,NA
140_1,140,GROUP BY,False,,NA
140_1,140,Temporal,False,,NA
140_1,140,Negation,False,,NA
140_1,140,Set operation,False,,NA
140_2,140,COUNT,False,,NA
140_2,140,DISTINCT,False,,NA
140_2,140,SUM,False,,NA
140_2,140,MIN,False,,NA
140_2,140,MAX,False,,NA
140_2,140,GROUP BY,False,,NA
140_2,140,Temporal,False,,NA
140_2,140,Negation,False,,NA
140_2,140,Set operation,False,,NA
140_3,140,COUNT,False,,NA
140_3,140,DISTINCT,False,,NA
140_3,140,SUM,False,,NA
140_3,140,MIN,False,,NA
140_3,140,MAX,False,,NA
140_3,140,GROUP BY,False,,NA
140_3,140,Temporal,False,,NA
140_3,140,Negation,False,,NA
140_3,140,Set operation,False,,NA
140_4,140,COUNT,False,,NA
140_4,140,DISTINCT,False,,NA
140_4,140,SUM,False,,NA
140_4,140,MIN,False,,NA
140_4,140,MAX,False,,NA
140_4,140,GROUP BY,False,,NA
140_4,140,Temporal,False,,NA
140_4,140,Negation,False,,NA
140_4,140,Set operation,False,,NA
140_5,140,COUNT,False,,NA
140_5,140,DISTINCT,False,,NA
140_5,140,SUM,False,,NA
140_5,140,MIN,False,,NA
140_5,140,MAX,False,,NA
140_5,140,GROUP BY,False,,NA
140_5,140,Temporal,False,,NA
140_5,140,Negation,False,,NA
140_5,140,Set operation,False,,NA
140_6,140,COUNT,False,,NA
140_6,140,DISTINCT,False,,NA
140_6,140,SUM,False,,NA
140_6,140,MIN,False,,NA
140_6,140,MAX,False,,NA
140_6,140,GROUP BY,False,,NA
140_6,140,Temporal,False,,NA
140_6,140,Negation,False,,NA
140_6,140,Set operation,False,,NA
140_7,140,COUNT,False,,NA
140_7,140,DISTINCT,False,,NA
140_7,140,SUM,False,,NA
140_7,140,MIN,False,,NA
140_7,140,MAX,False,,NA
140_7,140,GROUP BY,False,,NA
140_7,140,Temporal,False,,NA
140_7,140,Negation,False,,NA
140_7,140,Set operation,False,,NA
141_0,141,COUNT,False,,NA
141_0,141,DISTINCT,False,,NA
141_0,141,SUM,False,,NA
141_0,141,MIN,False,,NA
141_0,141,MAX,False,,NA
141_0,141,GROUP BY,False,,NA
141_0,141,Temporal,False,,NA
141_0,141,Negation,True,True,explicit_cue
141_0,141,Set operation,False,,NA
141_1,141,COUNT,False,,NA
141_1,141,DISTINCT,False,,NA
141_1,141,SUM,False,,NA
141_1,141,MIN,False,,NA
141_1,141,MAX,False,,NA
141_1,141,GROUP BY,False,,NA
141_1,141,Temporal,False,,NA
141_1,141,Negation,True,True,explicit_cue
141_1,141,Set operation,False,,NA
141_2,141,COUNT,False,,NA
141_2,141,DISTINCT,False,,NA
141_2,141,SUM,False,,NA
141_2,141,MIN,False,,NA
141_2,141,MAX,False,,NA
141_2,141,GROUP BY,False,,NA
141_2,141,Temporal,False,,NA
141_2,141,Negation,True,False,no_cue
141_2,141,Set operation,False,,NA
141_3,141,COUNT,False,,NA
141_3,141,DISTINCT,False,,NA
141_3,141,SUM,False,,NA
141_3,141,MIN,False,,NA
141_3,141,MAX,False,,NA
141_3,141,GROUP BY,False,,NA
141_3,141,Temporal,False,,NA
141_3,141,Negation,True,False,no_cue
141_3,141,Set operation,False,,NA
141_4,141,COUNT,False,,NA
141_4,141,DISTINCT,False,,NA
141_4,141,SUM,False,,NA
141_4,141,MIN,False,,NA
141_4,141,MAX,False,,NA
141_4,141,GROUP BY,False,,NA
141_4,141,Temporal,False,,NA
141_4,141,Negation,True,False,no_cue
141_4,141,Set operation,False,,NA
141_5,141,COUNT,False,,NA
141_5,141,DISTINCT,False,,NA
141_5,141,SUM,False,,NA
141_5,141,MIN,False,,NA
141_5,141,MAX,False,,NA
141_5,141,GROUP BY,False,,NA
141_5,141,Temporal,False,,NA
141_5,141,Negation,True,False,no_cue
141_5,141,Set operation,False,,NA
141_6,141,COUNT,False,,NA
141_6,141,DISTINCT,False,,NA
141_6,141,SUM,False,,NA
141_6,141,MIN,False,,NA
141_6,141,MAX,False,,NA
141_6,141,GROUP BY,False,,NA
141_6,141,Temporal,False,,NA
141_6,141,Negation,True,False,no_cue
141_6,141,Set operation,False,,NA
141_7,141,COUNT,False,,NA
141_7,141,DISTINCT,False,,NA
141_7,141,SUM,False,,NA
141_7,141,MIN,False,,NA
141_7,141,MAX,False,,NA
141_7,141,GROUP BY,False,,NA
141_7,141,Temporal,False,,NA
141_7,141,Negation,True,True,explicit_cue
141_7,141,Set operation,False,,NA
142_0,142,COUNT,True,True,explicit_cue
142_0,142,DISTINCT,False,,NA
142_0,142,SUM,False,,NA
142_0,142,MIN,False,,NA
142_0,142,MAX,False,,NA
142_0,142,GROUP BY,False,,NA
142_0,142,Temporal,False,,NA
142_0,142,Negation,False,,NA
142_0,142,Set operation,False,,NA
142_1,142,COUNT,True,True,explicit_cue
142_1,142,DISTINCT,False,,NA
142_1,142,SUM,False,,NA
142_1,142,MIN,False,,NA
142_1,142,MAX,False,,NA
142_1,142,GROUP BY,False,,NA
142_1,142,Temporal,False,,NA
142_1,142,Negation,False,,NA
142_1,142,Set operation,False,,NA
142_2,142,COUNT,True,True,explicit_cue
142_2,142,DISTINCT,False,,NA
142_2,142,SUM,False,,NA
142_2,142,MIN,False,,NA
142_2,142,MAX,False,,NA
142_2,142,GROUP BY,False,,NA
142_2,142,Temporal,False,,NA
142_2,142,Negation,False,,NA
142_2,142,Set operation,False,,NA
142_3,142,COUNT,True,True,explicit_cue
142_3,142,DISTINCT,False,,NA
142_3,142,SUM,False,,NA
142_3,142,MIN,False,,NA
142_3,142,MAX,False,,NA
142_3,142,GROUP BY,False,,NA
142_3,142,Temporal,False,,NA
142_3,142,Negation,False,,NA
142_3,142,Set operation,False,,NA
142_4,142,COUNT,True,True,explicit_cue
142_4,142,DISTINCT,False,,NA
142_4,142,SUM,False,,NA
142_4,142,MIN,False,,NA
142_4,142,MAX,False,,NA
142_4,142,GROUP BY,False,,NA
142_4,142,Temporal,False,,NA
142_4,142,Negation,False,,NA
142_4,142,Set operation,False,,NA
142_5,142,COUNT,True,True,explicit_cue
142_5,142,DISTINCT,False,,NA
142_5,142,SUM,False,,NA
142_5,142,MIN,False,,NA
142_5,142,MAX,False,,NA
142_5,142,GROUP BY,False,,NA
142_5,142,Temporal,False,,NA
142_5,142,Negation,False,,NA
142_5,142,Set operation,False,,NA
142_6,142,COUNT,True,True,explicit_cue
142_6,142,DISTINCT,False,,NA
142_6,142,SUM,False,,NA
142_6,142,MIN,False,,NA
142_6,142,MAX,False,,NA
142_6,142,GROUP BY,False,,NA
142_6,142,Temporal,False,,NA
142_6,142,Negation,False,,NA
142_6,142,Set operation,False,,NA
142_7,142,COUNT,True,True,explicit_cue
142_7,142,DISTINCT,False,,NA
142_7,142,SUM,False,,NA
142_7,142,MIN,False,,NA
142_7,142,MAX,False,,NA
142_7,142,GROUP BY,False,,NA
142_7,142,Temporal,False,,NA
142_7,142,Negation,False,,NA
142_7,142,Set operation,False,,NA
142_8,142,COUNT,True,True,explicit_cue
142_8,142,DISTINCT,False,,NA
142_8,142,SUM,False,,NA
142_8,142,MIN,False,,NA
142_8,142,MAX,False,,NA
142_8,142,GROUP BY,False,,NA
142_8,142,Temporal,False,,NA
142_8,142,Negation,False,,NA
142_8,142,Set operation,False,,NA
142_9,142,COUNT,True,True,explicit_cue
142_9,142,DISTINCT,False,,NA
142_9,142,SUM,False,,NA
142_9,142,MIN,False,,NA
142_9,142,MAX,False,,NA
142_9,142,GROUP BY,False,,NA
142_9,142,Temporal,False,,NA
142_9,142,Negation,False,,NA
142_9,142,Set operation,False,,NA
142_10,142,COUNT,True,True,explicit_cue
142_10,142,DISTINCT,False,,NA
142_10,142,SUM,False,,NA
142_10,142,MIN,False,,NA
142_10,142,MAX,False,,NA
142_10,142,GROUP BY,False,,NA
142_10,142,Temporal,False,,NA
142_10,142,Negation,False,,NA
142_10,142,Set operation,False,,NA
142_11,142,COUNT,True,True,explicit_cue
142_11,142,DISTINCT,False,,NA
142_11,142,SUM,False,,NA
142_11,142,MIN,False,,NA
142_11,142,MAX,False,,NA
142_11,142,GROUP BY,False,,NA
142_11,142,Temporal,False,,NA
142_11,142,Negation,False,,NA
142_11,142,Set operation,False,,NA
143_0,143,COUNT,False,,NA
143_0,143,DISTINCT,False,,NA
143_0,143,SUM,False,,NA
143_0,143,MIN,False,,NA
143_0,143,MAX,False,,NA
143_0,143,GROUP BY,False,,NA
143_0,143,Temporal,True,False,no_cue
143_0,143,Negation,False,,NA
143_0,143,Set operation,False,,NA
143_1,143,COUNT,False,,NA
143_1,143,DISTINCT,False,,NA
143_1,143,SUM,False,,NA
143_1,143,MIN,False,,NA
143_1,143,MAX,False,,NA
143_1,143,GROUP BY,False,,NA
143_1,143,Temporal,True,False,no_cue
143_1,143,Negation,False,,NA
143_1,143,Set operation,False,,NA
143_2,143,COUNT,False,,NA
143_2,143,DISTINCT,False,,NA
143_2,143,SUM,False,,NA
143_2,143,MIN,False,,NA
143_2,143,MAX,False,,NA
143_2,143,GROUP BY,False,,NA
143_2,143,Temporal,True,False,no_cue
143_2,143,Negation,False,,NA
143_2,143,Set operation,False,,NA
143_3,143,COUNT,False,,NA
143_3,143,DISTINCT,False,,NA
143_3,143,SUM,False,,NA
143_3,143,MIN,False,,NA
143_3,143,MAX,False,,NA
143_3,143,GROUP BY,False,,NA
143_3,143,Temporal,True,False,no_cue
143_3,143,Negation,False,,NA
143_3,143,Set operation,False,,NA
143_4,143,COUNT,False,,NA
143_4,143,DISTINCT,False,,NA
143_4,143,SUM,False,,NA
143_4,143,MIN,False,,NA
143_4,143,MAX,False,,NA
143_4,143,GROUP BY,False,,NA
143_4,143,Temporal,True,False,no_cue
143_4,143,Negation,False,,NA
143_4,143,Set operation,False,,NA
143_5,143,COUNT,False,,NA
143_5,143,DISTINCT,False,,NA
143_5,143,SUM,False,,NA
143_5,143,MIN,False,,NA
143_5,143,MAX,False,,NA
143_5,143,GROUP BY,False,,NA
143_5,143,Temporal,True,False,no_cue
143_5,143,Negation,False,,NA
143_5,143,Set operation,False,,NA
143_6,143,COUNT,False,,NA
143_6,143,DISTINCT,False,,NA
143_6,143,SUM,False,,NA
143_6,143,MIN,False,,NA
143_6,143,MAX,False,,NA
143_6,143,GROUP BY,False,,NA
143_6,143,Temporal,True,False,no_cue
143_6,143,Negation,False,,NA
143_6,143,Set operation,False,,NA
143_7,143,COUNT,False,,NA
143_7,143,DISTINCT,False,,NA
143_7,143,SUM,False,,NA
143_7,143,MIN,False,,NA
143_7,143,MAX,False,,NA
143_7,143,GROUP BY,False,,NA
143_7,143,Temporal,True,False,no_cue
143_7,143,Negation,False,,NA
143_7,143,Set operation,False,,NA
143_8,143,COUNT,False,,NA
143_8,143,DISTINCT,False,,NA
143_8,143,SUM,False,,NA
143_8,143,MIN,False,,NA
143_8,143,MAX,False,,NA
143_8,143,GROUP BY,False,,NA
143_8,143,Temporal,True,False,no_cue
143_8,143,Negation,False,,NA
143_8,143,Set operation,False,,NA
143_9,143,COUNT,False,,NA
143_9,143,DISTINCT,False,,NA
143_9,143,SUM,False,,NA
143_9,143,MIN,False,,NA
143_9,143,MAX,False,,NA
143_9,143,GROUP BY,False,,NA
143_9,143,Temporal,True,False,no_cue
143_9,143,Negation,False,,NA
143_9,143,Set operation,False,,NA
144_0,144,COUNT,False,,NA
144_0,144,DISTINCT,False,,NA
144_0,144,SUM,True,False,no_cue
144_0,144,MIN,False,,NA
144_0,144,MAX,False,,NA
144_0,144,GROUP BY,True,True,explicit_cue
144_0,144,Temporal,False,,NA
144_0,144,Negation,False,,NA
144_0,144,Set operation,False,,NA
144_1,144,COUNT,False,,NA
144_1,144,DISTINCT,False,,NA
144_1,144,SUM,True,True,explicit_cue
144_1,144,MIN,False,,NA
144_1,144,MAX,False,,NA
144_1,144,GROUP BY,True,False,no_cue
144_1,144,Temporal,False,,NA
144_1,144,Negation,False,,NA
144_1,144,Set operation,False,,NA
144_2,144,COUNT,False,,NA
144_2,144,DISTINCT,False,,NA
144_2,144,SUM,True,True,explicit_cue
144_2,144,MIN,False,,NA
144_2,144,MAX,False,,NA
144_2,144,GROUP BY,True,True,explicit_cue
144_2,144,Temporal,False,,NA
144_2,144,Negation,False,,NA
144_2,144,Set operation,False,,NA
144_3,144,COUNT,False,,NA
144_3,144,DISTINCT,False,,NA
144_3,144,SUM,True,True,explicit_cue
144_3,144,MIN,False,,NA
144_3,144,MAX,False,,NA
144_3,144,GROUP BY,True,True,explicit_cue
144_3,144,Temporal,False,,NA
144_3,144,Negation,False,,NA
144_3,144,Set operation,False,,NA
144_4,144,COUNT,False,,NA
144_4,144,DISTINCT,False,,NA
144_4,144,SUM,True,True,explicit_cue
144_4,144,MIN,False,,NA
144_4,144,MAX,False,,NA
144_4,144,GROUP BY,True,True,explicit_cue
144_4,144,Temporal,False,,NA
144_4,144,Negation,False,,NA
144_4,144,Set operation,False,,NA
144_5,144,COUNT,False,,NA
144_5,144,DISTINCT,False,,NA
144_5,144,SUM,True,True,explicit_cue
144_5,144,MIN,False,,NA
144_5,144,MAX,False,,NA
144_5,144,GROUP BY,True,True,explicit_cue
144_5,144,Temporal,False,,NA
144_5,144,Negation,False,,NA
144_5,144,Set operation,False,,NA
144_6,144,COUNT,False,,NA
144_6,144,DISTINCT,False,,NA
144_6,144,SUM,True,True,explicit_cue
144_6,144,MIN,False,,NA
144_6,144,MAX,False,,NA
144_6,144,GROUP BY,True,True,explicit_cue
144_6,144,Temporal,False,,NA
144_6,144,Negation,False,,NA
144_6,144,Set operation,False,,NA
144_7,144,COUNT,False,,NA
144_7,144,DISTINCT,False,,NA
144_7,144,SUM,True,False,no_cue
144_7,144,MIN,False,,NA
144_7,144,MAX,False,,NA
144_7,144,GROUP BY,True,True,explicit_cue
144_7,144,Temporal,False,,NA
144_7,144,Negation,False,,NA
144_7,144,Set operation,False,,NA
145_0,145,COUNT,True,True,explicit_cue
145_0,145,DISTINCT,False,,NA
145_0,145,SUM,False,,NA
145_0,145,MIN,False,,NA
145_0,145,MAX,False,,NA
145_0,145,GROUP BY,True,False,no_cue
145_0,145,Temporal,False,,NA
145_0,145,Negation,False,,NA
145_0,145,Set operation,False,,NA
145_1,145,COUNT,True,True,explicit_cue
145_1,145,DISTINCT,False,,NA
145_1,145,SUM,False,,NA
145_1,145,MIN,False,,NA
145_1,145,MAX,False,,NA
145_1,145,GROUP BY,True,False,no_cue
145_1,145,Temporal,False,,NA
145_1,145,Negation,False,,NA
145_1,145,Set operation,False,,NA
145_2,145,COUNT,True,True,explicit_cue
145_2,145,DISTINCT,False,,NA
145_2,145,SUM,False,,NA
145_2,145,MIN,False,,NA
145_2,145,MAX,False,,NA
145_2,145,GROUP BY,True,False,no_cue
145_2,145,Temporal,False,,NA
145_2,145,Negation,False,,NA
145_2,145,Set operation,False,,NA
145_3,145,COUNT,True,True,explicit_cue
145_3,145,DISTINCT,False,,NA
145_3,145,SUM,False,,NA
145_3,145,MIN,False,,NA
145_3,145,MAX,False,,NA
145_3,145,GROUP BY,True,False,no_cue
145_3,145,Temporal,False,,NA
145_3,145,Negation,False,,NA
145_3,145,Set operation,False,,NA
145_4,145,COUNT,True,True,explicit_cue
145_4,145,DISTINCT,False,,NA
145_4,145,SUM,False,,NA
145_4,145,MIN,False,,NA
145_4,145,MAX,False,,NA
145_4,145,GROUP BY,True,False,no_cue
145_4,145,Temporal,False,,NA
145_4,145,Negation,False,,NA
145_4,145,Set operation,False,,NA
145_5,145,COUNT,True,True,explicit_cue
145_5,145,DISTINCT,False,,NA
145_5,145,SUM,False,,NA
145_5,145,MIN,False,,NA
145_5,145,MAX,False,,NA
145_5,145,GROUP BY,True,False,no_cue
145_5,145,Temporal,False,,NA
145_5,145,Negation,False,,NA
145_5,145,Set operation,False,,NA
145_6,145,COUNT,True,True,explicit_cue
145_6,145,DISTINCT,False,,NA
145_6,145,SUM,False,,NA
145_6,145,MIN,False,,NA
145_6,145,MAX,False,,NA
145_6,145,GROUP BY,True,False,no_cue
145_6,145,Temporal,False,,NA
145_6,145,Negation,False,,NA
145_6,145,Set operation,False,,NA
145_7,145,COUNT,True,True,explicit_cue
145_7,145,DISTINCT,False,,NA
145_7,145,SUM,False,,NA
145_7,145,MIN,False,,NA
145_7,145,MAX,False,,NA
145_7,145,GROUP BY,True,False,no_cue
145_7,145,Temporal,False,,NA
145_7,145,Negation,False,,NA
145_7,145,Set operation,False,,NA
145_8,145,COUNT,True,True,explicit_cue
145_8,145,DISTINCT,False,,NA
145_8,145,SUM,False,,NA
145_8,145,MIN,False,,NA
145_8,145,MAX,False,,NA
145_8,145,GROUP BY,True,False,no_cue
145_8,145,Temporal,False,,NA
145_8,145,Negation,False,,NA
145_8,145,Set operation,False,,NA
145_9,145,COUNT,True,True,explicit_cue
145_9,145,DISTINCT,False,,NA
145_9,145,SUM,False,,NA
145_9,145,MIN,False,,NA
145_9,145,MAX,False,,NA
145_9,145,GROUP BY,True,False,no_cue
145_9,145,Temporal,False,,NA
145_9,145,Negation,False,,NA
145_9,145,Set operation,False,,NA
146_0,146,COUNT,True,False,no_cue
146_0,146,DISTINCT,False,,NA
146_0,146,SUM,False,,NA
146_0,146,MIN,False,,NA
146_0,146,MAX,False,,NA
146_0,146,GROUP BY,True,False,no_cue
146_0,146,Temporal,False,,NA
146_0,146,Negation,False,,NA
146_0,146,Set operation,False,,NA
146_1,146,COUNT,True,False,no_cue
146_1,146,DISTINCT,False,,NA
146_1,146,SUM,False,,NA
146_1,146,MIN,False,,NA
146_1,146,MAX,False,,NA
146_1,146,GROUP BY,True,False,no_cue
146_1,146,Temporal,False,,NA
146_1,146,Negation,False,,NA
146_1,146,Set operation,False,,NA
146_2,146,COUNT,True,False,no_cue
146_2,146,DISTINCT,False,,NA
146_2,146,SUM,False,,NA
146_2,146,MIN,False,,NA
146_2,146,MAX,False,,NA
146_2,146,GROUP BY,True,False,no_cue
146_2,146,Temporal,False,,NA
146_2,146,Negation,False,,NA
146_2,146,Set operation,False,,NA
146_3,146,COUNT,True,False,no_cue
146_3,146,DISTINCT,False,,NA
146_3,146,SUM,False,,NA
146_3,146,MIN,False,,NA
146_3,146,MAX,False,,NA
146_3,146,GROUP BY,True,False,no_cue
146_3,146,Temporal,False,,NA
146_3,146,Negation,False,,NA
146_3,146,Set operation,False,,NA
146_4,146,COUNT,True,False,no_cue
146_4,146,DISTINCT,False,,NA
146_4,146,SUM,False,,NA
146_4,146,MIN,False,,NA
146_4,146,MAX,False,,NA
146_4,146,GROUP BY,True,False,no_cue
146_4,146,Temporal,False,,NA
146_4,146,Negation,False,,NA
146_4,146,Set operation,False,,NA
146_5,146,COUNT,True,False,no_cue
146_5,146,DISTINCT,False,,NA
146_5,146,SUM,False,,NA
146_5,146,MIN,False,,NA
146_5,146,MAX,False,,NA
146_5,146,GROUP BY,True,False,no_cue
146_5,146,Temporal,False,,NA
146_5,146,Negation,False,,NA
146_5,146,Set operation,False,,NA
146_6,146,COUNT,True,False,no_cue
146_6,146,DISTINCT,False,,NA
146_6,146,SUM,False,,NA
146_6,146,MIN,False,,NA
146_6,146,MAX,False,,NA
146_6,146,GROUP BY,True,False,no_cue
146_6,146,Temporal,False,,NA
146_6,146,Negation,False,,NA
146_6,146,Set operation,False,,NA
146_7,146,COUNT,True,False,no_cue
146_7,146,DISTINCT,False,,NA
146_7,146,SUM,False,,NA
146_7,146,MIN,False,,NA
146_7,146,MAX,False,,NA
146_7,146,GROUP BY,True,False,no_cue
146_7,146,Temporal,False,,NA
146_7,146,Negation,False,,NA
146_7,146,Set operation,False,,NA
146_8,146,COUNT,True,False,no_cue
146_8,146,DISTINCT,False,,NA
146_8,146,SUM,False,,NA
146_8,146,MIN,False,,NA
146_8,146,MAX,False,,NA
146_8,146,GROUP BY,True,False,no_cue
146_8,146,Temporal,False,,NA
146_8,146,Negation,False,,NA
146_8,146,Set operation,False,,NA
146_9,146,COUNT,True,False,no_cue
146_9,146,DISTINCT,False,,NA
146_9,146,SUM,False,,NA
146_9,146,MIN,False,,NA
146_9,146,MAX,False,,NA
146_9,146,GROUP BY,True,False,no_cue
146_9,146,Temporal,False,,NA
146_9,146,Negation,False,,NA
146_9,146,Set operation,False,,NA
147_0,147,COUNT,False,,NA
147_0,147,DISTINCT,False,,NA
147_0,147,SUM,False,,NA
147_0,147,MIN,False,,NA
147_0,147,MAX,False,,NA
147_0,147,GROUP BY,False,,NA
147_0,147,Temporal,False,,NA
147_0,147,Negation,False,,NA
147_0,147,Set operation,False,,NA
147_1,147,COUNT,False,,NA
147_1,147,DISTINCT,False,,NA
147_1,147,SUM,False,,NA
147_1,147,MIN,False,,NA
147_1,147,MAX,False,,NA
147_1,147,GROUP BY,False,,NA
147_1,147,Temporal,False,,NA
147_1,147,Negation,False,,NA
147_1,147,Set operation,False,,NA
147_2,147,COUNT,False,,NA
147_2,147,DISTINCT,False,,NA
147_2,147,SUM,False,,NA
147_2,147,MIN,False,,NA
147_2,147,MAX,False,,NA
147_2,147,GROUP BY,False,,NA
147_2,147,Temporal,False,,NA
147_2,147,Negation,False,,NA
147_2,147,Set operation,False,,NA
147_3,147,COUNT,False,,NA
147_3,147,DISTINCT,False,,NA
147_3,147,SUM,False,,NA
147_3,147,MIN,False,,NA
147_3,147,MAX,False,,NA
147_3,147,GROUP BY,False,,NA
147_3,147,Temporal,False,,NA
147_3,147,Negation,False,,NA
147_3,147,Set operation,False,,NA
147_4,147,COUNT,False,,NA
147_4,147,DISTINCT,False,,NA
147_4,147,SUM,False,,NA
147_4,147,MIN,False,,NA
147_4,147,MAX,False,,NA
147_4,147,GROUP BY,False,,NA
147_4,147,Temporal,False,,NA
147_4,147,Negation,False,,NA
147_4,147,Set operation,False,,NA
147_5,147,COUNT,False,,NA
147_5,147,DISTINCT,False,,NA
147_5,147,SUM,False,,NA
147_5,147,MIN,False,,NA
147_5,147,MAX,False,,NA
147_5,147,GROUP BY,False,,NA
147_5,147,Temporal,False,,NA
147_5,147,Negation,False,,NA
147_5,147,Set operation,False,,NA
147_6,147,COUNT,False,,NA
147_6,147,DISTINCT,False,,NA
147_6,147,SUM,False,,NA
147_6,147,MIN,False,,NA
147_6,147,MAX,False,,NA
147_6,147,GROUP BY,False,,NA
147_6,147,Temporal,False,,NA
147_6,147,Negation,False,,NA
147_6,147,Set operation,False,,NA
147_7,147,COUNT,False,,NA
147_7,147,DISTINCT,False,,NA
147_7,147,SUM,False,,NA
147_7,147,MIN,False,,NA
147_7,147,MAX,False,,NA
147_7,147,GROUP BY,False,,NA
147_7,147,Temporal,False,,NA
147_7,147,Negation,False,,NA
147_7,147,Set operation,False,,NA
147_8,147,COUNT,False,,NA
147_8,147,DISTINCT,False,,NA
147_8,147,SUM,False,,NA
147_8,147,MIN,False,,NA
147_8,147,MAX,False,,NA
147_8,147,GROUP BY,False,,NA
147_8,147,Temporal,False,,NA
147_8,147,Negation,False,,NA
147_8,147,Set operation,False,,NA
148_0,148,COUNT,False,,NA
148_0,148,DISTINCT,False,,NA
148_0,148,SUM,False,,NA
148_0,148,MIN,False,,NA
148_0,148,MAX,False,,NA
148_0,148,GROUP BY,False,,NA
148_0,148,Temporal,False,,NA
148_0,148,Negation,False,,NA
148_0,148,Set operation,False,,NA
148_1,148,COUNT,False,,NA
148_1,148,DISTINCT,False,,NA
148_1,148,SUM,False,,NA
148_1,148,MIN,False,,NA
148_1,148,MAX,False,,NA
148_1,148,GROUP BY,False,,NA
148_1,148,Temporal,False,,NA
148_1,148,Negation,False,,NA
148_1,148,Set operation,False,,NA
148_2,148,COUNT,False,,NA
148_2,148,DISTINCT,False,,NA
148_2,148,SUM,False,,NA
148_2,148,MIN,False,,NA
148_2,148,MAX,False,,NA
148_2,148,GROUP BY,False,,NA
148_2,148,Temporal,False,,NA
148_2,148,Negation,False,,NA
148_2,148,Set operation,False,,NA
148_3,148,COUNT,False,,NA
148_3,148,DISTINCT,False,,NA
148_3,148,SUM,False,,NA
148_3,148,MIN,False,,NA
148_3,148,MAX,False,,NA
148_3,148,GROUP BY,False,,NA
148_3,148,Temporal,False,,NA
148_3,148,Negation,False,,NA
148_3,148,Set operation,False,,NA
148_4,148,COUNT,False,,NA
148_4,148,DISTINCT,False,,NA
148_4,148,SUM,False,,NA
148_4,148,MIN,False,,NA
148_4,148,MAX,False,,NA
148_4,148,GROUP BY,False,,NA
148_4,148,Temporal,False,,NA
148_4,148,Negation,False,,NA
148_4,148,Set operation,False,,NA
148_5,148,COUNT,False,,NA
148_5,148,DISTINCT,False,,NA
148_5,148,SUM,False,,NA
148_5,148,MIN,False,,NA
148_5,148,MAX,False,,NA
148_5,148,GROUP BY,False,,NA
148_5,148,Temporal,False,,NA
148_5,148,Negation,False,,NA
148_5,148,Set operation,False,,NA
148_6,148,COUNT,False,,NA
148_6,148,DISTINCT,False,,NA
148_6,148,SUM,False,,NA
148_6,148,MIN,False,,NA
148_6,148,MAX,False,,NA
148_6,148,GROUP BY,False,,NA
148_6,148,Temporal,False,,NA
148_6,148,Negation,False,,NA
148_6,148,Set operation,False,,NA
148_7,148,COUNT,False,,NA
148_7,148,DISTINCT,False,,NA
148_7,148,SUM,False,,NA
148_7,148,MIN,False,,NA
148_7,148,MAX,False,,NA
148_7,148,GROUP BY,False,,NA
148_7,148,Temporal,False,,NA
148_7,148,Negation,False,,NA
148_7,148,Set operation,False,,NA
148_8,148,COUNT,False,,NA
148_8,148,DISTINCT,False,,NA
148_8,148,SUM,False,,NA
148_8,148,MIN,False,,NA
148_8,148,MAX,False,,NA
148_8,148,GROUP BY,False,,NA
148_8,148,Temporal,False,,NA
148_8,148,Negation,False,,NA
148_8,148,Set operation,False,,NA
148_9,148,COUNT,False,,NA
148_9,148,DISTINCT,False,,NA
148_9,148,SUM,False,,NA
148_9,148,MIN,False,,NA
148_9,148,MAX,False,,NA
148_9,148,GROUP BY,False,,NA
148_9,148,Temporal,False,,NA
148_9,148,Negation,False,,NA
148_9,148,Set operation,False,,NA
148_10,148,COUNT,False,,NA
148_10,148,DISTINCT,False,,NA
148_10,148,SUM,False,,NA
148_10,148,MIN,False,,NA
148_10,148,MAX,False,,NA
148_10,148,GROUP BY,False,,NA
148_10,148,Temporal,False,,NA
148_10,148,Negation,False,,NA
148_10,148,Set operation,False,,NA
148_11,148,COUNT,False,,NA
148_11,148,DISTINCT,False,,NA
148_11,148,SUM,False,,NA
148_11,148,MIN,False,,NA
148_11,148,MAX,False,,NA
148_11,148,GROUP BY,False,,NA
148_11,148,Temporal,False,,NA
148_11,148,Negation,False,,NA
148_11,148,Set operation,False,,NA
148_12,148,COUNT,False,,NA
148_12,148,DISTINCT,False,,NA
148_12,148,SUM,False,,NA
148_12,148,MIN,False,,NA
148_12,148,MAX,False,,NA
148_12,148,GROUP BY,False,,NA
148_12,148,Temporal,False,,NA
148_12,148,Negation,False,,NA
148_12,148,Set operation,False,,NA
148_13,148,COUNT,False,,NA
148_13,148,DISTINCT,False,,NA
148_13,148,SUM,False,,NA
148_13,148,MIN,False,,NA
148_13,148,MAX,False,,NA
148_13,148,GROUP BY,False,,NA
148_13,148,Temporal,False,,NA
148_13,148,Negation,False,,NA
148_13,148,Set operation,False,,NA
148_14,148,COUNT,False,,NA
148_14,148,DISTINCT,False,,NA
148_14,148,SUM,False,,NA
148_14,148,MIN,False,,NA
148_14,148,MAX,False,,NA
148_14,148,GROUP BY,False,,NA
148_14,148,Temporal,False,,NA
148_14,148,Negation,False,,NA
148_14,148,Set operation,False,,NA
148_15,148,COUNT,False,,NA
148_15,148,DISTINCT,False,,NA
148_15,148,SUM,False,,NA
148_15,148,MIN,False,,NA
148_15,148,MAX,False,,NA
148_15,148,GROUP BY,False,,NA
148_15,148,Temporal,False,,NA
148_15,148,Negation,False,,NA
148_15,148,Set operation,False,,NA
148_16,148,COUNT,False,,NA
148_16,148,DISTINCT,False,,NA
148_16,148,SUM,False,,NA
148_16,148,MIN,False,,NA
148_16,148,MAX,False,,NA
148_16,148,GROUP BY,False,,NA
148_16,148,Temporal,False,,NA
148_16,148,Negation,False,,NA
148_16,148,Set operation,False,,NA
149_0,149,COUNT,True,True,explicit_cue
149_0,149,DISTINCT,False,,NA
149_0,149,SUM,False,,NA
149_0,149,MIN,False,,NA
149_0,149,MAX,False,,NA
149_0,149,GROUP BY,True,True,explicit_cue
149_0,149,Temporal,False,,NA
149_0,149,Negation,True,True,explicit_cue
149_0,149,Set operation,False,,NA
149_1,149,COUNT,True,True,explicit_cue
149_1,149,DISTINCT,False,,NA
149_1,149,SUM,False,,NA
149_1,149,MIN,False,,NA
149_1,149,MAX,False,,NA
149_1,149,GROUP BY,True,True,explicit_cue
149_1,149,Temporal,False,,NA
149_1,149,Negation,True,True,explicit_cue
149_1,149,Set operation,False,,NA
149_2,149,COUNT,True,True,explicit_cue
149_2,149,DISTINCT,False,,NA
149_2,149,SUM,False,,NA
149_2,149,MIN,False,,NA
149_2,149,MAX,False,,NA
149_2,149,GROUP BY,True,True,explicit_cue
149_2,149,Temporal,False,,NA
149_2,149,Negation,True,True,explicit_cue
149_2,149,Set operation,False,,NA
149_3,149,COUNT,True,True,explicit_cue
149_3,149,DISTINCT,False,,NA
149_3,149,SUM,False,,NA
149_3,149,MIN,False,,NA
149_3,149,MAX,False,,NA
149_3,149,GROUP BY,True,True,explicit_cue
149_3,149,Temporal,False,,NA
149_3,149,Negation,True,True,explicit_cue
149_3,149,Set operation,False,,NA
149_4,149,COUNT,True,True,explicit_cue
149_4,149,DISTINCT,False,,NA
149_4,149,SUM,False,,NA
149_4,149,MIN,False,,NA
149_4,149,MAX,False,,NA
149_4,149,GROUP BY,True,True,explicit_cue
149_4,149,Temporal,False,,NA
149_4,149,Negation,True,True,explicit_cue
149_4,149,Set operation,False,,NA
149_5,149,COUNT,True,True,explicit_cue
149_5,149,DISTINCT,False,,NA
149_5,149,SUM,False,,NA
149_5,149,MIN,False,,NA
149_5,149,MAX,False,,NA
149_5,149,GROUP BY,True,True,explicit_cue
149_5,149,Temporal,False,,NA
149_5,149,Negation,True,True,explicit_cue
149_5,149,Set operation,False,,NA
149_6,149,COUNT,True,True,explicit_cue
149_6,149,DISTINCT,False,,NA
149_6,149,SUM,False,,NA
149_6,149,MIN,False,,NA
149_6,149,MAX,False,,NA
149_6,149,GROUP BY,True,True,explicit_cue
149_6,149,Temporal,False,,NA
149_6,149,Negation,True,True,explicit_cue
149_6,149,Set operation,False,,NA
149_7,149,COUNT,True,True,explicit_cue
149_7,149,DISTINCT,False,,NA
149_7,149,SUM,False,,NA
149_7,149,MIN,False,,NA
149_7,149,MAX,False,,NA
149_7,149,GROUP BY,True,True,explicit_cue
149_7,149,Temporal,False,,NA
149_7,149,Negation,True,True,explicit_cue
149_7,149,Set operation,False,,NA
149_8,149,COUNT,True,True,explicit_cue
149_8,149,DISTINCT,False,,NA
149_8,149,SUM,False,,NA
149_8,149,MIN,False,,NA
149_8,149,MAX,False,,NA
149_8,149,GROUP BY,True,True,explicit_cue
149_8,149,Temporal,False,,NA
149_8,149,Negation,True,True,explicit_cue
149_8,149,Set operation,False,,NA
149_9,149,COUNT,True,True,explicit_cue
149_9,149,DISTINCT,False,,NA
149_9,149,SUM,False,,NA
149_9,149,MIN,False,,NA
149_9,149,MAX,False,,NA
149_9,149,GROUP BY,True,True,explicit_cue
149_9,149,Temporal,False,,NA
149_9,149,Negation,True,True,explicit_cue
149_9,149,Set operation,False,,NA
149_10,149,COUNT,True,True,explicit_cue
149_10,149,DISTINCT,False,,NA
149_10,149,SUM,False,,NA
149_10,149,MIN,False,,NA
149_10,149,MAX,False,,NA
149_10,149,GROUP BY,True,True,explicit_cue
149_10,149,Temporal,False,,NA
149_10,149,Negation,True,True,explicit_cue
149_10,149,Set operation,False,,NA
149_11,149,COUNT,True,True,explicit_cue
149_11,149,DISTINCT,False,,NA
149_11,149,SUM,False,,NA
149_11,149,MIN,False,,NA
149_11,149,MAX,False,,NA
149_11,149,GROUP BY,True,True,explicit_cue
149_11,149,Temporal,False,,NA
149_11,149,Negation,True,True,explicit_cue
149_11,149,Set operation,False,,NA
149_12,149,COUNT,True,True,explicit_cue
149_12,149,DISTINCT,False,,NA
149_12,149,SUM,False,,NA
149_12,149,MIN,False,,NA
149_12,149,MAX,False,,NA
149_12,149,GROUP BY,True,True,explicit_cue
149_12,149,Temporal,False,,NA
149_12,149,Negation,True,True,explicit_cue
149_12,149,Set operation,False,,NA
149_13,149,COUNT,True,True,explicit_cue
149_13,149,DISTINCT,False,,NA
149_13,149,SUM,False,,NA
149_13,149,MIN,False,,NA
149_13,149,MAX,False,,NA
149_13,149,GROUP BY,True,True,explicit_cue
149_13,149,Temporal,False,,NA
149_13,149,Negation,True,True,explicit_cue
149_13,149,Set operation,False,,NA
149_14,149,COUNT,True,False,no_cue
149_14,149,DISTINCT,False,,NA
149_14,149,SUM,False,,NA
149_14,149,MIN,False,,NA
149_14,149,MAX,False,,NA
149_14,149,GROUP BY,True,True,explicit_cue
149_14,149,Temporal,False,,NA
149_14,149,Negation,True,True,explicit_cue
149_14,149,Set operation,False,,NA
149_15,149,COUNT,True,False,no_cue
149_15,149,DISTINCT,False,,NA
149_15,149,SUM,False,,NA
149_15,149,MIN,False,,NA
149_15,149,MAX,False,,NA
149_15,149,GROUP BY,True,True,explicit_cue
149_15,149,Temporal,False,,NA
149_15,149,Negation,True,True,explicit_cue
149_15,149,Set operation,False,,NA
149_16,149,COUNT,True,False,no_cue
149_16,149,DISTINCT,False,,NA
149_16,149,SUM,False,,NA
149_16,149,MIN,False,,NA
149_16,149,MAX,False,,NA
149_16,149,GROUP BY,True,True,explicit_cue
149_16,149,Temporal,False,,NA
149_16,149,Negation,True,True,explicit_cue
149_16,149,Set operation,False,,NA
149_17,149,COUNT,True,False,no_cue
149_17,149,DISTINCT,False,,NA
149_17,149,SUM,False,,NA
149_17,149,MIN,False,,NA
149_17,149,MAX,False,,NA
149_17,149,GROUP BY,True,True,explicit_cue
149_17,149,Temporal,False,,NA
149_17,149,Negation,True,True,explicit_cue
149_17,149,Set operation,False,,NA
149_18,149,COUNT,True,False,no_cue
149_18,149,DISTINCT,False,,NA
149_18,149,SUM,False,,NA
149_18,149,MIN,False,,NA
149_18,149,MAX,False,,NA
149_18,149,GROUP BY,True,True,explicit_cue
149_18,149,Temporal,False,,NA
149_18,149,Negation,True,True,explicit_cue
149_18,149,Set operation,False,,NA
149_19,149,COUNT,True,False,no_cue
149_19,149,DISTINCT,False,,NA
149_19,149,SUM,False,,NA
149_19,149,MIN,False,,NA
149_19,149,MAX,False,,NA
149_19,149,GROUP BY,True,True,explicit_cue
149_19,149,Temporal,False,,NA
149_19,149,Negation,True,True,explicit_cue
149_19,149,Set operation,False,,NA
149_20,149,COUNT,True,False,no_cue
149_20,149,DISTINCT,False,,NA
149_20,149,SUM,False,,NA
149_20,149,MIN,False,,NA
149_20,149,MAX,False,,NA
149_20,149,GROUP BY,True,True,explicit_cue
149_20,149,Temporal,False,,NA
149_20,149,Negation,True,True,explicit_cue
149_20,149,Set operation,False,,NA
149_21,149,COUNT,True,False,no_cue
149_21,149,DISTINCT,False,,NA
149_21,149,SUM,False,,NA
149_21,149,MIN,False,,NA
149_21,149,MAX,False,,NA
149_21,149,GROUP BY,True,True,explicit_cue
149_21,149,Temporal,False,,NA
149_21,149,Negation,True,True,explicit_cue
149_21,149,Set operation,False,,NA
149_22,149,COUNT,True,False,no_cue
149_22,149,DISTINCT,False,,NA
149_22,149,SUM,False,,NA
149_22,149,MIN,False,,NA
149_22,149,MAX,False,,NA
149_22,149,GROUP BY,True,True,explicit_cue
149_22,149,Temporal,False,,NA
149_22,149,Negation,True,True,explicit_cue
149_22,149,Set operation,False,,NA
149_23,149,COUNT,True,False,no_cue
149_23,149,DISTINCT,False,,NA
149_23,149,SUM,False,,NA
149_23,149,MIN,False,,NA
149_23,149,MAX,False,,NA
149_23,149,GROUP BY,True,True,explicit_cue
149_23,149,Temporal,False,,NA
149_23,149,Negation,True,True,explicit_cue
149_23,149,Set operation,False,,NA
149_24,149,COUNT,True,False,no_cue
149_24,149,DISTINCT,False,,NA
149_24,149,SUM,False,,NA
149_24,149,MIN,False,,NA
149_24,149,MAX,False,,NA
149_24,149,GROUP BY,True,True,explicit_cue
149_24,149,Temporal,False,,NA
149_24,149,Negation,True,True,explicit_cue
149_24,149,Set operation,False,,NA
149_25,149,COUNT,True,False,no_cue
149_25,149,DISTINCT,False,,NA
149_25,149,SUM,False,,NA
149_25,149,MIN,False,,NA
149_25,149,MAX,False,,NA
149_25,149,GROUP BY,True,True,explicit_cue
149_25,149,Temporal,False,,NA
149_25,149,Negation,True,True,explicit_cue
149_25,149,Set operation,False,,NA
149_26,149,COUNT,True,False,no_cue
149_26,149,DISTINCT,False,,NA
149_26,149,SUM,False,,NA
149_26,149,MIN,False,,NA
149_26,149,MAX,False,,NA
149_26,149,GROUP BY,True,True,explicit_cue
149_26,149,Temporal,False,,NA
149_26,149,Negation,True,True,explicit_cue
149_26,149,Set operation,False,,NA
149_27,149,COUNT,True,False,no_cue
149_27,149,DISTINCT,False,,NA
149_27,149,SUM,False,,NA
149_27,149,MIN,False,,NA
149_27,149,MAX,False,,NA
149_27,149,GROUP BY,True,True,explicit_cue
149_27,149,Temporal,False,,NA
149_27,149,Negation,True,True,explicit_cue
149_27,149,Set operation,False,,NA
149_28,149,COUNT,True,True,explicit_cue
149_28,149,DISTINCT,False,,NA
149_28,149,SUM,False,,NA
149_28,149,MIN,False,,NA
149_28,149,MAX,False,,NA
149_28,149,GROUP BY,True,False,no_cue
149_28,149,Temporal,False,,NA
149_28,149,Negation,True,True,explicit_cue
149_28,149,Set operation,False,,NA
149_29,149,COUNT,True,True,explicit_cue
149_29,149,DISTINCT,False,,NA
149_29,149,SUM,False,,NA
149_29,149,MIN,False,,NA
149_29,149,MAX,False,,NA
149_29,149,GROUP BY,True,True,explicit_cue
149_29,149,Temporal,False,,NA
149_29,149,Negation,True,False,no_cue
149_29,149,Set operation,False,,NA
150_0,150,COUNT,False,,NA
150_0,150,DISTINCT,False,,NA
150_0,150,SUM,False,,NA
150_0,150,MIN,True,False,no_cue
150_0,150,MAX,False,,NA
150_0,150,GROUP BY,True,False,no_cue
150_0,150,Temporal,False,,NA
150_0,150,Negation,False,,NA
150_0,150,Set operation,False,,NA
150_1,150,COUNT,False,,NA
150_1,150,DISTINCT,False,,NA
150_1,150,SUM,False,,NA
150_1,150,MIN,True,False,no_cue
150_1,150,MAX,False,,NA
150_1,150,GROUP BY,True,False,no_cue
150_1,150,Temporal,False,,NA
150_1,150,Negation,False,,NA
150_1,150,Set operation,False,,NA
150_2,150,COUNT,False,,NA
150_2,150,DISTINCT,False,,NA
150_2,150,SUM,False,,NA
150_2,150,MIN,True,False,no_cue
150_2,150,MAX,False,,NA
150_2,150,GROUP BY,True,False,no_cue
150_2,150,Temporal,False,,NA
150_2,150,Negation,False,,NA
150_2,150,Set operation,False,,NA
150_3,150,COUNT,False,,NA
150_3,150,DISTINCT,False,,NA
150_3,150,SUM,False,,NA
150_3,150,MIN,True,False,no_cue
150_3,150,MAX,False,,NA
150_3,150,GROUP BY,True,False,no_cue
150_3,150,Temporal,False,,NA
150_3,150,Negation,False,,NA
150_3,150,Set operation,False,,NA
150_4,150,COUNT,False,,NA
150_4,150,DISTINCT,False,,NA
150_4,150,SUM,False,,NA
150_4,150,MIN,True,False,no_cue
150_4,150,MAX,False,,NA
150_4,150,GROUP BY,True,True,explicit_cue
150_4,150,Temporal,False,,NA
150_4,150,Negation,False,,NA
150_4,150,Set operation,False,,NA
150_5,150,COUNT,False,,NA
150_5,150,DISTINCT,False,,NA
150_5,150,SUM,False,,NA
150_5,150,MIN,True,False,no_cue
150_5,150,MAX,False,,NA
150_5,150,GROUP BY,True,False,no_cue
150_5,150,Temporal,False,,NA
150_5,150,Negation,False,,NA
150_5,150,Set operation,False,,NA
151_0,151,COUNT,True,True,explicit_cue
151_0,151,DISTINCT,True,False,no_cue
151_0,151,SUM,False,,NA
151_0,151,MIN,False,,NA
151_0,151,MAX,False,,NA
151_0,151,GROUP BY,False,,NA
151_0,151,Temporal,False,,NA
151_0,151,Negation,False,,NA
151_0,151,Set operation,False,,NA
151_1,151,COUNT,True,True,explicit_cue
151_1,151,DISTINCT,True,False,no_cue
151_1,151,SUM,False,,NA
151_1,151,MIN,False,,NA
151_1,151,MAX,False,,NA
151_1,151,GROUP BY,False,,NA
151_1,151,Temporal,False,,NA
151_1,151,Negation,False,,NA
151_1,151,Set operation,False,,NA
151_2,151,COUNT,True,True,explicit_cue
151_2,151,DISTINCT,True,False,no_cue
151_2,151,SUM,False,,NA
151_2,151,MIN,False,,NA
151_2,151,MAX,False,,NA
151_2,151,GROUP BY,False,,NA
151_2,151,Temporal,False,,NA
151_2,151,Negation,False,,NA
151_2,151,Set operation,False,,NA
151_3,151,COUNT,True,True,explicit_cue
151_3,151,DISTINCT,True,False,no_cue
151_3,151,SUM,False,,NA
151_3,151,MIN,False,,NA
151_3,151,MAX,False,,NA
151_3,151,GROUP BY,False,,NA
151_3,151,Temporal,False,,NA
151_3,151,Negation,False,,NA
151_3,151,Set operation,False,,NA
151_4,151,COUNT,True,True,explicit_cue
151_4,151,DISTINCT,True,False,no_cue
151_4,151,SUM,False,,NA
151_4,151,MIN,False,,NA
151_4,151,MAX,False,,NA
151_4,151,GROUP BY,False,,NA
151_4,151,Temporal,False,,NA
151_4,151,Negation,False,,NA
151_4,151,Set operation,False,,NA
151_5,151,COUNT,True,True,explicit_cue
151_5,151,DISTINCT,True,False,no_cue
151_5,151,SUM,False,,NA
151_5,151,MIN,False,,NA
151_5,151,MAX,False,,NA
151_5,151,GROUP BY,False,,NA
151_5,151,Temporal,False,,NA
151_5,151,Negation,False,,NA
151_5,151,Set operation,False,,NA
151_6,151,COUNT,True,True,explicit_cue
151_6,151,DISTINCT,True,False,no_cue
151_6,151,SUM,False,,NA
151_6,151,MIN,False,,NA
151_6,151,MAX,False,,NA
151_6,151,GROUP BY,False,,NA
151_6,151,Temporal,False,,NA
151_6,151,Negation,False,,NA
151_6,151,Set operation,False,,NA
152_0,152,COUNT,False,,NA
152_0,152,DISTINCT,False,,NA
152_0,152,SUM,False,,NA
152_0,152,MIN,False,,NA
152_0,152,MAX,False,,NA
152_0,152,GROUP BY,False,,NA
152_0,152,Temporal,False,,NA
152_0,152,Negation,False,,NA
152_0,152,Set operation,False,,NA
152_1,152,COUNT,False,,NA
152_1,152,DISTINCT,False,,NA
152_1,152,SUM,False,,NA
152_1,152,MIN,False,,NA
152_1,152,MAX,False,,NA
152_1,152,GROUP BY,False,,NA
152_1,152,Temporal,False,,NA
152_1,152,Negation,False,,NA
152_1,152,Set operation,False,,NA
152_2,152,COUNT,False,,NA
152_2,152,DISTINCT,False,,NA
152_2,152,SUM,False,,NA
152_2,152,MIN,False,,NA
152_2,152,MAX,False,,NA
152_2,152,GROUP BY,False,,NA
152_2,152,Temporal,False,,NA
152_2,152,Negation,False,,NA
152_2,152,Set operation,False,,NA
152_3,152,COUNT,False,,NA
152_3,152,DISTINCT,False,,NA
152_3,152,SUM,False,,NA
152_3,152,MIN,False,,NA
152_3,152,MAX,False,,NA
152_3,152,GROUP BY,False,,NA
152_3,152,Temporal,False,,NA
152_3,152,Negation,False,,NA
152_3,152,Set operation,False,,NA
152_4,152,COUNT,False,,NA
152_4,152,DISTINCT,False,,NA
152_4,152,SUM,False,,NA
152_4,152,MIN,False,,NA
152_4,152,MAX,False,,NA
152_4,152,GROUP BY,False,,NA
152_4,152,Temporal,False,,NA
152_4,152,Negation,False,,NA
152_4,152,Set operation,False,,NA
152_5,152,COUNT,False,,NA
152_5,152,DISTINCT,False,,NA
152_5,152,SUM,False,,NA
152_5,152,MIN,False,,NA
152_5,152,MAX,False,,NA
152_5,152,GROUP BY,False,,NA
152_5,152,Temporal,False,,NA
152_5,152,Negation,False,,NA
152_5,152,Set operation,False,,NA
152_6,152,COUNT,False,,NA
152_6,152,DISTINCT,False,,NA
152_6,152,SUM,False,,NA
152_6,152,MIN,False,,NA
152_6,152,MAX,False,,NA
152_6,152,GROUP BY,False,,NA
152_6,152,Temporal,False,,NA
152_6,152,Negation,False,,NA
152_6,152,Set operation,False,,NA
153_0,153,COUNT,True,False,no_cue
153_0,153,DISTINCT,False,,NA
153_0,153,SUM,False,,NA
153_0,153,MIN,False,,NA
153_0,153,MAX,False,,NA
153_0,153,GROUP BY,True,True,explicit_cue
153_0,153,Temporal,False,,NA
153_0,153,Negation,False,,NA
153_0,153,Set operation,False,,NA
153_1,153,COUNT,True,False,no_cue
153_1,153,DISTINCT,False,,NA
153_1,153,SUM,False,,NA
153_1,153,MIN,False,,NA
153_1,153,MAX,False,,NA
153_1,153,GROUP BY,True,True,explicit_cue
153_1,153,Temporal,False,,NA
153_1,153,Negation,False,,NA
153_1,153,Set operation,False,,NA
153_2,153,COUNT,True,True,explicit_cue
153_2,153,DISTINCT,False,,NA
153_2,153,SUM,False,,NA
153_2,153,MIN,False,,NA
153_2,153,MAX,False,,NA
153_2,153,GROUP BY,True,True,explicit_cue
153_2,153,Temporal,False,,NA
153_2,153,Negation,False,,NA
153_2,153,Set operation,False,,NA
153_3,153,COUNT,True,True,explicit_cue
153_3,153,DISTINCT,False,,NA
153_3,153,SUM,False,,NA
153_3,153,MIN,False,,NA
153_3,153,MAX,False,,NA
153_3,153,GROUP BY,True,True,explicit_cue
153_3,153,Temporal,False,,NA
153_3,153,Negation,False,,NA
153_3,153,Set operation,False,,NA
153_4,153,COUNT,True,False,no_cue
153_4,153,DISTINCT,False,,NA
153_4,153,SUM,False,,NA
153_4,153,MIN,False,,NA
153_4,153,MAX,False,,NA
153_4,153,GROUP BY,True,True,explicit_cue
153_4,153,Temporal,False,,NA
153_4,153,Negation,False,,NA
153_4,153,Set operation,False,,NA
153_5,153,COUNT,True,False,no_cue
153_5,153,DISTINCT,False,,NA
153_5,153,SUM,False,,NA
153_5,153,MIN,False,,NA
153_5,153,MAX,False,,NA
153_5,153,GROUP BY,True,False,no_cue
153_5,153,Temporal,False,,NA
153_5,153,Negation,False,,NA
153_5,153,Set operation,False,,NA
153_6,153,COUNT,True,False,no_cue
153_6,153,DISTINCT,False,,NA
153_6,153,SUM,False,,NA
153_6,153,MIN,False,,NA
153_6,153,MAX,False,,NA
153_6,153,GROUP BY,True,False,no_cue
153_6,153,Temporal,False,,NA
153_6,153,Negation,False,,NA
153_6,153,Set operation,False,,NA
154_0,154,COUNT,True,True,explicit_cue
154_0,154,DISTINCT,False,,NA
154_0,154,SUM,False,,NA
154_0,154,MIN,True,False,no_cue
154_0,154,MAX,False,,NA
154_0,154,GROUP BY,True,True,explicit_cue
154_0,154,Temporal,False,,NA
154_0,154,Negation,False,,NA
154_0,154,Set operation,False,,NA
154_1,154,COUNT,True,True,explicit_cue
154_1,154,DISTINCT,False,,NA
154_1,154,SUM,False,,NA
154_1,154,MIN,True,False,no_cue
154_1,154,MAX,False,,NA
154_1,154,GROUP BY,True,True,explicit_cue
154_1,154,Temporal,False,,NA
154_1,154,Negation,False,,NA
154_1,154,Set operation,False,,NA
154_2,154,COUNT,True,True,explicit_cue
154_2,154,DISTINCT,False,,NA
154_2,154,SUM,False,,NA
154_2,154,MIN,True,False,no_cue
154_2,154,MAX,False,,NA
154_2,154,GROUP BY,True,True,explicit_cue
154_2,154,Temporal,False,,NA
154_2,154,Negation,False,,NA
154_2,154,Set operation,False,,NA
154_3,154,COUNT,True,True,explicit_cue
154_3,154,DISTINCT,False,,NA
154_3,154,SUM,False,,NA
154_3,154,MIN,True,False,no_cue
154_3,154,MAX,False,,NA
154_3,154,GROUP BY,True,True,explicit_cue
154_3,154,Temporal,False,,NA
154_3,154,Negation,False,,NA
154_3,154,Set operation,False,,NA
154_4,154,COUNT,True,True,explicit_cue
154_4,154,DISTINCT,False,,NA
154_4,154,SUM,False,,NA
154_4,154,MIN,True,False,no_cue
154_4,154,MAX,False,,NA
154_4,154,GROUP BY,True,True,explicit_cue
154_4,154,Temporal,False,,NA
154_4,154,Negation,False,,NA
154_4,154,Set operation,False,,NA
154_5,154,COUNT,True,True,explicit_cue
154_5,154,DISTINCT,False,,NA
154_5,154,SUM,False,,NA
154_5,154,MIN,True,False,no_cue
154_5,154,MAX,False,,NA
154_5,154,GROUP BY,True,True,explicit_cue
154_5,154,Temporal,False,,NA
154_5,154,Negation,False,,NA
154_5,154,Set operation,False,,NA
154_6,154,COUNT,True,True,explicit_cue
154_6,154,DISTINCT,False,,NA
154_6,154,SUM,False,,NA
154_6,154,MIN,True,False,no_cue
154_6,154,MAX,False,,NA
154_6,154,GROUP BY,True,True,explicit_cue
154_6,154,Temporal,False,,NA
154_6,154,Negation,False,,NA
154_6,154,Set operation,False,,NA
155_0,155,COUNT,True,True,explicit_cue
155_0,155,DISTINCT,True,False,no_cue
155_0,155,SUM,False,,NA
155_0,155,MIN,False,,NA
155_0,155,MAX,False,,NA
155_0,155,GROUP BY,False,,NA
155_0,155,Temporal,False,,NA
155_0,155,Negation,False,,NA
155_0,155,Set operation,False,,NA
155_1,155,COUNT,True,True,explicit_cue
155_1,155,DISTINCT,True,False,no_cue
155_1,155,SUM,False,,NA
155_1,155,MIN,False,,NA
155_1,155,MAX,False,,NA
155_1,155,GROUP BY,False,,NA
155_1,155,Temporal,False,,NA
155_1,155,Negation,False,,NA
155_1,155,Set operation,False,,NA
155_2,155,COUNT,True,True,explicit_cue
155_2,155,DISTINCT,True,False,no_cue
155_2,155,SUM,False,,NA
155_2,155,MIN,False,,NA
155_2,155,MAX,False,,NA
155_2,155,GROUP BY,False,,NA
155_2,155,Temporal,False,,NA
155_2,155,Negation,False,,NA
155_2,155,Set operation,False,,NA
155_3,155,COUNT,True,True,explicit_cue
155_3,155,DISTINCT,True,False,no_cue
155_3,155,SUM,False,,NA
155_3,155,MIN,False,,NA
155_3,155,MAX,False,,NA
155_3,155,GROUP BY,False,,NA
155_3,155,Temporal,False,,NA
155_3,155,Negation,False,,NA
155_3,155,Set operation,False,,NA
155_4,155,COUNT,True,True,explicit_cue
155_4,155,DISTINCT,True,False,no_cue
155_4,155,SUM,False,,NA
155_4,155,MIN,False,,NA
155_4,155,MAX,False,,NA
155_4,155,GROUP BY,False,,NA
155_4,155,Temporal,False,,NA
155_4,155,Negation,False,,NA
155_4,155,Set operation,False,,NA
155_5,155,COUNT,True,True,explicit_cue
155_5,155,DISTINCT,True,False,no_cue
155_5,155,SUM,False,,NA
155_5,155,MIN,False,,NA
155_5,155,MAX,False,,NA
155_5,155,GROUP BY,False,,NA
155_5,155,Temporal,False,,NA
155_5,155,Negation,False,,NA
155_5,155,Set operation,False,,NA
155_6,155,COUNT,True,True,explicit_cue
155_6,155,DISTINCT,True,False,no_cue
155_6,155,SUM,False,,NA
155_6,155,MIN,False,,NA
155_6,155,MAX,False,,NA
155_6,155,GROUP BY,False,,NA
155_6,155,Temporal,False,,NA
155_6,155,Negation,False,,NA
155_6,155,Set operation,False,,NA
155_7,155,COUNT,True,True,explicit_cue
155_7,155,DISTINCT,True,False,no_cue
155_7,155,SUM,False,,NA
155_7,155,MIN,False,,NA
155_7,155,MAX,False,,NA
155_7,155,GROUP BY,False,,NA
155_7,155,Temporal,False,,NA
155_7,155,Negation,False,,NA
155_7,155,Set operation,False,,NA
156_0,156,COUNT,True,True,explicit_cue
156_0,156,DISTINCT,True,False,no_cue
156_0,156,SUM,False,,NA
156_0,156,MIN,False,,NA
156_0,156,MAX,False,,NA
156_0,156,GROUP BY,True,True,explicit_cue
156_0,156,Temporal,True,True,explicit_cue
156_0,156,Negation,False,,NA
156_0,156,Set operation,False,,NA
156_1,156,COUNT,True,True,explicit_cue
156_1,156,DISTINCT,True,False,no_cue
156_1,156,SUM,False,,NA
156_1,156,MIN,False,,NA
156_1,156,MAX,False,,NA
156_1,156,GROUP BY,True,True,explicit_cue
156_1,156,Temporal,True,True,explicit_cue
156_1,156,Negation,False,,NA
156_1,156,Set operation,False,,NA
156_2,156,COUNT,True,True,explicit_cue
156_2,156,DISTINCT,True,False,no_cue
156_2,156,SUM,False,,NA
156_2,156,MIN,False,,NA
156_2,156,MAX,False,,NA
156_2,156,GROUP BY,True,True,explicit_cue
156_2,156,Temporal,True,True,explicit_cue
156_2,156,Negation,False,,NA
156_2,156,Set operation,False,,NA
156_3,156,COUNT,True,True,explicit_cue
156_3,156,DISTINCT,True,False,no_cue
156_3,156,SUM,False,,NA
156_3,156,MIN,False,,NA
156_3,156,MAX,False,,NA
156_3,156,GROUP BY,True,True,explicit_cue
156_3,156,Temporal,True,True,explicit_cue
156_3,156,Negation,False,,NA
156_3,156,Set operation,False,,NA
156_4,156,COUNT,True,True,explicit_cue
156_4,156,DISTINCT,True,False,no_cue
156_4,156,SUM,False,,NA
156_4,156,MIN,False,,NA
156_4,156,MAX,False,,NA
156_4,156,GROUP BY,True,True,explicit_cue
156_4,156,Temporal,True,True,explicit_cue
156_4,156,Negation,False,,NA
156_4,156,Set operation,False,,NA
156_5,156,COUNT,True,True,explicit_cue
156_5,156,DISTINCT,True,False,no_cue
156_5,156,SUM,False,,NA
156_5,156,MIN,False,,NA
156_5,156,MAX,False,,NA
156_5,156,GROUP BY,True,True,explicit_cue
156_5,156,Temporal,True,True,explicit_cue
156_5,156,Negation,False,,NA
156_5,156,Set operation,False,,NA
156_6,156,COUNT,True,True,explicit_cue
156_6,156,DISTINCT,True,False,no_cue
156_6,156,SUM,False,,NA
156_6,156,MIN,False,,NA
156_6,156,MAX,False,,NA
156_6,156,GROUP BY,True,True,explicit_cue
156_6,156,Temporal,True,True,explicit_cue
156_6,156,Negation,False,,NA
156_6,156,Set operation,False,,NA
156_7,156,COUNT,True,True,explicit_cue
156_7,156,DISTINCT,True,False,no_cue
156_7,156,SUM,False,,NA
156_7,156,MIN,False,,NA
156_7,156,MAX,False,,NA
156_7,156,GROUP BY,True,True,explicit_cue
156_7,156,Temporal,True,True,explicit_cue
156_7,156,Negation,False,,NA
156_7,156,Set operation,False,,NA
157_0,157,COUNT,True,False,no_cue
157_0,157,DISTINCT,False,,NA
157_0,157,SUM,False,,NA
157_0,157,MIN,True,False,no_cue
157_0,157,MAX,True,True,explicit_cue
157_0,157,GROUP BY,True,False,no_cue
157_0,157,Temporal,False,,NA
157_0,157,Negation,False,,NA
157_0,157,Set operation,False,,NA
157_1,157,COUNT,True,False,no_cue
157_1,157,DISTINCT,False,,NA
157_1,157,SUM,False,,NA
157_1,157,MIN,True,False,no_cue
157_1,157,MAX,True,True,explicit_cue
157_1,157,GROUP BY,True,True,explicit_cue
157_1,157,Temporal,False,,NA
157_1,157,Negation,False,,NA
157_1,157,Set operation,False,,NA
157_2,157,COUNT,True,False,no_cue
157_2,157,DISTINCT,False,,NA
157_2,157,SUM,False,,NA
157_2,157,MIN,True,False,no_cue
157_2,157,MAX,True,True,explicit_cue
157_2,157,GROUP BY,True,True,explicit_cue
157_2,157,Temporal,False,,NA
157_2,157,Negation,False,,NA
157_2,157,Set operation,False,,NA
157_3,157,COUNT,True,False,no_cue
157_3,157,DISTINCT,False,,NA
157_3,157,SUM,False,,NA
157_3,157,MIN,True,False,no_cue
157_3,157,MAX,True,True,explicit_cue
157_3,157,GROUP BY,True,True,explicit_cue
157_3,157,Temporal,False,,NA
157_3,157,Negation,False,,NA
157_3,157,Set operation,False,,NA
157_4,157,COUNT,True,False,no_cue
157_4,157,DISTINCT,False,,NA
157_4,157,SUM,False,,NA
157_4,157,MIN,True,False,no_cue
157_4,157,MAX,True,True,explicit_cue
157_4,157,GROUP BY,True,True,explicit_cue
157_4,157,Temporal,False,,NA
157_4,157,Negation,False,,NA
157_4,157,Set operation,False,,NA
157_5,157,COUNT,True,False,no_cue
157_5,157,DISTINCT,False,,NA
157_5,157,SUM,False,,NA
157_5,157,MIN,True,False,no_cue
157_5,157,MAX,True,False,no_cue
157_5,157,GROUP BY,True,True,explicit_cue
157_5,157,Temporal,False,,NA
157_5,157,Negation,False,,NA
157_5,157,Set operation,False,,NA
157_6,157,COUNT,True,False,no_cue
157_6,157,DISTINCT,False,,NA
157_6,157,SUM,False,,NA
157_6,157,MIN,True,False,no_cue
157_6,157,MAX,True,True,explicit_cue
157_6,157,GROUP BY,True,True,explicit_cue
157_6,157,Temporal,False,,NA
157_6,157,Negation,False,,NA
157_6,157,Set operation,False,,NA
157_7,157,COUNT,True,True,explicit_cue
157_7,157,DISTINCT,False,,NA
157_7,157,SUM,False,,NA
157_7,157,MIN,True,False,no_cue
157_7,157,MAX,True,True,explicit_cue
157_7,157,GROUP BY,True,True,explicit_cue
157_7,157,Temporal,False,,NA
157_7,157,Negation,False,,NA
157_7,157,Set operation,False,,NA
157_8,157,COUNT,True,False,no_cue
157_8,157,DISTINCT,False,,NA
157_8,157,SUM,False,,NA
157_8,157,MIN,True,False,no_cue
157_8,157,MAX,True,True,explicit_cue
157_8,157,GROUP BY,True,True,explicit_cue
157_8,157,Temporal,False,,NA
157_8,157,Negation,False,,NA
157_8,157,Set operation,False,,NA
158_0,158,COUNT,True,True,explicit_cue
158_0,158,DISTINCT,False,,NA
158_0,158,SUM,False,,NA
158_0,158,MIN,True,True,explicit_cue
158_0,158,MAX,True,False,no_cue
158_0,158,GROUP BY,True,True,explicit_cue
158_0,158,Temporal,False,,NA
158_0,158,Negation,False,,NA
158_0,158,Set operation,False,,NA
158_1,158,COUNT,True,True,explicit_cue
158_1,158,DISTINCT,False,,NA
158_1,158,SUM,False,,NA
158_1,158,MIN,True,True,explicit_cue
158_1,158,MAX,True,True,explicit_cue
158_1,158,GROUP BY,True,False,no_cue
158_1,158,Temporal,False,,NA
158_1,158,Negation,False,,NA
158_1,158,Set operation,False,,NA
158_2,158,COUNT,True,False,no_cue
158_2,158,DISTINCT,False,,NA
158_2,158,SUM,False,,NA
158_2,158,MIN,True,True,explicit_cue
158_2,158,MAX,True,True,explicit_cue
158_2,158,GROUP BY,True,False,no_cue
158_2,158,Temporal,False,,NA
158_2,158,Negation,False,,NA
158_2,158,Set operation,False,,NA
158_3,158,COUNT,True,False,no_cue
158_3,158,DISTINCT,False,,NA
158_3,158,SUM,False,,NA
158_3,158,MIN,True,False,no_cue
158_3,158,MAX,True,True,explicit_cue
158_3,158,GROUP BY,True,False,no_cue
158_3,158,Temporal,False,,NA
158_3,158,Negation,False,,NA
158_3,158,Set operation,False,,NA
158_4,158,COUNT,True,False,no_cue
158_4,158,DISTINCT,False,,NA
158_4,158,SUM,False,,NA
158_4,158,MIN,True,False,no_cue
158_4,158,MAX,True,True,explicit_cue
158_4,158,GROUP BY,True,True,explicit_cue
158_4,158,Temporal,False,,NA
158_4,158,Negation,False,,NA
158_4,158,Set operation,False,,NA
158_5,158,COUNT,True,True,explicit_cue
158_5,158,DISTINCT,False,,NA
158_5,158,SUM,False,,NA
158_5,158,MIN,True,True,explicit_cue
158_5,158,MAX,True,True,explicit_cue
158_5,158,GROUP BY,True,True,explicit_cue
158_5,158,Temporal,False,,NA
158_5,158,Negation,False,,NA
158_5,158,Set operation,False,,NA
158_6,158,COUNT,True,False,no_cue
158_6,158,DISTINCT,False,,NA
158_6,158,SUM,False,,NA
158_6,158,MIN,True,True,explicit_cue
158_6,158,MAX,True,False,no_cue
158_6,158,GROUP BY,True,False,no_cue
158_6,158,Temporal,False,,NA
158_6,158,Negation,False,,NA
158_6,158,Set operation,False,,NA
158_7,158,COUNT,True,False,no_cue
158_7,158,DISTINCT,False,,NA
158_7,158,SUM,False,,NA
158_7,158,MIN,True,False,no_cue
158_7,158,MAX,True,True,explicit_cue
158_7,158,GROUP BY,True,False,no_cue
158_7,158,Temporal,False,,NA
158_7,158,Negation,False,,NA
158_7,158,Set operation,False,,NA
159_0,159,COUNT,False,,NA
159_0,159,DISTINCT,True,False,no_cue
159_0,159,SUM,False,,NA
159_0,159,MIN,True,False,no_cue
159_0,159,MAX,False,,NA
159_0,159,GROUP BY,True,False,no_cue
159_0,159,Temporal,False,,NA
159_0,159,Negation,False,,NA
159_0,159,Set operation,False,,NA
159_1,159,COUNT,False,,NA
159_1,159,DISTINCT,True,False,no_cue
159_1,159,SUM,False,,NA
159_1,159,MIN,True,False,no_cue
159_1,159,MAX,False,,NA
159_1,159,GROUP BY,True,False,no_cue
159_1,159,Temporal,False,,NA
159_1,159,Negation,False,,NA
159_1,159,Set operation,False,,NA
159_2,159,COUNT,False,,NA
159_2,159,DISTINCT,True,False,no_cue
159_2,159,SUM,False,,NA
159_2,159,MIN,True,False,no_cue
159_2,159,MAX,False,,NA
159_2,159,GROUP BY,True,False,no_cue
159_2,159,Temporal,False,,NA
159_2,159,Negation,False,,NA
159_2,159,Set operation,False,,NA
159_3,159,COUNT,False,,NA
159_3,159,DISTINCT,True,False,no_cue
159_3,159,SUM,False,,NA
159_3,159,MIN,True,False,no_cue
159_3,159,MAX,False,,NA
159_3,159,GROUP BY,True,False,no_cue
159_3,159,Temporal,False,,NA
159_3,159,Negation,False,,NA
159_3,159,Set operation,False,,NA
159_4,159,COUNT,False,,NA
159_4,159,DISTINCT,True,False,no_cue
159_4,159,SUM,False,,NA
159_4,159,MIN,True,False,no_cue
159_4,159,MAX,False,,NA
159_4,159,GROUP BY,True,False,no_cue
159_4,159,Temporal,False,,NA
159_4,159,Negation,False,,NA
159_4,159,Set operation,False,,NA
159_5,159,COUNT,False,,NA
159_5,159,DISTINCT,True,False,no_cue
159_5,159,SUM,False,,NA
159_5,159,MIN,True,False,no_cue
159_5,159,MAX,False,,NA
159_5,159,GROUP BY,True,False,no_cue
159_5,159,Temporal,False,,NA
159_5,159,Negation,False,,NA
159_5,159,Set operation,False,,NA
159_6,159,COUNT,False,,NA
159_6,159,DISTINCT,True,False,no_cue
159_6,159,SUM,False,,NA
159_6,159,MIN,True,False,no_cue
159_6,159,MAX,False,,NA
159_6,159,GROUP BY,True,False,no_cue
159_6,159,Temporal,False,,NA
159_6,159,Negation,False,,NA
159_6,159,Set operation,False,,NA
159_7,159,COUNT,False,,NA
159_7,159,DISTINCT,True,False,no_cue
159_7,159,SUM,False,,NA
159_7,159,MIN,True,False,no_cue
159_7,159,MAX,False,,NA
159_7,159,GROUP BY,True,False,no_cue
159_7,159,Temporal,False,,NA
159_7,159,Negation,False,,NA
159_7,159,Set operation,False,,NA
159_8,159,COUNT,False,,NA
159_8,159,DISTINCT,True,False,no_cue
159_8,159,SUM,False,,NA
159_8,159,MIN,True,False,no_cue
159_8,159,MAX,False,,NA
159_8,159,GROUP BY,True,False,no_cue
159_8,159,Temporal,False,,NA
159_8,159,Negation,False,,NA
159_8,159,Set operation,False,,NA
159_9,159,COUNT,False,,NA
159_9,159,DISTINCT,True,False,no_cue
159_9,159,SUM,False,,NA
159_9,159,MIN,True,False,no_cue
159_9,159,MAX,False,,NA
159_9,159,GROUP BY,True,False,no_cue
159_9,159,Temporal,False,,NA
159_9,159,Negation,False,,NA
159_9,159,Set operation,False,,NA
159_10,159,COUNT,False,,NA
159_10,159,DISTINCT,True,False,no_cue
159_10,159,SUM,False,,NA
159_10,159,MIN,True,False,no_cue
159_10,159,MAX,False,,NA
159_10,159,GROUP BY,True,False,no_cue
159_10,159,Temporal,False,,NA
159_10,159,Negation,False,,NA
159_10,159,Set operation,False,,NA
159_11,159,COUNT,False,,NA
159_11,159,DISTINCT,True,False,no_cue
159_11,159,SUM,False,,NA
159_11,159,MIN,True,False,no_cue
159_11,159,MAX,False,,NA
159_11,159,GROUP BY,True,False,no_cue
159_11,159,Temporal,False,,NA
159_11,159,Negation,False,,NA
159_11,159,Set operation,False,,NA
160_0,160,COUNT,True,False,no_cue
160_0,160,DISTINCT,False,,NA
160_0,160,SUM,False,,NA
160_0,160,MIN,False,,NA
160_0,160,MAX,False,,NA
160_0,160,GROUP BY,True,False,no_cue
160_0,160,Temporal,False,,NA
160_0,160,Negation,False,,NA
160_0,160,Set operation,False,,NA
160_1,160,COUNT,True,False,no_cue
160_1,160,DISTINCT,False,,NA
160_1,160,SUM,False,,NA
160_1,160,MIN,False,,NA
160_1,160,MAX,False,,NA
160_1,160,GROUP BY,True,False,no_cue
160_1,160,Temporal,False,,NA
160_1,160,Negation,False,,NA
160_1,160,Set operation,False,,NA
160_2,160,COUNT,True,False,no_cue
160_2,160,DISTINCT,False,,NA
160_2,160,SUM,False,,NA
160_2,160,MIN,False,,NA
160_2,160,MAX,False,,NA
160_2,160,GROUP BY,True,False,no_cue
160_2,160,Temporal,False,,NA
160_2,160,Negation,False,,NA
160_2,160,Set operation,False,,NA
160_3,160,COUNT,True,False,no_cue
160_3,160,DISTINCT,False,,NA
160_3,160,SUM,False,,NA
160_3,160,MIN,False,,NA
160_3,160,MAX,False,,NA
160_3,160,GROUP BY,True,False,no_cue
160_3,160,Temporal,False,,NA
160_3,160,Negation,False,,NA
160_3,160,Set operation,False,,NA
160_4,160,COUNT,True,False,no_cue
160_4,160,DISTINCT,False,,NA
160_4,160,SUM,False,,NA
160_4,160,MIN,False,,NA
160_4,160,MAX,False,,NA
160_4,160,GROUP BY,True,False,no_cue
160_4,160,Temporal,False,,NA
160_4,160,Negation,False,,NA
160_4,160,Set operation,False,,NA
160_5,160,COUNT,True,True,explicit_cue
160_5,160,DISTINCT,False,,NA
160_5,160,SUM,False,,NA
160_5,160,MIN,False,,NA
160_5,160,MAX,False,,NA
160_5,160,GROUP BY,True,False,no_cue
160_5,160,Temporal,False,,NA
160_5,160,Negation,False,,NA
160_5,160,Set operation,False,,NA
160_6,160,COUNT,True,False,no_cue
160_6,160,DISTINCT,False,,NA
160_6,160,SUM,False,,NA
160_6,160,MIN,False,,NA
160_6,160,MAX,False,,NA
160_6,160,GROUP BY,True,False,no_cue
160_6,160,Temporal,False,,NA
160_6,160,Negation,False,,NA
160_6,160,Set operation,False,,NA
160_7,160,COUNT,True,False,no_cue
160_7,160,DISTINCT,False,,NA
160_7,160,SUM,False,,NA
160_7,160,MIN,False,,NA
160_7,160,MAX,False,,NA
160_7,160,GROUP BY,True,False,no_cue
160_7,160,Temporal,False,,NA
160_7,160,Negation,False,,NA
160_7,160,Set operation,False,,NA
160_8,160,COUNT,True,False,no_cue
160_8,160,DISTINCT,False,,NA
160_8,160,SUM,False,,NA
160_8,160,MIN,False,,NA
160_8,160,MAX,False,,NA
160_8,160,GROUP BY,True,False,no_cue
160_8,160,Temporal,False,,NA
160_8,160,Negation,False,,NA
160_8,160,Set operation,False,,NA
160_9,160,COUNT,True,False,no_cue
160_9,160,DISTINCT,False,,NA
160_9,160,SUM,False,,NA
160_9,160,MIN,False,,NA
160_9,160,MAX,False,,NA
160_9,160,GROUP BY,True,False,no_cue
160_9,160,Temporal,False,,NA
160_9,160,Negation,False,,NA
160_9,160,Set operation,False,,NA
160_10,160,COUNT,True,False,no_cue
160_10,160,DISTINCT,False,,NA
160_10,160,SUM,False,,NA
160_10,160,MIN,False,,NA
160_10,160,MAX,False,,NA
160_10,160,GROUP BY,True,False,no_cue
160_10,160,Temporal,False,,NA
160_10,160,Negation,False,,NA
160_10,160,Set operation,False,,NA
160_11,160,COUNT,True,False,no_cue
160_11,160,DISTINCT,False,,NA
160_11,160,SUM,False,,NA
160_11,160,MIN,False,,NA
160_11,160,MAX,False,,NA
160_11,160,GROUP BY,True,False,no_cue
160_11,160,Temporal,False,,NA
160_11,160,Negation,False,,NA
160_11,160,Set operation,False,,NA
161_0,161,COUNT,False,,NA
161_0,161,DISTINCT,False,,NA
161_0,161,SUM,False,,NA
161_0,161,MIN,False,,NA
161_0,161,MAX,False,,NA
161_0,161,GROUP BY,False,,NA
161_0,161,Temporal,False,,NA
161_0,161,Negation,False,,NA
161_0,161,Set operation,False,,NA
161_1,161,COUNT,False,,NA
161_1,161,DISTINCT,False,,NA
161_1,161,SUM,False,,NA
161_1,161,MIN,False,,NA
161_1,161,MAX,False,,NA
161_1,161,GROUP BY,False,,NA
161_1,161,Temporal,False,,NA
161_1,161,Negation,False,,NA
161_1,161,Set operation,False,,NA
161_2,161,COUNT,False,,NA
161_2,161,DISTINCT,False,,NA
161_2,161,SUM,False,,NA
161_2,161,MIN,False,,NA
161_2,161,MAX,False,,NA
161_2,161,GROUP BY,False,,NA
161_2,161,Temporal,False,,NA
161_2,161,Negation,False,,NA
161_2,161,Set operation,False,,NA
161_3,161,COUNT,False,,NA
161_3,161,DISTINCT,False,,NA
161_3,161,SUM,False,,NA
161_3,161,MIN,False,,NA
161_3,161,MAX,False,,NA
161_3,161,GROUP BY,False,,NA
161_3,161,Temporal,False,,NA
161_3,161,Negation,False,,NA
161_3,161,Set operation,False,,NA
161_4,161,COUNT,False,,NA
161_4,161,DISTINCT,False,,NA
161_4,161,SUM,False,,NA
161_4,161,MIN,False,,NA
161_4,161,MAX,False,,NA
161_4,161,GROUP BY,False,,NA
161_4,161,Temporal,False,,NA
161_4,161,Negation,False,,NA
161_4,161,Set operation,False,,NA
161_5,161,COUNT,False,,NA
161_5,161,DISTINCT,False,,NA
161_5,161,SUM,False,,NA
161_5,161,MIN,False,,NA
161_5,161,MAX,False,,NA
161_5,161,GROUP BY,False,,NA
161_5,161,Temporal,False,,NA
161_5,161,Negation,False,,NA
161_5,161,Set operation,False,,NA
161_6,161,COUNT,False,,NA
161_6,161,DISTINCT,False,,NA
161_6,161,SUM,False,,NA
161_6,161,MIN,False,,NA
161_6,161,MAX,False,,NA
161_6,161,GROUP BY,False,,NA
161_6,161,Temporal,False,,NA
161_6,161,Negation,False,,NA
161_6,161,Set operation,False,,NA
161_7,161,COUNT,False,,NA
161_7,161,DISTINCT,False,,NA
161_7,161,SUM,False,,NA
161_7,161,MIN,False,,NA
161_7,161,MAX,False,,NA
161_7,161,GROUP BY,False,,NA
161_7,161,Temporal,False,,NA
161_7,161,Negation,False,,NA
161_7,161,Set operation,False,,NA
161_8,161,COUNT,False,,NA
161_8,161,DISTINCT,False,,NA
161_8,161,SUM,False,,NA
161_8,161,MIN,False,,NA
161_8,161,MAX,False,,NA
161_8,161,GROUP BY,False,,NA
161_8,161,Temporal,False,,NA
161_8,161,Negation,False,,NA
161_8,161,Set operation,False,,NA
162_0,162,COUNT,True,True,explicit_cue
162_0,162,DISTINCT,False,,NA
162_0,162,SUM,False,,NA
162_0,162,MIN,False,,NA
162_0,162,MAX,False,,NA
162_0,162,GROUP BY,True,True,explicit_cue
162_0,162,Temporal,False,,NA
162_0,162,Negation,False,,NA
162_0,162,Set operation,False,,NA
162_1,162,COUNT,True,True,explicit_cue
162_1,162,DISTINCT,False,,NA
162_1,162,SUM,False,,NA
162_1,162,MIN,False,,NA
162_1,162,MAX,False,,NA
162_1,162,GROUP BY,True,True,explicit_cue
162_1,162,Temporal,False,,NA
162_1,162,Negation,False,,NA
162_1,162,Set operation,False,,NA
162_2,162,COUNT,True,True,explicit_cue
162_2,162,DISTINCT,False,,NA
162_2,162,SUM,False,,NA
162_2,162,MIN,False,,NA
162_2,162,MAX,False,,NA
162_2,162,GROUP BY,True,True,explicit_cue
162_2,162,Temporal,False,,NA
162_2,162,Negation,False,,NA
162_2,162,Set operation,False,,NA
162_3,162,COUNT,True,True,explicit_cue
162_3,162,DISTINCT,False,,NA
162_3,162,SUM,False,,NA
162_3,162,MIN,False,,NA
162_3,162,MAX,False,,NA
162_3,162,GROUP BY,True,True,explicit_cue
162_3,162,Temporal,False,,NA
162_3,162,Negation,False,,NA
162_3,162,Set operation,False,,NA
162_4,162,COUNT,True,True,explicit_cue
162_4,162,DISTINCT,False,,NA
162_4,162,SUM,False,,NA
162_4,162,MIN,False,,NA
162_4,162,MAX,False,,NA
162_4,162,GROUP BY,True,True,explicit_cue
162_4,162,Temporal,False,,NA
162_4,162,Negation,False,,NA
162_4,162,Set operation,False,,NA
162_5,162,COUNT,True,True,explicit_cue
162_5,162,DISTINCT,False,,NA
162_5,162,SUM,False,,NA
162_5,162,MIN,False,,NA
162_5,162,MAX,False,,NA
162_5,162,GROUP BY,True,True,explicit_cue
162_5,162,Temporal,False,,NA
162_5,162,Negation,False,,NA
162_5,162,Set operation,False,,NA
162_6,162,COUNT,True,True,explicit_cue
162_6,162,DISTINCT,False,,NA
162_6,162,SUM,False,,NA
162_6,162,MIN,False,,NA
162_6,162,MAX,False,,NA
162_6,162,GROUP BY,True,True,explicit_cue
162_6,162,Temporal,False,,NA
162_6,162,Negation,False,,NA
162_6,162,Set operation,False,,NA
162_7,162,COUNT,True,True,explicit_cue
162_7,162,DISTINCT,False,,NA
162_7,162,SUM,False,,NA
162_7,162,MIN,False,,NA
162_7,162,MAX,False,,NA
162_7,162,GROUP BY,True,True,explicit_cue
162_7,162,Temporal,False,,NA
162_7,162,Negation,False,,NA
162_7,162,Set operation,False,,NA
162_8,162,COUNT,True,True,explicit_cue
162_8,162,DISTINCT,False,,NA
162_8,162,SUM,False,,NA
162_8,162,MIN,False,,NA
162_8,162,MAX,False,,NA
162_8,162,GROUP BY,True,True,explicit_cue
162_8,162,Temporal,False,,NA
162_8,162,Negation,False,,NA
162_8,162,Set operation,False,,NA
162_9,162,COUNT,True,True,explicit_cue
162_9,162,DISTINCT,False,,NA
162_9,162,SUM,False,,NA
162_9,162,MIN,False,,NA
162_9,162,MAX,False,,NA
162_9,162,GROUP BY,True,True,explicit_cue
162_9,162,Temporal,False,,NA
162_9,162,Negation,False,,NA
162_9,162,Set operation,False,,NA
163_0,163,COUNT,True,True,explicit_cue
163_0,163,DISTINCT,True,False,no_cue
163_0,163,SUM,False,,NA
163_0,163,MIN,False,,NA
163_0,163,MAX,False,,NA
163_0,163,GROUP BY,True,True,explicit_cue
163_0,163,Temporal,False,,NA
163_0,163,Negation,False,,NA
163_0,163,Set operation,False,,NA
163_1,163,COUNT,True,True,explicit_cue
163_1,163,DISTINCT,True,False,no_cue
163_1,163,SUM,False,,NA
163_1,163,MIN,False,,NA
163_1,163,MAX,False,,NA
163_1,163,GROUP BY,True,True,explicit_cue
163_1,163,Temporal,False,,NA
163_1,163,Negation,False,,NA
163_1,163,Set operation,False,,NA
163_2,163,COUNT,True,True,explicit_cue
163_2,163,DISTINCT,True,False,no_cue
163_2,163,SUM,False,,NA
163_2,163,MIN,False,,NA
163_2,163,MAX,False,,NA
163_2,163,GROUP BY,True,True,explicit_cue
163_2,163,Temporal,False,,NA
163_2,163,Negation,False,,NA
163_2,163,Set operation,False,,NA
163_3,163,COUNT,True,True,explicit_cue
163_3,163,DISTINCT,True,False,no_cue
163_3,163,SUM,False,,NA
163_3,163,MIN,False,,NA
163_3,163,MAX,False,,NA
163_3,163,GROUP BY,True,True,explicit_cue
163_3,163,Temporal,False,,NA
163_3,163,Negation,False,,NA
163_3,163,Set operation,False,,NA
163_4,163,COUNT,True,True,explicit_cue
163_4,163,DISTINCT,True,False,no_cue
163_4,163,SUM,False,,NA
163_4,163,MIN,False,,NA
163_4,163,MAX,False,,NA
163_4,163,GROUP BY,True,True,explicit_cue
163_4,163,Temporal,False,,NA
163_4,163,Negation,False,,NA
163_4,163,Set operation,False,,NA
163_5,163,COUNT,True,True,explicit_cue
163_5,163,DISTINCT,True,False,no_cue
163_5,163,SUM,False,,NA
163_5,163,MIN,False,,NA
163_5,163,MAX,False,,NA
163_5,163,GROUP BY,True,True,explicit_cue
163_5,163,Temporal,False,,NA
163_5,163,Negation,False,,NA
163_5,163,Set operation,False,,NA
163_6,163,COUNT,True,True,explicit_cue
163_6,163,DISTINCT,True,False,no_cue
163_6,163,SUM,False,,NA
163_6,163,MIN,False,,NA
163_6,163,MAX,False,,NA
163_6,163,GROUP BY,True,True,explicit_cue
163_6,163,Temporal,False,,NA
163_6,163,Negation,False,,NA
163_6,163,Set operation,False,,NA
163_7,163,COUNT,True,True,explicit_cue
163_7,163,DISTINCT,True,False,no_cue
163_7,163,SUM,False,,NA
163_7,163,MIN,False,,NA
163_7,163,MAX,False,,NA
163_7,163,GROUP BY,True,True,explicit_cue
163_7,163,Temporal,False,,NA
163_7,163,Negation,False,,NA
163_7,163,Set operation,False,,NA
164_0,164,COUNT,True,True,explicit_cue
164_0,164,DISTINCT,True,False,no_cue
164_0,164,SUM,False,,NA
164_0,164,MIN,False,,NA
164_0,164,MAX,False,,NA
164_0,164,GROUP BY,True,True,explicit_cue
164_0,164,Temporal,False,,NA
164_0,164,Negation,False,,NA
164_0,164,Set operation,False,,NA
164_1,164,COUNT,True,True,explicit_cue
164_1,164,DISTINCT,True,False,no_cue
164_1,164,SUM,False,,NA
164_1,164,MIN,False,,NA
164_1,164,MAX,False,,NA
164_1,164,GROUP BY,True,True,explicit_cue
164_1,164,Temporal,False,,NA
164_1,164,Negation,False,,NA
164_1,164,Set operation,False,,NA
164_2,164,COUNT,True,True,explicit_cue
164_2,164,DISTINCT,True,False,no_cue
164_2,164,SUM,False,,NA
164_2,164,MIN,False,,NA
164_2,164,MAX,False,,NA
164_2,164,GROUP BY,True,True,explicit_cue
164_2,164,Temporal,False,,NA
164_2,164,Negation,False,,NA
164_2,164,Set operation,False,,NA
164_3,164,COUNT,True,True,explicit_cue
164_3,164,DISTINCT,True,False,no_cue
164_3,164,SUM,False,,NA
164_3,164,MIN,False,,NA
164_3,164,MAX,False,,NA
164_3,164,GROUP BY,True,True,explicit_cue
164_3,164,Temporal,False,,NA
164_3,164,Negation,False,,NA
164_3,164,Set operation,False,,NA
164_4,164,COUNT,True,True,explicit_cue
164_4,164,DISTINCT,True,False,no_cue
164_4,164,SUM,False,,NA
164_4,164,MIN,False,,NA
164_4,164,MAX,False,,NA
164_4,164,GROUP BY,True,True,explicit_cue
164_4,164,Temporal,False,,NA
164_4,164,Negation,False,,NA
164_4,164,Set operation,False,,NA
164_5,164,COUNT,True,True,explicit_cue
164_5,164,DISTINCT,True,False,no_cue
164_5,164,SUM,False,,NA
164_5,164,MIN,False,,NA
164_5,164,MAX,False,,NA
164_5,164,GROUP BY,True,True,explicit_cue
164_5,164,Temporal,False,,NA
164_5,164,Negation,False,,NA
164_5,164,Set operation,False,,NA
164_6,164,COUNT,True,True,explicit_cue
164_6,164,DISTINCT,True,False,no_cue
164_6,164,SUM,False,,NA
164_6,164,MIN,False,,NA
164_6,164,MAX,False,,NA
164_6,164,GROUP BY,True,True,explicit_cue
164_6,164,Temporal,False,,NA
164_6,164,Negation,False,,NA
164_6,164,Set operation,False,,NA
164_7,164,COUNT,True,True,explicit_cue
164_7,164,DISTINCT,True,False,no_cue
164_7,164,SUM,False,,NA
164_7,164,MIN,False,,NA
164_7,164,MAX,False,,NA
164_7,164,GROUP BY,True,True,explicit_cue
164_7,164,Temporal,False,,NA
164_7,164,Negation,False,,NA
164_7,164,Set operation,False,,NA
165_0,165,COUNT,False,,NA
165_0,165,DISTINCT,False,,NA
165_0,165,SUM,False,,NA
165_0,165,MIN,False,,NA
165_0,165,MAX,True,False,no_cue
165_0,165,GROUP BY,True,False,no_cue
165_0,165,Temporal,True,True,explicit_cue
165_0,165,Negation,False,,NA
165_0,165,Set operation,False,,NA
165_1,165,COUNT,False,,NA
165_1,165,DISTINCT,False,,NA
165_1,165,SUM,False,,NA
165_1,165,MIN,False,,NA
165_1,165,MAX,True,False,no_cue
165_1,165,GROUP BY,True,True,explicit_cue
165_1,165,Temporal,True,True,explicit_cue
165_1,165,Negation,False,,NA
165_1,165,Set operation,False,,NA
165_2,165,COUNT,False,,NA
165_2,165,DISTINCT,False,,NA
165_2,165,SUM,False,,NA
165_2,165,MIN,False,,NA
165_2,165,MAX,True,False,no_cue
165_2,165,GROUP BY,True,True,explicit_cue
165_2,165,Temporal,True,True,explicit_cue
165_2,165,Negation,False,,NA
165_2,165,Set operation,False,,NA
165_3,165,COUNT,False,,NA
165_3,165,DISTINCT,False,,NA
165_3,165,SUM,False,,NA
165_3,165,MIN,False,,NA
165_3,165,MAX,True,False,no_cue
165_3,165,GROUP BY,True,False,no_cue
165_3,165,Temporal,True,True,explicit_cue
165_3,165,Negation,False,,NA
165_3,165,Set operation,False,,NA
165_4,165,COUNT,False,,NA
165_4,165,DISTINCT,False,,NA
165_4,165,SUM,False,,NA
165_4,165,MIN,False,,NA
165_4,165,MAX,True,False,no_cue
165_4,165,GROUP BY,True,False,no_cue
165_4,165,Temporal,True,True,explicit_cue
165_4,165,Negation,False,,NA
165_4,165,Set operation,False,,NA
165_5,165,COUNT,False,,NA
165_5,165,DISTINCT,False,,NA
165_5,165,SUM,False,,NA
165_5,165,MIN,False,,NA
165_5,165,MAX,True,False,no_cue
165_5,165,GROUP BY,True,False,no_cue
165_5,165,Temporal,True,True,explicit_cue
165_5,165,Negation,False,,NA
165_5,165,Set operation,False,,NA
165_6,165,COUNT,False,,NA
165_6,165,DISTINCT,False,,NA
165_6,165,SUM,False,,NA
165_6,165,MIN,False,,NA
165_6,165,MAX,True,False,no_cue
165_6,165,GROUP BY,True,False,no_cue
165_6,165,Temporal,True,True,explicit_cue
165_6,165,Negation,False,,NA
165_6,165,Set operation,False,,NA
165_7,165,COUNT,False,,NA
165_7,165,DISTINCT,False,,NA
165_7,165,SUM,False,,NA
165_7,165,MIN,False,,NA
165_7,165,MAX,True,False,no_cue
165_7,165,GROUP BY,True,False,no_cue
165_7,165,Temporal,True,True,explicit_cue
165_7,165,Negation,False,,NA
165_7,165,Set operation,False,,NA
166_0,166,COUNT,True,True,explicit_cue
166_0,166,DISTINCT,False,,NA
166_0,166,SUM,False,,NA
166_0,166,MIN,False,,NA
166_0,166,MAX,False,,NA
166_0,166,GROUP BY,True,True,explicit_cue
166_0,166,Temporal,False,,NA
166_0,166,Negation,False,,NA
166_0,166,Set operation,False,,NA
166_1,166,COUNT,True,True,explicit_cue
166_1,166,DISTINCT,False,,NA
166_1,166,SUM,False,,NA
166_1,166,MIN,False,,NA
166_1,166,MAX,False,,NA
166_1,166,GROUP BY,True,True,explicit_cue
166_1,166,Temporal,False,,NA
166_1,166,Negation,False,,NA
166_1,166,Set operation,False,,NA
166_2,166,COUNT,True,True,explicit_cue
166_2,166,DISTINCT,False,,NA
166_2,166,SUM,False,,NA
166_2,166,MIN,False,,NA
166_2,166,MAX,False,,NA
166_2,166,GROUP BY,True,True,explicit_cue
166_2,166,Temporal,False,,NA
166_2,166,Negation,False,,NA
166_2,166,Set operation,False,,NA
166_3,166,COUNT,True,True,explicit_cue
166_3,166,DISTINCT,False,,NA
166_3,166,SUM,False,,NA
166_3,166,MIN,False,,NA
166_3,166,MAX,False,,NA
166_3,166,GROUP BY,True,True,explicit_cue
166_3,166,Temporal,False,,NA
166_3,166,Negation,False,,NA
166_3,166,Set operation,False,,NA
166_4,166,COUNT,True,True,explicit_cue
166_4,166,DISTINCT,False,,NA
166_4,166,SUM,False,,NA
166_4,166,MIN,False,,NA
166_4,166,MAX,False,,NA
166_4,166,GROUP BY,True,True,explicit_cue
166_4,166,Temporal,False,,NA
166_4,166,Negation,False,,NA
166_4,166,Set operation,False,,NA
166_5,166,COUNT,True,True,explicit_cue
166_5,166,DISTINCT,False,,NA
166_5,166,SUM,False,,NA
166_5,166,MIN,False,,NA
166_5,166,MAX,False,,NA
166_5,166,GROUP BY,True,True,explicit_cue
166_5,166,Temporal,False,,NA
166_5,166,Negation,False,,NA
166_5,166,Set operation,False,,NA
166_6,166,COUNT,True,True,explicit_cue
166_6,166,DISTINCT,False,,NA
166_6,166,SUM,False,,NA
166_6,166,MIN,False,,NA
166_6,166,MAX,False,,NA
166_6,166,GROUP BY,True,True,explicit_cue
166_6,166,Temporal,False,,NA
166_6,166,Negation,False,,NA
166_6,166,Set operation,False,,NA
167_0,167,COUNT,False,,NA
167_0,167,DISTINCT,True,False,no_cue
167_0,167,SUM,False,,NA
167_0,167,MIN,False,,NA
167_0,167,MAX,False,,NA
167_0,167,GROUP BY,False,,NA
167_0,167,Temporal,True,True,explicit_cue
167_0,167,Negation,False,,NA
167_0,167,Set operation,False,,NA
167_1,167,COUNT,False,,NA
167_1,167,DISTINCT,True,False,no_cue
167_1,167,SUM,False,,NA
167_1,167,MIN,False,,NA
167_1,167,MAX,False,,NA
167_1,167,GROUP BY,False,,NA
167_1,167,Temporal,True,True,explicit_cue
167_1,167,Negation,False,,NA
167_1,167,Set operation,False,,NA
167_2,167,COUNT,False,,NA
167_2,167,DISTINCT,True,False,no_cue
167_2,167,SUM,False,,NA
167_2,167,MIN,False,,NA
167_2,167,MAX,False,,NA
167_2,167,GROUP BY,False,,NA
167_2,167,Temporal,True,True,explicit_cue
167_2,167,Negation,False,,NA
167_2,167,Set operation,False,,NA
167_3,167,COUNT,False,,NA
167_3,167,DISTINCT,True,False,no_cue
167_3,167,SUM,False,,NA
167_3,167,MIN,False,,NA
167_3,167,MAX,False,,NA
167_3,167,GROUP BY,False,,NA
167_3,167,Temporal,True,True,explicit_cue
167_3,167,Negation,False,,NA
167_3,167,Set operation,False,,NA
167_4,167,COUNT,False,,NA
167_4,167,DISTINCT,True,False,no_cue
167_4,167,SUM,False,,NA
167_4,167,MIN,False,,NA
167_4,167,MAX,False,,NA
167_4,167,GROUP BY,False,,NA
167_4,167,Temporal,True,True,explicit_cue
167_4,167,Negation,False,,NA
167_4,167,Set operation,False,,NA
167_5,167,COUNT,False,,NA
167_5,167,DISTINCT,True,False,no_cue
167_5,167,SUM,False,,NA
167_5,167,MIN,False,,NA
167_5,167,MAX,False,,NA
167_5,167,GROUP BY,False,,NA
167_5,167,Temporal,True,True,explicit_cue
167_5,167,Negation,False,,NA
167_5,167,Set operation,False,,NA
167_6,167,COUNT,False,,NA
167_6,167,DISTINCT,True,False,no_cue
167_6,167,SUM,False,,NA
167_6,167,MIN,False,,NA
167_6,167,MAX,False,,NA
167_6,167,GROUP BY,False,,NA
167_6,167,Temporal,True,True,explicit_cue
167_6,167,Negation,False,,NA
167_6,167,Set operation,False,,NA
168_0,168,COUNT,False,,NA
168_0,168,DISTINCT,True,False,no_cue
168_0,168,SUM,False,,NA
168_0,168,MIN,False,,NA
168_0,168,MAX,False,,NA
168_0,168,GROUP BY,False,,NA
168_0,168,Temporal,False,,NA
168_0,168,Negation,False,,NA
168_0,168,Set operation,False,,NA
168_1,168,COUNT,False,,NA
168_1,168,DISTINCT,True,False,no_cue
168_1,168,SUM,False,,NA
168_1,168,MIN,False,,NA
168_1,168,MAX,False,,NA
168_1,168,GROUP BY,False,,NA
168_1,168,Temporal,False,,NA
168_1,168,Negation,False,,NA
168_1,168,Set operation,False,,NA
168_2,168,COUNT,False,,NA
168_2,168,DISTINCT,True,False,no_cue
168_2,168,SUM,False,,NA
168_2,168,MIN,False,,NA
168_2,168,MAX,False,,NA
168_2,168,GROUP BY,False,,NA
168_2,168,Temporal,False,,NA
168_2,168,Negation,False,,NA
168_2,168,Set operation,False,,NA
168_3,168,COUNT,False,,NA
168_3,168,DISTINCT,True,False,no_cue
168_3,168,SUM,False,,NA
168_3,168,MIN,False,,NA
168_3,168,MAX,False,,NA
168_3,168,GROUP BY,False,,NA
168_3,168,Temporal,False,,NA
168_3,168,Negation,False,,NA
168_3,168,Set operation,False,,NA
168_4,168,COUNT,False,,NA
168_4,168,DISTINCT,True,False,no_cue
168_4,168,SUM,False,,NA
168_4,168,MIN,False,,NA
168_4,168,MAX,False,,NA
168_4,168,GROUP BY,False,,NA
168_4,168,Temporal,False,,NA
168_4,168,Negation,False,,NA
168_4,168,Set operation,False,,NA
168_5,168,COUNT,False,,NA
168_5,168,DISTINCT,True,False,no_cue
168_5,168,SUM,False,,NA
168_5,168,MIN,False,,NA
168_5,168,MAX,False,,NA
168_5,168,GROUP BY,False,,NA
168_5,168,Temporal,False,,NA
168_5,168,Negation,False,,NA
168_5,168,Set operation,False,,NA
168_6,168,COUNT,False,,NA
168_6,168,DISTINCT,True,False,no_cue
168_6,168,SUM,False,,NA
168_6,168,MIN,False,,NA
168_6,168,MAX,False,,NA
168_6,168,GROUP BY,False,,NA
168_6,168,Temporal,False,,NA
168_6,168,Negation,False,,NA
168_6,168,Set operation,False,,NA
168_7,168,COUNT,False,,NA
168_7,168,DISTINCT,True,False,no_cue
168_7,168,SUM,False,,NA
168_7,168,MIN,False,,NA
168_7,168,MAX,False,,NA
168_7,168,GROUP BY,False,,NA
168_7,168,Temporal,False,,NA
168_7,168,Negation,False,,NA
168_7,168,Set operation,False,,NA
168_8,168,COUNT,False,,NA
168_8,168,DISTINCT,True,False,no_cue
168_8,168,SUM,False,,NA
168_8,168,MIN,False,,NA
168_8,168,MAX,False,,NA
168_8,168,GROUP BY,False,,NA
168_8,168,Temporal,False,,NA
168_8,168,Negation,False,,NA
168_8,168,Set operation,False,,NA
168_9,168,COUNT,False,,NA
168_9,168,DISTINCT,True,False,no_cue
168_9,168,SUM,False,,NA
168_9,168,MIN,False,,NA
168_9,168,MAX,False,,NA
168_9,168,GROUP BY,False,,NA
168_9,168,Temporal,False,,NA
168_9,168,Negation,False,,NA
168_9,168,Set operation,False,,NA
169_0,169,COUNT,True,True,explicit_cue
169_0,169,DISTINCT,True,False,no_cue
169_0,169,SUM,False,,NA
169_0,169,MIN,False,,NA
169_0,169,MAX,True,False,no_cue
169_0,169,GROUP BY,True,True,explicit_cue
169_0,169,Temporal,False,,NA
169_0,169,Negation,False,,NA
169_0,169,Set operation,False,,NA
169_1,169,COUNT,True,True,explicit_cue
169_1,169,DISTINCT,True,False,no_cue
169_1,169,SUM,False,,NA
169_1,169,MIN,False,,NA
169_1,169,MAX,True,False,no_cue
169_1,169,GROUP BY,True,True,explicit_cue
169_1,169,Temporal,False,,NA
169_1,169,Negation,False,,NA
169_1,169,Set operation,False,,NA
169_2,169,COUNT,True,True,explicit_cue
169_2,169,DISTINCT,True,False,no_cue
169_2,169,SUM,False,,NA
169_2,169,MIN,False,,NA
169_2,169,MAX,True,False,no_cue
169_2,169,GROUP BY,True,True,explicit_cue
169_2,169,Temporal,False,,NA
169_2,169,Negation,False,,NA
169_2,169,Set operation,False,,NA
169_3,169,COUNT,True,True,explicit_cue
169_3,169,DISTINCT,True,False,no_cue
169_3,169,SUM,False,,NA
169_3,169,MIN,False,,NA
169_3,169,MAX,True,False,no_cue
169_3,169,GROUP BY,True,False,no_cue
169_3,169,Temporal,False,,NA
169_3,169,Negation,False,,NA
169_3,169,Set operation,False,,NA
169_4,169,COUNT,True,True,explicit_cue
169_4,169,DISTINCT,True,False,no_cue
169_4,169,SUM,False,,NA
169_4,169,MIN,False,,NA
169_4,169,MAX,True,False,no_cue
169_4,169,GROUP BY,True,False,no_cue
169_4,169,Temporal,False,,NA
169_4,169,Negation,False,,NA
169_4,169,Set operation,False,,NA
169_5,169,COUNT,True,True,explicit_cue
169_5,169,DISTINCT,True,False,no_cue
169_5,169,SUM,False,,NA
169_5,169,MIN,False,,NA
169_5,169,MAX,True,False,no_cue
169_5,169,GROUP BY,True,False,no_cue
169_5,169,Temporal,False,,NA
169_5,169,Negation,False,,NA
169_5,169,Set operation,False,,NA
169_6,169,COUNT,True,True,explicit_cue
169_6,169,DISTINCT,True,False,no_cue
169_6,169,SUM,False,,NA
169_6,169,MIN,False,,NA
169_6,169,MAX,True,False,no_cue
169_6,169,GROUP BY,True,True,explicit_cue
169_6,169,Temporal,False,,NA
169_6,169,Negation,False,,NA
169_6,169,Set operation,False,,NA
169_7,169,COUNT,True,True,explicit_cue
169_7,169,DISTINCT,True,True,explicit_cue
169_7,169,SUM,False,,NA
169_7,169,MIN,False,,NA
169_7,169,MAX,True,False,no_cue
169_7,169,GROUP BY,True,True,explicit_cue
169_7,169,Temporal,False,,NA
169_7,169,Negation,False,,NA
169_7,169,Set operation,False,,NA
170_0,170,COUNT,True,True,explicit_cue
170_0,170,DISTINCT,False,,NA
170_0,170,SUM,False,,NA
170_0,170,MIN,True,False,no_cue
170_0,170,MAX,False,,NA
170_0,170,GROUP BY,True,False,no_cue
170_0,170,Temporal,True,False,no_cue
170_0,170,Negation,False,,NA
170_0,170,Set operation,False,,NA
170_1,170,COUNT,True,True,explicit_cue
170_1,170,DISTINCT,False,,NA
170_1,170,SUM,False,,NA
170_1,170,MIN,True,False,no_cue
170_1,170,MAX,False,,NA
170_1,170,GROUP BY,True,False,no_cue
170_1,170,Temporal,True,False,no_cue
170_1,170,Negation,False,,NA
170_1,170,Set operation,False,,NA
170_2,170,COUNT,True,True,explicit_cue
170_2,170,DISTINCT,False,,NA
170_2,170,SUM,False,,NA
170_2,170,MIN,True,False,no_cue
170_2,170,MAX,False,,NA
170_2,170,GROUP BY,True,False,no_cue
170_2,170,Temporal,True,False,no_cue
170_2,170,Negation,False,,NA
170_2,170,Set operation,False,,NA
170_3,170,COUNT,True,True,explicit_cue
170_3,170,DISTINCT,False,,NA
170_3,170,SUM,False,,NA
170_3,170,MIN,True,False,no_cue
170_3,170,MAX,False,,NA
170_3,170,GROUP BY,True,False,no_cue
170_3,170,Temporal,True,False,no_cue
170_3,170,Negation,False,,NA
170_3,170,Set operation,False,,NA
170_4,170,COUNT,True,True,explicit_cue
170_4,170,DISTINCT,False,,NA
170_4,170,SUM,False,,NA
170_4,170,MIN,True,False,no_cue
170_4,170,MAX,False,,NA
170_4,170,GROUP BY,True,False,no_cue
170_4,170,Temporal,True,False,no_cue
170_4,170,Negation,False,,NA
170_4,170,Set operation,False,,NA
170_5,170,COUNT,True,True,explicit_cue
170_5,170,DISTINCT,False,,NA
170_5,170,SUM,False,,NA
170_5,170,MIN,True,False,no_cue
170_5,170,MAX,False,,NA
170_5,170,GROUP BY,True,False,no_cue
170_5,170,Temporal,True,False,no_cue
170_5,170,Negation,False,,NA
170_5,170,Set operation,False,,NA
170_6,170,COUNT,True,True,explicit_cue
170_6,170,DISTINCT,False,,NA
170_6,170,SUM,False,,NA
170_6,170,MIN,True,False,no_cue
170_6,170,MAX,False,,NA
170_6,170,GROUP BY,True,False,no_cue
170_6,170,Temporal,True,False,no_cue
170_6,170,Negation,False,,NA
170_6,170,Set operation,False,,NA
170_7,170,COUNT,True,True,explicit_cue
170_7,170,DISTINCT,False,,NA
170_7,170,SUM,False,,NA
170_7,170,MIN,True,False,no_cue
170_7,170,MAX,False,,NA
170_7,170,GROUP BY,True,False,no_cue
170_7,170,Temporal,True,False,no_cue
170_7,170,Negation,False,,NA
170_7,170,Set operation,False,,NA
170_8,170,COUNT,True,True,explicit_cue
170_8,170,DISTINCT,False,,NA
170_8,170,SUM,False,,NA
170_8,170,MIN,True,False,no_cue
170_8,170,MAX,False,,NA
170_8,170,GROUP BY,True,False,no_cue
170_8,170,Temporal,True,False,no_cue
170_8,170,Negation,False,,NA
170_8,170,Set operation,False,,NA
171_0,171,COUNT,False,,NA
171_0,171,DISTINCT,True,False,no_cue
171_0,171,SUM,False,,NA
171_0,171,MIN,False,,NA
171_0,171,MAX,False,,NA
171_0,171,GROUP BY,False,,NA
171_0,171,Temporal,False,,NA
171_0,171,Negation,True,True,explicit_cue
171_0,171,Set operation,False,,NA
171_1,171,COUNT,False,,NA
171_1,171,DISTINCT,True,False,no_cue
171_1,171,SUM,False,,NA
171_1,171,MIN,False,,NA
171_1,171,MAX,False,,NA
171_1,171,GROUP BY,False,,NA
171_1,171,Temporal,False,,NA
171_1,171,Negation,True,True,explicit_cue
171_1,171,Set operation,False,,NA
171_2,171,COUNT,False,,NA
171_2,171,DISTINCT,True,False,no_cue
171_2,171,SUM,False,,NA
171_2,171,MIN,False,,NA
171_2,171,MAX,False,,NA
171_2,171,GROUP BY,False,,NA
171_2,171,Temporal,False,,NA
171_2,171,Negation,True,True,explicit_cue
171_2,171,Set operation,False,,NA
171_3,171,COUNT,False,,NA
171_3,171,DISTINCT,True,False,no_cue
171_3,171,SUM,False,,NA
171_3,171,MIN,False,,NA
171_3,171,MAX,False,,NA
171_3,171,GROUP BY,False,,NA
171_3,171,Temporal,False,,NA
171_3,171,Negation,True,True,explicit_cue
171_3,171,Set operation,False,,NA
171_4,171,COUNT,False,,NA
171_4,171,DISTINCT,True,False,no_cue
171_4,171,SUM,False,,NA
171_4,171,MIN,False,,NA
171_4,171,MAX,False,,NA
171_4,171,GROUP BY,False,,NA
171_4,171,Temporal,False,,NA
171_4,171,Negation,True,True,explicit_cue
171_4,171,Set operation,False,,NA
171_5,171,COUNT,False,,NA
171_5,171,DISTINCT,True,False,no_cue
171_5,171,SUM,False,,NA
171_5,171,MIN,False,,NA
171_5,171,MAX,False,,NA
171_5,171,GROUP BY,False,,NA
171_5,171,Temporal,False,,NA
171_5,171,Negation,True,True,explicit_cue
171_5,171,Set operation,False,,NA
171_6,171,COUNT,False,,NA
171_6,171,DISTINCT,True,False,no_cue
171_6,171,SUM,False,,NA
171_6,171,MIN,False,,NA
171_6,171,MAX,False,,NA
171_6,171,GROUP BY,False,,NA
171_6,171,Temporal,False,,NA
171_6,171,Negation,True,True,explicit_cue
171_6,171,Set operation,False,,NA
171_7,171,COUNT,False,,NA
171_7,171,DISTINCT,True,False,no_cue
171_7,171,SUM,False,,NA
171_7,171,MIN,False,,NA
171_7,171,MAX,False,,NA
171_7,171,GROUP BY,False,,NA
171_7,171,Temporal,False,,NA
171_7,171,Negation,True,True,explicit_cue
171_7,171,Set operation,False,,NA
171_8,171,COUNT,False,,NA
171_8,171,DISTINCT,True,False,no_cue
171_8,171,SUM,False,,NA
171_8,171,MIN,False,,NA
171_8,171,MAX,False,,NA
171_8,171,GROUP BY,False,,NA
171_8,171,Temporal,False,,NA
171_8,171,Negation,True,True,explicit_cue
171_8,171,Set operation,False,,NA
171_9,171,COUNT,False,,NA
171_9,171,DISTINCT,True,False,no_cue
171_9,171,SUM,False,,NA
171_9,171,MIN,False,,NA
171_9,171,MAX,False,,NA
171_9,171,GROUP BY,False,,NA
171_9,171,Temporal,False,,NA
171_9,171,Negation,True,True,explicit_cue
171_9,171,Set operation,False,,NA
171_10,171,COUNT,False,,NA
171_10,171,DISTINCT,True,False,no_cue
171_10,171,SUM,False,,NA
171_10,171,MIN,False,,NA
171_10,171,MAX,False,,NA
171_10,171,GROUP BY,False,,NA
171_10,171,Temporal,False,,NA
171_10,171,Negation,True,True,explicit_cue
171_10,171,Set operation,False,,NA
171_11,171,COUNT,False,,NA
171_11,171,DISTINCT,True,False,no_cue
171_11,171,SUM,False,,NA
171_11,171,MIN,False,,NA
171_11,171,MAX,False,,NA
171_11,171,GROUP BY,False,,NA
171_11,171,Temporal,False,,NA
171_11,171,Negation,True,False,no_cue
171_11,171,Set operation,False,,NA
172_0,172,COUNT,False,,NA
172_0,172,DISTINCT,False,,NA
172_0,172,SUM,False,,NA
172_0,172,MIN,False,,NA
172_0,172,MAX,False,,NA
172_0,172,GROUP BY,False,,NA
172_0,172,Temporal,False,,NA
172_0,172,Negation,False,,NA
172_0,172,Set operation,False,,NA
172_1,172,COUNT,False,,NA
172_1,172,DISTINCT,False,,NA
172_1,172,SUM,False,,NA
172_1,172,MIN,False,,NA
172_1,172,MAX,False,,NA
172_1,172,GROUP BY,False,,NA
172_1,172,Temporal,False,,NA
172_1,172,Negation,False,,NA
172_1,172,Set operation,False,,NA
172_2,172,COUNT,False,,NA
172_2,172,DISTINCT,False,,NA
172_2,172,SUM,False,,NA
172_2,172,MIN,False,,NA
172_2,172,MAX,False,,NA
172_2,172,GROUP BY,False,,NA
172_2,172,Temporal,False,,NA
172_2,172,Negation,False,,NA
172_2,172,Set operation,False,,NA
172_3,172,COUNT,False,,NA
172_3,172,DISTINCT,False,,NA
172_3,172,SUM,False,,NA
172_3,172,MIN,False,,NA
172_3,172,MAX,False,,NA
172_3,172,GROUP BY,False,,NA
172_3,172,Temporal,False,,NA
172_3,172,Negation,False,,NA
172_3,172,Set operation,False,,NA
172_4,172,COUNT,False,,NA
172_4,172,DISTINCT,False,,NA
172_4,172,SUM,False,,NA
172_4,172,MIN,False,,NA
172_4,172,MAX,False,,NA
172_4,172,GROUP BY,False,,NA
172_4,172,Temporal,False,,NA
172_4,172,Negation,False,,NA
172_4,172,Set operation,False,,NA
172_5,172,COUNT,False,,NA
172_5,172,DISTINCT,False,,NA
172_5,172,SUM,False,,NA
172_5,172,MIN,False,,NA
172_5,172,MAX,False,,NA
172_5,172,GROUP BY,False,,NA
172_5,172,Temporal,False,,NA
172_5,172,Negation,False,,NA
172_5,172,Set operation,False,,NA
172_6,172,COUNT,False,,NA
172_6,172,DISTINCT,False,,NA
172_6,172,SUM,False,,NA
172_6,172,MIN,False,,NA
172_6,172,MAX,False,,NA
172_6,172,GROUP BY,False,,NA
172_6,172,Temporal,False,,NA
172_6,172,Negation,False,,NA
172_6,172,Set operation,False,,NA
172_7,172,COUNT,False,,NA
172_7,172,DISTINCT,False,,NA
172_7,172,SUM,False,,NA
172_7,172,MIN,False,,NA
172_7,172,MAX,False,,NA
172_7,172,GROUP BY,False,,NA
172_7,172,Temporal,False,,NA
172_7,172,Negation,False,,NA
172_7,172,Set operation,False,,NA
172_8,172,COUNT,False,,NA
172_8,172,DISTINCT,False,,NA
172_8,172,SUM,False,,NA
172_8,172,MIN,False,,NA
172_8,172,MAX,False,,NA
172_8,172,GROUP BY,False,,NA
172_8,172,Temporal,False,,NA
172_8,172,Negation,False,,NA
172_8,172,Set operation,False,,NA
172_9,172,COUNT,False,,NA
172_9,172,DISTINCT,False,,NA
172_9,172,SUM,False,,NA
172_9,172,MIN,False,,NA
172_9,172,MAX,False,,NA
172_9,172,GROUP BY,False,,NA
172_9,172,Temporal,False,,NA
172_9,172,Negation,False,,NA
172_9,172,Set operation,False,,NA
172_10,172,COUNT,False,,NA
172_10,172,DISTINCT,False,,NA
172_10,172,SUM,False,,NA
172_10,172,MIN,False,,NA
172_10,172,MAX,False,,NA
172_10,172,GROUP BY,False,,NA
172_10,172,Temporal,False,,NA
172_10,172,Negation,False,,NA
172_10,172,Set operation,False,,NA
173_0,173,COUNT,True,True,explicit_cue
173_0,173,DISTINCT,False,,NA
173_0,173,SUM,False,,NA
173_0,173,MIN,False,,NA
173_0,173,MAX,False,,NA
173_0,173,GROUP BY,True,True,explicit_cue
173_0,173,Temporal,False,,NA
173_0,173,Negation,False,,NA
173_0,173,Set operation,False,,NA
173_1,173,COUNT,True,True,explicit_cue
173_1,173,DISTINCT,False,,NA
173_1,173,SUM,False,,NA
173_1,173,MIN,False,,NA
173_1,173,MAX,False,,NA
173_1,173,GROUP BY,True,True,explicit_cue
173_1,173,Temporal,False,,NA
173_1,173,Negation,False,,NA
173_1,173,Set operation,False,,NA
173_2,173,COUNT,True,True,explicit_cue
173_2,173,DISTINCT,False,,NA
173_2,173,SUM,False,,NA
173_2,173,MIN,False,,NA
173_2,173,MAX,False,,NA
173_2,173,GROUP BY,True,True,explicit_cue
173_2,173,Temporal,False,,NA
173_2,173,Negation,False,,NA
173_2,173,Set operation,False,,NA
173_3,173,COUNT,True,True,explicit_cue
173_3,173,DISTINCT,False,,NA
173_3,173,SUM,False,,NA
173_3,173,MIN,False,,NA
173_3,173,MAX,False,,NA
173_3,173,GROUP BY,True,True,explicit_cue
173_3,173,Temporal,False,,NA
173_3,173,Negation,False,,NA
173_3,173,Set operation,False,,NA
173_4,173,COUNT,True,True,explicit_cue
173_4,173,DISTINCT,False,,NA
173_4,173,SUM,False,,NA
173_4,173,MIN,False,,NA
173_4,173,MAX,False,,NA
173_4,173,GROUP BY,True,True,explicit_cue
173_4,173,Temporal,False,,NA
173_4,173,Negation,False,,NA
173_4,173,Set operation,False,,NA
173_5,173,COUNT,True,True,explicit_cue
173_5,173,DISTINCT,False,,NA
173_5,173,SUM,False,,NA
173_5,173,MIN,False,,NA
173_5,173,MAX,False,,NA
173_5,173,GROUP BY,True,True,explicit_cue
173_5,173,Temporal,False,,NA
173_5,173,Negation,False,,NA
173_5,173,Set operation,False,,NA
173_6,173,COUNT,True,True,explicit_cue
173_6,173,DISTINCT,False,,NA
173_6,173,SUM,False,,NA
173_6,173,MIN,False,,NA
173_6,173,MAX,False,,NA
173_6,173,GROUP BY,True,True,explicit_cue
173_6,173,Temporal,False,,NA
173_6,173,Negation,False,,NA
173_6,173,Set operation,False,,NA
173_7,173,COUNT,True,True,explicit_cue
173_7,173,DISTINCT,False,,NA
173_7,173,SUM,False,,NA
173_7,173,MIN,False,,NA
173_7,173,MAX,False,,NA
173_7,173,GROUP BY,True,True,explicit_cue
173_7,173,Temporal,False,,NA
173_7,173,Negation,False,,NA
173_7,173,Set operation,False,,NA
173_8,173,COUNT,True,True,explicit_cue
173_8,173,DISTINCT,False,,NA
173_8,173,SUM,False,,NA
173_8,173,MIN,False,,NA
173_8,173,MAX,False,,NA
173_8,173,GROUP BY,True,True,explicit_cue
173_8,173,Temporal,False,,NA
173_8,173,Negation,False,,NA
173_8,173,Set operation,False,,NA
173_9,173,COUNT,True,True,explicit_cue
173_9,173,DISTINCT,False,,NA
173_9,173,SUM,False,,NA
173_9,173,MIN,False,,NA
173_9,173,MAX,False,,NA
173_9,173,GROUP BY,True,True,explicit_cue
173_9,173,Temporal,False,,NA
173_9,173,Negation,False,,NA
173_9,173,Set operation,False,,NA
173_10,173,COUNT,True,True,explicit_cue
173_10,173,DISTINCT,False,,NA
173_10,173,SUM,False,,NA
173_10,173,MIN,False,,NA
173_10,173,MAX,False,,NA
173_10,173,GROUP BY,True,True,explicit_cue
173_10,173,Temporal,False,,NA
173_10,173,Negation,False,,NA
173_10,173,Set operation,False,,NA
174_0,174,COUNT,True,True,explicit_cue
174_0,174,DISTINCT,True,False,no_cue
174_0,174,SUM,False,,NA
174_0,174,MIN,False,,NA
174_0,174,MAX,False,,NA
174_0,174,GROUP BY,True,True,explicit_cue
174_0,174,Temporal,False,,NA
174_0,174,Negation,False,,NA
174_0,174,Set operation,False,,NA
174_1,174,COUNT,True,True,explicit_cue
174_1,174,DISTINCT,True,False,no_cue
174_1,174,SUM,False,,NA
174_1,174,MIN,False,,NA
174_1,174,MAX,False,,NA
174_1,174,GROUP BY,True,True,explicit_cue
174_1,174,Temporal,False,,NA
174_1,174,Negation,False,,NA
174_1,174,Set operation,False,,NA
174_2,174,COUNT,True,True,explicit_cue
174_2,174,DISTINCT,True,False,no_cue
174_2,174,SUM,False,,NA
174_2,174,MIN,False,,NA
174_2,174,MAX,False,,NA
174_2,174,GROUP BY,True,True,explicit_cue
174_2,174,Temporal,False,,NA
174_2,174,Negation,False,,NA
174_2,174,Set operation,False,,NA
174_3,174,COUNT,True,True,explicit_cue
174_3,174,DISTINCT,True,False,no_cue
174_3,174,SUM,False,,NA
174_3,174,MIN,False,,NA
174_3,174,MAX,False,,NA
174_3,174,GROUP BY,True,True,explicit_cue
174_3,174,Temporal,False,,NA
174_3,174,Negation,False,,NA
174_3,174,Set operation,False,,NA
174_4,174,COUNT,True,True,explicit_cue
174_4,174,DISTINCT,True,False,no_cue
174_4,174,SUM,False,,NA
174_4,174,MIN,False,,NA
174_4,174,MAX,False,,NA
174_4,174,GROUP BY,True,True,explicit_cue
174_4,174,Temporal,False,,NA
174_4,174,Negation,False,,NA
174_4,174,Set operation,False,,NA
174_5,174,COUNT,True,True,explicit_cue
174_5,174,DISTINCT,True,False,no_cue
174_5,174,SUM,False,,NA
174_5,174,MIN,False,,NA
174_5,174,MAX,False,,NA
174_5,174,GROUP BY,True,True,explicit_cue
174_5,174,Temporal,False,,NA
174_5,174,Negation,False,,NA
174_5,174,Set operation,False,,NA
174_6,174,COUNT,True,True,explicit_cue
174_6,174,DISTINCT,True,False,no_cue
174_6,174,SUM,False,,NA
174_6,174,MIN,False,,NA
174_6,174,MAX,False,,NA
174_6,174,GROUP BY,True,True,explicit_cue
174_6,174,Temporal,False,,NA
174_6,174,Negation,False,,NA
174_6,174,Set operation,False,,NA
174_7,174,COUNT,True,True,explicit_cue
174_7,174,DISTINCT,True,False,no_cue
174_7,174,SUM,False,,NA
174_7,174,MIN,False,,NA
174_7,174,MAX,False,,NA
174_7,174,GROUP BY,True,True,explicit_cue
174_7,174,Temporal,False,,NA
174_7,174,Negation,False,,NA
174_7,174,Set operation,False,,NA
174_8,174,COUNT,True,True,explicit_cue
174_8,174,DISTINCT,True,False,no_cue
174_8,174,SUM,False,,NA
174_8,174,MIN,False,,NA
174_8,174,MAX,False,,NA
174_8,174,GROUP BY,True,True,explicit_cue
174_8,174,Temporal,False,,NA
174_8,174,Negation,False,,NA
174_8,174,Set operation,False,,NA
175_0,175,COUNT,True,True,explicit_cue
175_0,175,DISTINCT,True,True,explicit_cue
175_0,175,SUM,False,,NA
175_0,175,MIN,False,,NA
175_0,175,MAX,False,,NA
175_0,175,GROUP BY,True,True,explicit_cue
175_0,175,Temporal,False,,NA
175_0,175,Negation,False,,NA
175_0,175,Set operation,False,,NA
175_1,175,COUNT,True,True,explicit_cue
175_1,175,DISTINCT,True,True,explicit_cue
175_1,175,SUM,False,,NA
175_1,175,MIN,False,,NA
175_1,175,MAX,False,,NA
175_1,175,GROUP BY,True,True,explicit_cue
175_1,175,Temporal,False,,NA
175_1,175,Negation,False,,NA
175_1,175,Set operation,False,,NA
175_2,175,COUNT,True,True,explicit_cue
175_2,175,DISTINCT,True,True,explicit_cue
175_2,175,SUM,False,,NA
175_2,175,MIN,False,,NA
175_2,175,MAX,False,,NA
175_2,175,GROUP BY,True,True,explicit_cue
175_2,175,Temporal,False,,NA
175_2,175,Negation,False,,NA
175_2,175,Set operation,False,,NA
175_3,175,COUNT,True,True,explicit_cue
175_3,175,DISTINCT,True,True,explicit_cue
175_3,175,SUM,False,,NA
175_3,175,MIN,False,,NA
175_3,175,MAX,False,,NA
175_3,175,GROUP BY,True,True,explicit_cue
175_3,175,Temporal,False,,NA
175_3,175,Negation,False,,NA
175_3,175,Set operation,False,,NA
175_4,175,COUNT,True,True,explicit_cue
175_4,175,DISTINCT,True,True,explicit_cue
175_4,175,SUM,False,,NA
175_4,175,MIN,False,,NA
175_4,175,MAX,False,,NA
175_4,175,GROUP BY,True,True,explicit_cue
175_4,175,Temporal,False,,NA
175_4,175,Negation,False,,NA
175_4,175,Set operation,False,,NA
175_5,175,COUNT,True,True,explicit_cue
175_5,175,DISTINCT,True,True,explicit_cue
175_5,175,SUM,False,,NA
175_5,175,MIN,False,,NA
175_5,175,MAX,False,,NA
175_5,175,GROUP BY,True,True,explicit_cue
175_5,175,Temporal,False,,NA
175_5,175,Negation,False,,NA
175_5,175,Set operation,False,,NA
175_6,175,COUNT,True,True,explicit_cue
175_6,175,DISTINCT,True,True,explicit_cue
175_6,175,SUM,False,,NA
175_6,175,MIN,False,,NA
175_6,175,MAX,False,,NA
175_6,175,GROUP BY,True,True,explicit_cue
175_6,175,Temporal,False,,NA
175_6,175,Negation,False,,NA
175_6,175,Set operation,False,,NA
175_7,175,COUNT,True,True,explicit_cue
175_7,175,DISTINCT,True,True,explicit_cue
175_7,175,SUM,False,,NA
175_7,175,MIN,False,,NA
175_7,175,MAX,False,,NA
175_7,175,GROUP BY,True,True,explicit_cue
175_7,175,Temporal,False,,NA
175_7,175,Negation,False,,NA
175_7,175,Set operation,False,,NA
175_8,175,COUNT,True,True,explicit_cue
175_8,175,DISTINCT,True,True,explicit_cue
175_8,175,SUM,False,,NA
175_8,175,MIN,False,,NA
175_8,175,MAX,False,,NA
175_8,175,GROUP BY,True,True,explicit_cue
175_8,175,Temporal,False,,NA
175_8,175,Negation,False,,NA
175_8,175,Set operation,False,,NA
176_0,176,COUNT,True,True,explicit_cue
176_0,176,DISTINCT,False,,NA
176_0,176,SUM,False,,NA
176_0,176,MIN,False,,NA
176_0,176,MAX,False,,NA
176_0,176,GROUP BY,True,True,explicit_cue
176_0,176,Temporal,False,,NA
176_0,176,Negation,False,,NA
176_0,176,Set operation,False,,NA
176_1,176,COUNT,True,True,explicit_cue
176_1,176,DISTINCT,False,,NA
176_1,176,SUM,False,,NA
176_1,176,MIN,False,,NA
176_1,176,MAX,False,,NA
176_1,176,GROUP BY,True,True,explicit_cue
176_1,176,Temporal,False,,NA
176_1,176,Negation,False,,NA
176_1,176,Set operation,False,,NA
176_2,176,COUNT,True,True,explicit_cue
176_2,176,DISTINCT,False,,NA
176_2,176,SUM,False,,NA
176_2,176,MIN,False,,NA
176_2,176,MAX,False,,NA
176_2,176,GROUP BY,True,True,explicit_cue
176_2,176,Temporal,False,,NA
176_2,176,Negation,False,,NA
176_2,176,Set operation,False,,NA
176_3,176,COUNT,True,True,explicit_cue
176_3,176,DISTINCT,False,,NA
176_3,176,SUM,False,,NA
176_3,176,MIN,False,,NA
176_3,176,MAX,False,,NA
176_3,176,GROUP BY,True,True,explicit_cue
176_3,176,Temporal,False,,NA
176_3,176,Negation,False,,NA
176_3,176,Set operation,False,,NA
176_4,176,COUNT,True,True,explicit_cue
176_4,176,DISTINCT,False,,NA
176_4,176,SUM,False,,NA
176_4,176,MIN,False,,NA
176_4,176,MAX,False,,NA
176_4,176,GROUP BY,True,True,explicit_cue
176_4,176,Temporal,False,,NA
176_4,176,Negation,False,,NA
176_4,176,Set operation,False,,NA
176_5,176,COUNT,True,True,explicit_cue
176_5,176,DISTINCT,False,,NA
176_5,176,SUM,False,,NA
176_5,176,MIN,False,,NA
176_5,176,MAX,False,,NA
176_5,176,GROUP BY,True,True,explicit_cue
176_5,176,Temporal,False,,NA
176_5,176,Negation,False,,NA
176_5,176,Set operation,False,,NA
176_6,176,COUNT,True,True,explicit_cue
176_6,176,DISTINCT,False,,NA
176_6,176,SUM,False,,NA
176_6,176,MIN,False,,NA
176_6,176,MAX,False,,NA
176_6,176,GROUP BY,True,True,explicit_cue
176_6,176,Temporal,False,,NA
176_6,176,Negation,False,,NA
176_6,176,Set operation,False,,NA
176_7,176,COUNT,True,True,explicit_cue
176_7,176,DISTINCT,False,,NA
176_7,176,SUM,False,,NA
176_7,176,MIN,False,,NA
176_7,176,MAX,False,,NA
176_7,176,GROUP BY,True,True,explicit_cue
176_7,176,Temporal,False,,NA
176_7,176,Negation,False,,NA
176_7,176,Set operation,False,,NA
177_0,177,COUNT,True,True,explicit_cue
177_0,177,DISTINCT,False,,NA
177_0,177,SUM,False,,NA
177_0,177,MIN,True,False,no_cue
177_0,177,MAX,False,,NA
177_0,177,GROUP BY,True,True,explicit_cue
177_0,177,Temporal,False,,NA
177_0,177,Negation,False,,NA
177_0,177,Set operation,False,,NA
177_1,177,COUNT,True,True,explicit_cue
177_1,177,DISTINCT,False,,NA
177_1,177,SUM,False,,NA
177_1,177,MIN,True,False,no_cue
177_1,177,MAX,False,,NA
177_1,177,GROUP BY,True,True,explicit_cue
177_1,177,Temporal,False,,NA
177_1,177,Negation,False,,NA
177_1,177,Set operation,False,,NA
177_2,177,COUNT,True,True,explicit_cue
177_2,177,DISTINCT,False,,NA
177_2,177,SUM,False,,NA
177_2,177,MIN,True,False,no_cue
177_2,177,MAX,False,,NA
177_2,177,GROUP BY,True,True,explicit_cue
177_2,177,Temporal,False,,NA
177_2,177,Negation,False,,NA
177_2,177,Set operation,False,,NA
177_3,177,COUNT,True,True,explicit_cue
177_3,177,DISTINCT,False,,NA
177_3,177,SUM,False,,NA
177_3,177,MIN,True,False,no_cue
177_3,177,MAX,False,,NA
177_3,177,GROUP BY,True,True,explicit_cue
177_3,177,Temporal,False,,NA
177_3,177,Negation,False,,NA
177_3,177,Set operation,False,,NA
177_4,177,COUNT,True,True,explicit_cue
177_4,177,DISTINCT,False,,NA
177_4,177,SUM,False,,NA
177_4,177,MIN,True,False,no_cue
177_4,177,MAX,False,,NA
177_4,177,GROUP BY,True,True,explicit_cue
177_4,177,Temporal,False,,NA
177_4,177,Negation,False,,NA
177_4,177,Set operation,False,,NA
177_5,177,COUNT,True,True,explicit_cue
177_5,177,DISTINCT,False,,NA
177_5,177,SUM,False,,NA
177_5,177,MIN,True,False,no_cue
177_5,177,MAX,False,,NA
177_5,177,GROUP BY,True,True,explicit_cue
177_5,177,Temporal,False,,NA
177_5,177,Negation,False,,NA
177_5,177,Set operation,False,,NA
177_6,177,COUNT,True,True,explicit_cue
177_6,177,DISTINCT,False,,NA
177_6,177,SUM,False,,NA
177_6,177,MIN,True,False,no_cue
177_6,177,MAX,False,,NA
177_6,177,GROUP BY,True,True,explicit_cue
177_6,177,Temporal,False,,NA
177_6,177,Negation,False,,NA
177_6,177,Set operation,False,,NA
178_0,178,COUNT,True,True,explicit_cue
178_0,178,DISTINCT,False,,NA
178_0,178,SUM,False,,NA
178_0,178,MIN,False,,NA
178_0,178,MAX,False,,NA
178_0,178,GROUP BY,True,True,explicit_cue
178_0,178,Temporal,False,,NA
178_0,178,Negation,False,,NA
178_0,178,Set operation,False,,NA
178_1,178,COUNT,True,True,explicit_cue
178_1,178,DISTINCT,False,,NA
178_1,178,SUM,False,,NA
178_1,178,MIN,False,,NA
178_1,178,MAX,False,,NA
178_1,178,GROUP BY,True,True,explicit_cue
178_1,178,Temporal,False,,NA
178_1,178,Negation,False,,NA
178_1,178,Set operation,False,,NA
178_2,178,COUNT,True,True,explicit_cue
178_2,178,DISTINCT,False,,NA
178_2,178,SUM,False,,NA
178_2,178,MIN,False,,NA
178_2,178,MAX,False,,NA
178_2,178,GROUP BY,True,True,explicit_cue
178_2,178,Temporal,False,,NA
178_2,178,Negation,False,,NA
178_2,178,Set operation,False,,NA
178_3,178,COUNT,True,True,explicit_cue
178_3,178,DISTINCT,False,,NA
178_3,178,SUM,False,,NA
178_3,178,MIN,False,,NA
178_3,178,MAX,False,,NA
178_3,178,GROUP BY,True,True,explicit_cue
178_3,178,Temporal,False,,NA
178_3,178,Negation,False,,NA
178_3,178,Set operation,False,,NA
178_4,178,COUNT,True,True,explicit_cue
178_4,178,DISTINCT,False,,NA
178_4,178,SUM,False,,NA
178_4,178,MIN,False,,NA
178_4,178,MAX,False,,NA
178_4,178,GROUP BY,True,True,explicit_cue
178_4,178,Temporal,False,,NA
178_4,178,Negation,False,,NA
178_4,178,Set operation,False,,NA
178_5,178,COUNT,True,True,explicit_cue
178_5,178,DISTINCT,False,,NA
178_5,178,SUM,False,,NA
178_5,178,MIN,False,,NA
178_5,178,MAX,False,,NA
178_5,178,GROUP BY,True,True,explicit_cue
178_5,178,Temporal,False,,NA
178_5,178,Negation,False,,NA
178_5,178,Set operation,False,,NA
178_6,178,COUNT,True,True,explicit_cue
178_6,178,DISTINCT,False,,NA
178_6,178,SUM,False,,NA
178_6,178,MIN,False,,NA
178_6,178,MAX,False,,NA
178_6,178,GROUP BY,True,True,explicit_cue
178_6,178,Temporal,False,,NA
178_6,178,Negation,False,,NA
178_6,178,Set operation,False,,NA
178_7,178,COUNT,True,True,explicit_cue
178_7,178,DISTINCT,False,,NA
178_7,178,SUM,False,,NA
178_7,178,MIN,False,,NA
178_7,178,MAX,False,,NA
178_7,178,GROUP BY,True,True,explicit_cue
178_7,178,Temporal,False,,NA
178_7,178,Negation,False,,NA
178_7,178,Set operation,False,,NA
178_8,178,COUNT,True,True,explicit_cue
178_8,178,DISTINCT,False,,NA
178_8,178,SUM,False,,NA
178_8,178,MIN,False,,NA
178_8,178,MAX,False,,NA
178_8,178,GROUP BY,True,True,explicit_cue
178_8,178,Temporal,False,,NA
178_8,178,Negation,False,,NA
178_8,178,Set operation,False,,NA
178_9,178,COUNT,True,True,explicit_cue
178_9,178,DISTINCT,False,,NA
178_9,178,SUM,False,,NA
178_9,178,MIN,False,,NA
178_9,178,MAX,False,,NA
178_9,178,GROUP BY,True,True,explicit_cue
178_9,178,Temporal,False,,NA
178_9,178,Negation,False,,NA
178_9,178,Set operation,False,,NA
178_10,178,COUNT,True,True,explicit_cue
178_10,178,DISTINCT,False,,NA
178_10,178,SUM,False,,NA
178_10,178,MIN,False,,NA
178_10,178,MAX,False,,NA
178_10,178,GROUP BY,True,True,explicit_cue
178_10,178,Temporal,False,,NA
178_10,178,Negation,False,,NA
178_10,178,Set operation,False,,NA
179_0,179,COUNT,False,,NA
179_0,179,DISTINCT,True,False,no_cue
179_0,179,SUM,False,,NA
179_0,179,MIN,False,,NA
179_0,179,MAX,False,,NA
179_0,179,GROUP BY,False,,NA
179_0,179,Temporal,True,True,explicit_cue
179_0,179,Negation,False,,NA
179_0,179,Set operation,False,,NA
179_1,179,COUNT,False,,NA
179_1,179,DISTINCT,True,False,no_cue
179_1,179,SUM,False,,NA
179_1,179,MIN,False,,NA
179_1,179,MAX,False,,NA
179_1,179,GROUP BY,False,,NA
179_1,179,Temporal,True,True,explicit_cue
179_1,179,Negation,False,,NA
179_1,179,Set operation,False,,NA
179_2,179,COUNT,False,,NA
179_2,179,DISTINCT,True,False,no_cue
179_2,179,SUM,False,,NA
179_2,179,MIN,False,,NA
179_2,179,MAX,False,,NA
179_2,179,GROUP BY,False,,NA
179_2,179,Temporal,True,True,explicit_cue
179_2,179,Negation,False,,NA
179_2,179,Set operation,False,,NA
179_3,179,COUNT,False,,NA
179_3,179,DISTINCT,True,False,no_cue
179_3,179,SUM,False,,NA
179_3,179,MIN,False,,NA
179_3,179,MAX,False,,NA
179_3,179,GROUP BY,False,,NA
179_3,179,Temporal,True,True,explicit_cue
179_3,179,Negation,False,,NA
179_3,179,Set operation,False,,NA
179_4,179,COUNT,False,,NA
179_4,179,DISTINCT,True,False,no_cue
179_4,179,SUM,False,,NA
179_4,179,MIN,False,,NA
179_4,179,MAX,False,,NA
179_4,179,GROUP BY,False,,NA
179_4,179,Temporal,True,True,explicit_cue
179_4,179,Negation,False,,NA
179_4,179,Set operation,False,,NA
179_5,179,COUNT,False,,NA
179_5,179,DISTINCT,True,False,no_cue
179_5,179,SUM,False,,NA
179_5,179,MIN,False,,NA
179_5,179,MAX,False,,NA
179_5,179,GROUP BY,False,,NA
179_5,179,Temporal,True,True,explicit_cue
179_5,179,Negation,False,,NA
179_5,179,Set operation,False,,NA
179_6,179,COUNT,False,,NA
179_6,179,DISTINCT,True,False,no_cue
179_6,179,SUM,False,,NA
179_6,179,MIN,False,,NA
179_6,179,MAX,False,,NA
179_6,179,GROUP BY,False,,NA
179_6,179,Temporal,True,True,explicit_cue
179_6,179,Negation,False,,NA
179_6,179,Set operation,False,,NA
179_7,179,COUNT,False,,NA
179_7,179,DISTINCT,True,False,no_cue
179_7,179,SUM,False,,NA
179_7,179,MIN,False,,NA
179_7,179,MAX,False,,NA
179_7,179,GROUP BY,False,,NA
179_7,179,Temporal,True,True,explicit_cue
179_7,179,Negation,False,,NA
179_7,179,Set operation,False,,NA
179_8,179,COUNT,False,,NA
179_8,179,DISTINCT,True,False,no_cue
179_8,179,SUM,False,,NA
179_8,179,MIN,False,,NA
179_8,179,MAX,False,,NA
179_8,179,GROUP BY,False,,NA
179_8,179,Temporal,True,True,explicit_cue
179_8,179,Negation,False,,NA
179_8,179,Set operation,False,,NA
180_0,180,COUNT,False,,NA
180_0,180,DISTINCT,True,False,no_cue
180_0,180,SUM,False,,NA
180_0,180,MIN,True,False,no_cue
180_0,180,MAX,False,,NA
180_0,180,GROUP BY,True,True,explicit_cue
180_0,180,Temporal,False,,NA
180_0,180,Negation,False,,NA
180_0,180,Set operation,False,,NA
180_1,180,COUNT,False,,NA
180_1,180,DISTINCT,True,False,no_cue
180_1,180,SUM,False,,NA
180_1,180,MIN,True,False,no_cue
180_1,180,MAX,False,,NA
180_1,180,GROUP BY,True,True,explicit_cue
180_1,180,Temporal,False,,NA
180_1,180,Negation,False,,NA
180_1,180,Set operation,False,,NA
180_2,180,COUNT,False,,NA
180_2,180,DISTINCT,True,False,no_cue
180_2,180,SUM,False,,NA
180_2,180,MIN,True,False,no_cue
180_2,180,MAX,False,,NA
180_2,180,GROUP BY,True,True,explicit_cue
180_2,180,Temporal,False,,NA
180_2,180,Negation,False,,NA
180_2,180,Set operation,False,,NA
180_3,180,COUNT,False,,NA
180_3,180,DISTINCT,True,False,no_cue
180_3,180,SUM,False,,NA
180_3,180,MIN,True,False,no_cue
180_3,180,MAX,False,,NA
180_3,180,GROUP BY,True,True,explicit_cue
180_3,180,Temporal,False,,NA
180_3,180,Negation,False,,NA
180_3,180,Set operation,False,,NA
180_4,180,COUNT,False,,NA
180_4,180,DISTINCT,True,False,no_cue
180_4,180,SUM,False,,NA
180_4,180,MIN,True,False,no_cue
180_4,180,MAX,False,,NA
180_4,180,GROUP BY,True,True,explicit_cue
180_4,180,Temporal,False,,NA
180_4,180,Negation,False,,NA
180_4,180,Set operation,False,,NA
180_5,180,COUNT,False,,NA
180_5,180,DISTINCT,True,False,no_cue
180_5,180,SUM,False,,NA
180_5,180,MIN,True,False,no_cue
180_5,180,MAX,False,,NA
180_5,180,GROUP BY,True,True,explicit_cue
180_5,180,Temporal,False,,NA
180_5,180,Negation,False,,NA
180_5,180,Set operation,False,,NA
180_6,180,COUNT,False,,NA
180_6,180,DISTINCT,True,False,no_cue
180_6,180,SUM,False,,NA
180_6,180,MIN,True,False,no_cue
180_6,180,MAX,False,,NA
180_6,180,GROUP BY,True,True,explicit_cue
180_6,180,Temporal,False,,NA
180_6,180,Negation,False,,NA
180_6,180,Set operation,False,,NA
180_7,180,COUNT,False,,NA
180_7,180,DISTINCT,True,False,no_cue
180_7,180,SUM,False,,NA
180_7,180,MIN,True,False,no_cue
180_7,180,MAX,False,,NA
180_7,180,GROUP BY,True,True,explicit_cue
180_7,180,Temporal,False,,NA
180_7,180,Negation,False,,NA
180_7,180,Set operation,False,,NA
180_8,180,COUNT,False,,NA
180_8,180,DISTINCT,True,False,no_cue
180_8,180,SUM,False,,NA
180_8,180,MIN,True,False,no_cue
180_8,180,MAX,False,,NA
180_8,180,GROUP BY,True,True,explicit_cue
180_8,180,Temporal,False,,NA
180_8,180,Negation,False,,NA
180_8,180,Set operation,False,,NA
180_9,180,COUNT,False,,NA
180_9,180,DISTINCT,True,False,no_cue
180_9,180,SUM,False,,NA
180_9,180,MIN,True,False,no_cue
180_9,180,MAX,False,,NA
180_9,180,GROUP BY,True,True,explicit_cue
180_9,180,Temporal,False,,NA
180_9,180,Negation,False,,NA
180_9,180,Set operation,False,,NA
181_0,181,COUNT,False,,NA
181_0,181,DISTINCT,False,,NA
181_0,181,SUM,False,,NA
181_0,181,MIN,False,,NA
181_0,181,MAX,True,False,no_cue
181_0,181,GROUP BY,True,True,explicit_cue
181_0,181,Temporal,False,,NA
181_0,181,Negation,False,,NA
181_0,181,Set operation,True,False,no_cue
181_1,181,COUNT,False,,NA
181_1,181,DISTINCT,False,,NA
181_1,181,SUM,False,,NA
181_1,181,MIN,False,,NA
181_1,181,MAX,True,False,no_cue
181_1,181,GROUP BY,True,True,explicit_cue
181_1,181,Temporal,False,,NA
181_1,181,Negation,False,,NA
181_1,181,Set operation,True,False,no_cue
181_2,181,COUNT,False,,NA
181_2,181,DISTINCT,False,,NA
181_2,181,SUM,False,,NA
181_2,181,MIN,False,,NA
181_2,181,MAX,True,False,no_cue
181_2,181,GROUP BY,True,True,explicit_cue
181_2,181,Temporal,False,,NA
181_2,181,Negation,False,,NA
181_2,181,Set operation,True,False,no_cue
181_3,181,COUNT,False,,NA
181_3,181,DISTINCT,False,,NA
181_3,181,SUM,False,,NA
181_3,181,MIN,False,,NA
181_3,181,MAX,True,False,no_cue
181_3,181,GROUP BY,True,True,explicit_cue
181_3,181,Temporal,False,,NA
181_3,181,Negation,False,,NA
181_3,181,Set operation,True,False,no_cue
181_4,181,COUNT,False,,NA
181_4,181,DISTINCT,False,,NA
181_4,181,SUM,False,,NA
181_4,181,MIN,False,,NA
181_4,181,MAX,True,False,no_cue
181_4,181,GROUP BY,True,True,explicit_cue
181_4,181,Temporal,False,,NA
181_4,181,Negation,False,,NA
181_4,181,Set operation,True,False,no_cue
181_5,181,COUNT,False,,NA
181_5,181,DISTINCT,False,,NA
181_5,181,SUM,False,,NA
181_5,181,MIN,False,,NA
181_5,181,MAX,True,False,no_cue
181_5,181,GROUP BY,True,True,explicit_cue
181_5,181,Temporal,False,,NA
181_5,181,Negation,False,,NA
181_5,181,Set operation,True,False,no_cue
181_6,181,COUNT,False,,NA
181_6,181,DISTINCT,False,,NA
181_6,181,SUM,False,,NA
181_6,181,MIN,False,,NA
181_6,181,MAX,True,False,no_cue
181_6,181,GROUP BY,True,True,explicit_cue
181_6,181,Temporal,False,,NA
181_6,181,Negation,False,,NA
181_6,181,Set operation,True,False,no_cue
181_7,181,COUNT,False,,NA
181_7,181,DISTINCT,False,,NA
181_7,181,SUM,False,,NA
181_7,181,MIN,False,,NA
181_7,181,MAX,True,False,no_cue
181_7,181,GROUP BY,True,True,explicit_cue
181_7,181,Temporal,False,,NA
181_7,181,Negation,False,,NA
181_7,181,Set operation,True,False,no_cue
181_8,181,COUNT,False,,NA
181_8,181,DISTINCT,False,,NA
181_8,181,SUM,False,,NA
181_8,181,MIN,False,,NA
181_8,181,MAX,True,False,no_cue
181_8,181,GROUP BY,True,True,explicit_cue
181_8,181,Temporal,False,,NA
181_8,181,Negation,False,,NA
181_8,181,Set operation,True,False,no_cue
181_9,181,COUNT,False,,NA
181_9,181,DISTINCT,False,,NA
181_9,181,SUM,False,,NA
181_9,181,MIN,False,,NA
181_9,181,MAX,True,False,no_cue
181_9,181,GROUP BY,True,True,explicit_cue
181_9,181,Temporal,False,,NA
181_9,181,Negation,False,,NA
181_9,181,Set operation,True,False,no_cue
181_10,181,COUNT,False,,NA
181_10,181,DISTINCT,False,,NA
181_10,181,SUM,False,,NA
181_10,181,MIN,False,,NA
181_10,181,MAX,True,False,no_cue
181_10,181,GROUP BY,True,True,explicit_cue
181_10,181,Temporal,False,,NA
181_10,181,Negation,False,,NA
181_10,181,Set operation,True,False,no_cue
182_0,182,COUNT,True,False,no_cue
182_0,182,DISTINCT,True,False,no_cue
182_0,182,SUM,False,,NA
182_0,182,MIN,False,,NA
182_0,182,MAX,False,,NA
182_0,182,GROUP BY,True,False,no_cue
182_0,182,Temporal,False,,NA
182_0,182,Negation,False,,NA
182_0,182,Set operation,True,False,no_cue
182_1,182,COUNT,True,False,no_cue
182_1,182,DISTINCT,True,False,no_cue
182_1,182,SUM,False,,NA
182_1,182,MIN,False,,NA
182_1,182,MAX,False,,NA
182_1,182,GROUP BY,True,False,no_cue
182_1,182,Temporal,False,,NA
182_1,182,Negation,False,,NA
182_1,182,Set operation,True,False,no_cue
182_2,182,COUNT,True,False,no_cue
182_2,182,DISTINCT,True,False,no_cue
182_2,182,SUM,False,,NA
182_2,182,MIN,False,,NA
182_2,182,MAX,False,,NA
182_2,182,GROUP BY,True,False,no_cue
182_2,182,Temporal,False,,NA
182_2,182,Negation,False,,NA
182_2,182,Set operation,True,False,no_cue
182_3,182,COUNT,True,False,no_cue
182_3,182,DISTINCT,True,False,no_cue
182_3,182,SUM,False,,NA
182_3,182,MIN,False,,NA
182_3,182,MAX,False,,NA
182_3,182,GROUP BY,True,False,no_cue
182_3,182,Temporal,False,,NA
182_3,182,Negation,False,,NA
182_3,182,Set operation,True,False,no_cue
182_4,182,COUNT,True,False,no_cue
182_4,182,DISTINCT,True,False,no_cue
182_4,182,SUM,False,,NA
182_4,182,MIN,False,,NA
182_4,182,MAX,False,,NA
182_4,182,GROUP BY,True,False,no_cue
182_4,182,Temporal,False,,NA
182_4,182,Negation,False,,NA
182_4,182,Set operation,True,False,no_cue
182_5,182,COUNT,True,False,no_cue
182_5,182,DISTINCT,True,False,no_cue
182_5,182,SUM,False,,NA
182_5,182,MIN,False,,NA
182_5,182,MAX,False,,NA
182_5,182,GROUP BY,True,False,no_cue
182_5,182,Temporal,False,,NA
182_5,182,Negation,False,,NA
182_5,182,Set operation,True,False,no_cue
182_6,182,COUNT,True,False,no_cue
182_6,182,DISTINCT,True,False,no_cue
182_6,182,SUM,False,,NA
182_6,182,MIN,False,,NA
182_6,182,MAX,False,,NA
182_6,182,GROUP BY,True,False,no_cue
182_6,182,Temporal,False,,NA
182_6,182,Negation,False,,NA
182_6,182,Set operation,True,False,no_cue
182_7,182,COUNT,True,False,no_cue
182_7,182,DISTINCT,True,False,no_cue
182_7,182,SUM,False,,NA
182_7,182,MIN,False,,NA
182_7,182,MAX,False,,NA
182_7,182,GROUP BY,True,False,no_cue
182_7,182,Temporal,False,,NA
182_7,182,Negation,False,,NA
182_7,182,Set operation,True,False,no_cue
182_8,182,COUNT,True,False,no_cue
182_8,182,DISTINCT,True,False,no_cue
182_8,182,SUM,False,,NA
182_8,182,MIN,False,,NA
182_8,182,MAX,False,,NA
182_8,182,GROUP BY,True,False,no_cue
182_8,182,Temporal,False,,NA
182_8,182,Negation,False,,NA
182_8,182,Set operation,True,False,no_cue
183_0,183,COUNT,True,True,explicit_cue
183_0,183,DISTINCT,True,False,no_cue
183_0,183,SUM,True,True,explicit_cue
183_0,183,MIN,False,,NA
183_0,183,MAX,False,,NA
183_0,183,GROUP BY,True,True,explicit_cue
183_0,183,Temporal,False,,NA
183_0,183,Negation,False,,NA
183_0,183,Set operation,False,,NA
183_1,183,COUNT,True,True,explicit_cue
183_1,183,DISTINCT,True,True,explicit_cue
183_1,183,SUM,True,False,no_cue
183_1,183,MIN,False,,NA
183_1,183,MAX,False,,NA
183_1,183,GROUP BY,True,True,explicit_cue
183_1,183,Temporal,False,,NA
183_1,183,Negation,False,,NA
183_1,183,Set operation,False,,NA
183_2,183,COUNT,True,True,explicit_cue
183_2,183,DISTINCT,True,True,explicit_cue
183_2,183,SUM,True,False,no_cue
183_2,183,MIN,False,,NA
183_2,183,MAX,False,,NA
183_2,183,GROUP BY,True,True,explicit_cue
183_2,183,Temporal,False,,NA
183_2,183,Negation,False,,NA
183_2,183,Set operation,False,,NA
183_3,183,COUNT,True,True,explicit_cue
183_3,183,DISTINCT,True,True,explicit_cue
183_3,183,SUM,True,False,no_cue
183_3,183,MIN,False,,NA
183_3,183,MAX,False,,NA
183_3,183,GROUP BY,True,True,explicit_cue
183_3,183,Temporal,False,,NA
183_3,183,Negation,False,,NA
183_3,183,Set operation,False,,NA
183_4,183,COUNT,True,True,explicit_cue
183_4,183,DISTINCT,True,False,no_cue
183_4,183,SUM,True,False,no_cue
183_4,183,MIN,False,,NA
183_4,183,MAX,False,,NA
183_4,183,GROUP BY,True,True,explicit_cue
183_4,183,Temporal,False,,NA
183_4,183,Negation,False,,NA
183_4,183,Set operation,False,,NA
183_5,183,COUNT,True,True,explicit_cue
183_5,183,DISTINCT,True,False,no_cue
183_5,183,SUM,True,True,explicit_cue
183_5,183,MIN,False,,NA
183_5,183,MAX,False,,NA
183_5,183,GROUP BY,True,True,explicit_cue
183_5,183,Temporal,False,,NA
183_5,183,Negation,False,,NA
183_5,183,Set operation,False,,NA
183_6,183,COUNT,True,True,explicit_cue
183_6,183,DISTINCT,True,False,no_cue
183_6,183,SUM,True,False,no_cue
183_6,183,MIN,False,,NA
183_6,183,MAX,False,,NA
183_6,183,GROUP BY,True,True,explicit_cue
183_6,183,Temporal,False,,NA
183_6,183,Negation,False,,NA
183_6,183,Set operation,False,,NA
183_7,183,COUNT,True,True,explicit_cue
183_7,183,DISTINCT,True,False,no_cue
183_7,183,SUM,True,False,no_cue
183_7,183,MIN,False,,NA
183_7,183,MAX,False,,NA
183_7,183,GROUP BY,True,True,explicit_cue
183_7,183,Temporal,False,,NA
183_7,183,Negation,False,,NA
183_7,183,Set operation,False,,NA
183_8,183,COUNT,True,True,explicit_cue
183_8,183,DISTINCT,True,False,no_cue
183_8,183,SUM,True,False,no_cue
183_8,183,MIN,False,,NA
183_8,183,MAX,False,,NA
183_8,183,GROUP BY,True,True,explicit_cue
183_8,183,Temporal,False,,NA
183_8,183,Negation,False,,NA
183_8,183,Set operation,False,,NA
183_9,183,COUNT,True,True,explicit_cue
183_9,183,DISTINCT,True,True,explicit_cue
183_9,183,SUM,True,True,explicit_cue
183_9,183,MIN,False,,NA
183_9,183,MAX,False,,NA
183_9,183,GROUP BY,True,True,explicit_cue
183_9,183,Temporal,False,,NA
183_9,183,Negation,False,,NA
183_9,183,Set operation,False,,NA
184_0,184,COUNT,True,False,no_cue
184_0,184,DISTINCT,False,,NA
184_0,184,SUM,False,,NA
184_0,184,MIN,False,,NA
184_0,184,MAX,False,,NA
184_0,184,GROUP BY,True,False,no_cue
184_0,184,Temporal,False,,NA
184_0,184,Negation,False,,NA
184_0,184,Set operation,False,,NA
184_1,184,COUNT,True,True,explicit_cue
184_1,184,DISTINCT,False,,NA
184_1,184,SUM,False,,NA
184_1,184,MIN,False,,NA
184_1,184,MAX,False,,NA
184_1,184,GROUP BY,True,False,no_cue
184_1,184,Temporal,False,,NA
184_1,184,Negation,False,,NA
184_1,184,Set operation,False,,NA
184_2,184,COUNT,True,False,no_cue
184_2,184,DISTINCT,False,,NA
184_2,184,SUM,False,,NA
184_2,184,MIN,False,,NA
184_2,184,MAX,False,,NA
184_2,184,GROUP BY,True,False,no_cue
184_2,184,Temporal,False,,NA
184_2,184,Negation,False,,NA
184_2,184,Set operation,False,,NA
184_3,184,COUNT,True,False,no_cue
184_3,184,DISTINCT,False,,NA
184_3,184,SUM,False,,NA
184_3,184,MIN,False,,NA
184_3,184,MAX,False,,NA
184_3,184,GROUP BY,True,False,no_cue
184_3,184,Temporal,False,,NA
184_3,184,Negation,False,,NA
184_3,184,Set operation,False,,NA
184_4,184,COUNT,True,False,no_cue
184_4,184,DISTINCT,False,,NA
184_4,184,SUM,False,,NA
184_4,184,MIN,False,,NA
184_4,184,MAX,False,,NA
184_4,184,GROUP BY,True,False,no_cue
184_4,184,Temporal,False,,NA
184_4,184,Negation,False,,NA
184_4,184,Set operation,False,,NA
184_5,184,COUNT,True,False,no_cue
184_5,184,DISTINCT,False,,NA
184_5,184,SUM,False,,NA
184_5,184,MIN,False,,NA
184_5,184,MAX,False,,NA
184_5,184,GROUP BY,True,False,no_cue
184_5,184,Temporal,False,,NA
184_5,184,Negation,False,,NA
184_5,184,Set operation,False,,NA
184_6,184,COUNT,True,False,no_cue
184_6,184,DISTINCT,False,,NA
184_6,184,SUM,False,,NA
184_6,184,MIN,False,,NA
184_6,184,MAX,False,,NA
184_6,184,GROUP BY,True,False,no_cue
184_6,184,Temporal,False,,NA
184_6,184,Negation,False,,NA
184_6,184,Set operation,False,,NA
184_7,184,COUNT,True,False,no_cue
184_7,184,DISTINCT,False,,NA
184_7,184,SUM,False,,NA
184_7,184,MIN,False,,NA
184_7,184,MAX,False,,NA
184_7,184,GROUP BY,True,False,no_cue
184_7,184,Temporal,False,,NA
184_7,184,Negation,False,,NA
184_7,184,Set operation,False,,NA
184_8,184,COUNT,True,False,no_cue
184_8,184,DISTINCT,False,,NA
184_8,184,SUM,False,,NA
184_8,184,MIN,False,,NA
184_8,184,MAX,False,,NA
184_8,184,GROUP BY,True,False,no_cue
184_8,184,Temporal,False,,NA
184_8,184,Negation,False,,NA
184_8,184,Set operation,False,,NA
184_9,184,COUNT,True,False,no_cue
184_9,184,DISTINCT,False,,NA
184_9,184,SUM,False,,NA
184_9,184,MIN,False,,NA
184_9,184,MAX,False,,NA
184_9,184,GROUP BY,True,False,no_cue
184_9,184,Temporal,False,,NA
184_9,184,Negation,False,,NA
184_9,184,Set operation,False,,NA
185_0,185,COUNT,False,,NA
185_0,185,DISTINCT,False,,NA
185_0,185,SUM,False,,NA
185_0,185,MIN,False,,NA
185_0,185,MAX,True,False,no_cue
185_0,185,GROUP BY,True,True,explicit_cue
185_0,185,Temporal,False,,NA
185_0,185,Negation,False,,NA
185_0,185,Set operation,False,,NA
185_1,185,COUNT,False,,NA
185_1,185,DISTINCT,False,,NA
185_1,185,SUM,False,,NA
185_1,185,MIN,False,,NA
185_1,185,MAX,True,False,no_cue
185_1,185,GROUP BY,True,True,explicit_cue
185_1,185,Temporal,False,,NA
185_1,185,Negation,False,,NA
185_1,185,Set operation,False,,NA
185_2,185,COUNT,False,,NA
185_2,185,DISTINCT,False,,NA
185_2,185,SUM,False,,NA
185_2,185,MIN,False,,NA
185_2,185,MAX,True,False,no_cue
185_2,185,GROUP BY,True,True,explicit_cue
185_2,185,Temporal,False,,NA
185_2,185,Negation,False,,NA
185_2,185,Set operation,False,,NA
185_3,185,COUNT,False,,NA
185_3,185,DISTINCT,False,,NA
185_3,185,SUM,False,,NA
185_3,185,MIN,False,,NA
185_3,185,MAX,True,False,no_cue
185_3,185,GROUP BY,True,True,explicit_cue
185_3,185,Temporal,False,,NA
185_3,185,Negation,False,,NA
185_3,185,Set operation,False,,NA
185_4,185,COUNT,False,,NA
185_4,185,DISTINCT,False,,NA
185_4,185,SUM,False,,NA
185_4,185,MIN,False,,NA
185_4,185,MAX,True,False,no_cue
185_4,185,GROUP BY,True,True,explicit_cue
185_4,185,Temporal,False,,NA
185_4,185,Negation,False,,NA
185_4,185,Set operation,False,,NA
185_5,185,COUNT,False,,NA
185_5,185,DISTINCT,False,,NA
185_5,185,SUM,False,,NA
185_5,185,MIN,False,,NA
185_5,185,MAX,True,False,no_cue
185_5,185,GROUP BY,True,True,explicit_cue
185_5,185,Temporal,False,,NA
185_5,185,Negation,False,,NA
185_5,185,Set operation,False,,NA
185_6,185,COUNT,False,,NA
185_6,185,DISTINCT,False,,NA
185_6,185,SUM,False,,NA
185_6,185,MIN,False,,NA
185_6,185,MAX,True,False,no_cue
185_6,185,GROUP BY,True,True,explicit_cue
185_6,185,Temporal,False,,NA
185_6,185,Negation,False,,NA
185_6,185,Set operation,False,,NA
185_7,185,COUNT,False,,NA
185_7,185,DISTINCT,False,,NA
185_7,185,SUM,False,,NA
185_7,185,MIN,False,,NA
185_7,185,MAX,True,False,no_cue
185_7,185,GROUP BY,True,True,explicit_cue
185_7,185,Temporal,False,,NA
185_7,185,Negation,False,,NA
185_7,185,Set operation,False,,NA
185_8,185,COUNT,False,,NA
185_8,185,DISTINCT,False,,NA
185_8,185,SUM,False,,NA
185_8,185,MIN,False,,NA
185_8,185,MAX,True,False,no_cue
185_8,185,GROUP BY,True,True,explicit_cue
185_8,185,Temporal,False,,NA
185_8,185,Negation,False,,NA
185_8,185,Set operation,False,,NA
186_0,186,COUNT,True,False,no_cue
186_0,186,DISTINCT,False,,NA
186_0,186,SUM,False,,NA
186_0,186,MIN,False,,NA
186_0,186,MAX,False,,NA
186_0,186,GROUP BY,True,False,no_cue
186_0,186,Temporal,False,,NA
186_0,186,Negation,False,,NA
186_0,186,Set operation,False,,NA
186_1,186,COUNT,True,False,no_cue
186_1,186,DISTINCT,False,,NA
186_1,186,SUM,False,,NA
186_1,186,MIN,False,,NA
186_1,186,MAX,False,,NA
186_1,186,GROUP BY,True,False,no_cue
186_1,186,Temporal,False,,NA
186_1,186,Negation,False,,NA
186_1,186,Set operation,False,,NA
186_2,186,COUNT,True,False,no_cue
186_2,186,DISTINCT,False,,NA
186_2,186,SUM,False,,NA
186_2,186,MIN,False,,NA
186_2,186,MAX,False,,NA
186_2,186,GROUP BY,True,False,no_cue
186_2,186,Temporal,False,,NA
186_2,186,Negation,False,,NA
186_2,186,Set operation,False,,NA
186_3,186,COUNT,True,False,no_cue
186_3,186,DISTINCT,False,,NA
186_3,186,SUM,False,,NA
186_3,186,MIN,False,,NA
186_3,186,MAX,False,,NA
186_3,186,GROUP BY,True,False,no_cue
186_3,186,Temporal,False,,NA
186_3,186,Negation,False,,NA
186_3,186,Set operation,False,,NA
186_4,186,COUNT,True,True,explicit_cue
186_4,186,DISTINCT,False,,NA
186_4,186,SUM,False,,NA
186_4,186,MIN,False,,NA
186_4,186,MAX,False,,NA
186_4,186,GROUP BY,True,False,no_cue
186_4,186,Temporal,False,,NA
186_4,186,Negation,False,,NA
186_4,186,Set operation,False,,NA
186_5,186,COUNT,True,True,explicit_cue
186_5,186,DISTINCT,False,,NA
186_5,186,SUM,False,,NA
186_5,186,MIN,False,,NA
186_5,186,MAX,False,,NA
186_5,186,GROUP BY,True,False,no_cue
186_5,186,Temporal,False,,NA
186_5,186,Negation,False,,NA
186_5,186,Set operation,False,,NA
186_6,186,COUNT,True,True,explicit_cue
186_6,186,DISTINCT,False,,NA
186_6,186,SUM,False,,NA
186_6,186,MIN,False,,NA
186_6,186,MAX,False,,NA
186_6,186,GROUP BY,True,False,no_cue
186_6,186,Temporal,False,,NA
186_6,186,Negation,False,,NA
186_6,186,Set operation,False,,NA
186_7,186,COUNT,True,False,no_cue
186_7,186,DISTINCT,False,,NA
186_7,186,SUM,False,,NA
186_7,186,MIN,False,,NA
186_7,186,MAX,False,,NA
186_7,186,GROUP BY,True,False,no_cue
186_7,186,Temporal,False,,NA
186_7,186,Negation,False,,NA
186_7,186,Set operation,False,,NA
187_0,187,COUNT,True,True,explicit_cue
187_0,187,DISTINCT,True,False,no_cue
187_0,187,SUM,False,,NA
187_0,187,MIN,False,,NA
187_0,187,MAX,False,,NA
187_0,187,GROUP BY,False,,NA
187_0,187,Temporal,False,,NA
187_0,187,Negation,False,,NA
187_0,187,Set operation,True,False,no_cue
187_1,187,COUNT,True,True,explicit_cue
187_1,187,DISTINCT,True,False,no_cue
187_1,187,SUM,False,,NA
187_1,187,MIN,False,,NA
187_1,187,MAX,False,,NA
187_1,187,GROUP BY,False,,NA
187_1,187,Temporal,False,,NA
187_1,187,Negation,False,,NA
187_1,187,Set operation,True,False,no_cue
187_2,187,COUNT,True,True,explicit_cue
187_2,187,DISTINCT,True,False,no_cue
187_2,187,SUM,False,,NA
187_2,187,MIN,False,,NA
187_2,187,MAX,False,,NA
187_2,187,GROUP BY,False,,NA
187_2,187,Temporal,False,,NA
187_2,187,Negation,False,,NA
187_2,187,Set operation,True,False,no_cue
187_3,187,COUNT,True,True,explicit_cue
187_3,187,DISTINCT,True,False,no_cue
187_3,187,SUM,False,,NA
187_3,187,MIN,False,,NA
187_3,187,MAX,False,,NA
187_3,187,GROUP BY,False,,NA
187_3,187,Temporal,False,,NA
187_3,187,Negation,False,,NA
187_3,187,Set operation,True,False,no_cue
187_4,187,COUNT,True,True,explicit_cue
187_4,187,DISTINCT,True,False,no_cue
187_4,187,SUM,False,,NA
187_4,187,MIN,False,,NA
187_4,187,MAX,False,,NA
187_4,187,GROUP BY,False,,NA
187_4,187,Temporal,False,,NA
187_4,187,Negation,False,,NA
187_4,187,Set operation,True,False,no_cue
188_0,188,COUNT,True,True,explicit_cue
188_0,188,DISTINCT,False,,NA
188_0,188,SUM,False,,NA
188_0,188,MIN,False,,NA
188_0,188,MAX,False,,NA
188_0,188,GROUP BY,False,,NA
188_0,188,Temporal,False,,NA
188_0,188,Negation,False,,NA
188_0,188,Set operation,True,False,no_cue
188_1,188,COUNT,True,True,explicit_cue
188_1,188,DISTINCT,False,,NA
188_1,188,SUM,False,,NA
188_1,188,MIN,False,,NA
188_1,188,MAX,False,,NA
188_1,188,GROUP BY,False,,NA
188_1,188,Temporal,False,,NA
188_1,188,Negation,False,,NA
188_1,188,Set operation,True,False,no_cue
188_2,188,COUNT,True,True,explicit_cue
188_2,188,DISTINCT,False,,NA
188_2,188,SUM,False,,NA
188_2,188,MIN,False,,NA
188_2,188,MAX,False,,NA
188_2,188,GROUP BY,False,,NA
188_2,188,Temporal,False,,NA
188_2,188,Negation,False,,NA
188_2,188,Set operation,True,False,no_cue
189_0,189,COUNT,False,,NA
189_0,189,DISTINCT,False,,NA
189_0,189,SUM,False,,NA
189_0,189,MIN,False,,NA
189_0,189,MAX,False,,NA
189_0,189,GROUP BY,True,False,no_cue
189_0,189,Temporal,False,,NA
189_0,189,Negation,False,,NA
189_0,189,Set operation,False,,NA
189_1,189,COUNT,False,,NA
189_1,189,DISTINCT,False,,NA
189_1,189,SUM,False,,NA
189_1,189,MIN,False,,NA
189_1,189,MAX,False,,NA
189_1,189,GROUP BY,True,False,no_cue
189_1,189,Temporal,False,,NA
189_1,189,Negation,False,,NA
189_1,189,Set operation,False,,NA
189_2,189,COUNT,False,,NA
189_2,189,DISTINCT,False,,NA
189_2,189,SUM,False,,NA
189_2,189,MIN,False,,NA
189_2,189,MAX,False,,NA
189_2,189,GROUP BY,True,False,no_cue
189_2,189,Temporal,False,,NA
189_2,189,Negation,False,,NA
189_2,189,Set operation,False,,NA
189_3,189,COUNT,False,,NA
189_3,189,DISTINCT,False,,NA
189_3,189,SUM,False,,NA
189_3,189,MIN,False,,NA
189_3,189,MAX,False,,NA
189_3,189,GROUP BY,True,False,no_cue
189_3,189,Temporal,False,,NA
189_3,189,Negation,False,,NA
189_3,189,Set operation,False,,NA
189_4,189,COUNT,False,,NA
189_4,189,DISTINCT,False,,NA
189_4,189,SUM,False,,NA
189_4,189,MIN,False,,NA
189_4,189,MAX,False,,NA
189_4,189,GROUP BY,True,False,no_cue
189_4,189,Temporal,False,,NA
189_4,189,Negation,False,,NA
189_4,189,Set operation,False,,NA
189_5,189,COUNT,False,,NA
189_5,189,DISTINCT,False,,NA
189_5,189,SUM,False,,NA
189_5,189,MIN,False,,NA
189_5,189,MAX,False,,NA
189_5,189,GROUP BY,True,False,no_cue
189_5,189,Temporal,False,,NA
189_5,189,Negation,False,,NA
189_5,189,Set operation,False,,NA
190_0,190,COUNT,True,True,explicit_cue
190_0,190,DISTINCT,False,,NA
190_0,190,SUM,False,,NA
190_0,190,MIN,False,,NA
190_0,190,MAX,True,False,no_cue
190_0,190,GROUP BY,True,False,no_cue
190_0,190,Temporal,False,,NA
190_0,190,Negation,False,,NA
190_0,190,Set operation,False,,NA
190_1,190,COUNT,True,True,explicit_cue
190_1,190,DISTINCT,False,,NA
190_1,190,SUM,False,,NA
190_1,190,MIN,False,,NA
190_1,190,MAX,True,False,no_cue
190_1,190,GROUP BY,True,False,no_cue
190_1,190,Temporal,False,,NA
190_1,190,Negation,False,,NA
190_1,190,Set operation,False,,NA
190_2,190,COUNT,True,True,explicit_cue
190_2,190,DISTINCT,False,,NA
190_2,190,SUM,False,,NA
190_2,190,MIN,False,,NA
190_2,190,MAX,True,False,no_cue
190_2,190,GROUP BY,True,False,no_cue
190_2,190,Temporal,False,,NA
190_2,190,Negation,False,,NA
190_2,190,Set operation,False,,NA
190_3,190,COUNT,True,True,explicit_cue
190_3,190,DISTINCT,False,,NA
190_3,190,SUM,False,,NA
190_3,190,MIN,False,,NA
190_3,190,MAX,True,False,no_cue
190_3,190,GROUP BY,True,False,no_cue
190_3,190,Temporal,False,,NA
190_3,190,Negation,False,,NA
190_3,190,Set operation,False,,NA
190_4,190,COUNT,True,True,explicit_cue
190_4,190,DISTINCT,False,,NA
190_4,190,SUM,False,,NA
190_4,190,MIN,False,,NA
190_4,190,MAX,True,True,explicit_cue
190_4,190,GROUP BY,True,False,no_cue
190_4,190,Temporal,False,,NA
190_4,190,Negation,False,,NA
190_4,190,Set operation,False,,NA
190_5,190,COUNT,True,True,explicit_cue
190_5,190,DISTINCT,False,,NA
190_5,190,SUM,False,,NA
190_5,190,MIN,False,,NA
190_5,190,MAX,True,False,no_cue
190_5,190,GROUP BY,True,False,no_cue
190_5,190,Temporal,False,,NA
190_5,190,Negation,False,,NA
190_5,190,Set operation,False,,NA
191_0,191,COUNT,False,,NA
191_0,191,DISTINCT,True,False,no_cue
191_0,191,SUM,False,,NA
191_0,191,MIN,False,,NA
191_0,191,MAX,False,,NA
191_0,191,GROUP BY,False,,NA
191_0,191,Temporal,False,,NA
191_0,191,Negation,False,,NA
191_0,191,Set operation,True,False,no_cue
191_1,191,COUNT,False,,NA
191_1,191,DISTINCT,True,False,no_cue
191_1,191,SUM,False,,NA
191_1,191,MIN,False,,NA
191_1,191,MAX,False,,NA
191_1,191,GROUP BY,False,,NA
191_1,191,Temporal,False,,NA
191_1,191,Negation,False,,NA
191_1,191,Set operation,True,False,no_cue
191_2,191,COUNT,False,,NA
191_2,191,DISTINCT,True,False,no_cue
191_2,191,SUM,False,,NA
191_2,191,MIN,False,,NA
191_2,191,MAX,False,,NA
191_2,191,GROUP BY,False,,NA
191_2,191,Temporal,False,,NA
191_2,191,Negation,False,,NA
191_2,191,Set operation,True,False,no_cue
191_3,191,COUNT,False,,NA
191_3,191,DISTINCT,True,False,no_cue
191_3,191,SUM,False,,NA
191_3,191,MIN,False,,NA
191_3,191,MAX,False,,NA
191_3,191,GROUP BY,False,,NA
191_3,191,Temporal,False,,NA
191_3,191,Negation,False,,NA
191_3,191,Set operation,True,False,no_cue
191_4,191,COUNT,False,,NA
191_4,191,DISTINCT,True,False,no_cue
191_4,191,SUM,False,,NA
191_4,191,MIN,False,,NA
191_4,191,MAX,False,,NA
191_4,191,GROUP BY,False,,NA
191_4,191,Temporal,False,,NA
191_4,191,Negation,False,,NA
191_4,191,Set operation,True,False,no_cue
191_5,191,COUNT,False,,NA
191_5,191,DISTINCT,True,False,no_cue
191_5,191,SUM,False,,NA
191_5,191,MIN,False,,NA
191_5,191,MAX,False,,NA
191_5,191,GROUP BY,False,,NA
191_5,191,Temporal,False,,NA
191_5,191,Negation,False,,NA
191_5,191,Set operation,True,False,no_cue
192_0,192,COUNT,True,True,explicit_cue
192_0,192,DISTINCT,False,,NA
192_0,192,SUM,False,,NA
192_0,192,MIN,False,,NA
192_0,192,MAX,True,False,no_cue
192_0,192,GROUP BY,True,True,explicit_cue
192_0,192,Temporal,True,True,explicit_cue
192_0,192,Negation,False,,NA
192_0,192,Set operation,False,,NA
192_1,192,COUNT,True,False,no_cue
192_1,192,DISTINCT,False,,NA
192_1,192,SUM,False,,NA
192_1,192,MIN,False,,NA
192_1,192,MAX,True,False,no_cue
192_1,192,GROUP BY,True,True,explicit_cue
192_1,192,Temporal,True,True,explicit_cue
192_1,192,Negation,False,,NA
192_1,192,Set operation,False,,NA
192_2,192,COUNT,True,False,no_cue
192_2,192,DISTINCT,False,,NA
192_2,192,SUM,False,,NA
192_2,192,MIN,False,,NA
192_2,192,MAX,True,False,no_cue
192_2,192,GROUP BY,True,True,explicit_cue
192_2,192,Temporal,True,True,explicit_cue
192_2,192,Negation,False,,NA
192_2,192,Set operation,False,,NA
192_3,192,COUNT,True,False,no_cue
192_3,192,DISTINCT,False,,NA
192_3,192,SUM,False,,NA
192_3,192,MIN,False,,NA
192_3,192,MAX,True,False,no_cue
192_3,192,GROUP BY,True,True,explicit_cue
192_3,192,Temporal,True,True,explicit_cue
192_3,192,Negation,False,,NA
192_3,192,Set operation,False,,NA
192_4,192,COUNT,True,True,explicit_cue
192_4,192,DISTINCT,False,,NA
192_4,192,SUM,False,,NA
192_4,192,MIN,False,,NA
192_4,192,MAX,True,False,no_cue
192_4,192,GROUP BY,True,True,explicit_cue
192_4,192,Temporal,True,True,explicit_cue
192_4,192,Negation,False,,NA
192_4,192,Set operation,False,,NA
192_5,192,COUNT,True,False,no_cue
192_5,192,DISTINCT,False,,NA
192_5,192,SUM,False,,NA
192_5,192,MIN,False,,NA
192_5,192,MAX,True,False,no_cue
192_5,192,GROUP BY,True,True,explicit_cue
192_5,192,Temporal,True,True,explicit_cue
192_5,192,Negation,False,,NA
192_5,192,Set operation,False,,NA
193_0,193,COUNT,True,True,explicit_cue
193_0,193,DISTINCT,True,False,no_cue
193_0,193,SUM,False,,NA
193_0,193,MIN,False,,NA
193_0,193,MAX,False,,NA
193_0,193,GROUP BY,False,,NA
193_0,193,Temporal,False,,NA
193_0,193,Negation,True,True,explicit_cue
193_0,193,Set operation,False,,NA
193_1,193,COUNT,True,True,explicit_cue
193_1,193,DISTINCT,True,False,no_cue
193_1,193,SUM,False,,NA
193_1,193,MIN,False,,NA
193_1,193,MAX,False,,NA
193_1,193,GROUP BY,False,,NA
193_1,193,Temporal,False,,NA
193_1,193,Negation,True,True,explicit_cue
193_1,193,Set operation,False,,NA
193_2,193,COUNT,True,True,explicit_cue
193_2,193,DISTINCT,True,False,no_cue
193_2,193,SUM,False,,NA
193_2,193,MIN,False,,NA
193_2,193,MAX,False,,NA
193_2,193,GROUP BY,False,,NA
193_2,193,Temporal,False,,NA
193_2,193,Negation,True,True,explicit_cue
193_2,193,Set operation,False,,NA
193_3,193,COUNT,True,True,explicit_cue
193_3,193,DISTINCT,True,False,no_cue
193_3,193,SUM,False,,NA
193_3,193,MIN,False,,NA
193_3,193,MAX,False,,NA
193_3,193,GROUP BY,False,,NA
193_3,193,Temporal,False,,NA
193_3,193,Negation,True,True,explicit_cue
193_3,193,Set operation,False,,NA
193_4,193,COUNT,True,True,explicit_cue
193_4,193,DISTINCT,True,False,no_cue
193_4,193,SUM,False,,NA
193_4,193,MIN,False,,NA
193_4,193,MAX,False,,NA
193_4,193,GROUP BY,False,,NA
193_4,193,Temporal,False,,NA
193_4,193,Negation,True,True,explicit_cue
193_4,193,Set operation,False,,NA
193_5,193,COUNT,True,True,explicit_cue
193_5,193,DISTINCT,True,False,no_cue
193_5,193,SUM,False,,NA
193_5,193,MIN,False,,NA
193_5,193,MAX,False,,NA
193_5,193,GROUP BY,False,,NA
193_5,193,Temporal,False,,NA
193_5,193,Negation,True,True,explicit_cue
193_5,193,Set operation,False,,NA
193_6,193,COUNT,True,True,explicit_cue
193_6,193,DISTINCT,True,False,no_cue
193_6,193,SUM,False,,NA
193_6,193,MIN,False,,NA
193_6,193,MAX,False,,NA
193_6,193,GROUP BY,False,,NA
193_6,193,Temporal,False,,NA
193_6,193,Negation,True,True,explicit_cue
193_6,193,Set operation,False,,NA
193_7,193,COUNT,True,False,no_cue
193_7,193,DISTINCT,True,False,no_cue
193_7,193,SUM,False,,NA
193_7,193,MIN,False,,NA
193_7,193,MAX,False,,NA
193_7,193,GROUP BY,False,,NA
193_7,193,Temporal,False,,NA
193_7,193,Negation,True,True,explicit_cue
193_7,193,Set operation,False,,NA
194_0,194,COUNT,True,True,explicit_cue
194_0,194,DISTINCT,True,True,explicit_cue
194_0,194,SUM,False,,NA
194_0,194,MIN,False,,NA
194_0,194,MAX,False,,NA
194_0,194,GROUP BY,True,True,explicit_cue
194_0,194,Temporal,False,,NA
194_0,194,Negation,False,,NA
194_0,194,Set operation,False,,NA
194_1,194,COUNT,True,True,explicit_cue
194_1,194,DISTINCT,True,True,explicit_cue
194_1,194,SUM,False,,NA
194_1,194,MIN,False,,NA
194_1,194,MAX,False,,NA
194_1,194,GROUP BY,True,True,explicit_cue
194_1,194,Temporal,False,,NA
194_1,194,Negation,False,,NA
194_1,194,Set operation,False,,NA
194_2,194,COUNT,True,True,explicit_cue
194_2,194,DISTINCT,True,True,explicit_cue
194_2,194,SUM,False,,NA
194_2,194,MIN,False,,NA
194_2,194,MAX,False,,NA
194_2,194,GROUP BY,True,True,explicit_cue
194_2,194,Temporal,False,,NA
194_2,194,Negation,False,,NA
194_2,194,Set operation,False,,NA
194_3,194,COUNT,True,True,explicit_cue
194_3,194,DISTINCT,True,True,explicit_cue
194_3,194,SUM,False,,NA
194_3,194,MIN,False,,NA
194_3,194,MAX,False,,NA
194_3,194,GROUP BY,True,True,explicit_cue
194_3,194,Temporal,False,,NA
194_3,194,Negation,False,,NA
194_3,194,Set operation,False,,NA
194_4,194,COUNT,True,True,explicit_cue
194_4,194,DISTINCT,True,True,explicit_cue
194_4,194,SUM,False,,NA
194_4,194,MIN,False,,NA
194_4,194,MAX,False,,NA
194_4,194,GROUP BY,True,True,explicit_cue
194_4,194,Temporal,False,,NA
194_4,194,Negation,False,,NA
194_4,194,Set operation,False,,NA
194_5,194,COUNT,True,True,explicit_cue
194_5,194,DISTINCT,True,True,explicit_cue
194_5,194,SUM,False,,NA
194_5,194,MIN,False,,NA
194_5,194,MAX,False,,NA
194_5,194,GROUP BY,True,True,explicit_cue
194_5,194,Temporal,False,,NA
194_5,194,Negation,False,,NA
194_5,194,Set operation,False,,NA
195_0,195,COUNT,False,,NA
195_0,195,DISTINCT,True,False,no_cue
195_0,195,SUM,False,,NA
195_0,195,MIN,False,,NA
195_0,195,MAX,False,,NA
195_0,195,GROUP BY,True,False,no_cue
195_0,195,Temporal,False,,NA
195_0,195,Negation,False,,NA
195_0,195,Set operation,False,,NA
195_1,195,COUNT,False,,NA
195_1,195,DISTINCT,True,False,no_cue
195_1,195,SUM,False,,NA
195_1,195,MIN,False,,NA
195_1,195,MAX,False,,NA
195_1,195,GROUP BY,True,False,no_cue
195_1,195,Temporal,False,,NA
195_1,195,Negation,False,,NA
195_1,195,Set operation,False,,NA
195_2,195,COUNT,False,,NA
195_2,195,DISTINCT,True,False,no_cue
195_2,195,SUM,False,,NA
195_2,195,MIN,False,,NA
195_2,195,MAX,False,,NA
195_2,195,GROUP BY,True,False,no_cue
195_2,195,Temporal,False,,NA
195_2,195,Negation,False,,NA
195_2,195,Set operation,False,,NA
196_0,196,COUNT,True,True,explicit_cue
196_0,196,DISTINCT,False,,NA
196_0,196,SUM,False,,NA
196_0,196,MIN,False,,NA
196_0,196,MAX,False,,NA
196_0,196,GROUP BY,True,True,explicit_cue
196_0,196,Temporal,False,,NA
196_0,196,Negation,False,,NA
196_0,196,Set operation,False,,NA
196_1,196,COUNT,True,True,explicit_cue
196_1,196,DISTINCT,False,,NA
196_1,196,SUM,False,,NA
196_1,196,MIN,False,,NA
196_1,196,MAX,False,,NA
196_1,196,GROUP BY,True,True,explicit_cue
196_1,196,Temporal,False,,NA
196_1,196,Negation,False,,NA
196_1,196,Set operation,False,,NA
196_2,196,COUNT,True,True,explicit_cue
196_2,196,DISTINCT,False,,NA
196_2,196,SUM,False,,NA
196_2,196,MIN,False,,NA
196_2,196,MAX,False,,NA
196_2,196,GROUP BY,True,True,explicit_cue
196_2,196,Temporal,False,,NA
196_2,196,Negation,False,,NA
196_2,196,Set operation,False,,NA
196_3,196,COUNT,True,True,explicit_cue
196_3,196,DISTINCT,False,,NA
196_3,196,SUM,False,,NA
196_3,196,MIN,False,,NA
196_3,196,MAX,False,,NA
196_3,196,GROUP BY,True,True,explicit_cue
196_3,196,Temporal,False,,NA
196_3,196,Negation,False,,NA
196_3,196,Set operation,False,,NA
196_4,196,COUNT,True,True,explicit_cue
196_4,196,DISTINCT,False,,NA
196_4,196,SUM,False,,NA
196_4,196,MIN,False,,NA
196_4,196,MAX,False,,NA
196_4,196,GROUP BY,True,True,explicit_cue
196_4,196,Temporal,False,,NA
196_4,196,Negation,False,,NA
196_4,196,Set operation,False,,NA
197_0,197,COUNT,False,,NA
197_0,197,DISTINCT,False,,NA
197_0,197,SUM,True,True,explicit_cue
197_0,197,MIN,False,,NA
197_0,197,MAX,False,,NA
197_0,197,GROUP BY,True,False,no_cue
197_0,197,Temporal,False,,NA
197_0,197,Negation,False,,NA
197_0,197,Set operation,False,,NA
197_1,197,COUNT,False,,NA
197_1,197,DISTINCT,False,,NA
197_1,197,SUM,True,True,explicit_cue
197_1,197,MIN,False,,NA
197_1,197,MAX,False,,NA
197_1,197,GROUP BY,True,False,no_cue
197_1,197,Temporal,False,,NA
197_1,197,Negation,False,,NA
197_1,197,Set operation,False,,NA
197_2,197,COUNT,False,,NA
197_2,197,DISTINCT,False,,NA
197_2,197,SUM,True,True,explicit_cue
197_2,197,MIN,False,,NA
197_2,197,MAX,False,,NA
197_2,197,GROUP BY,True,False,no_cue
197_2,197,Temporal,False,,NA
197_2,197,Negation,False,,NA
197_2,197,Set operation,False,,NA
197_3,197,COUNT,False,,NA
197_3,197,DISTINCT,False,,NA
197_3,197,SUM,True,True,explicit_cue
197_3,197,MIN,False,,NA
197_3,197,MAX,False,,NA
197_3,197,GROUP BY,True,False,no_cue
197_3,197,Temporal,False,,NA
197_3,197,Negation,False,,NA
197_3,197,Set operation,False,,NA
197_4,197,COUNT,False,,NA
197_4,197,DISTINCT,False,,NA
197_4,197,SUM,True,True,explicit_cue
197_4,197,MIN,False,,NA
197_4,197,MAX,False,,NA
197_4,197,GROUP BY,True,False,no_cue
197_4,197,Temporal,False,,NA
197_4,197,Negation,False,,NA
197_4,197,Set operation,False,,NA
197_5,197,COUNT,False,,NA
197_5,197,DISTINCT,False,,NA
197_5,197,SUM,True,False,no_cue
197_5,197,MIN,False,,NA
197_5,197,MAX,False,,NA
197_5,197,GROUP BY,True,False,no_cue
197_5,197,Temporal,False,,NA
197_5,197,Negation,False,,NA
197_5,197,Set operation,False,,NA
198_0,198,COUNT,False,,NA
198_0,198,DISTINCT,False,,NA
198_0,198,SUM,False,,NA
198_0,198,MIN,False,,NA
198_0,198,MAX,False,,NA
198_0,198,GROUP BY,True,True,explicit_cue
198_0,198,Temporal,False,,NA
198_0,198,Negation,False,,NA
198_0,198,Set operation,False,,NA
198_1,198,COUNT,False,,NA
198_1,198,DISTINCT,False,,NA
198_1,198,SUM,False,,NA
198_1,198,MIN,False,,NA
198_1,198,MAX,False,,NA
198_1,198,GROUP BY,True,True,explicit_cue
198_1,198,Temporal,False,,NA
198_1,198,Negation,False,,NA
198_1,198,Set operation,False,,NA
198_2,198,COUNT,False,,NA
198_2,198,DISTINCT,False,,NA
198_2,198,SUM,False,,NA
198_2,198,MIN,False,,NA
198_2,198,MAX,False,,NA
198_2,198,GROUP BY,True,True,explicit_cue
198_2,198,Temporal,False,,NA
198_2,198,Negation,False,,NA
198_2,198,Set operation,False,,NA
198_3,198,COUNT,False,,NA
198_3,198,DISTINCT,False,,NA
198_3,198,SUM,False,,NA
198_3,198,MIN,False,,NA
198_3,198,MAX,False,,NA
198_3,198,GROUP BY,True,True,explicit_cue
198_3,198,Temporal,False,,NA
198_3,198,Negation,False,,NA
198_3,198,Set operation,False,,NA
198_4,198,COUNT,False,,NA
198_4,198,DISTINCT,False,,NA
198_4,198,SUM,False,,NA
198_4,198,MIN,False,,NA
198_4,198,MAX,False,,NA
198_4,198,GROUP BY,True,True,explicit_cue
198_4,198,Temporal,False,,NA
198_4,198,Negation,False,,NA
198_4,198,Set operation,False,,NA
198_5,198,COUNT,False,,NA
198_5,198,DISTINCT,False,,NA
198_5,198,SUM,False,,NA
198_5,198,MIN,False,,NA
198_5,198,MAX,False,,NA
198_5,198,GROUP BY,True,True,explicit_cue
198_5,198,Temporal,False,,NA
198_5,198,Negation,False,,NA
198_5,198,Set operation,False,,NA
199_0,199,COUNT,True,False,no_cue
199_0,199,DISTINCT,False,,NA
199_0,199,SUM,False,,NA
199_0,199,MIN,False,,NA
199_0,199,MAX,False,,NA
199_0,199,GROUP BY,True,False,no_cue
199_0,199,Temporal,False,,NA
199_0,199,Negation,False,,NA
199_0,199,Set operation,False,,NA
199_1,199,COUNT,True,False,no_cue
199_1,199,DISTINCT,False,,NA
199_1,199,SUM,False,,NA
199_1,199,MIN,False,,NA
199_1,199,MAX,False,,NA
199_1,199,GROUP BY,True,False,no_cue
199_1,199,Temporal,False,,NA
199_1,199,Negation,False,,NA
199_1,199,Set operation,False,,NA
199_2,199,COUNT,True,False,no_cue
199_2,199,DISTINCT,False,,NA
199_2,199,SUM,False,,NA
199_2,199,MIN,False,,NA
199_2,199,MAX,False,,NA
199_2,199,GROUP BY,True,False,no_cue
199_2,199,Temporal,False,,NA
199_2,199,Negation,False,,NA
199_2,199,Set operation,False,,NA
199_3,199,COUNT,True,False,no_cue
199_3,199,DISTINCT,False,,NA
199_3,199,SUM,False,,NA
199_3,199,MIN,False,,NA
199_3,199,MAX,False,,NA
199_3,199,GROUP BY,True,False,no_cue
199_3,199,Temporal,False,,NA
199_3,199,Negation,False,,NA
199_3,199,Set operation,False,,NA
199_4,199,COUNT,True,True,explicit_cue
199_4,199,DISTINCT,False,,NA
199_4,199,SUM,False,,NA
199_4,199,MIN,False,,NA
199_4,199,MAX,False,,NA
199_4,199,GROUP BY,True,False,no_cue
199_4,199,Temporal,False,,NA
199_4,199,Negation,False,,NA
199_4,199,Set operation,False,,NA
199_5,199,COUNT,True,False,no_cue
199_5,199,DISTINCT,False,,NA
199_5,199,SUM,False,,NA
199_5,199,MIN,False,,NA
199_5,199,MAX,False,,NA
199_5,199,GROUP BY,True,False,no_cue
199_5,199,Temporal,False,,NA
199_5,199,Negation,False,,NA
199_5,199,Set operation,False,,NA
200_0,200,COUNT,True,True,explicit_cue
200_0,200,DISTINCT,False,,NA
200_0,200,SUM,False,,NA
200_0,200,MIN,False,,NA
200_0,200,MAX,False,,NA
200_0,200,GROUP BY,True,True,explicit_cue
200_0,200,Temporal,False,,NA
200_0,200,Negation,False,,NA
200_0,200,Set operation,False,,NA
200_1,200,COUNT,True,True,explicit_cue
200_1,200,DISTINCT,False,,NA
200_1,200,SUM,False,,NA
200_1,200,MIN,False,,NA
200_1,200,MAX,False,,NA
200_1,200,GROUP BY,True,True,explicit_cue
200_1,200,Temporal,False,,NA
200_1,200,Negation,False,,NA
200_1,200,Set operation,False,,NA
200_2,200,COUNT,True,True,explicit_cue
200_2,200,DISTINCT,False,,NA
200_2,200,SUM,False,,NA
200_2,200,MIN,False,,NA
200_2,200,MAX,False,,NA
200_2,200,GROUP BY,True,True,explicit_cue
200_2,200,Temporal,False,,NA
200_2,200,Negation,False,,NA
200_2,200,Set operation,False,,NA
201_0,201,COUNT,False,,NA
201_0,201,DISTINCT,True,True,explicit_cue
201_0,201,SUM,False,,NA
201_0,201,MIN,False,,NA
201_0,201,MAX,False,,NA
201_0,201,GROUP BY,False,,NA
201_0,201,Temporal,False,,NA
201_0,201,Negation,True,False,no_cue
201_0,201,Set operation,False,,NA
201_1,201,COUNT,False,,NA
201_1,201,DISTINCT,True,True,explicit_cue
201_1,201,SUM,False,,NA
201_1,201,MIN,False,,NA
201_1,201,MAX,False,,NA
201_1,201,GROUP BY,False,,NA
201_1,201,Temporal,False,,NA
201_1,201,Negation,True,False,no_cue
201_1,201,Set operation,False,,NA
201_2,201,COUNT,False,,NA
201_2,201,DISTINCT,True,True,explicit_cue
201_2,201,SUM,False,,NA
201_2,201,MIN,False,,NA
201_2,201,MAX,False,,NA
201_2,201,GROUP BY,False,,NA
201_2,201,Temporal,False,,NA
201_2,201,Negation,True,False,no_cue
201_2,201,Set operation,False,,NA
202_0,202,COUNT,True,True,explicit_cue
202_0,202,DISTINCT,False,,NA
202_0,202,SUM,False,,NA
202_0,202,MIN,True,False,no_cue
202_0,202,MAX,False,,NA
202_0,202,GROUP BY,True,True,explicit_cue
202_0,202,Temporal,False,,NA
202_0,202,Negation,False,,NA
202_0,202,Set operation,False,,NA
202_1,202,COUNT,True,True,explicit_cue
202_1,202,DISTINCT,False,,NA
202_1,202,SUM,False,,NA
202_1,202,MIN,True,False,no_cue
202_1,202,MAX,False,,NA
202_1,202,GROUP BY,True,True,explicit_cue
202_1,202,Temporal,False,,NA
202_1,202,Negation,False,,NA
202_1,202,Set operation,False,,NA
202_2,202,COUNT,True,True,explicit_cue
202_2,202,DISTINCT,False,,NA
202_2,202,SUM,False,,NA
202_2,202,MIN,True,False,no_cue
202_2,202,MAX,False,,NA
202_2,202,GROUP BY,True,True,explicit_cue
202_2,202,Temporal,False,,NA
202_2,202,Negation,False,,NA
202_2,202,Set operation,False,,NA
203_0,203,COUNT,False,,NA
203_0,203,DISTINCT,False,,NA
203_0,203,SUM,False,,NA
203_0,203,MIN,False,,NA
203_0,203,MAX,False,,NA
203_0,203,GROUP BY,False,,NA
203_0,203,Temporal,False,,NA
203_0,203,Negation,False,,NA
203_0,203,Set operation,False,,NA
203_1,203,COUNT,False,,NA
203_1,203,DISTINCT,False,,NA
203_1,203,SUM,False,,NA
203_1,203,MIN,False,,NA
203_1,203,MAX,False,,NA
203_1,203,GROUP BY,False,,NA
203_1,203,Temporal,False,,NA
203_1,203,Negation,False,,NA
203_1,203,Set operation,False,,NA
203_2,203,COUNT,False,,NA
203_2,203,DISTINCT,False,,NA
203_2,203,SUM,False,,NA
203_2,203,MIN,False,,NA
203_2,203,MAX,False,,NA
203_2,203,GROUP BY,False,,NA
203_2,203,Temporal,False,,NA
203_2,203,Negation,False,,NA
203_2,203,Set operation,False,,NA
204_0,204,COUNT,True,False,no_cue
204_0,204,DISTINCT,True,False,no_cue
204_0,204,SUM,False,,NA
204_0,204,MIN,False,,NA
204_0,204,MAX,False,,NA
204_0,204,GROUP BY,True,False,no_cue
204_0,204,Temporal,False,,NA
204_0,204,Negation,False,,NA
204_0,204,Set operation,False,,NA
204_1,204,COUNT,True,False,no_cue
204_1,204,DISTINCT,True,False,no_cue
204_1,204,SUM,False,,NA
204_1,204,MIN,False,,NA
204_1,204,MAX,False,,NA
204_1,204,GROUP BY,True,False,no_cue
204_1,204,Temporal,False,,NA
204_1,204,Negation,False,,NA
204_1,204,Set operation,False,,NA
204_2,204,COUNT,True,False,no_cue
204_2,204,DISTINCT,True,False,no_cue
204_2,204,SUM,False,,NA
204_2,204,MIN,False,,NA
204_2,204,MAX,False,,NA
204_2,204,GROUP BY,True,False,no_cue
204_2,204,Temporal,False,,NA
204_2,204,Negation,False,,NA
204_2,204,Set operation,False,,NA
204_3,204,COUNT,True,False,no_cue
204_3,204,DISTINCT,True,False,no_cue
204_3,204,SUM,False,,NA
204_3,204,MIN,False,,NA
204_3,204,MAX,False,,NA
204_3,204,GROUP BY,True,False,no_cue
204_3,204,Temporal,False,,NA
204_3,204,Negation,False,,NA
204_3,204,Set operation,False,,NA
204_4,204,COUNT,True,False,no_cue
204_4,204,DISTINCT,True,False,no_cue
204_4,204,SUM,False,,NA
204_4,204,MIN,False,,NA
204_4,204,MAX,False,,NA
204_4,204,GROUP BY,True,False,no_cue
204_4,204,Temporal,False,,NA
204_4,204,Negation,False,,NA
204_4,204,Set operation,False,,NA
204_5,204,COUNT,True,False,no_cue
204_5,204,DISTINCT,True,False,no_cue
204_5,204,SUM,False,,NA
204_5,204,MIN,False,,NA
204_5,204,MAX,False,,NA
204_5,204,GROUP BY,True,False,no_cue
204_5,204,Temporal,False,,NA
204_5,204,Negation,False,,NA
204_5,204,Set operation,False,,NA
205_0,205,COUNT,False,,NA
205_0,205,DISTINCT,True,False,no_cue
205_0,205,SUM,False,,NA
205_0,205,MIN,False,,NA
205_0,205,MAX,False,,NA
205_0,205,GROUP BY,False,,NA
205_0,205,Temporal,False,,NA
205_0,205,Negation,False,,NA
205_0,205,Set operation,False,,NA
205_1,205,COUNT,False,,NA
205_1,205,DISTINCT,True,False,no_cue
205_1,205,SUM,False,,NA
205_1,205,MIN,False,,NA
205_1,205,MAX,False,,NA
205_1,205,GROUP BY,False,,NA
205_1,205,Temporal,False,,NA
205_1,205,Negation,False,,NA
205_1,205,Set operation,False,,NA
205_2,205,COUNT,False,,NA
205_2,205,DISTINCT,True,False,no_cue
205_2,205,SUM,False,,NA
205_2,205,MIN,False,,NA
205_2,205,MAX,False,,NA
205_2,205,GROUP BY,False,,NA
205_2,205,Temporal,False,,NA
205_2,205,Negation,False,,NA
205_2,205,Set operation,False,,NA
205_3,205,COUNT,False,,NA
205_3,205,DISTINCT,True,False,no_cue
205_3,205,SUM,False,,NA
205_3,205,MIN,False,,NA
205_3,205,MAX,False,,NA
205_3,205,GROUP BY,False,,NA
205_3,205,Temporal,False,,NA
205_3,205,Negation,False,,NA
205_3,205,Set operation,False,,NA
205_4,205,COUNT,False,,NA
205_4,205,DISTINCT,True,False,no_cue
205_4,205,SUM,False,,NA
205_4,205,MIN,False,,NA
205_4,205,MAX,False,,NA
205_4,205,GROUP BY,False,,NA
205_4,205,Temporal,False,,NA
205_4,205,Negation,False,,NA
205_4,205,Set operation,False,,NA
205_5,205,COUNT,False,,NA
205_5,205,DISTINCT,True,False,no_cue
205_5,205,SUM,False,,NA
205_5,205,MIN,False,,NA
205_5,205,MAX,False,,NA
205_5,205,GROUP BY,False,,NA
205_5,205,Temporal,False,,NA
205_5,205,Negation,False,,NA
205_5,205,Set operation,False,,NA
206_0,206,COUNT,False,,NA
206_0,206,DISTINCT,True,False,no_cue
206_0,206,SUM,False,,NA
206_0,206,MIN,False,,NA
206_0,206,MAX,False,,NA
206_0,206,GROUP BY,False,,NA
206_0,206,Temporal,False,,NA
206_0,206,Negation,False,,NA
206_0,206,Set operation,False,,NA
206_1,206,COUNT,False,,NA
206_1,206,DISTINCT,True,False,no_cue
206_1,206,SUM,False,,NA
206_1,206,MIN,False,,NA
206_1,206,MAX,False,,NA
206_1,206,GROUP BY,False,,NA
206_1,206,Temporal,False,,NA
206_1,206,Negation,False,,NA
206_1,206,Set operation,False,,NA
207_0,207,COUNT,False,,NA
207_0,207,DISTINCT,True,False,no_cue
207_0,207,SUM,False,,NA
207_0,207,MIN,False,,NA
207_0,207,MAX,False,,NA
207_0,207,GROUP BY,False,,NA
207_0,207,Temporal,False,,NA
207_0,207,Negation,False,,NA
207_0,207,Set operation,False,,NA
207_1,207,COUNT,False,,NA
207_1,207,DISTINCT,True,False,no_cue
207_1,207,SUM,False,,NA
207_1,207,MIN,False,,NA
207_1,207,MAX,False,,NA
207_1,207,GROUP BY,False,,NA
207_1,207,Temporal,False,,NA
207_1,207,Negation,False,,NA
207_1,207,Set operation,False,,NA
