utterance_id,group_id,gold_sql,literal_value,value_type,value_lexicalized
1_0,1,SELECT count(*) FROM event_log WHERE activity = 'End trip',End trip,string,True
1_1,1,SELECT count(*) FROM event_log WHERE activity = 'End trip',End trip,string,True
1_2,1,SELECT count(*) FROM event_log WHERE activity = 'End trip',End trip,string,True
1_3,1,SELECT count(*) FROM event_log WHERE activity = 'End trip',End trip,string,True
1_4,1,SELECT count(*) FROM event_log WHERE activity = 'End trip',End trip,string,True
1_5,1,SELECT count(*) FROM event_log WHERE activity = 'End trip',End trip,string,True
1_6,1,SELECT count(*) FROM event_log WHERE activity = 'End trip',End trip,string,True
1_7,1,SELECT count(*) FROM event_log WHERE activity = 'End trip',End trip,string,True
1_8,1,SELECT count(*) FROM event_log WHERE activity = 'End trip',End trip,string,True
1_9,1,SELECT count(*) FROM event_log WHERE activity = 'End trip',End trip,string,True
1_10,1,SELECT count(*) FROM event_log WHERE activity = 'End trip',End trip,string,False
2_0,2,SELECT count(*) FROM event_log WHERE activity = 'End trip' AND resource = 'James',End trip,string,True
2_0,2,SELECT count(*) FROM event_log WHERE activity = 'End trip' AND resource = 'James',James,string,True
2_1,2,SELECT count(*) FROM event_log WHERE activity = 'End trip' AND resource = 'James',End trip,string,True
2_1,2,SELECT count(*) FROM event_log WHERE activity = 'End trip' AND resource = 'James',James,string,True
2_2,2,SELECT count(*) FROM event_log WHERE activity = 'End trip' AND resource = 'James',End trip,string,True
2_2,2,SELECT count(*) FROM event_log WHERE activity = 'End trip' AND resource = 'James',James,string,True
2_3,2,SELECT count(*) FROM event_log WHERE activity = 'End trip' AND resource = 'James',End trip,string,True
2_3,2,SELECT count(*) FROM event_log WHERE activity = 'End trip' AND resource = 'James',James,string,True
2_4,2,SELECT count(*) FROM event_log WHERE activity = 'End trip' AND resource = 'James',End trip,string,True
2_4,2,SELECT count(*) FROM event_log WHERE activity = 'End trip' AND resource = 'James',James,string,True
2_5,2,SELECT count(*) FROM event_log WHERE activity = 'End trip' AND resource = 'James',End trip,string,True
2_5,2,SELECT count(*) FROM event_log WHERE activity = 'End trip' AND resource = 'James',James,string,True
2_6,2,SELECT count(*) FROM event_log WHERE activity = 'End trip' AND resource = 'James',End trip,string,True
2_6,2,SELECT count(*) FROM event_log WHERE activity = 'End trip' AND resource = 'James',James,string,True
2_7,2,SELECT count(*) FROM event_log WHERE activity = 'End trip' AND resource = 'James',End trip,string,True
2_7,2,SELECT count(*) FROM event_log WHERE activity = 'End trip' AND resource = 'James',James,string,True
2_8,2,SELECT count(*) FROM event_log WHERE activity = 'End trip' AND resource = 'James',End trip,string,True
2_8,2,SELECT count(*) FROM event_log WHERE activity = 'End trip' AND resource = 'James',James,string,True
2_9,2,SELECT count(*) FROM event_log WHERE activity = 'End trip' AND resource = 'James',End trip,string,False
2_9,2,SELECT count(*) FROM event_log WHERE activity = 'End trip' AND resource = 'James',James,string,True
2_10,2,SELECT count(*) FROM event_log WHERE activity = 'End trip' AND resource = 'James',End trip,string,False
2_10,2,SELECT count(*) FROM event_log WHERE activity = 'End trip' AND resource = 'James',James,string,True
4_0,4,SELECT count(*) FROM event_log WHERE resource = 'Peter',Peter,string,True
4_1,4,SELECT count(*) FROM event_log WHERE resource = 'Peter',Peter,string,True
4_2,4,SELECT count(*) FROM event_log WHERE resource = 'Peter',Peter,string,True
4_3,4,SELECT count(*) FROM event_log WHERE resource = 'Peter',Peter,string,True
4_4,4,SELECT count(*) FROM event_log WHERE resource = 'Peter',Peter,string,True
4_5,4,SELECT count(*) FROM event_log WHERE resource = 'Peter',Peter,string,True
4_6,4,SELECT count(*) FROM event_log WHERE resource = 'Peter',Peter,string,True
5_0,5,"SELECT idcase FROM event_log GROUP BY idcase HAVING strftime('%Y-%m', MAX(timestamp)) = '2018-03'",%Y-%m,string,False
5_0,5,"SELECT idcase FROM event_log GROUP BY idcase HAVING strftime('%Y-%m', MAX(timestamp)) = '2018-03'",2018-03,date_string,True
5_1,5,"SELECT idcase FROM event_log GROUP BY idcase HAVING strftime('%Y-%m', MAX(timestamp)) = '2018-03'",%Y-%m,string,False
5_1,5,"SELECT idcase FROM event_log GROUP BY idcase HAVING strftime('%Y-%m', MAX(timestamp)) = '2018-03'",2018-03,date_string,True
5_2,5,"SELECT idcase FROM event_log GROUP BY idcase HAVING strftime('%Y-%m', MAX(timestamp)) = '2018-03'",%Y-%m,string,False
5_2,5,"SELECT idcase FROM event_log GROUP BY idcase HAVING strftime('%Y-%m', MAX(timestamp)) = '2018-03'",2018-03,date_string,True
5_3,5,"SELECT idcase FROM event_log GROUP BY idcase HAVING strftime('%Y-%m', MAX(timestamp)) = '2018-03'",%Y-%m,string,False
5_3,5,"SELECT idcase FROM event_log GROUP BY idcase HAVING strftime('%Y-%m', MAX(timestamp)) = '2018-03'",2018-03,date_string,True
5_4,5,"SELECT idcase FROM event_log GROUP BY idcase HAVING strftime('%Y-%m', MAX(timestamp)) = '2018-03'",%Y-%m,string,False
5_4,5,"SELECT idcase FROM event_log GROUP BY idcase HAVING strftime('%Y-%m', MAX(timestamp)) = '2018-03'",2018-03,date_string,True
5_5,5,"SELECT idcase FROM event_log GROUP BY idcase HAVING strftime('%Y-%m', MAX(timestamp)) = '2018-03'",%Y-%m,string,False
5_5,5,"SELECT idcase FROM event_log GROUP BY idcase HAVING strftime('%Y-%m', MAX(timestamp)) = '2018-03'",2018-03,date_string,True
5_6,5,"SELECT idcase FROM event_log GROUP BY idcase HAVING strftime('%Y-%m', MAX(timestamp)) = '2018-03'",%Y-%m,string,False
5_6,5,"SELECT idcase FROM event_log GROUP BY idcase HAVING strftime('%Y-%m', MAX(timestamp)) = '2018-03'",2018-03,date_string,True
5_7,5,"SELECT idcase FROM event_log GROUP BY idcase HAVING strftime('%Y-%m', MAX(timestamp)) = '2018-03'",%Y-%m,string,False
5_7,5,"SELECT idcase FROM event_log GROUP BY idcase HAVING strftime('%Y-%m', MAX(timestamp)) = '2018-03'",2018-03,date_string,True
6_0,6,SELECT DISTINCT idcase FROM event_log WHERE activity = 'Declaration rejected by pre-approver' AND resource != 'Douglas',Declaration rejected by pre-approver,string,True
6_0,6,SELECT DISTINCT idcase FROM event_log WHERE activity = 'Declaration rejected by pre-approver' AND resource != 'Douglas',Douglas,string,True
6_1,6,SELECT DISTINCT idcase FROM event_log WHERE activity = 'Declaration rejected by pre-approver' AND resource != 'Douglas',Declaration rejected by pre-approver,string,True
6_1,6,SELECT DISTINCT idcase FROM event_log WHERE activity = 'Declaration rejected by pre-approver' AND resource != 'Douglas',Douglas,string,True
6_2,6,SELECT DISTINCT idcase FROM event_log WHERE activity = 'Declaration rejected by pre-approver' AND resource != 'Douglas',Declaration rejected by pre-approver,string,True
6_2,6,SELECT DISTINCT idcase FROM event_log WHERE activity = 'Declaration rejected by pre-approver' AND resource != 'Douglas',Douglas,string,True
6_3,6,SELECT DISTINCT idcase FROM event_log WHERE activity = 'Declaration rejected by pre-approver' AND resource != 'Douglas',Declaration rejected by pre-approver,string,True
6_3,6,SELECT DISTINCT idcase FROM event_log WHERE activity = 'Declaration rejected by pre-approver' AND resource != 'Douglas',Douglas,string,True
6_4,6,SELECT DISTINCT idcase FROM event_log WHERE activity = 'Declaration rejected by pre-approver' AND resource != 'Douglas',Declaration rejected by pre-approver,string,True
6_4,6,SELECT DISTINCT idcase FROM event_log WHERE activity = 'Declaration rejected by pre-approver' AND resource != 'Douglas',Douglas,string,True
6_5,6,SELECT DISTINCT idcase FROM event_log WHERE activity = 'Declaration rejected by pre-approver' AND resource != 'Douglas',Declaration rejected by pre-approver,string,True
6_5,6,SELECT DISTINCT idcase FROM event_log WHERE activity = 'Declaration rejected by pre-approver' AND resource != 'Douglas',Douglas,string,True
6_6,6,SELECT DISTINCT idcase FROM event_log WHERE activity = 'Declaration rejected by pre-approver' AND resource != 'Douglas',Declaration rejected by pre-approver,string,True
6_6,6,SELECT DISTINCT idcase FROM event_log WHERE activity = 'Declaration rejected by pre-approver' AND resource != 'Douglas',Douglas,string,True
6_7,6,SELECT DISTINCT idcase FROM event_log WHERE activity = 'Declaration rejected by pre-approver' AND resource != 'Douglas',Declaration rejected by pre-approver,string,True
6_7,6,SELECT DISTINCT idcase FROM event_log WHERE activity = 'Declaration rejected by pre-approver' AND resource != 'Douglas',Douglas,string,True
6_8,6,SELECT DISTINCT idcase FROM event_log WHERE activity = 'Declaration rejected by pre-approver' AND resource != 'Douglas',Declaration rejected by pre-approver,string,True
6_8,6,SELECT DISTINCT idcase FROM event_log WHERE activity = 'Declaration rejected by pre-approver' AND resource != 'Douglas',Douglas,string,True
6_9,6,SELECT DISTINCT idcase FROM event_log WHERE activity = 'Declaration rejected by pre-approver' AND resource != 'Douglas',Declaration rejected by pre-approver,string,True
6_9,6,SELECT DISTINCT idcase FROM event_log WHERE activity = 'Declaration rejected by pre-approver' AND resource != 'Douglas',Douglas,string,True
6_10,6,SELECT DISTINCT idcase FROM event_log WHERE activity = 'Declaration rejected by pre-approver' AND resource != 'Douglas',Declaration rejected by pre-approver,string,True
6_10,6,SELECT DISTINCT idcase FROM event_log WHERE activity = 'Declaration rejected by pre-approver' AND resource != 'Douglas',Douglas,string,True
6_11,6,SELECT DISTINCT idcase FROM event_log WHERE activity = 'Declaration rejected by pre-approver' AND resource != 'Douglas',Declaration rejected by pre-approver,string,False
6_11,6,SELECT DISTINCT idcase FROM event_log WHERE activity = 'Declaration rejected by pre-approver' AND resource != 'Douglas',Douglas,string,True
6_12,6,SELECT DISTINCT idcase FROM event_log WHERE activity = 'Declaration rejected by pre-approver' AND resource != 'Douglas',Declaration rejected by pre-approver,string,False
6_12,6,SELECT DISTINCT idcase FROM event_log WHERE activity = 'Declaration rejected by pre-approver' AND resource != 'Douglas',Douglas,string,True
9_0,9,SELECT DISTINCT idcase FROM event_log WHERE cost > 2225,2225,numeric,True
9_1,9,SELECT DISTINCT idcase FROM event_log WHERE cost > 2225,2225,numeric,True
9_2,9,SELECT DISTINCT idcase FROM event_log WHERE cost > 2225,2225,numeric,True
9_3,9,SELECT DISTINCT idcase FROM event_log WHERE cost > 2225,2225,numeric,True
9_4,9,SELECT DISTINCT idcase FROM event_log WHERE cost > 2225,2225,numeric,True
14_0,14,SELECT * FROM event_log WHERE activity = 'Start trip' OR activity = 'Request payment',Start trip,string,True
14_0,14,SELECT * FROM event_log WHERE activity = 'Start trip' OR activity = 'Request payment',Request payment,string,True
14_1,14,SELECT * FROM event_log WHERE activity = 'Start trip' OR activity = 'Request payment',Start trip,string,True
14_1,14,SELECT * FROM event_log WHERE activity = 'Start trip' OR activity = 'Request payment',Request payment,string,True
14_2,14,SELECT * FROM event_log WHERE activity = 'Start trip' OR activity = 'Request payment',Start trip,string,True
14_2,14,SELECT * FROM event_log WHERE activity = 'Start trip' OR activity = 'Request payment',Request payment,string,True
14_3,14,SELECT * FROM event_log WHERE activity = 'Start trip' OR activity = 'Request payment',Start trip,string,True
14_3,14,SELECT * FROM event_log WHERE activity = 'Start trip' OR activity = 'Request payment',Request payment,string,True
14_4,14,SELECT * FROM event_log WHERE activity = 'Start trip' OR activity = 'Request payment',Start trip,string,False
14_4,14,SELECT * FROM event_log WHERE activity = 'Start trip' OR activity = 'Request payment',Request payment,string,False
17_0,17,SELECT * FROM event_log WHERE timestamp BETWEEN '2017-01-01' AND '2018-01-01',2017-01-01,date_string,True
17_0,17,SELECT * FROM event_log WHERE timestamp BETWEEN '2017-01-01' AND '2018-01-01',2018-01-01,date_string,True
17_1,17,SELECT * FROM event_log WHERE timestamp BETWEEN '2017-01-01' AND '2018-01-01',2017-01-01,date_string,True
17_1,17,SELECT * FROM event_log WHERE timestamp BETWEEN '2017-01-01' AND '2018-01-01',2018-01-01,date_string,True
17_2,17,SELECT * FROM event_log WHERE timestamp BETWEEN '2017-01-01' AND '2018-01-01',2017-01-01,date_string,True
17_2,17,SELECT * FROM event_log WHERE timestamp BETWEEN '2017-01-01' AND '2018-01-01',2018-01-01,date_string,True
17_3,17,SELECT * FROM event_log WHERE timestamp BETWEEN '2017-01-01' AND '2018-01-01',2017-01-01,date_string,True
17_3,17,SELECT * FROM event_log WHERE timestamp BETWEEN '2017-01-01' AND '2018-01-01',2018-01-01,date_string,True
17_4,17,SELECT * FROM event_log WHERE timestamp BETWEEN '2017-01-01' AND '2018-01-01',2017-01-01,date_string,True
17_4,17,SELECT * FROM event_log WHERE timestamp BETWEEN '2017-01-01' AND '2018-01-01',2018-01-01,date_string,True
17_5,17,SELECT * FROM event_log WHERE timestamp BETWEEN '2017-01-01' AND '2018-01-01',2017-01-01,date_string,True
17_5,17,SELECT * FROM event_log WHERE timestamp BETWEEN '2017-01-01' AND '2018-01-01',2018-01-01,date_string,True
17_6,17,SELECT * FROM event_log WHERE timestamp BETWEEN '2017-01-01' AND '2018-01-01',2017-01-01,date_string,True
17_6,17,SELECT * FROM event_log WHERE timestamp BETWEEN '2017-01-01' AND '2018-01-01',2018-01-01,date_string,True
17_7,17,SELECT * FROM event_log WHERE timestamp BETWEEN '2017-01-01' AND '2018-01-01',2017-01-01,date_string,True
17_7,17,SELECT * FROM event_log WHERE timestamp BETWEEN '2017-01-01' AND '2018-01-01',2018-01-01,date_string,True
17_8,17,SELECT * FROM event_log WHERE timestamp BETWEEN '2017-01-01' AND '2018-01-01',2017-01-01,date_string,True
17_8,17,SELECT * FROM event_log WHERE timestamp BETWEEN '2017-01-01' AND '2018-01-01',2018-01-01,date_string,True
17_9,17,SELECT * FROM event_log WHERE timestamp BETWEEN '2017-01-01' AND '2018-01-01',2017-01-01,date_string,True
17_9,17,SELECT * FROM event_log WHERE timestamp BETWEEN '2017-01-01' AND '2018-01-01',2018-01-01,date_string,True
17_10,17,SELECT * FROM event_log WHERE timestamp BETWEEN '2017-01-01' AND '2018-01-01',2017-01-01,date_string,True
17_10,17,SELECT * FROM event_log WHERE timestamp BETWEEN '2017-01-01' AND '2018-01-01',2018-01-01,date_string,True
17_11,17,SELECT * FROM event_log WHERE timestamp BETWEEN '2017-01-01' AND '2018-01-01',2017-01-01,date_string,True
17_11,17,SELECT * FROM event_log WHERE timestamp BETWEEN '2017-01-01' AND '2018-01-01',2018-01-01,date_string,True
17_12,17,SELECT * FROM event_log WHERE timestamp BETWEEN '2017-01-01' AND '2018-01-01',2017-01-01,date_string,True
17_12,17,SELECT * FROM event_log WHERE timestamp BETWEEN '2017-01-01' AND '2018-01-01',2018-01-01,date_string,True
17_13,17,SELECT * FROM event_log WHERE timestamp BETWEEN '2017-01-01' AND '2018-01-01',2017-01-01,date_string,True
17_13,17,SELECT * FROM event_log WHERE timestamp BETWEEN '2017-01-01' AND '2018-01-01',2018-01-01,date_string,True
17_14,17,SELECT * FROM event_log WHERE timestamp BETWEEN '2017-01-01' AND '2018-01-01',2017-01-01,date_string,True
17_14,17,SELECT * FROM event_log WHERE timestamp BETWEEN '2017-01-01' AND '2018-01-01',2018-01-01,date_string,True
18_0,18,SELECT idcase FROM event_log GROUP BY idcase HAVING count(*) <= 20,20,numeric,True
18_1,18,SELECT idcase FROM event_log GROUP BY idcase HAVING count(*) <= 20,20,numeric,True
18_2,18,SELECT idcase FROM event_log GROUP BY idcase HAVING count(*) <= 20,20,numeric,True
18_3,18,SELECT idcase FROM event_log GROUP BY idcase HAVING count(*) <= 20,20,numeric,True
18_4,18,SELECT idcase FROM event_log GROUP BY idcase HAVING count(*) <= 20,20,numeric,True
18_5,18,SELECT idcase FROM event_log GROUP BY idcase HAVING count(*) <= 20,20,numeric,True
18_6,18,SELECT idcase FROM event_log GROUP BY idcase HAVING count(*) <= 20,20,numeric,True
19_0,19,SELECT resource from event_log GROUP BY resource HAVING  COUNT(DISTINCT idcase) IN (SELECT COUNT(DISTINCT idcase) FROM event_log  GROUP BY resource ORDER BY COUNT(DISTINCT idcase)  desc LIMIT 5),5,numeric,False
19_1,19,SELECT resource from event_log GROUP BY resource HAVING  COUNT(DISTINCT idcase) IN (SELECT COUNT(DISTINCT idcase) FROM event_log  GROUP BY resource ORDER BY COUNT(DISTINCT idcase)  desc LIMIT 5),5,numeric,False
19_2,19,SELECT resource from event_log GROUP BY resource HAVING  COUNT(DISTINCT idcase) IN (SELECT COUNT(DISTINCT idcase) FROM event_log  GROUP BY resource ORDER BY COUNT(DISTINCT idcase)  desc LIMIT 5),5,numeric,False
19_3,19,SELECT resource from event_log GROUP BY resource HAVING  COUNT(DISTINCT idcase) IN (SELECT COUNT(DISTINCT idcase) FROM event_log  GROUP BY resource ORDER BY COUNT(DISTINCT idcase)  desc LIMIT 5),5,numeric,True
19_4,19,SELECT resource from event_log GROUP BY resource HAVING  COUNT(DISTINCT idcase) IN (SELECT COUNT(DISTINCT idcase) FROM event_log  GROUP BY resource ORDER BY COUNT(DISTINCT idcase)  desc LIMIT 5),5,numeric,False
20_0,20,SELECT resource from event_log GROUP BY resource HAVING  COUNT(*) IN (SELECT COUNT(*) FROM event_log  GROUP BY resource ORDER BY COUNT(*)  desc LIMIT 5),5,numeric,False
20_1,20,SELECT resource from event_log GROUP BY resource HAVING  COUNT(*) IN (SELECT COUNT(*) FROM event_log  GROUP BY resource ORDER BY COUNT(*)  desc LIMIT 5),5,numeric,False
20_2,20,SELECT resource from event_log GROUP BY resource HAVING  COUNT(*) IN (SELECT COUNT(*) FROM event_log  GROUP BY resource ORDER BY COUNT(*)  desc LIMIT 5),5,numeric,False
20_3,20,SELECT resource from event_log GROUP BY resource HAVING  COUNT(*) IN (SELECT COUNT(*) FROM event_log  GROUP BY resource ORDER BY COUNT(*)  desc LIMIT 5),5,numeric,True
20_4,20,SELECT resource from event_log GROUP BY resource HAVING  COUNT(*) IN (SELECT COUNT(*) FROM event_log  GROUP BY resource ORDER BY COUNT(*)  desc LIMIT 5),5,numeric,False
21_0,21,"SELECT count(*), resource FROM event_log WHERE activity = 'Start trip' AND timestamp LIKE '2016%' GROUP BY resource",Start trip,string,True
21_0,21,"SELECT count(*), resource FROM event_log WHERE activity = 'Start trip' AND timestamp LIKE '2016%' GROUP BY resource",2016,year_pattern,True
21_1,21,"SELECT count(*), resource FROM event_log WHERE activity = 'Start trip' AND timestamp LIKE '2016%' GROUP BY resource",Start trip,string,True
21_1,21,"SELECT count(*), resource FROM event_log WHERE activity = 'Start trip' AND timestamp LIKE '2016%' GROUP BY resource",2016,year_pattern,True
21_2,21,"SELECT count(*), resource FROM event_log WHERE activity = 'Start trip' AND timestamp LIKE '2016%' GROUP BY resource",Start trip,string,True
21_2,21,"SELECT count(*), resource FROM event_log WHERE activity = 'Start trip' AND timestamp LIKE '2016%' GROUP BY resource",2016,year_pattern,True
21_3,21,"SELECT count(*), resource FROM event_log WHERE activity = 'Start trip' AND timestamp LIKE '2016%' GROUP BY resource",Start trip,string,True
21_3,21,"SELECT count(*), resource FROM event_log WHERE activity = 'Start trip' AND timestamp LIKE '2016%' GROUP BY resource",2016,year_pattern,True
21_4,21,"SELECT count(*), resource FROM event_log WHERE activity = 'Start trip' AND timestamp LIKE '2016%' GROUP BY resource",Start trip,string,True
21_4,21,"SELECT count(*), resource FROM event_log WHERE activity = 'Start trip' AND timestamp LIKE '2016%' GROUP BY resource",2016,year_pattern,True
21_5,21,"SELECT count(*), resource FROM event_log WHERE activity = 'Start trip' AND timestamp LIKE '2016%' GROUP BY resource",Start trip,string,True
21_5,21,"SELECT count(*), resource FROM event_log WHERE activity = 'Start trip' AND timestamp LIKE '2016%' GROUP BY resource",2016,year_pattern,True
21_6,21,"SELECT count(*), resource FROM event_log WHERE activity = 'Start trip' AND timestamp LIKE '2016%' GROUP BY resource",Start trip,string,True
21_6,21,"SELECT count(*), resource FROM event_log WHERE activity = 'Start trip' AND timestamp LIKE '2016%' GROUP BY resource",2016,year_pattern,True
21_7,21,"SELECT count(*), resource FROM event_log WHERE activity = 'Start trip' AND timestamp LIKE '2016%' GROUP BY resource",Start trip,string,False
21_7,21,"SELECT count(*), resource FROM event_log WHERE activity = 'Start trip' AND timestamp LIKE '2016%' GROUP BY resource",2016,year_pattern,True
21_8,21,"SELECT count(*), resource FROM event_log WHERE activity = 'Start trip' AND timestamp LIKE '2016%' GROUP BY resource",Start trip,string,False
21_8,21,"SELECT count(*), resource FROM event_log WHERE activity = 'Start trip' AND timestamp LIKE '2016%' GROUP BY resource",2016,year_pattern,True
22_0,22,"SELECT  count(*), resource FROM event_log WHERE activity = 'Declaration rejected by supervisor' GROUP BY resource",Declaration rejected by supervisor,string,True
22_1,22,"SELECT  count(*), resource FROM event_log WHERE activity = 'Declaration rejected by supervisor' GROUP BY resource",Declaration rejected by supervisor,string,True
22_2,22,"SELECT  count(*), resource FROM event_log WHERE activity = 'Declaration rejected by supervisor' GROUP BY resource",Declaration rejected by supervisor,string,True
22_3,22,"SELECT  count(*), resource FROM event_log WHERE activity = 'Declaration rejected by supervisor' GROUP BY resource",Declaration rejected by supervisor,string,True
22_4,22,"SELECT  count(*), resource FROM event_log WHERE activity = 'Declaration rejected by supervisor' GROUP BY resource",Declaration rejected by supervisor,string,True
22_5,22,"SELECT  count(*), resource FROM event_log WHERE activity = 'Declaration rejected by supervisor' GROUP BY resource",Declaration rejected by supervisor,string,True
22_6,22,"SELECT  count(*), resource FROM event_log WHERE activity = 'Declaration rejected by supervisor' GROUP BY resource",Declaration rejected by supervisor,string,True
22_7,22,"SELECT  count(*), resource FROM event_log WHERE activity = 'Declaration rejected by supervisor' GROUP BY resource",Declaration rejected by supervisor,string,True
22_8,22,"SELECT  count(*), resource FROM event_log WHERE activity = 'Declaration rejected by supervisor' GROUP BY resource",Declaration rejected by supervisor,string,True
22_9,22,"SELECT  count(*), resource FROM event_log WHERE activity = 'Declaration rejected by supervisor' GROUP BY resource",Declaration rejected by supervisor,string,True
22_10,22,"SELECT  count(*), resource FROM event_log WHERE activity = 'Declaration rejected by supervisor' GROUP BY resource",Declaration rejected by supervisor,string,False
23_0,23,SELECT idcase FROM event_log GROUP BY idcase HAVING count(*) > 20,20,numeric,True
23_1,23,SELECT idcase FROM event_log GROUP BY idcase HAVING count(*) > 20,20,numeric,True
23_2,23,SELECT idcase FROM event_log GROUP BY idcase HAVING count(*) > 20,20,numeric,True
23_3,23,SELECT idcase FROM event_log GROUP BY idcase HAVING count(*) > 20,20,numeric,False
23_4,23,SELECT idcase FROM event_log GROUP BY idcase HAVING count(*) > 20,20,numeric,True
23_5,23,SELECT idcase FROM event_log GROUP BY idcase HAVING count(*) > 20,20,numeric,True
23_6,23,SELECT idcase FROM event_log GROUP BY idcase HAVING count(*) > 20,20,numeric,True
23_7,23,SELECT idcase FROM event_log GROUP BY idcase HAVING count(*) > 20,20,numeric,False
23_8,23,SELECT idcase FROM event_log GROUP BY idcase HAVING count(*) > 20,20,numeric,False
25_0,25,SELECT DISTINCT idcase FROM event_log WHERE resource = 'Sara'  AND idcase NOT IN (SELECT idcase FROM event_log WHERE activity = 'Request payment'),Sara,string,True
25_0,25,SELECT DISTINCT idcase FROM event_log WHERE resource = 'Sara'  AND idcase NOT IN (SELECT idcase FROM event_log WHERE activity = 'Request payment'),Request payment,string,True
25_1,25,SELECT DISTINCT idcase FROM event_log WHERE resource = 'Sara'  AND idcase NOT IN (SELECT idcase FROM event_log WHERE activity = 'Request payment'),Sara,string,True
25_1,25,SELECT DISTINCT idcase FROM event_log WHERE resource = 'Sara'  AND idcase NOT IN (SELECT idcase FROM event_log WHERE activity = 'Request payment'),Request payment,string,True
25_2,25,SELECT DISTINCT idcase FROM event_log WHERE resource = 'Sara'  AND idcase NOT IN (SELECT idcase FROM event_log WHERE activity = 'Request payment'),Sara,string,True
25_2,25,SELECT DISTINCT idcase FROM event_log WHERE resource = 'Sara'  AND idcase NOT IN (SELECT idcase FROM event_log WHERE activity = 'Request payment'),Request payment,string,True
25_3,25,SELECT DISTINCT idcase FROM event_log WHERE resource = 'Sara'  AND idcase NOT IN (SELECT idcase FROM event_log WHERE activity = 'Request payment'),Sara,string,True
25_3,25,SELECT DISTINCT idcase FROM event_log WHERE resource = 'Sara'  AND idcase NOT IN (SELECT idcase FROM event_log WHERE activity = 'Request payment'),Request payment,string,True
25_4,25,SELECT DISTINCT idcase FROM event_log WHERE resource = 'Sara'  AND idcase NOT IN (SELECT idcase FROM event_log WHERE activity = 'Request payment'),Sara,string,True
25_4,25,SELECT DISTINCT idcase FROM event_log WHERE resource = 'Sara'  AND idcase NOT IN (SELECT idcase FROM event_log WHERE activity = 'Request payment'),Request payment,string,True
25_5,25,SELECT DISTINCT idcase FROM event_log WHERE resource = 'Sara'  AND idcase NOT IN (SELECT idcase FROM event_log WHERE activity = 'Request payment'),Sara,string,True
25_5,25,SELECT DISTINCT idcase FROM event_log WHERE resource = 'Sara'  AND idcase NOT IN (SELECT idcase FROM event_log WHERE activity = 'Request payment'),Request payment,string,False
26_0,26,SELECT * FROM event_log WHERE idcase = 'declaration 143598' AND timestamp BETWEEN '2017-01-10' AND '2017-02-01',declaration 143598,string,True
26_0,26,SELECT * FROM event_log WHERE idcase = 'declaration 143598' AND timestamp BETWEEN '2017-01-10' AND '2017-02-01',2017-01-10,date_string,True
26_0,26,SELECT * FROM event_log WHERE idcase = 'declaration 143598' AND timestamp BETWEEN '2017-01-10' AND '2017-02-01',2017-02-01,date_string,True
26_1,26,SELECT * FROM event_log WHERE idcase = 'declaration 143598' AND timestamp BETWEEN '2017-01-10' AND '2017-02-01',declaration 143598,string,True
26_1,26,SELECT * FROM event_log WHERE idcase = 'declaration 143598' AND timestamp BETWEEN '2017-01-10' AND '2017-02-01',2017-01-10,date_string,True
26_1,26,SELECT * FROM event_log WHERE idcase = 'declaration 143598' AND timestamp BETWEEN '2017-01-10' AND '2017-02-01',2017-02-01,date_string,True
26_2,26,SELECT * FROM event_log WHERE idcase = 'declaration 143598' AND timestamp BETWEEN '2017-01-10' AND '2017-02-01',declaration 143598,string,True
26_2,26,SELECT * FROM event_log WHERE idcase = 'declaration 143598' AND timestamp BETWEEN '2017-01-10' AND '2017-02-01',2017-01-10,date_string,True
26_2,26,SELECT * FROM event_log WHERE idcase = 'declaration 143598' AND timestamp BETWEEN '2017-01-10' AND '2017-02-01',2017-02-01,date_string,True
26_3,26,SELECT * FROM event_log WHERE idcase = 'declaration 143598' AND timestamp BETWEEN '2017-01-10' AND '2017-02-01',declaration 143598,string,True
26_3,26,SELECT * FROM event_log WHERE idcase = 'declaration 143598' AND timestamp BETWEEN '2017-01-10' AND '2017-02-01',2017-01-10,date_string,True
26_3,26,SELECT * FROM event_log WHERE idcase = 'declaration 143598' AND timestamp BETWEEN '2017-01-10' AND '2017-02-01',2017-02-01,date_string,True
26_4,26,SELECT * FROM event_log WHERE idcase = 'declaration 143598' AND timestamp BETWEEN '2017-01-10' AND '2017-02-01',declaration 143598,string,True
26_4,26,SELECT * FROM event_log WHERE idcase = 'declaration 143598' AND timestamp BETWEEN '2017-01-10' AND '2017-02-01',2017-01-10,date_string,True
26_4,26,SELECT * FROM event_log WHERE idcase = 'declaration 143598' AND timestamp BETWEEN '2017-01-10' AND '2017-02-01',2017-02-01,date_string,True
27_0,27,"SELECT resource, count(DISTINCT idcase) FROM event_log WHERE timestamp BETWEEN '2017-01-01' AND '2017-05-31' GROUP BY resource",2017-01-01,date_string,True
27_0,27,"SELECT resource, count(DISTINCT idcase) FROM event_log WHERE timestamp BETWEEN '2017-01-01' AND '2017-05-31' GROUP BY resource",2017-05-31,date_string,True
27_1,27,"SELECT resource, count(DISTINCT idcase) FROM event_log WHERE timestamp BETWEEN '2017-01-01' AND '2017-05-31' GROUP BY resource",2017-01-01,date_string,True
27_1,27,"SELECT resource, count(DISTINCT idcase) FROM event_log WHERE timestamp BETWEEN '2017-01-01' AND '2017-05-31' GROUP BY resource",2017-05-31,date_string,True
27_2,27,"SELECT resource, count(DISTINCT idcase) FROM event_log WHERE timestamp BETWEEN '2017-01-01' AND '2017-05-31' GROUP BY resource",2017-01-01,date_string,True
27_2,27,"SELECT resource, count(DISTINCT idcase) FROM event_log WHERE timestamp BETWEEN '2017-01-01' AND '2017-05-31' GROUP BY resource",2017-05-31,date_string,True
27_3,27,"SELECT resource, count(DISTINCT idcase) FROM event_log WHERE timestamp BETWEEN '2017-01-01' AND '2017-05-31' GROUP BY resource",2017-01-01,date_string,True
27_3,27,"SELECT resource, count(DISTINCT idcase) FROM event_log WHERE timestamp BETWEEN '2017-01-01' AND '2017-05-31' GROUP BY resource",2017-05-31,date_string,True
27_4,27,"SELECT resource, count(DISTINCT idcase) FROM event_log WHERE timestamp BETWEEN '2017-01-01' AND '2017-05-31' GROUP BY resource",2017-01-01,date_string,True
27_4,27,"SELECT resource, count(DISTINCT idcase) FROM event_log WHERE timestamp BETWEEN '2017-01-01' AND '2017-05-31' GROUP BY resource",2017-05-31,date_string,True
27_5,27,"SELECT resource, count(DISTINCT idcase) FROM event_log WHERE timestamp BETWEEN '2017-01-01' AND '2017-05-31' GROUP BY resource",2017-01-01,date_string,True
27_5,27,"SELECT resource, count(DISTINCT idcase) FROM event_log WHERE timestamp BETWEEN '2017-01-01' AND '2017-05-31' GROUP BY resource",2017-05-31,date_string,True
27_6,27,"SELECT resource, count(DISTINCT idcase) FROM event_log WHERE timestamp BETWEEN '2017-01-01' AND '2017-05-31' GROUP BY resource",2017-01-01,date_string,True
27_6,27,"SELECT resource, count(DISTINCT idcase) FROM event_log WHERE timestamp BETWEEN '2017-01-01' AND '2017-05-31' GROUP BY resource",2017-05-31,date_string,True
27_7,27,"SELECT resource, count(DISTINCT idcase) FROM event_log WHERE timestamp BETWEEN '2017-01-01' AND '2017-05-31' GROUP BY resource",2017-01-01,date_string,True
27_7,27,"SELECT resource, count(DISTINCT idcase) FROM event_log WHERE timestamp BETWEEN '2017-01-01' AND '2017-05-31' GROUP BY resource",2017-05-31,date_string,True
27_8,27,"SELECT resource, count(DISTINCT idcase) FROM event_log WHERE timestamp BETWEEN '2017-01-01' AND '2017-05-31' GROUP BY resource",2017-01-01,date_string,True
27_8,27,"SELECT resource, count(DISTINCT idcase) FROM event_log WHERE timestamp BETWEEN '2017-01-01' AND '2017-05-31' GROUP BY resource",2017-05-31,date_string,True
27_9,27,"SELECT resource, count(DISTINCT idcase) FROM event_log WHERE timestamp BETWEEN '2017-01-01' AND '2017-05-31' GROUP BY resource",2017-01-01,date_string,True
27_9,27,"SELECT resource, count(DISTINCT idcase) FROM event_log WHERE timestamp BETWEEN '2017-01-01' AND '2017-05-31' GROUP BY resource",2017-05-31,date_string,True
27_10,27,"SELECT resource, count(DISTINCT idcase) FROM event_log WHERE timestamp BETWEEN '2017-01-01' AND '2017-05-31' GROUP BY resource",2017-01-01,date_string,True
27_10,27,"SELECT resource, count(DISTINCT idcase) FROM event_log WHERE timestamp BETWEEN '2017-01-01' AND '2017-05-31' GROUP BY resource",2017-05-31,date_string,True
28_0,28,SELECT idcase FROM event_log GROUP BY idcase HAVING COUNT(*) IN (SELECT Count(*) FROM event_log GROUP BY idcase ORDER BY Count(*) Desc LIMIT 10) order by idcase DESC,10,numeric,True
28_1,28,SELECT idcase FROM event_log GROUP BY idcase HAVING COUNT(*) IN (SELECT Count(*) FROM event_log GROUP BY idcase ORDER BY Count(*) Desc LIMIT 10) order by idcase DESC,10,numeric,True
28_2,28,SELECT idcase FROM event_log GROUP BY idcase HAVING COUNT(*) IN (SELECT Count(*) FROM event_log GROUP BY idcase ORDER BY Count(*) Desc LIMIT 10) order by idcase DESC,10,numeric,True
28_3,28,SELECT idcase FROM event_log GROUP BY idcase HAVING COUNT(*) IN (SELECT Count(*) FROM event_log GROUP BY idcase ORDER BY Count(*) Desc LIMIT 10) order by idcase DESC,10,numeric,True
28_4,28,SELECT idcase FROM event_log GROUP BY idcase HAVING COUNT(*) IN (SELECT Count(*) FROM event_log GROUP BY idcase ORDER BY Count(*) Desc LIMIT 10) order by idcase DESC,10,numeric,True
28_5,28,SELECT idcase FROM event_log GROUP BY idcase HAVING COUNT(*) IN (SELECT Count(*) FROM event_log GROUP BY idcase ORDER BY Count(*) Desc LIMIT 10) order by idcase DESC,10,numeric,True
28_6,28,SELECT idcase FROM event_log GROUP BY idcase HAVING COUNT(*) IN (SELECT Count(*) FROM event_log GROUP BY idcase ORDER BY Count(*) Desc LIMIT 10) order by idcase DESC,10,numeric,False
28_7,28,SELECT idcase FROM event_log GROUP BY idcase HAVING COUNT(*) IN (SELECT Count(*) FROM event_log GROUP BY idcase ORDER BY Count(*) Desc LIMIT 10) order by idcase DESC,10,numeric,False
28_8,28,SELECT idcase FROM event_log GROUP BY idcase HAVING COUNT(*) IN (SELECT Count(*) FROM event_log GROUP BY idcase ORDER BY Count(*) Desc LIMIT 10) order by idcase DESC,10,numeric,False
28_9,28,SELECT idcase FROM event_log GROUP BY idcase HAVING COUNT(*) IN (SELECT Count(*) FROM event_log GROUP BY idcase ORDER BY Count(*) Desc LIMIT 10) order by idcase DESC,10,numeric,False
28_10,28,SELECT idcase FROM event_log GROUP BY idcase HAVING COUNT(*) IN (SELECT Count(*) FROM event_log GROUP BY idcase ORDER BY Count(*) Desc LIMIT 10) order by idcase DESC,10,numeric,False
29_0,29,SELECT idcase from event_log GROUP BY idcase HAVING COUNT(*) IN (SELECT COUNT(*) FROM event_log  GROUP BY idcase ORDER BY COUNT(*) Desc LIMIT 10) ORDER BY idcase DESC,10,numeric,True
29_1,29,SELECT idcase from event_log GROUP BY idcase HAVING COUNT(*) IN (SELECT COUNT(*) FROM event_log  GROUP BY idcase ORDER BY COUNT(*) Desc LIMIT 10) ORDER BY idcase DESC,10,numeric,True
29_2,29,SELECT idcase from event_log GROUP BY idcase HAVING COUNT(*) IN (SELECT COUNT(*) FROM event_log  GROUP BY idcase ORDER BY COUNT(*) Desc LIMIT 10) ORDER BY idcase DESC,10,numeric,True
29_3,29,SELECT idcase from event_log GROUP BY idcase HAVING COUNT(*) IN (SELECT COUNT(*) FROM event_log  GROUP BY idcase ORDER BY COUNT(*) Desc LIMIT 10) ORDER BY idcase DESC,10,numeric,True
29_4,29,SELECT idcase from event_log GROUP BY idcase HAVING COUNT(*) IN (SELECT COUNT(*) FROM event_log  GROUP BY idcase ORDER BY COUNT(*) Desc LIMIT 10) ORDER BY idcase DESC,10,numeric,True
29_5,29,SELECT idcase from event_log GROUP BY idcase HAVING COUNT(*) IN (SELECT COUNT(*) FROM event_log  GROUP BY idcase ORDER BY COUNT(*) Desc LIMIT 10) ORDER BY idcase DESC,10,numeric,True
29_6,29,SELECT idcase from event_log GROUP BY idcase HAVING COUNT(*) IN (SELECT COUNT(*) FROM event_log  GROUP BY idcase ORDER BY COUNT(*) Desc LIMIT 10) ORDER BY idcase DESC,10,numeric,True
31_0,31,SELECT resource FROM event_log GROUP BY resource HAVING count(*) >= 100 ORDER BY count(*) DESC,100,numeric,True
31_1,31,SELECT resource FROM event_log GROUP BY resource HAVING count(*) >= 100 ORDER BY count(*) DESC,100,numeric,True
31_2,31,SELECT resource FROM event_log GROUP BY resource HAVING count(*) >= 100 ORDER BY count(*) DESC,100,numeric,True
33_0,33,"SELECT count(*), resource FROM event_log WHERE activity = 'Declaration approved by administration' GROUP BY resource",Declaration approved by administration,string,True
33_1,33,"SELECT count(*), resource FROM event_log WHERE activity = 'Declaration approved by administration' GROUP BY resource",Declaration approved by administration,string,True
33_2,33,"SELECT count(*), resource FROM event_log WHERE activity = 'Declaration approved by administration' GROUP BY resource",Declaration approved by administration,string,True
33_3,33,"SELECT count(*), resource FROM event_log WHERE activity = 'Declaration approved by administration' GROUP BY resource",Declaration approved by administration,string,True
33_4,33,"SELECT count(*), resource FROM event_log WHERE activity = 'Declaration approved by administration' GROUP BY resource",Declaration approved by administration,string,False
34_0,34,"SELECT count(*), resource FROM event_log WHERE activity = 'Declaration approved by administration' GROUP BY resource",Declaration approved by administration,string,True
34_1,34,"SELECT count(*), resource FROM event_log WHERE activity = 'Declaration approved by administration' GROUP BY resource",Declaration approved by administration,string,True
34_2,34,"SELECT count(*), resource FROM event_log WHERE activity = 'Declaration approved by administration' GROUP BY resource",Declaration approved by administration,string,False
35_0,35,"SELECT count(*), activity FROM event_log WHERE  resource = 'Thomas' AND timestamp BETWEEN '2017-01-01' AND '2018-01-01' GROUP BY activity",Thomas,string,True
35_0,35,"SELECT count(*), activity FROM event_log WHERE  resource = 'Thomas' AND timestamp BETWEEN '2017-01-01' AND '2018-01-01' GROUP BY activity",2017-01-01,date_string,True
35_0,35,"SELECT count(*), activity FROM event_log WHERE  resource = 'Thomas' AND timestamp BETWEEN '2017-01-01' AND '2018-01-01' GROUP BY activity",2018-01-01,date_string,True
35_1,35,"SELECT count(*), activity FROM event_log WHERE  resource = 'Thomas' AND timestamp BETWEEN '2017-01-01' AND '2018-01-01' GROUP BY activity",Thomas,string,True
35_1,35,"SELECT count(*), activity FROM event_log WHERE  resource = 'Thomas' AND timestamp BETWEEN '2017-01-01' AND '2018-01-01' GROUP BY activity",2017-01-01,date_string,True
35_1,35,"SELECT count(*), activity FROM event_log WHERE  resource = 'Thomas' AND timestamp BETWEEN '2017-01-01' AND '2018-01-01' GROUP BY activity",2018-01-01,date_string,True
35_2,35,"SELECT count(*), activity FROM event_log WHERE  resource = 'Thomas' AND timestamp BETWEEN '2017-01-01' AND '2018-01-01' GROUP BY activity",Thomas,string,True
35_2,35,"SELECT count(*), activity FROM event_log WHERE  resource = 'Thomas' AND timestamp BETWEEN '2017-01-01' AND '2018-01-01' GROUP BY activity",2017-01-01,date_string,True
35_2,35,"SELECT count(*), activity FROM event_log WHERE  resource = 'Thomas' AND timestamp BETWEEN '2017-01-01' AND '2018-01-01' GROUP BY activity",2018-01-01,date_string,True
35_3,35,"SELECT count(*), activity FROM event_log WHERE  resource = 'Thomas' AND timestamp BETWEEN '2017-01-01' AND '2018-01-01' GROUP BY activity",Thomas,string,True
35_3,35,"SELECT count(*), activity FROM event_log WHERE  resource = 'Thomas' AND timestamp BETWEEN '2017-01-01' AND '2018-01-01' GROUP BY activity",2017-01-01,date_string,True
35_3,35,"SELECT count(*), activity FROM event_log WHERE  resource = 'Thomas' AND timestamp BETWEEN '2017-01-01' AND '2018-01-01' GROUP BY activity",2018-01-01,date_string,True
36_0,36,SELECT count(*) FROM event_log WHERE  resource = 'Thomas' AND timestamp BETWEEN '2017-01-01' AND '2018-01-01',Thomas,string,True
36_0,36,SELECT count(*) FROM event_log WHERE  resource = 'Thomas' AND timestamp BETWEEN '2017-01-01' AND '2018-01-01',2017-01-01,date_string,True
36_0,36,SELECT count(*) FROM event_log WHERE  resource = 'Thomas' AND timestamp BETWEEN '2017-01-01' AND '2018-01-01',2018-01-01,date_string,True
36_1,36,SELECT count(*) FROM event_log WHERE  resource = 'Thomas' AND timestamp BETWEEN '2017-01-01' AND '2018-01-01',Thomas,string,True
36_1,36,SELECT count(*) FROM event_log WHERE  resource = 'Thomas' AND timestamp BETWEEN '2017-01-01' AND '2018-01-01',2017-01-01,date_string,True
36_1,36,SELECT count(*) FROM event_log WHERE  resource = 'Thomas' AND timestamp BETWEEN '2017-01-01' AND '2018-01-01',2018-01-01,date_string,True
36_2,36,SELECT count(*) FROM event_log WHERE  resource = 'Thomas' AND timestamp BETWEEN '2017-01-01' AND '2018-01-01',Thomas,string,True
36_2,36,SELECT count(*) FROM event_log WHERE  resource = 'Thomas' AND timestamp BETWEEN '2017-01-01' AND '2018-01-01',2017-01-01,date_string,True
36_2,36,SELECT count(*) FROM event_log WHERE  resource = 'Thomas' AND timestamp BETWEEN '2017-01-01' AND '2018-01-01',2018-01-01,date_string,True
36_3,36,SELECT count(*) FROM event_log WHERE  resource = 'Thomas' AND timestamp BETWEEN '2017-01-01' AND '2018-01-01',Thomas,string,True
36_3,36,SELECT count(*) FROM event_log WHERE  resource = 'Thomas' AND timestamp BETWEEN '2017-01-01' AND '2018-01-01',2017-01-01,date_string,True
36_3,36,SELECT count(*) FROM event_log WHERE  resource = 'Thomas' AND timestamp BETWEEN '2017-01-01' AND '2018-01-01',2018-01-01,date_string,True
36_4,36,SELECT count(*) FROM event_log WHERE  resource = 'Thomas' AND timestamp BETWEEN '2017-01-01' AND '2018-01-01',Thomas,string,True
36_4,36,SELECT count(*) FROM event_log WHERE  resource = 'Thomas' AND timestamp BETWEEN '2017-01-01' AND '2018-01-01',2017-01-01,date_string,True
36_4,36,SELECT count(*) FROM event_log WHERE  resource = 'Thomas' AND timestamp BETWEEN '2017-01-01' AND '2018-01-01',2018-01-01,date_string,True
36_5,36,SELECT count(*) FROM event_log WHERE  resource = 'Thomas' AND timestamp BETWEEN '2017-01-01' AND '2018-01-01',Thomas,string,True
36_5,36,SELECT count(*) FROM event_log WHERE  resource = 'Thomas' AND timestamp BETWEEN '2017-01-01' AND '2018-01-01',2017-01-01,date_string,True
36_5,36,SELECT count(*) FROM event_log WHERE  resource = 'Thomas' AND timestamp BETWEEN '2017-01-01' AND '2018-01-01',2018-01-01,date_string,True
38_0,38,"SELECT activity, count(*) FROM event_log WHERE activity = 'Declaration approved by supervisor' AND timestamp BETWEEN '2017-01-01' AND '2018-01-01' GROUP BY activity  UNION SELECT activity, count(*) FROM event_log WHERE activity = 'Permit rejected by employee'  AND timestamp  BETWEEN '2018-01-01' AND '2019-01-01' GROUP BY activity",Declaration approved by supervisor,string,True
38_0,38,"SELECT activity, count(*) FROM event_log WHERE activity = 'Declaration approved by supervisor' AND timestamp BETWEEN '2017-01-01' AND '2018-01-01' GROUP BY activity  UNION SELECT activity, count(*) FROM event_log WHERE activity = 'Permit rejected by employee'  AND timestamp  BETWEEN '2018-01-01' AND '2019-01-01' GROUP BY activity",2017-01-01,date_string,True
38_0,38,"SELECT activity, count(*) FROM event_log WHERE activity = 'Declaration approved by supervisor' AND timestamp BETWEEN '2017-01-01' AND '2018-01-01' GROUP BY activity  UNION SELECT activity, count(*) FROM event_log WHERE activity = 'Permit rejected by employee'  AND timestamp  BETWEEN '2018-01-01' AND '2019-01-01' GROUP BY activity",2018-01-01,date_string,True
38_0,38,"SELECT activity, count(*) FROM event_log WHERE activity = 'Declaration approved by supervisor' AND timestamp BETWEEN '2017-01-01' AND '2018-01-01' GROUP BY activity  UNION SELECT activity, count(*) FROM event_log WHERE activity = 'Permit rejected by employee'  AND timestamp  BETWEEN '2018-01-01' AND '2019-01-01' GROUP BY activity",Permit rejected by employee,string,True
38_0,38,"SELECT activity, count(*) FROM event_log WHERE activity = 'Declaration approved by supervisor' AND timestamp BETWEEN '2017-01-01' AND '2018-01-01' GROUP BY activity  UNION SELECT activity, count(*) FROM event_log WHERE activity = 'Permit rejected by employee'  AND timestamp  BETWEEN '2018-01-01' AND '2019-01-01' GROUP BY activity",2018-01-01,date_string,True
38_0,38,"SELECT activity, count(*) FROM event_log WHERE activity = 'Declaration approved by supervisor' AND timestamp BETWEEN '2017-01-01' AND '2018-01-01' GROUP BY activity  UNION SELECT activity, count(*) FROM event_log WHERE activity = 'Permit rejected by employee'  AND timestamp  BETWEEN '2018-01-01' AND '2019-01-01' GROUP BY activity",2019-01-01,date_string,True
38_1,38,"SELECT activity, count(*) FROM event_log WHERE activity = 'Declaration approved by supervisor' AND timestamp BETWEEN '2017-01-01' AND '2018-01-01' GROUP BY activity  UNION SELECT activity, count(*) FROM event_log WHERE activity = 'Permit rejected by employee'  AND timestamp  BETWEEN '2018-01-01' AND '2019-01-01' GROUP BY activity",Declaration approved by supervisor,string,True
38_1,38,"SELECT activity, count(*) FROM event_log WHERE activity = 'Declaration approved by supervisor' AND timestamp BETWEEN '2017-01-01' AND '2018-01-01' GROUP BY activity  UNION SELECT activity, count(*) FROM event_log WHERE activity = 'Permit rejected by employee'  AND timestamp  BETWEEN '2018-01-01' AND '2019-01-01' GROUP BY activity",2017-01-01,date_string,True
38_1,38,"SELECT activity, count(*) FROM event_log WHERE activity = 'Declaration approved by supervisor' AND timestamp BETWEEN '2017-01-01' AND '2018-01-01' GROUP BY activity  UNION SELECT activity, count(*) FROM event_log WHERE activity = 'Permit rejected by employee'  AND timestamp  BETWEEN '2018-01-01' AND '2019-01-01' GROUP BY activity",2018-01-01,date_string,True
38_1,38,"SELECT activity, count(*) FROM event_log WHERE activity = 'Declaration approved by supervisor' AND timestamp BETWEEN '2017-01-01' AND '2018-01-01' GROUP BY activity  UNION SELECT activity, count(*) FROM event_log WHERE activity = 'Permit rejected by employee'  AND timestamp  BETWEEN '2018-01-01' AND '2019-01-01' GROUP BY activity",Permit rejected by employee,string,True
38_1,38,"SELECT activity, count(*) FROM event_log WHERE activity = 'Declaration approved by supervisor' AND timestamp BETWEEN '2017-01-01' AND '2018-01-01' GROUP BY activity  UNION SELECT activity, count(*) FROM event_log WHERE activity = 'Permit rejected by employee'  AND timestamp  BETWEEN '2018-01-01' AND '2019-01-01' GROUP BY activity",2018-01-01,date_string,True
38_1,38,"SELECT activity, count(*) FROM event_log WHERE activity = 'Declaration approved by supervisor' AND timestamp BETWEEN '2017-01-01' AND '2018-01-01' GROUP BY activity  UNION SELECT activity, count(*) FROM event_log WHERE activity = 'Permit rejected by employee'  AND timestamp  BETWEEN '2018-01-01' AND '2019-01-01' GROUP BY activity",2019-01-01,date_string,True
38_2,38,"SELECT activity, count(*) FROM event_log WHERE activity = 'Declaration approved by supervisor' AND timestamp BETWEEN '2017-01-01' AND '2018-01-01' GROUP BY activity  UNION SELECT activity, count(*) FROM event_log WHERE activity = 'Permit rejected by employee'  AND timestamp  BETWEEN '2018-01-01' AND '2019-01-01' GROUP BY activity",Declaration approved by supervisor,string,True
38_2,38,"SELECT activity, count(*) FROM event_log WHERE activity = 'Declaration approved by supervisor' AND timestamp BETWEEN '2017-01-01' AND '2018-01-01' GROUP BY activity  UNION SELECT activity, count(*) FROM event_log WHERE activity = 'Permit rejected by employee'  AND timestamp  BETWEEN '2018-01-01' AND '2019-01-01' GROUP BY activity",2017-01-01,date_string,True
38_2,38,"SELECT activity, count(*) FROM event_log WHERE activity = 'Declaration approved by supervisor' AND timestamp BETWEEN '2017-01-01' AND '2018-01-01' GROUP BY activity  UNION SELECT activity, count(*) FROM event_log WHERE activity = 'Permit rejected by employee'  AND timestamp  BETWEEN '2018-01-01' AND '2019-01-01' GROUP BY activity",2018-01-01,date_string,True
38_2,38,"SELECT activity, count(*) FROM event_log WHERE activity = 'Declaration approved by supervisor' AND timestamp BETWEEN '2017-01-01' AND '2018-01-01' GROUP BY activity  UNION SELECT activity, count(*) FROM event_log WHERE activity = 'Permit rejected by employee'  AND timestamp  BETWEEN '2018-01-01' AND '2019-01-01' GROUP BY activity",Permit rejected by employee,string,True
38_2,38,"SELECT activity, count(*) FROM event_log WHERE activity = 'Declaration approved by supervisor' AND timestamp BETWEEN '2017-01-01' AND '2018-01-01' GROUP BY activity  UNION SELECT activity, count(*) FROM event_log WHERE activity = 'Permit rejected by employee'  AND timestamp  BETWEEN '2018-01-01' AND '2019-01-01' GROUP BY activity",2018-01-01,date_string,True
38_2,38,"SELECT activity, count(*) FROM event_log WHERE activity = 'Declaration approved by supervisor' AND timestamp BETWEEN '2017-01-01' AND '2018-01-01' GROUP BY activity  UNION SELECT activity, count(*) FROM event_log WHERE activity = 'Permit rejected by employee'  AND timestamp  BETWEEN '2018-01-01' AND '2019-01-01' GROUP BY activity",2019-01-01,date_string,True
38_3,38,"SELECT activity, count(*) FROM event_log WHERE activity = 'Declaration approved by supervisor' AND timestamp BETWEEN '2017-01-01' AND '2018-01-01' GROUP BY activity  UNION SELECT activity, count(*) FROM event_log WHERE activity = 'Permit rejected by employee'  AND timestamp  BETWEEN '2018-01-01' AND '2019-01-01' GROUP BY activity",Declaration approved by supervisor,string,True
38_3,38,"SELECT activity, count(*) FROM event_log WHERE activity = 'Declaration approved by supervisor' AND timestamp BETWEEN '2017-01-01' AND '2018-01-01' GROUP BY activity  UNION SELECT activity, count(*) FROM event_log WHERE activity = 'Permit rejected by employee'  AND timestamp  BETWEEN '2018-01-01' AND '2019-01-01' GROUP BY activity",2017-01-01,date_string,True
38_3,38,"SELECT activity, count(*) FROM event_log WHERE activity = 'Declaration approved by supervisor' AND timestamp BETWEEN '2017-01-01' AND '2018-01-01' GROUP BY activity  UNION SELECT activity, count(*) FROM event_log WHERE activity = 'Permit rejected by employee'  AND timestamp  BETWEEN '2018-01-01' AND '2019-01-01' GROUP BY activity",2018-01-01,date_string,True
38_3,38,"SELECT activity, count(*) FROM event_log WHERE activity = 'Declaration approved by supervisor' AND timestamp BETWEEN '2017-01-01' AND '2018-01-01' GROUP BY activity  UNION SELECT activity, count(*) FROM event_log WHERE activity = 'Permit rejected by employee'  AND timestamp  BETWEEN '2018-01-01' AND '2019-01-01' GROUP BY activity",Permit rejected by employee,string,True
38_3,38,"SELECT activity, count(*) FROM event_log WHERE activity = 'Declaration approved by supervisor' AND timestamp BETWEEN '2017-01-01' AND '2018-01-01' GROUP BY activity  UNION SELECT activity, count(*) FROM event_log WHERE activity = 'Permit rejected by employee'  AND timestamp  BETWEEN '2018-01-01' AND '2019-01-01' GROUP BY activity",2018-01-01,date_string,True
38_3,38,"SELECT activity, count(*) FROM event_log WHERE activity = 'Declaration approved by supervisor' AND timestamp BETWEEN '2017-01-01' AND '2018-01-01' GROUP BY activity  UNION SELECT activity, count(*) FROM event_log WHERE activity = 'Permit rejected by employee'  AND timestamp  BETWEEN '2018-01-01' AND '2019-01-01' GROUP BY activity",2019-01-01,date_string,True
38_4,38,"SELECT activity, count(*) FROM event_log WHERE activity = 'Declaration approved by supervisor' AND timestamp BETWEEN '2017-01-01' AND '2018-01-01' GROUP BY activity  UNION SELECT activity, count(*) FROM event_log WHERE activity = 'Permit rejected by employee'  AND timestamp  BETWEEN '2018-01-01' AND '2019-01-01' GROUP BY activity",Declaration approved by supervisor,string,True
38_4,38,"SELECT activity, count(*) FROM event_log WHERE activity = 'Declaration approved by supervisor' AND timestamp BETWEEN '2017-01-01' AND '2018-01-01' GROUP BY activity  UNION SELECT activity, count(*) FROM event_log WHERE activity = 'Permit rejected by employee'  AND timestamp  BETWEEN '2018-01-01' AND '2019-01-01' GROUP BY activity",2017-01-01,date_string,True
38_4,38,"SELECT activity, count(*) FROM event_log WHERE activity = 'Declaration approved by supervisor' AND timestamp BETWEEN '2017-01-01' AND '2018-01-01' GROUP BY activity  UNION SELECT activity, count(*) FROM event_log WHERE activity = 'Permit rejected by employee'  AND timestamp  BETWEEN '2018-01-01' AND '2019-01-01' GROUP BY activity",2018-01-01,date_string,True
38_4,38,"SELECT activity, count(*) FROM event_log WHERE activity = 'Declaration approved by supervisor' AND timestamp BETWEEN '2017-01-01' AND '2018-01-01' GROUP BY activity  UNION SELECT activity, count(*) FROM event_log WHERE activity = 'Permit rejected by employee'  AND timestamp  BETWEEN '2018-01-01' AND '2019-01-01' GROUP BY activity",Permit rejected by employee,string,True
38_4,38,"SELECT activity, count(*) FROM event_log WHERE activity = 'Declaration approved by supervisor' AND timestamp BETWEEN '2017-01-01' AND '2018-01-01' GROUP BY activity  UNION SELECT activity, count(*) FROM event_log WHERE activity = 'Permit rejected by employee'  AND timestamp  BETWEEN '2018-01-01' AND '2019-01-01' GROUP BY activity",2018-01-01,date_string,True
38_4,38,"SELECT activity, count(*) FROM event_log WHERE activity = 'Declaration approved by supervisor' AND timestamp BETWEEN '2017-01-01' AND '2018-01-01' GROUP BY activity  UNION SELECT activity, count(*) FROM event_log WHERE activity = 'Permit rejected by employee'  AND timestamp  BETWEEN '2018-01-01' AND '2019-01-01' GROUP BY activity",2019-01-01,date_string,True
38_5,38,"SELECT activity, count(*) FROM event_log WHERE activity = 'Declaration approved by supervisor' AND timestamp BETWEEN '2017-01-01' AND '2018-01-01' GROUP BY activity  UNION SELECT activity, count(*) FROM event_log WHERE activity = 'Permit rejected by employee'  AND timestamp  BETWEEN '2018-01-01' AND '2019-01-01' GROUP BY activity",Declaration approved by supervisor,string,False
38_5,38,"SELECT activity, count(*) FROM event_log WHERE activity = 'Declaration approved by supervisor' AND timestamp BETWEEN '2017-01-01' AND '2018-01-01' GROUP BY activity  UNION SELECT activity, count(*) FROM event_log WHERE activity = 'Permit rejected by employee'  AND timestamp  BETWEEN '2018-01-01' AND '2019-01-01' GROUP BY activity",2017-01-01,date_string,True
38_5,38,"SELECT activity, count(*) FROM event_log WHERE activity = 'Declaration approved by supervisor' AND timestamp BETWEEN '2017-01-01' AND '2018-01-01' GROUP BY activity  UNION SELECT activity, count(*) FROM event_log WHERE activity = 'Permit rejected by employee'  AND timestamp  BETWEEN '2018-01-01' AND '2019-01-01' GROUP BY activity",2018-01-01,date_string,True
38_5,38,"SELECT activity, count(*) FROM event_log WHERE activity = 'Declaration approved by supervisor' AND timestamp BETWEEN '2017-01-01' AND '2018-01-01' GROUP BY activity  UNION SELECT activity, count(*) FROM event_log WHERE activity = 'Permit rejected by employee'  AND timestamp  BETWEEN '2018-01-01' AND '2019-01-01' GROUP BY activity",Permit rejected by employee,string,False
38_5,38,"SELECT activity, count(*) FROM event_log WHERE activity = 'Declaration approved by supervisor' AND timestamp BETWEEN '2017-01-01' AND '2018-01-01' GROUP BY activity  UNION SELECT activity, count(*) FROM event_log WHERE activity = 'Permit rejected by employee'  AND timestamp  BETWEEN '2018-01-01' AND '2019-01-01' GROUP BY activity",2018-01-01,date_string,True
38_5,38,"SELECT activity, count(*) FROM event_log WHERE activity = 'Declaration approved by supervisor' AND timestamp BETWEEN '2017-01-01' AND '2018-01-01' GROUP BY activity  UNION SELECT activity, count(*) FROM event_log WHERE activity = 'Permit rejected by employee'  AND timestamp  BETWEEN '2018-01-01' AND '2019-01-01' GROUP BY activity",2019-01-01,date_string,True
40_0,40,SELECT count(*) FROM event_log WHERE resource = 'Thomas' AND activity = 'Declaration submitted by employee',Thomas,string,True
40_0,40,SELECT count(*) FROM event_log WHERE resource = 'Thomas' AND activity = 'Declaration submitted by employee',Declaration submitted by employee,string,True
40_1,40,SELECT count(*) FROM event_log WHERE resource = 'Thomas' AND activity = 'Declaration submitted by employee',Thomas,string,True
40_1,40,SELECT count(*) FROM event_log WHERE resource = 'Thomas' AND activity = 'Declaration submitted by employee',Declaration submitted by employee,string,True
40_2,40,SELECT count(*) FROM event_log WHERE resource = 'Thomas' AND activity = 'Declaration submitted by employee',Thomas,string,True
40_2,40,SELECT count(*) FROM event_log WHERE resource = 'Thomas' AND activity = 'Declaration submitted by employee',Declaration submitted by employee,string,True
40_3,40,SELECT count(*) FROM event_log WHERE resource = 'Thomas' AND activity = 'Declaration submitted by employee',Thomas,string,True
40_3,40,SELECT count(*) FROM event_log WHERE resource = 'Thomas' AND activity = 'Declaration submitted by employee',Declaration submitted by employee,string,True
40_4,40,SELECT count(*) FROM event_log WHERE resource = 'Thomas' AND activity = 'Declaration submitted by employee',Thomas,string,True
40_4,40,SELECT count(*) FROM event_log WHERE resource = 'Thomas' AND activity = 'Declaration submitted by employee',Declaration submitted by employee,string,True
40_5,40,SELECT count(*) FROM event_log WHERE resource = 'Thomas' AND activity = 'Declaration submitted by employee',Thomas,string,True
40_5,40,SELECT count(*) FROM event_log WHERE resource = 'Thomas' AND activity = 'Declaration submitted by employee',Declaration submitted by employee,string,False
41_0,41,SELECT count(*) FROM event_log WHERE resource = 'Diana' AND cost IS NOT NULL,Diana,string,True
41_1,41,SELECT count(*) FROM event_log WHERE resource = 'Diana' AND cost IS NOT NULL,Diana,string,True
41_2,41,SELECT count(*) FROM event_log WHERE resource = 'Diana' AND cost IS NOT NULL,Diana,string,True
41_3,41,SELECT count(*) FROM event_log WHERE resource = 'Diana' AND cost IS NOT NULL,Diana,string,True
42_0,42,"SELECT activity, count(*) FROM event_log WHERE resource = 'Diana'  AND cost IS NOT NULL GROUP BY activity",Diana,string,True
42_1,42,"SELECT activity, count(*) FROM event_log WHERE resource = 'Diana'  AND cost IS NOT NULL GROUP BY activity",Diana,string,True
42_2,42,"SELECT activity, count(*) FROM event_log WHERE resource = 'Diana'  AND cost IS NOT NULL GROUP BY activity",Diana,string,True
43_0,43,SELECT COUNT (DISTINCT resource) FROM event_log WHERE idcase IN (SELECT idcase FROM event_log GROUP BY idcase HAVING COUNT(*) > 3),3,numeric,True
43_1,43,SELECT COUNT (DISTINCT resource) FROM event_log WHERE idcase IN (SELECT idcase FROM event_log GROUP BY idcase HAVING COUNT(*) > 3),3,numeric,True
43_2,43,SELECT COUNT (DISTINCT resource) FROM event_log WHERE idcase IN (SELECT idcase FROM event_log GROUP BY idcase HAVING COUNT(*) > 3),3,numeric,True
43_3,43,SELECT COUNT (DISTINCT resource) FROM event_log WHERE idcase IN (SELECT idcase FROM event_log GROUP BY idcase HAVING COUNT(*) > 3),3,numeric,True
43_4,43,SELECT COUNT (DISTINCT resource) FROM event_log WHERE idcase IN (SELECT idcase FROM event_log GROUP BY idcase HAVING COUNT(*) > 3),3,numeric,False
44_0,44,select DISTINCT resource from event_log where activity = 'Declaration rejected by pre-approver',Declaration rejected by pre-approver,string,True
44_1,44,select DISTINCT resource from event_log where activity = 'Declaration rejected by pre-approver',Declaration rejected by pre-approver,string,True
44_2,44,select DISTINCT resource from event_log where activity = 'Declaration rejected by pre-approver',Declaration rejected by pre-approver,string,True
44_3,44,select DISTINCT resource from event_log where activity = 'Declaration rejected by pre-approver',Declaration rejected by pre-approver,string,True
44_4,44,select DISTINCT resource from event_log where activity = 'Declaration rejected by pre-approver',Declaration rejected by pre-approver,string,True
44_5,44,select DISTINCT resource from event_log where activity = 'Declaration rejected by pre-approver',Declaration rejected by pre-approver,string,True
44_6,44,select DISTINCT resource from event_log where activity = 'Declaration rejected by pre-approver',Declaration rejected by pre-approver,string,False
45_0,45,select count(DISTINCT idcase) from event_log where timestamp between '2017-01-01' and '2017-06-01' and activity = 'Declaration final approved by director',2017-01-01,date_string,True
45_0,45,select count(DISTINCT idcase) from event_log where timestamp between '2017-01-01' and '2017-06-01' and activity = 'Declaration final approved by director',2017-06-01,date_string,True
45_0,45,select count(DISTINCT idcase) from event_log where timestamp between '2017-01-01' and '2017-06-01' and activity = 'Declaration final approved by director',Declaration final approved by director,string,True
45_1,45,select count(DISTINCT idcase) from event_log where timestamp between '2017-01-01' and '2017-06-01' and activity = 'Declaration final approved by director',2017-01-01,date_string,True
45_1,45,select count(DISTINCT idcase) from event_log where timestamp between '2017-01-01' and '2017-06-01' and activity = 'Declaration final approved by director',2017-06-01,date_string,True
45_1,45,select count(DISTINCT idcase) from event_log where timestamp between '2017-01-01' and '2017-06-01' and activity = 'Declaration final approved by director',Declaration final approved by director,string,True
45_2,45,select count(DISTINCT idcase) from event_log where timestamp between '2017-01-01' and '2017-06-01' and activity = 'Declaration final approved by director',2017-01-01,date_string,True
45_2,45,select count(DISTINCT idcase) from event_log where timestamp between '2017-01-01' and '2017-06-01' and activity = 'Declaration final approved by director',2017-06-01,date_string,True
45_2,45,select count(DISTINCT idcase) from event_log where timestamp between '2017-01-01' and '2017-06-01' and activity = 'Declaration final approved by director',Declaration final approved by director,string,True
45_3,45,select count(DISTINCT idcase) from event_log where timestamp between '2017-01-01' and '2017-06-01' and activity = 'Declaration final approved by director',2017-01-01,date_string,True
45_3,45,select count(DISTINCT idcase) from event_log where timestamp between '2017-01-01' and '2017-06-01' and activity = 'Declaration final approved by director',2017-06-01,date_string,True
45_3,45,select count(DISTINCT idcase) from event_log where timestamp between '2017-01-01' and '2017-06-01' and activity = 'Declaration final approved by director',Declaration final approved by director,string,False
46_0,46,select  idcase from event_log where resource = 'Charles' except select idcase from event_log where timestamp between '2018-01-01' and '2018-02-01',Charles,string,True
46_0,46,select  idcase from event_log where resource = 'Charles' except select idcase from event_log where timestamp between '2018-01-01' and '2018-02-01',2018-01-01,date_string,True
46_0,46,select  idcase from event_log where resource = 'Charles' except select idcase from event_log where timestamp between '2018-01-01' and '2018-02-01',2018-02-01,date_string,True
46_1,46,select  idcase from event_log where resource = 'Charles' except select idcase from event_log where timestamp between '2018-01-01' and '2018-02-01',Charles,string,True
46_1,46,select  idcase from event_log where resource = 'Charles' except select idcase from event_log where timestamp between '2018-01-01' and '2018-02-01',2018-01-01,date_string,True
46_1,46,select  idcase from event_log where resource = 'Charles' except select idcase from event_log where timestamp between '2018-01-01' and '2018-02-01',2018-02-01,date_string,True
46_2,46,select  idcase from event_log where resource = 'Charles' except select idcase from event_log where timestamp between '2018-01-01' and '2018-02-01',Charles,string,True
46_2,46,select  idcase from event_log where resource = 'Charles' except select idcase from event_log where timestamp between '2018-01-01' and '2018-02-01',2018-01-01,date_string,True
46_2,46,select  idcase from event_log where resource = 'Charles' except select idcase from event_log where timestamp between '2018-01-01' and '2018-02-01',2018-02-01,date_string,True
46_3,46,select  idcase from event_log where resource = 'Charles' except select idcase from event_log where timestamp between '2018-01-01' and '2018-02-01',Charles,string,True
46_3,46,select  idcase from event_log where resource = 'Charles' except select idcase from event_log where timestamp between '2018-01-01' and '2018-02-01',2018-01-01,date_string,True
46_3,46,select  idcase from event_log where resource = 'Charles' except select idcase from event_log where timestamp between '2018-01-01' and '2018-02-01',2018-02-01,date_string,True
46_4,46,select  idcase from event_log where resource = 'Charles' except select idcase from event_log where timestamp between '2018-01-01' and '2018-02-01',Charles,string,True
46_4,46,select  idcase from event_log where resource = 'Charles' except select idcase from event_log where timestamp between '2018-01-01' and '2018-02-01',2018-01-01,date_string,True
46_4,46,select  idcase from event_log where resource = 'Charles' except select idcase from event_log where timestamp between '2018-01-01' and '2018-02-01',2018-02-01,date_string,True
47_0,47,select idcase from event_log GROUP BY idcase HAVING COUNT(DISTINCT activity) > 3,3,numeric,True
47_1,47,select idcase from event_log GROUP BY idcase HAVING COUNT(DISTINCT activity) > 3,3,numeric,True
47_2,47,select idcase from event_log GROUP BY idcase HAVING COUNT(DISTINCT activity) > 3,3,numeric,True
47_3,47,select idcase from event_log GROUP BY idcase HAVING COUNT(DISTINCT activity) > 3,3,numeric,True
47_4,47,select idcase from event_log GROUP BY idcase HAVING COUNT(DISTINCT activity) > 3,3,numeric,False
47_5,47,select idcase from event_log GROUP BY idcase HAVING COUNT(DISTINCT activity) > 3,3,numeric,False
47_6,47,select idcase from event_log GROUP BY idcase HAVING COUNT(DISTINCT activity) > 3,3,numeric,False
47_7,47,select idcase from event_log GROUP BY idcase HAVING COUNT(DISTINCT activity) > 3,3,numeric,False
47_8,47,select idcase from event_log GROUP BY idcase HAVING COUNT(DISTINCT activity) > 3,3,numeric,False
48_0,48,select idcase from event_log GROUP BY idcase HAVING COUNT(*) > 3,3,numeric,True
48_1,48,select idcase from event_log GROUP BY idcase HAVING COUNT(*) > 3,3,numeric,True
48_2,48,select idcase from event_log GROUP BY idcase HAVING COUNT(*) > 3,3,numeric,True
48_3,48,select idcase from event_log GROUP BY idcase HAVING COUNT(*) > 3,3,numeric,True
48_4,48,select idcase from event_log GROUP BY idcase HAVING COUNT(*) > 3,3,numeric,False
48_5,48,select idcase from event_log GROUP BY idcase HAVING COUNT(*) > 3,3,numeric,False
48_6,48,select idcase from event_log GROUP BY idcase HAVING COUNT(*) > 3,3,numeric,False
48_7,48,select idcase from event_log GROUP BY idcase HAVING COUNT(*) > 3,3,numeric,False
48_8,48,select idcase from event_log GROUP BY idcase HAVING COUNT(*) > 3,3,numeric,False
49_0,49,"SELECT  idcase, MAX(strftime('%s', timestamp)) - MIN(strftime('%s', timestamp)) FROM  event_log GROUP BY  idcase",%s,string,False
49_0,49,"SELECT  idcase, MAX(strftime('%s', timestamp)) - MIN(strftime('%s', timestamp)) FROM  event_log GROUP BY  idcase",%s,string,False
49_1,49,"SELECT  idcase, MAX(strftime('%s', timestamp)) - MIN(strftime('%s', timestamp)) FROM  event_log GROUP BY  idcase",%s,string,False
49_1,49,"SELECT  idcase, MAX(strftime('%s', timestamp)) - MIN(strftime('%s', timestamp)) FROM  event_log GROUP BY  idcase",%s,string,False
49_2,49,"SELECT  idcase, MAX(strftime('%s', timestamp)) - MIN(strftime('%s', timestamp)) FROM  event_log GROUP BY  idcase",%s,string,False
49_2,49,"SELECT  idcase, MAX(strftime('%s', timestamp)) - MIN(strftime('%s', timestamp)) FROM  event_log GROUP BY  idcase",%s,string,False
49_3,49,"SELECT  idcase, MAX(strftime('%s', timestamp)) - MIN(strftime('%s', timestamp)) FROM  event_log GROUP BY  idcase",%s,string,False
49_3,49,"SELECT  idcase, MAX(strftime('%s', timestamp)) - MIN(strftime('%s', timestamp)) FROM  event_log GROUP BY  idcase",%s,string,False
49_4,49,"SELECT  idcase, MAX(strftime('%s', timestamp)) - MIN(strftime('%s', timestamp)) FROM  event_log GROUP BY  idcase",%s,string,False
49_4,49,"SELECT  idcase, MAX(strftime('%s', timestamp)) - MIN(strftime('%s', timestamp)) FROM  event_log GROUP BY  idcase",%s,string,False
49_5,49,"SELECT  idcase, MAX(strftime('%s', timestamp)) - MIN(strftime('%s', timestamp)) FROM  event_log GROUP BY  idcase",%s,string,False
49_5,49,"SELECT  idcase, MAX(strftime('%s', timestamp)) - MIN(strftime('%s', timestamp)) FROM  event_log GROUP BY  idcase",%s,string,False
51_0,51,SELECT DISTINCT idcase FROM event_log WHERE activity = 'End trip' AND timestamp BETWEEN '2016-01-01' AND '2018-01-01',End trip,string,True
51_0,51,SELECT DISTINCT idcase FROM event_log WHERE activity = 'End trip' AND timestamp BETWEEN '2016-01-01' AND '2018-01-01',2016-01-01,date_string,True
51_0,51,SELECT DISTINCT idcase FROM event_log WHERE activity = 'End trip' AND timestamp BETWEEN '2016-01-01' AND '2018-01-01',2018-01-01,date_string,True
51_1,51,SELECT DISTINCT idcase FROM event_log WHERE activity = 'End trip' AND timestamp BETWEEN '2016-01-01' AND '2018-01-01',End trip,string,True
51_1,51,SELECT DISTINCT idcase FROM event_log WHERE activity = 'End trip' AND timestamp BETWEEN '2016-01-01' AND '2018-01-01',2016-01-01,date_string,True
51_1,51,SELECT DISTINCT idcase FROM event_log WHERE activity = 'End trip' AND timestamp BETWEEN '2016-01-01' AND '2018-01-01',2018-01-01,date_string,True
51_2,51,SELECT DISTINCT idcase FROM event_log WHERE activity = 'End trip' AND timestamp BETWEEN '2016-01-01' AND '2018-01-01',End trip,string,True
51_2,51,SELECT DISTINCT idcase FROM event_log WHERE activity = 'End trip' AND timestamp BETWEEN '2016-01-01' AND '2018-01-01',2016-01-01,date_string,True
51_2,51,SELECT DISTINCT idcase FROM event_log WHERE activity = 'End trip' AND timestamp BETWEEN '2016-01-01' AND '2018-01-01',2018-01-01,date_string,True
51_3,51,SELECT DISTINCT idcase FROM event_log WHERE activity = 'End trip' AND timestamp BETWEEN '2016-01-01' AND '2018-01-01',End trip,string,True
51_3,51,SELECT DISTINCT idcase FROM event_log WHERE activity = 'End trip' AND timestamp BETWEEN '2016-01-01' AND '2018-01-01',2016-01-01,date_string,True
51_3,51,SELECT DISTINCT idcase FROM event_log WHERE activity = 'End trip' AND timestamp BETWEEN '2016-01-01' AND '2018-01-01',2018-01-01,date_string,True
51_4,51,SELECT DISTINCT idcase FROM event_log WHERE activity = 'End trip' AND timestamp BETWEEN '2016-01-01' AND '2018-01-01',End trip,string,True
51_4,51,SELECT DISTINCT idcase FROM event_log WHERE activity = 'End trip' AND timestamp BETWEEN '2016-01-01' AND '2018-01-01',2016-01-01,date_string,True
51_4,51,SELECT DISTINCT idcase FROM event_log WHERE activity = 'End trip' AND timestamp BETWEEN '2016-01-01' AND '2018-01-01',2018-01-01,date_string,True
51_5,51,SELECT DISTINCT idcase FROM event_log WHERE activity = 'End trip' AND timestamp BETWEEN '2016-01-01' AND '2018-01-01',End trip,string,True
51_5,51,SELECT DISTINCT idcase FROM event_log WHERE activity = 'End trip' AND timestamp BETWEEN '2016-01-01' AND '2018-01-01',2016-01-01,date_string,True
51_5,51,SELECT DISTINCT idcase FROM event_log WHERE activity = 'End trip' AND timestamp BETWEEN '2016-01-01' AND '2018-01-01',2018-01-01,date_string,True
51_6,51,SELECT DISTINCT idcase FROM event_log WHERE activity = 'End trip' AND timestamp BETWEEN '2016-01-01' AND '2018-01-01',End trip,string,True
51_6,51,SELECT DISTINCT idcase FROM event_log WHERE activity = 'End trip' AND timestamp BETWEEN '2016-01-01' AND '2018-01-01',2016-01-01,date_string,True
51_6,51,SELECT DISTINCT idcase FROM event_log WHERE activity = 'End trip' AND timestamp BETWEEN '2016-01-01' AND '2018-01-01',2018-01-01,date_string,True
51_7,51,SELECT DISTINCT idcase FROM event_log WHERE activity = 'End trip' AND timestamp BETWEEN '2016-01-01' AND '2018-01-01',End trip,string,True
51_7,51,SELECT DISTINCT idcase FROM event_log WHERE activity = 'End trip' AND timestamp BETWEEN '2016-01-01' AND '2018-01-01',2016-01-01,date_string,True
51_7,51,SELECT DISTINCT idcase FROM event_log WHERE activity = 'End trip' AND timestamp BETWEEN '2016-01-01' AND '2018-01-01',2018-01-01,date_string,True
51_8,51,SELECT DISTINCT idcase FROM event_log WHERE activity = 'End trip' AND timestamp BETWEEN '2016-01-01' AND '2018-01-01',End trip,string,True
51_8,51,SELECT DISTINCT idcase FROM event_log WHERE activity = 'End trip' AND timestamp BETWEEN '2016-01-01' AND '2018-01-01',2016-01-01,date_string,True
51_8,51,SELECT DISTINCT idcase FROM event_log WHERE activity = 'End trip' AND timestamp BETWEEN '2016-01-01' AND '2018-01-01',2018-01-01,date_string,True
51_9,51,SELECT DISTINCT idcase FROM event_log WHERE activity = 'End trip' AND timestamp BETWEEN '2016-01-01' AND '2018-01-01',End trip,string,True
51_9,51,SELECT DISTINCT idcase FROM event_log WHERE activity = 'End trip' AND timestamp BETWEEN '2016-01-01' AND '2018-01-01',2016-01-01,date_string,True
51_9,51,SELECT DISTINCT idcase FROM event_log WHERE activity = 'End trip' AND timestamp BETWEEN '2016-01-01' AND '2018-01-01',2018-01-01,date_string,True
51_10,51,SELECT DISTINCT idcase FROM event_log WHERE activity = 'End trip' AND timestamp BETWEEN '2016-01-01' AND '2018-01-01',End trip,string,False
51_10,51,SELECT DISTINCT idcase FROM event_log WHERE activity = 'End trip' AND timestamp BETWEEN '2016-01-01' AND '2018-01-01',2016-01-01,date_string,True
51_10,51,SELECT DISTINCT idcase FROM event_log WHERE activity = 'End trip' AND timestamp BETWEEN '2016-01-01' AND '2018-01-01',2018-01-01,date_string,True
52_0,52,SELECT * FROM event_log WHERE activity LIKE '%rejected%' ,%rejected%,string,False
52_1,52,SELECT * FROM event_log WHERE activity LIKE '%rejected%' ,%rejected%,string,False
52_2,52,SELECT * FROM event_log WHERE activity LIKE '%rejected%' ,%rejected%,string,False
52_3,52,SELECT * FROM event_log WHERE activity LIKE '%rejected%' ,%rejected%,string,False
52_4,52,SELECT * FROM event_log WHERE activity LIKE '%rejected%' ,%rejected%,string,False
52_5,52,SELECT * FROM event_log WHERE activity LIKE '%rejected%' ,%rejected%,string,False
52_6,52,SELECT * FROM event_log WHERE activity LIKE '%rejected%' ,%rejected%,string,False
52_7,52,SELECT * FROM event_log WHERE activity LIKE '%rejected%' ,%rejected%,string,False
53_0,53,"SELECT idcase, MIN(cost), MAX(cost) FROM event_log GROUP BY idcase HAVING MAX(cost) > 0",0,numeric,False
53_1,53,"SELECT idcase, MIN(cost), MAX(cost) FROM event_log GROUP BY idcase HAVING MAX(cost) > 0",0,numeric,False
53_2,53,"SELECT idcase, MIN(cost), MAX(cost) FROM event_log GROUP BY idcase HAVING MAX(cost) > 0",0,numeric,False
53_3,53,"SELECT idcase, MIN(cost), MAX(cost) FROM event_log GROUP BY idcase HAVING MAX(cost) > 0",0,numeric,False
53_4,53,"SELECT idcase, MIN(cost), MAX(cost) FROM event_log GROUP BY idcase HAVING MAX(cost) > 0",0,numeric,False
53_5,53,"SELECT idcase, MIN(cost), MAX(cost) FROM event_log GROUP BY idcase HAVING MAX(cost) > 0",0,numeric,False
53_6,53,"SELECT idcase, MIN(cost), MAX(cost) FROM event_log GROUP BY idcase HAVING MAX(cost) > 0",0,numeric,False
53_7,53,"SELECT idcase, MIN(cost), MAX(cost) FROM event_log GROUP BY idcase HAVING MAX(cost) > 0",0,numeric,False
53_8,53,"SELECT idcase, MIN(cost), MAX(cost) FROM event_log GROUP BY idcase HAVING MAX(cost) > 0",0,numeric,False
53_9,53,"SELECT idcase, MIN(cost), MAX(cost) FROM event_log GROUP BY idcase HAVING MAX(cost) > 0",0,numeric,False
53_10,53,"SELECT idcase, MIN(cost), MAX(cost) FROM event_log GROUP BY idcase HAVING MAX(cost) > 0",0,numeric,False
53_11,53,"SELECT idcase, MIN(cost), MAX(cost) FROM event_log GROUP BY idcase HAVING MAX(cost) > 0",0,numeric,False
53_12,53,"SELECT idcase, MIN(cost), MAX(cost) FROM event_log GROUP BY idcase HAVING MAX(cost) > 0",0,numeric,False
53_13,53,"SELECT idcase, MIN(cost), MAX(cost) FROM event_log GROUP BY idcase HAVING MAX(cost) > 0",0,numeric,False
54_0,54,"select p.idcase, strftime('%s', p.timestamp) - strftime('%s', e.start_time) as 'End trip', strftime('%s', x.timestamp) - strftime('%s', e.start_time) as 'Declaration rejected by employee', strftime('%s', y.timestamp) - strftime('%s', e.start_time) as 'Payment handled' from event_log p inner join (select MIN(timestamp) as start_time, idcase FROM event_log GROUP by idcase) e on e.idcase = p.idcase and p.activity = 'End trip' left join event_log x on x.idcase=e.idcase and x.activity = 'Declaration rejected by employee'  left join event_log y on y.idcase=e.idcase and y.activity = 'Payment handled' ",%s,string,False
54_0,54,"select p.idcase, strftime('%s', p.timestamp) - strftime('%s', e.start_time) as 'End trip', strftime('%s', x.timestamp) - strftime('%s', e.start_time) as 'Declaration rejected by employee', strftime('%s', y.timestamp) - strftime('%s', e.start_time) as 'Payment handled' from event_log p inner join (select MIN(timestamp) as start_time, idcase FROM event_log GROUP by idcase) e on e.idcase = p.idcase and p.activity = 'End trip' left join event_log x on x.idcase=e.idcase and x.activity = 'Declaration rejected by employee'  left join event_log y on y.idcase=e.idcase and y.activity = 'Payment handled' ",%s,string,False
54_0,54,"select p.idcase, strftime('%s', p.timestamp) - strftime('%s', e.start_time) as 'End trip', strftime('%s', x.timestamp) - strftime('%s', e.start_time) as 'Declaration rejected by employee', strftime('%s', y.timestamp) - strftime('%s', e.start_time) as 'Payment handled' from event_log p inner join (select MIN(timestamp) as start_time, idcase FROM event_log GROUP by idcase) e on e.idcase = p.idcase and p.activity = 'End trip' left join event_log x on x.idcase=e.idcase and x.activity = 'Declaration rejected by employee'  left join event_log y on y.idcase=e.idcase and y.activity = 'Payment handled' ",End trip,string,True
54_0,54,"select p.idcase, strftime('%s', p.timestamp) - strftime('%s', e.start_time) as 'End trip', strftime('%s', x.timestamp) - strftime('%s', e.start_time) as 'Declaration rejected by employee', strftime('%s', y.timestamp) - strftime('%s', e.start_time) as 'Payment handled' from event_log p inner join (select MIN(timestamp) as start_time, idcase FROM event_log GROUP by idcase) e on e.idcase = p.idcase and p.activity = 'End trip' left join event_log x on x.idcase=e.idcase and x.activity = 'Declaration rejected by employee'  left join event_log y on y.idcase=e.idcase and y.activity = 'Payment handled' ",%s,string,False
54_0,54,"select p.idcase, strftime('%s', p.timestamp) - strftime('%s', e.start_time) as 'End trip', strftime('%s', x.timestamp) - strftime('%s', e.start_time) as 'Declaration rejected by employee', strftime('%s', y.timestamp) - strftime('%s', e.start_time) as 'Payment handled' from event_log p inner join (select MIN(timestamp) as start_time, idcase FROM event_log GROUP by idcase) e on e.idcase = p.idcase and p.activity = 'End trip' left join event_log x on x.idcase=e.idcase and x.activity = 'Declaration rejected by employee'  left join event_log y on y.idcase=e.idcase and y.activity = 'Payment handled' ",%s,string,False
54_0,54,"select p.idcase, strftime('%s', p.timestamp) - strftime('%s', e.start_time) as 'End trip', strftime('%s', x.timestamp) - strftime('%s', e.start_time) as 'Declaration rejected by employee', strftime('%s', y.timestamp) - strftime('%s', e.start_time) as 'Payment handled' from event_log p inner join (select MIN(timestamp) as start_time, idcase FROM event_log GROUP by idcase) e on e.idcase = p.idcase and p.activity = 'End trip' left join event_log x on x.idcase=e.idcase and x.activity = 'Declaration rejected by employee'  left join event_log y on y.idcase=e.idcase and y.activity = 'Payment handled' ",Declaration rejected by employee,string,True
54_0,54,"select p.idcase, strftime('%s', p.timestamp) - strftime('%s', e.start_time) as 'End trip', strftime('%s', x.timestamp) - strftime('%s', e.start_time) as 'Declaration rejected by employee', strftime('%s', y.timestamp) - strftime('%s', e.start_time) as 'Payment handled' from event_log p inner join (select MIN(timestamp) as start_time, idcase FROM event_log GROUP by idcase) e on e.idcase = p.idcase and p.activity = 'End trip' left join event_log x on x.idcase=e.idcase and x.activity = 'Declaration rejected by employee'  left join event_log y on y.idcase=e.idcase and y.activity = 'Payment handled' ",%s,string,False
54_0,54,"select p.idcase, strftime('%s', p.timestamp) - strftime('%s', e.start_time) as 'End trip', strftime('%s', x.timestamp) - strftime('%s', e.start_time) as 'Declaration rejected by employee', strftime('%s', y.timestamp) - strftime('%s', e.start_time) as 'Payment handled' from event_log p inner join (select MIN(timestamp) as start_time, idcase FROM event_log GROUP by idcase) e on e.idcase = p.idcase and p.activity = 'End trip' left join event_log x on x.idcase=e.idcase and x.activity = 'Declaration rejected by employee'  left join event_log y on y.idcase=e.idcase and y.activity = 'Payment handled' ",%s,string,False
54_0,54,"select p.idcase, strftime('%s', p.timestamp) - strftime('%s', e.start_time) as 'End trip', strftime('%s', x.timestamp) - strftime('%s', e.start_time) as 'Declaration rejected by employee', strftime('%s', y.timestamp) - strftime('%s', e.start_time) as 'Payment handled' from event_log p inner join (select MIN(timestamp) as start_time, idcase FROM event_log GROUP by idcase) e on e.idcase = p.idcase and p.activity = 'End trip' left join event_log x on x.idcase=e.idcase and x.activity = 'Declaration rejected by employee'  left join event_log y on y.idcase=e.idcase and y.activity = 'Payment handled' ",Payment handled,string,True
54_0,54,"select p.idcase, strftime('%s', p.timestamp) - strftime('%s', e.start_time) as 'End trip', strftime('%s', x.timestamp) - strftime('%s', e.start_time) as 'Declaration rejected by employee', strftime('%s', y.timestamp) - strftime('%s', e.start_time) as 'Payment handled' from event_log p inner join (select MIN(timestamp) as start_time, idcase FROM event_log GROUP by idcase) e on e.idcase = p.idcase and p.activity = 'End trip' left join event_log x on x.idcase=e.idcase and x.activity = 'Declaration rejected by employee'  left join event_log y on y.idcase=e.idcase and y.activity = 'Payment handled' ",End trip,string,True
54_0,54,"select p.idcase, strftime('%s', p.timestamp) - strftime('%s', e.start_time) as 'End trip', strftime('%s', x.timestamp) - strftime('%s', e.start_time) as 'Declaration rejected by employee', strftime('%s', y.timestamp) - strftime('%s', e.start_time) as 'Payment handled' from event_log p inner join (select MIN(timestamp) as start_time, idcase FROM event_log GROUP by idcase) e on e.idcase = p.idcase and p.activity = 'End trip' left join event_log x on x.idcase=e.idcase and x.activity = 'Declaration rejected by employee'  left join event_log y on y.idcase=e.idcase and y.activity = 'Payment handled' ",Declaration rejected by employee,string,True
54_0,54,"select p.idcase, strftime('%s', p.timestamp) - strftime('%s', e.start_time) as 'End trip', strftime('%s', x.timestamp) - strftime('%s', e.start_time) as 'Declaration rejected by employee', strftime('%s', y.timestamp) - strftime('%s', e.start_time) as 'Payment handled' from event_log p inner join (select MIN(timestamp) as start_time, idcase FROM event_log GROUP by idcase) e on e.idcase = p.idcase and p.activity = 'End trip' left join event_log x on x.idcase=e.idcase and x.activity = 'Declaration rejected by employee'  left join event_log y on y.idcase=e.idcase and y.activity = 'Payment handled' ",Payment handled,string,True
54_1,54,"select p.idcase, strftime('%s', p.timestamp) - strftime('%s', e.start_time) as 'End trip', strftime('%s', x.timestamp) - strftime('%s', e.start_time) as 'Declaration rejected by employee', strftime('%s', y.timestamp) - strftime('%s', e.start_time) as 'Payment handled' from event_log p inner join (select MIN(timestamp) as start_time, idcase FROM event_log GROUP by idcase) e on e.idcase = p.idcase and p.activity = 'End trip' left join event_log x on x.idcase=e.idcase and x.activity = 'Declaration rejected by employee'  left join event_log y on y.idcase=e.idcase and y.activity = 'Payment handled' ",%s,string,False
54_1,54,"select p.idcase, strftime('%s', p.timestamp) - strftime('%s', e.start_time) as 'End trip', strftime('%s', x.timestamp) - strftime('%s', e.start_time) as 'Declaration rejected by employee', strftime('%s', y.timestamp) - strftime('%s', e.start_time) as 'Payment handled' from event_log p inner join (select MIN(timestamp) as start_time, idcase FROM event_log GROUP by idcase) e on e.idcase = p.idcase and p.activity = 'End trip' left join event_log x on x.idcase=e.idcase and x.activity = 'Declaration rejected by employee'  left join event_log y on y.idcase=e.idcase and y.activity = 'Payment handled' ",%s,string,False
54_1,54,"select p.idcase, strftime('%s', p.timestamp) - strftime('%s', e.start_time) as 'End trip', strftime('%s', x.timestamp) - strftime('%s', e.start_time) as 'Declaration rejected by employee', strftime('%s', y.timestamp) - strftime('%s', e.start_time) as 'Payment handled' from event_log p inner join (select MIN(timestamp) as start_time, idcase FROM event_log GROUP by idcase) e on e.idcase = p.idcase and p.activity = 'End trip' left join event_log x on x.idcase=e.idcase and x.activity = 'Declaration rejected by employee'  left join event_log y on y.idcase=e.idcase and y.activity = 'Payment handled' ",End trip,string,True
54_1,54,"select p.idcase, strftime('%s', p.timestamp) - strftime('%s', e.start_time) as 'End trip', strftime('%s', x.timestamp) - strftime('%s', e.start_time) as 'Declaration rejected by employee', strftime('%s', y.timestamp) - strftime('%s', e.start_time) as 'Payment handled' from event_log p inner join (select MIN(timestamp) as start_time, idcase FROM event_log GROUP by idcase) e on e.idcase = p.idcase and p.activity = 'End trip' left join event_log x on x.idcase=e.idcase and x.activity = 'Declaration rejected by employee'  left join event_log y on y.idcase=e.idcase and y.activity = 'Payment handled' ",%s,string,False
54_1,54,"select p.idcase, strftime('%s', p.timestamp) - strftime('%s', e.start_time) as 'End trip', strftime('%s', x.timestamp) - strftime('%s', e.start_time) as 'Declaration rejected by employee', strftime('%s', y.timestamp) - strftime('%s', e.start_time) as 'Payment handled' from event_log p inner join (select MIN(timestamp) as start_time, idcase FROM event_log GROUP by idcase) e on e.idcase = p.idcase and p.activity = 'End trip' left join event_log x on x.idcase=e.idcase and x.activity = 'Declaration rejected by employee'  left join event_log y on y.idcase=e.idcase and y.activity = 'Payment handled' ",%s,string,False
54_1,54,"select p.idcase, strftime('%s', p.timestamp) - strftime('%s', e.start_time) as 'End trip', strftime('%s', x.timestamp) - strftime('%s', e.start_time) as 'Declaration rejected by employee', strftime('%s', y.timestamp) - strftime('%s', e.start_time) as 'Payment handled' from event_log p inner join (select MIN(timestamp) as start_time, idcase FROM event_log GROUP by idcase) e on e.idcase = p.idcase and p.activity = 'End trip' left join event_log x on x.idcase=e.idcase and x.activity = 'Declaration rejected by employee'  left join event_log y on y.idcase=e.idcase and y.activity = 'Payment handled' ",Declaration rejected by employee,string,True
54_1,54,"select p.idcase, strftime('%s', p.timestamp) - strftime('%s', e.start_time) as 'End trip', strftime('%s', x.timestamp) - strftime('%s', e.start_time) as 'Declaration rejected by employee', strftime('%s', y.timestamp) - strftime('%s', e.start_time) as 'Payment handled' from event_log p inner join (select MIN(timestamp) as start_time, idcase FROM event_log GROUP by idcase) e on e.idcase = p.idcase and p.activity = 'End trip' left join event_log x on x.idcase=e.idcase and x.activity = 'Declaration rejected by employee'  left join event_log y on y.idcase=e.idcase and y.activity = 'Payment handled' ",%s,string,False
54_1,54,"select p.idcase, strftime('%s', p.timestamp) - strftime('%s', e.start_time) as 'End trip', strftime('%s', x.timestamp) - strftime('%s', e.start_time) as 'Declaration rejected by employee', strftime('%s', y.timestamp) - strftime('%s', e.start_time) as 'Payment handled' from event_log p inner join (select MIN(timestamp) as start_time, idcase FROM event_log GROUP by idcase) e on e.idcase = p.idcase and p.activity = 'End trip' left join event_log x on x.idcase=e.idcase and x.activity = 'Declaration rejected by employee'  left join event_log y on y.idcase=e.idcase and y.activity = 'Payment handled' ",%s,string,False
54_1,54,"select p.idcase, strftime('%s', p.timestamp) - strftime('%s', e.start_time) as 'End trip', strftime('%s', x.timestamp) - strftime('%s', e.start_time) as 'Declaration rejected by employee', strftime('%s', y.timestamp) - strftime('%s', e.start_time) as 'Payment handled' from event_log p inner join (select MIN(timestamp) as start_time, idcase FROM event_log GROUP by idcase) e on e.idcase = p.idcase and p.activity = 'End trip' left join event_log x on x.idcase=e.idcase and x.activity = 'Declaration rejected by employee'  left join event_log y on y.idcase=e.idcase and y.activity = 'Payment handled' ",Payment handled,string,True
54_1,54,"select p.idcase, strftime('%s', p.timestamp) - strftime('%s', e.start_time) as 'End trip', strftime('%s', x.timestamp) - strftime('%s', e.start_time) as 'Declaration rejected by employee', strftime('%s', y.timestamp) - strftime('%s', e.start_time) as 'Payment handled' from event_log p inner join (select MIN(timestamp) as start_time, idcase FROM event_log GROUP by idcase) e on e.idcase = p.idcase and p.activity = 'End trip' left join event_log x on x.idcase=e.idcase and x.activity = 'Declaration rejected by employee'  left join event_log y on y.idcase=e.idcase and y.activity = 'Payment handled' ",End trip,string,True
54_1,54,"select p.idcase, strftime('%s', p.timestamp) - strftime('%s', e.start_time) as 'End trip', strftime('%s', x.timestamp) - strftime('%s', e.start_time) as 'Declaration rejected by employee', strftime('%s', y.timestamp) - strftime('%s', e.start_time) as 'Payment handled' from event_log p inner join (select MIN(timestamp) as start_time, idcase FROM event_log GROUP by idcase) e on e.idcase = p.idcase and p.activity = 'End trip' left join event_log x on x.idcase=e.idcase and x.activity = 'Declaration rejected by employee'  left join event_log y on y.idcase=e.idcase and y.activity = 'Payment handled' ",Declaration rejected by employee,string,True
54_1,54,"select p.idcase, strftime('%s', p.timestamp) - strftime('%s', e.start_time) as 'End trip', strftime('%s', x.timestamp) - strftime('%s', e.start_time) as 'Declaration rejected by employee', strftime('%s', y.timestamp) - strftime('%s', e.start_time) as 'Payment handled' from event_log p inner join (select MIN(timestamp) as start_time, idcase FROM event_log GROUP by idcase) e on e.idcase = p.idcase and p.activity = 'End trip' left join event_log x on x.idcase=e.idcase and x.activity = 'Declaration rejected by employee'  left join event_log y on y.idcase=e.idcase and y.activity = 'Payment handled' ",Payment handled,string,True
54_2,54,"select p.idcase, strftime('%s', p.timestamp) - strftime('%s', e.start_time) as 'End trip', strftime('%s', x.timestamp) - strftime('%s', e.start_time) as 'Declaration rejected by employee', strftime('%s', y.timestamp) - strftime('%s', e.start_time) as 'Payment handled' from event_log p inner join (select MIN(timestamp) as start_time, idcase FROM event_log GROUP by idcase) e on e.idcase = p.idcase and p.activity = 'End trip' left join event_log x on x.idcase=e.idcase and x.activity = 'Declaration rejected by employee'  left join event_log y on y.idcase=e.idcase and y.activity = 'Payment handled' ",%s,string,False
54_2,54,"select p.idcase, strftime('%s', p.timestamp) - strftime('%s', e.start_time) as 'End trip', strftime('%s', x.timestamp) - strftime('%s', e.start_time) as 'Declaration rejected by employee', strftime('%s', y.timestamp) - strftime('%s', e.start_time) as 'Payment handled' from event_log p inner join (select MIN(timestamp) as start_time, idcase FROM event_log GROUP by idcase) e on e.idcase = p.idcase and p.activity = 'End trip' left join event_log x on x.idcase=e.idcase and x.activity = 'Declaration rejected by employee'  left join event_log y on y.idcase=e.idcase and y.activity = 'Payment handled' ",%s,string,False
54_2,54,"select p.idcase, strftime('%s', p.timestamp) - strftime('%s', e.start_time) as 'End trip', strftime('%s', x.timestamp) - strftime('%s', e.start_time) as 'Declaration rejected by employee', strftime('%s', y.timestamp) - strftime('%s', e.start_time) as 'Payment handled' from event_log p inner join (select MIN(timestamp) as start_time, idcase FROM event_log GROUP by idcase) e on e.idcase = p.idcase and p.activity = 'End trip' left join event_log x on x.idcase=e.idcase and x.activity = 'Declaration rejected by employee'  left join event_log y on y.idcase=e.idcase and y.activity = 'Payment handled' ",End trip,string,True
54_2,54,"select p.idcase, strftime('%s', p.timestamp) - strftime('%s', e.start_time) as 'End trip', strftime('%s', x.timestamp) - strftime('%s', e.start_time) as 'Declaration rejected by employee', strftime('%s', y.timestamp) - strftime('%s', e.start_time) as 'Payment handled' from event_log p inner join (select MIN(timestamp) as start_time, idcase FROM event_log GROUP by idcase) e on e.idcase = p.idcase and p.activity = 'End trip' left join event_log x on x.idcase=e.idcase and x.activity = 'Declaration rejected by employee'  left join event_log y on y.idcase=e.idcase and y.activity = 'Payment handled' ",%s,string,False
54_2,54,"select p.idcase, strftime('%s', p.timestamp) - strftime('%s', e.start_time) as 'End trip', strftime('%s', x.timestamp) - strftime('%s', e.start_time) as 'Declaration rejected by employee', strftime('%s', y.timestamp) - strftime('%s', e.start_time) as 'Payment handled' from event_log p inner join (select MIN(timestamp) as start_time, idcase FROM event_log GROUP by idcase) e on e.idcase = p.idcase and p.activity = 'End trip' left join event_log x on x.idcase=e.idcase and x.activity = 'Declaration rejected by employee'  left join event_log y on y.idcase=e.idcase and y.activity = 'Payment handled' ",%s,string,False
54_2,54,"select p.idcase, strftime('%s', p.timestamp) - strftime('%s', e.start_time) as 'End trip', strftime('%s', x.timestamp) - strftime('%s', e.start_time) as 'Declaration rejected by employee', strftime('%s', y.timestamp) - strftime('%s', e.start_time) as 'Payment handled' from event_log p inner join (select MIN(timestamp) as start_time, idcase FROM event_log GROUP by idcase) e on e.idcase = p.idcase and p.activity = 'End trip' left join event_log x on x.idcase=e.idcase and x.activity = 'Declaration rejected by employee'  left join event_log y on y.idcase=e.idcase and y.activity = 'Payment handled' ",Declaration rejected by employee,string,True
54_2,54,"select p.idcase, strftime('%s', p.timestamp) - strftime('%s', e.start_time) as 'End trip', strftime('%s', x.timestamp) - strftime('%s', e.start_time) as 'Declaration rejected by employee', strftime('%s', y.timestamp) - strftime('%s', e.start_time) as 'Payment handled' from event_log p inner join (select MIN(timestamp) as start_time, idcase FROM event_log GROUP by idcase) e on e.idcase = p.idcase and p.activity = 'End trip' left join event_log x on x.idcase=e.idcase and x.activity = 'Declaration rejected by employee'  left join event_log y on y.idcase=e.idcase and y.activity = 'Payment handled' ",%s,string,False
54_2,54,"select p.idcase, strftime('%s', p.timestamp) - strftime('%s', e.start_time) as 'End trip', strftime('%s', x.timestamp) - strftime('%s', e.start_time) as 'Declaration rejected by employee', strftime('%s', y.timestamp) - strftime('%s', e.start_time) as 'Payment handled' from event_log p inner join (select MIN(timestamp) as start_time, idcase FROM event_log GROUP by idcase) e on e.idcase = p.idcase and p.activity = 'End trip' left join event_log x on x.idcase=e.idcase and x.activity = 'Declaration rejected by employee'  left join event_log y on y.idcase=e.idcase and y.activity = 'Payment handled' ",%s,string,False
54_2,54,"select p.idcase, strftime('%s', p.timestamp) - strftime('%s', e.start_time) as 'End trip', strftime('%s', x.timestamp) - strftime('%s', e.start_time) as 'Declaration rejected by employee', strftime('%s', y.timestamp) - strftime('%s', e.start_time) as 'Payment handled' from event_log p inner join (select MIN(timestamp) as start_time, idcase FROM event_log GROUP by idcase) e on e.idcase = p.idcase and p.activity = 'End trip' left join event_log x on x.idcase=e.idcase and x.activity = 'Declaration rejected by employee'  left join event_log y on y.idcase=e.idcase and y.activity = 'Payment handled' ",Payment handled,string,True
54_2,54,"select p.idcase, strftime('%s', p.timestamp) - strftime('%s', e.start_time) as 'End trip', strftime('%s', x.timestamp) - strftime('%s', e.start_time) as 'Declaration rejected by employee', strftime('%s', y.timestamp) - strftime('%s', e.start_time) as 'Payment handled' from event_log p inner join (select MIN(timestamp) as start_time, idcase FROM event_log GROUP by idcase) e on e.idcase = p.idcase and p.activity = 'End trip' left join event_log x on x.idcase=e.idcase and x.activity = 'Declaration rejected by employee'  left join event_log y on y.idcase=e.idcase and y.activity = 'Payment handled' ",End trip,string,True
54_2,54,"select p.idcase, strftime('%s', p.timestamp) - strftime('%s', e.start_time) as 'End trip', strftime('%s', x.timestamp) - strftime('%s', e.start_time) as 'Declaration rejected by employee', strftime('%s', y.timestamp) - strftime('%s', e.start_time) as 'Payment handled' from event_log p inner join (select MIN(timestamp) as start_time, idcase FROM event_log GROUP by idcase) e on e.idcase = p.idcase and p.activity = 'End trip' left join event_log x on x.idcase=e.idcase and x.activity = 'Declaration rejected by employee'  left join event_log y on y.idcase=e.idcase and y.activity = 'Payment handled' ",Declaration rejected by employee,string,True
54_2,54,"select p.idcase, strftime('%s', p.timestamp) - strftime('%s', e.start_time) as 'End trip', strftime('%s', x.timestamp) - strftime('%s', e.start_time) as 'Declaration rejected by employee', strftime('%s', y.timestamp) - strftime('%s', e.start_time) as 'Payment handled' from event_log p inner join (select MIN(timestamp) as start_time, idcase FROM event_log GROUP by idcase) e on e.idcase = p.idcase and p.activity = 'End trip' left join event_log x on x.idcase=e.idcase and x.activity = 'Declaration rejected by employee'  left join event_log y on y.idcase=e.idcase and y.activity = 'Payment handled' ",Payment handled,string,True
54_3,54,"select p.idcase, strftime('%s', p.timestamp) - strftime('%s', e.start_time) as 'End trip', strftime('%s', x.timestamp) - strftime('%s', e.start_time) as 'Declaration rejected by employee', strftime('%s', y.timestamp) - strftime('%s', e.start_time) as 'Payment handled' from event_log p inner join (select MIN(timestamp) as start_time, idcase FROM event_log GROUP by idcase) e on e.idcase = p.idcase and p.activity = 'End trip' left join event_log x on x.idcase=e.idcase and x.activity = 'Declaration rejected by employee'  left join event_log y on y.idcase=e.idcase and y.activity = 'Payment handled' ",%s,string,False
54_3,54,"select p.idcase, strftime('%s', p.timestamp) - strftime('%s', e.start_time) as 'End trip', strftime('%s', x.timestamp) - strftime('%s', e.start_time) as 'Declaration rejected by employee', strftime('%s', y.timestamp) - strftime('%s', e.start_time) as 'Payment handled' from event_log p inner join (select MIN(timestamp) as start_time, idcase FROM event_log GROUP by idcase) e on e.idcase = p.idcase and p.activity = 'End trip' left join event_log x on x.idcase=e.idcase and x.activity = 'Declaration rejected by employee'  left join event_log y on y.idcase=e.idcase and y.activity = 'Payment handled' ",%s,string,False
54_3,54,"select p.idcase, strftime('%s', p.timestamp) - strftime('%s', e.start_time) as 'End trip', strftime('%s', x.timestamp) - strftime('%s', e.start_time) as 'Declaration rejected by employee', strftime('%s', y.timestamp) - strftime('%s', e.start_time) as 'Payment handled' from event_log p inner join (select MIN(timestamp) as start_time, idcase FROM event_log GROUP by idcase) e on e.idcase = p.idcase and p.activity = 'End trip' left join event_log x on x.idcase=e.idcase and x.activity = 'Declaration rejected by employee'  left join event_log y on y.idcase=e.idcase and y.activity = 'Payment handled' ",End trip,string,False
54_3,54,"select p.idcase, strftime('%s', p.timestamp) - strftime('%s', e.start_time) as 'End trip', strftime('%s', x.timestamp) - strftime('%s', e.start_time) as 'Declaration rejected by employee', strftime('%s', y.timestamp) - strftime('%s', e.start_time) as 'Payment handled' from event_log p inner join (select MIN(timestamp) as start_time, idcase FROM event_log GROUP by idcase) e on e.idcase = p.idcase and p.activity = 'End trip' left join event_log x on x.idcase=e.idcase and x.activity = 'Declaration rejected by employee'  left join event_log y on y.idcase=e.idcase and y.activity = 'Payment handled' ",%s,string,False
54_3,54,"select p.idcase, strftime('%s', p.timestamp) - strftime('%s', e.start_time) as 'End trip', strftime('%s', x.timestamp) - strftime('%s', e.start_time) as 'Declaration rejected by employee', strftime('%s', y.timestamp) - strftime('%s', e.start_time) as 'Payment handled' from event_log p inner join (select MIN(timestamp) as start_time, idcase FROM event_log GROUP by idcase) e on e.idcase = p.idcase and p.activity = 'End trip' left join event_log x on x.idcase=e.idcase and x.activity = 'Declaration rejected by employee'  left join event_log y on y.idcase=e.idcase and y.activity = 'Payment handled' ",%s,string,False
54_3,54,"select p.idcase, strftime('%s', p.timestamp) - strftime('%s', e.start_time) as 'End trip', strftime('%s', x.timestamp) - strftime('%s', e.start_time) as 'Declaration rejected by employee', strftime('%s', y.timestamp) - strftime('%s', e.start_time) as 'Payment handled' from event_log p inner join (select MIN(timestamp) as start_time, idcase FROM event_log GROUP by idcase) e on e.idcase = p.idcase and p.activity = 'End trip' left join event_log x on x.idcase=e.idcase and x.activity = 'Declaration rejected by employee'  left join event_log y on y.idcase=e.idcase and y.activity = 'Payment handled' ",Declaration rejected by employee,string,False
54_3,54,"select p.idcase, strftime('%s', p.timestamp) - strftime('%s', e.start_time) as 'End trip', strftime('%s', x.timestamp) - strftime('%s', e.start_time) as 'Declaration rejected by employee', strftime('%s', y.timestamp) - strftime('%s', e.start_time) as 'Payment handled' from event_log p inner join (select MIN(timestamp) as start_time, idcase FROM event_log GROUP by idcase) e on e.idcase = p.idcase and p.activity = 'End trip' left join event_log x on x.idcase=e.idcase and x.activity = 'Declaration rejected by employee'  left join event_log y on y.idcase=e.idcase and y.activity = 'Payment handled' ",%s,string,False
54_3,54,"select p.idcase, strftime('%s', p.timestamp) - strftime('%s', e.start_time) as 'End trip', strftime('%s', x.timestamp) - strftime('%s', e.start_time) as 'Declaration rejected by employee', strftime('%s', y.timestamp) - strftime('%s', e.start_time) as 'Payment handled' from event_log p inner join (select MIN(timestamp) as start_time, idcase FROM event_log GROUP by idcase) e on e.idcase = p.idcase and p.activity = 'End trip' left join event_log x on x.idcase=e.idcase and x.activity = 'Declaration rejected by employee'  left join event_log y on y.idcase=e.idcase and y.activity = 'Payment handled' ",%s,string,False
54_3,54,"select p.idcase, strftime('%s', p.timestamp) - strftime('%s', e.start_time) as 'End trip', strftime('%s', x.timestamp) - strftime('%s', e.start_time) as 'Declaration rejected by employee', strftime('%s', y.timestamp) - strftime('%s', e.start_time) as 'Payment handled' from event_log p inner join (select MIN(timestamp) as start_time, idcase FROM event_log GROUP by idcase) e on e.idcase = p.idcase and p.activity = 'End trip' left join event_log x on x.idcase=e.idcase and x.activity = 'Declaration rejected by employee'  left join event_log y on y.idcase=e.idcase and y.activity = 'Payment handled' ",Payment handled,string,False
54_3,54,"select p.idcase, strftime('%s', p.timestamp) - strftime('%s', e.start_time) as 'End trip', strftime('%s', x.timestamp) - strftime('%s', e.start_time) as 'Declaration rejected by employee', strftime('%s', y.timestamp) - strftime('%s', e.start_time) as 'Payment handled' from event_log p inner join (select MIN(timestamp) as start_time, idcase FROM event_log GROUP by idcase) e on e.idcase = p.idcase and p.activity = 'End trip' left join event_log x on x.idcase=e.idcase and x.activity = 'Declaration rejected by employee'  left join event_log y on y.idcase=e.idcase and y.activity = 'Payment handled' ",End trip,string,False
54_3,54,"select p.idcase, strftime('%s', p.timestamp) - strftime('%s', e.start_time) as 'End trip', strftime('%s', x.timestamp) - strftime('%s', e.start_time) as 'Declaration rejected by employee', strftime('%s', y.timestamp) - strftime('%s', e.start_time) as 'Payment handled' from event_log p inner join (select MIN(timestamp) as start_time, idcase FROM event_log GROUP by idcase) e on e.idcase = p.idcase and p.activity = 'End trip' left join event_log x on x.idcase=e.idcase and x.activity = 'Declaration rejected by employee'  left join event_log y on y.idcase=e.idcase and y.activity = 'Payment handled' ",Declaration rejected by employee,string,False
54_3,54,"select p.idcase, strftime('%s', p.timestamp) - strftime('%s', e.start_time) as 'End trip', strftime('%s', x.timestamp) - strftime('%s', e.start_time) as 'Declaration rejected by employee', strftime('%s', y.timestamp) - strftime('%s', e.start_time) as 'Payment handled' from event_log p inner join (select MIN(timestamp) as start_time, idcase FROM event_log GROUP by idcase) e on e.idcase = p.idcase and p.activity = 'End trip' left join event_log x on x.idcase=e.idcase and x.activity = 'Declaration rejected by employee'  left join event_log y on y.idcase=e.idcase and y.activity = 'Payment handled' ",Payment handled,string,False
54_4,54,"select p.idcase, strftime('%s', p.timestamp) - strftime('%s', e.start_time) as 'End trip', strftime('%s', x.timestamp) - strftime('%s', e.start_time) as 'Declaration rejected by employee', strftime('%s', y.timestamp) - strftime('%s', e.start_time) as 'Payment handled' from event_log p inner join (select MIN(timestamp) as start_time, idcase FROM event_log GROUP by idcase) e on e.idcase = p.idcase and p.activity = 'End trip' left join event_log x on x.idcase=e.idcase and x.activity = 'Declaration rejected by employee'  left join event_log y on y.idcase=e.idcase and y.activity = 'Payment handled' ",%s,string,False
54_4,54,"select p.idcase, strftime('%s', p.timestamp) - strftime('%s', e.start_time) as 'End trip', strftime('%s', x.timestamp) - strftime('%s', e.start_time) as 'Declaration rejected by employee', strftime('%s', y.timestamp) - strftime('%s', e.start_time) as 'Payment handled' from event_log p inner join (select MIN(timestamp) as start_time, idcase FROM event_log GROUP by idcase) e on e.idcase = p.idcase and p.activity = 'End trip' left join event_log x on x.idcase=e.idcase and x.activity = 'Declaration rejected by employee'  left join event_log y on y.idcase=e.idcase and y.activity = 'Payment handled' ",%s,string,False
54_4,54,"select p.idcase, strftime('%s', p.timestamp) - strftime('%s', e.start_time) as 'End trip', strftime('%s', x.timestamp) - strftime('%s', e.start_time) as 'Declaration rejected by employee', strftime('%s', y.timestamp) - strftime('%s', e.start_time) as 'Payment handled' from event_log p inner join (select MIN(timestamp) as start_time, idcase FROM event_log GROUP by idcase) e on e.idcase = p.idcase and p.activity = 'End trip' left join event_log x on x.idcase=e.idcase and x.activity = 'Declaration rejected by employee'  left join event_log y on y.idcase=e.idcase and y.activity = 'Payment handled' ",End trip,string,False
54_4,54,"select p.idcase, strftime('%s', p.timestamp) - strftime('%s', e.start_time) as 'End trip', strftime('%s', x.timestamp) - strftime('%s', e.start_time) as 'Declaration rejected by employee', strftime('%s', y.timestamp) - strftime('%s', e.start_time) as 'Payment handled' from event_log p inner join (select MIN(timestamp) as start_time, idcase FROM event_log GROUP by idcase) e on e.idcase = p.idcase and p.activity = 'End trip' left join event_log x on x.idcase=e.idcase and x.activity = 'Declaration rejected by employee'  left join event_log y on y.idcase=e.idcase and y.activity = 'Payment handled' ",%s,string,False
54_4,54,"select p.idcase, strftime('%s', p.timestamp) - strftime('%s', e.start_time) as 'End trip', strftime('%s', x.timestamp) - strftime('%s', e.start_time) as 'Declaration rejected by employee', strftime('%s', y.timestamp) - strftime('%s', e.start_time) as 'Payment handled' from event_log p inner join (select MIN(timestamp) as start_time, idcase FROM event_log GROUP by idcase) e on e.idcase = p.idcase and p.activity = 'End trip' left join event_log x on x.idcase=e.idcase and x.activity = 'Declaration rejected by employee'  left join event_log y on y.idcase=e.idcase and y.activity = 'Payment handled' ",%s,string,False
54_4,54,"select p.idcase, strftime('%s', p.timestamp) - strftime('%s', e.start_time) as 'End trip', strftime('%s', x.timestamp) - strftime('%s', e.start_time) as 'Declaration rejected by employee', strftime('%s', y.timestamp) - strftime('%s', e.start_time) as 'Payment handled' from event_log p inner join (select MIN(timestamp) as start_time, idcase FROM event_log GROUP by idcase) e on e.idcase = p.idcase and p.activity = 'End trip' left join event_log x on x.idcase=e.idcase and x.activity = 'Declaration rejected by employee'  left join event_log y on y.idcase=e.idcase and y.activity = 'Payment handled' ",Declaration rejected by employee,string,False
54_4,54,"select p.idcase, strftime('%s', p.timestamp) - strftime('%s', e.start_time) as 'End trip', strftime('%s', x.timestamp) - strftime('%s', e.start_time) as 'Declaration rejected by employee', strftime('%s', y.timestamp) - strftime('%s', e.start_time) as 'Payment handled' from event_log p inner join (select MIN(timestamp) as start_time, idcase FROM event_log GROUP by idcase) e on e.idcase = p.idcase and p.activity = 'End trip' left join event_log x on x.idcase=e.idcase and x.activity = 'Declaration rejected by employee'  left join event_log y on y.idcase=e.idcase and y.activity = 'Payment handled' ",%s,string,False
54_4,54,"select p.idcase, strftime('%s', p.timestamp) - strftime('%s', e.start_time) as 'End trip', strftime('%s', x.timestamp) - strftime('%s', e.start_time) as 'Declaration rejected by employee', strftime('%s', y.timestamp) - strftime('%s', e.start_time) as 'Payment handled' from event_log p inner join (select MIN(timestamp) as start_time, idcase FROM event_log GROUP by idcase) e on e.idcase = p.idcase and p.activity = 'End trip' left join event_log x on x.idcase=e.idcase and x.activity = 'Declaration rejected by employee'  left join event_log y on y.idcase=e.idcase and y.activity = 'Payment handled' ",%s,string,False
54_4,54,"select p.idcase, strftime('%s', p.timestamp) - strftime('%s', e.start_time) as 'End trip', strftime('%s', x.timestamp) - strftime('%s', e.start_time) as 'Declaration rejected by employee', strftime('%s', y.timestamp) - strftime('%s', e.start_time) as 'Payment handled' from event_log p inner join (select MIN(timestamp) as start_time, idcase FROM event_log GROUP by idcase) e on e.idcase = p.idcase and p.activity = 'End trip' left join event_log x on x.idcase=e.idcase and x.activity = 'Declaration rejected by employee'  left join event_log y on y.idcase=e.idcase and y.activity = 'Payment handled' ",Payment handled,string,False
54_4,54,"select p.idcase, strftime('%s', p.timestamp) - strftime('%s', e.start_time) as 'End trip', strftime('%s', x.timestamp) - strftime('%s', e.start_time) as 'Declaration rejected by employee', strftime('%s', y.timestamp) - strftime('%s', e.start_time) as 'Payment handled' from event_log p inner join (select MIN(timestamp) as start_time, idcase FROM event_log GROUP by idcase) e on e.idcase = p.idcase and p.activity = 'End trip' left join event_log x on x.idcase=e.idcase and x.activity = 'Declaration rejected by employee'  left join event_log y on y.idcase=e.idcase and y.activity = 'Payment handled' ",End trip,string,False
54_4,54,"select p.idcase, strftime('%s', p.timestamp) - strftime('%s', e.start_time) as 'End trip', strftime('%s', x.timestamp) - strftime('%s', e.start_time) as 'Declaration rejected by employee', strftime('%s', y.timestamp) - strftime('%s', e.start_time) as 'Payment handled' from event_log p inner join (select MIN(timestamp) as start_time, idcase FROM event_log GROUP by idcase) e on e.idcase = p.idcase and p.activity = 'End trip' left join event_log x on x.idcase=e.idcase and x.activity = 'Declaration rejected by employee'  left join event_log y on y.idcase=e.idcase and y.activity = 'Payment handled' ",Declaration rejected by employee,string,False
54_4,54,"select p.idcase, strftime('%s', p.timestamp) - strftime('%s', e.start_time) as 'End trip', strftime('%s', x.timestamp) - strftime('%s', e.start_time) as 'Declaration rejected by employee', strftime('%s', y.timestamp) - strftime('%s', e.start_time) as 'Payment handled' from event_log p inner join (select MIN(timestamp) as start_time, idcase FROM event_log GROUP by idcase) e on e.idcase = p.idcase and p.activity = 'End trip' left join event_log x on x.idcase=e.idcase and x.activity = 'Declaration rejected by employee'  left join event_log y on y.idcase=e.idcase and y.activity = 'Payment handled' ",Payment handled,string,False
55_0,55,"select p.idcase, strftime('%s', p.timestamp) - strftime('%s', e.start_time) as 'End trip', strftime('%s', x.timestamp) - strftime('%s', e.start_time) as 'Declaration rejected by employee', strftime('%s', y.timestamp) - strftime('%s', e.start_time) as 'Payment handled', f.activity from event_log p inner join (select MIN(timestamp) as start_time, idcase FROM event_log GROUP by idcase) e on e.idcase = p.idcase and p.activity = 'End trip' left join event_log x on x.idcase=e.idcase and x.activity = 'Declaration rejected by employee'  left join event_log y on y.idcase=e.idcase and y.activity = 'Payment handled' inner join (select MAX(timestamp) as end_time, activity, idcase FROM event_log WHERE activity='End trip' or activity= 'Declaration rejected by employee' or activity='Payment handled' GROUP by idcase) f on f.idcase=e.idcase ",%s,string,False
55_0,55,"select p.idcase, strftime('%s', p.timestamp) - strftime('%s', e.start_time) as 'End trip', strftime('%s', x.timestamp) - strftime('%s', e.start_time) as 'Declaration rejected by employee', strftime('%s', y.timestamp) - strftime('%s', e.start_time) as 'Payment handled', f.activity from event_log p inner join (select MIN(timestamp) as start_time, idcase FROM event_log GROUP by idcase) e on e.idcase = p.idcase and p.activity = 'End trip' left join event_log x on x.idcase=e.idcase and x.activity = 'Declaration rejected by employee'  left join event_log y on y.idcase=e.idcase and y.activity = 'Payment handled' inner join (select MAX(timestamp) as end_time, activity, idcase FROM event_log WHERE activity='End trip' or activity= 'Declaration rejected by employee' or activity='Payment handled' GROUP by idcase) f on f.idcase=e.idcase ",%s,string,False
55_0,55,"select p.idcase, strftime('%s', p.timestamp) - strftime('%s', e.start_time) as 'End trip', strftime('%s', x.timestamp) - strftime('%s', e.start_time) as 'Declaration rejected by employee', strftime('%s', y.timestamp) - strftime('%s', e.start_time) as 'Payment handled', f.activity from event_log p inner join (select MIN(timestamp) as start_time, idcase FROM event_log GROUP by idcase) e on e.idcase = p.idcase and p.activity = 'End trip' left join event_log x on x.idcase=e.idcase and x.activity = 'Declaration rejected by employee'  left join event_log y on y.idcase=e.idcase and y.activity = 'Payment handled' inner join (select MAX(timestamp) as end_time, activity, idcase FROM event_log WHERE activity='End trip' or activity= 'Declaration rejected by employee' or activity='Payment handled' GROUP by idcase) f on f.idcase=e.idcase ",End trip,string,True
55_0,55,"select p.idcase, strftime('%s', p.timestamp) - strftime('%s', e.start_time) as 'End trip', strftime('%s', x.timestamp) - strftime('%s', e.start_time) as 'Declaration rejected by employee', strftime('%s', y.timestamp) - strftime('%s', e.start_time) as 'Payment handled', f.activity from event_log p inner join (select MIN(timestamp) as start_time, idcase FROM event_log GROUP by idcase) e on e.idcase = p.idcase and p.activity = 'End trip' left join event_log x on x.idcase=e.idcase and x.activity = 'Declaration rejected by employee'  left join event_log y on y.idcase=e.idcase and y.activity = 'Payment handled' inner join (select MAX(timestamp) as end_time, activity, idcase FROM event_log WHERE activity='End trip' or activity= 'Declaration rejected by employee' or activity='Payment handled' GROUP by idcase) f on f.idcase=e.idcase ",%s,string,False
55_0,55,"select p.idcase, strftime('%s', p.timestamp) - strftime('%s', e.start_time) as 'End trip', strftime('%s', x.timestamp) - strftime('%s', e.start_time) as 'Declaration rejected by employee', strftime('%s', y.timestamp) - strftime('%s', e.start_time) as 'Payment handled', f.activity from event_log p inner join (select MIN(timestamp) as start_time, idcase FROM event_log GROUP by idcase) e on e.idcase = p.idcase and p.activity = 'End trip' left join event_log x on x.idcase=e.idcase and x.activity = 'Declaration rejected by employee'  left join event_log y on y.idcase=e.idcase and y.activity = 'Payment handled' inner join (select MAX(timestamp) as end_time, activity, idcase FROM event_log WHERE activity='End trip' or activity= 'Declaration rejected by employee' or activity='Payment handled' GROUP by idcase) f on f.idcase=e.idcase ",%s,string,False
55_0,55,"select p.idcase, strftime('%s', p.timestamp) - strftime('%s', e.start_time) as 'End trip', strftime('%s', x.timestamp) - strftime('%s', e.start_time) as 'Declaration rejected by employee', strftime('%s', y.timestamp) - strftime('%s', e.start_time) as 'Payment handled', f.activity from event_log p inner join (select MIN(timestamp) as start_time, idcase FROM event_log GROUP by idcase) e on e.idcase = p.idcase and p.activity = 'End trip' left join event_log x on x.idcase=e.idcase and x.activity = 'Declaration rejected by employee'  left join event_log y on y.idcase=e.idcase and y.activity = 'Payment handled' inner join (select MAX(timestamp) as end_time, activity, idcase FROM event_log WHERE activity='End trip' or activity= 'Declaration rejected by employee' or activity='Payment handled' GROUP by idcase) f on f.idcase=e.idcase ",Declaration rejected by employee,string,True
55_0,55,"select p.idcase, strftime('%s', p.timestamp) - strftime('%s', e.start_time) as 'End trip', strftime('%s', x.timestamp) - strftime('%s', e.start_time) as 'Declaration rejected by employee', strftime('%s', y.timestamp) - strftime('%s', e.start_time) as 'Payment handled', f.activity from event_log p inner join (select MIN(timestamp) as start_time, idcase FROM event_log GROUP by idcase) e on e.idcase = p.idcase and p.activity = 'End trip' left join event_log x on x.idcase=e.idcase and x.activity = 'Declaration rejected by employee'  left join event_log y on y.idcase=e.idcase and y.activity = 'Payment handled' inner join (select MAX(timestamp) as end_time, activity, idcase FROM event_log WHERE activity='End trip' or activity= 'Declaration rejected by employee' or activity='Payment handled' GROUP by idcase) f on f.idcase=e.idcase ",%s,string,False
55_0,55,"select p.idcase, strftime('%s', p.timestamp) - strftime('%s', e.start_time) as 'End trip', strftime('%s', x.timestamp) - strftime('%s', e.start_time) as 'Declaration rejected by employee', strftime('%s', y.timestamp) - strftime('%s', e.start_time) as 'Payment handled', f.activity from event_log p inner join (select MIN(timestamp) as start_time, idcase FROM event_log GROUP by idcase) e on e.idcase = p.idcase and p.activity = 'End trip' left join event_log x on x.idcase=e.idcase and x.activity = 'Declaration rejected by employee'  left join event_log y on y.idcase=e.idcase and y.activity = 'Payment handled' inner join (select MAX(timestamp) as end_time, activity, idcase FROM event_log WHERE activity='End trip' or activity= 'Declaration rejected by employee' or activity='Payment handled' GROUP by idcase) f on f.idcase=e.idcase ",%s,string,False
55_0,55,"select p.idcase, strftime('%s', p.timestamp) - strftime('%s', e.start_time) as 'End trip', strftime('%s', x.timestamp) - strftime('%s', e.start_time) as 'Declaration rejected by employee', strftime('%s', y.timestamp) - strftime('%s', e.start_time) as 'Payment handled', f.activity from event_log p inner join (select MIN(timestamp) as start_time, idcase FROM event_log GROUP by idcase) e on e.idcase = p.idcase and p.activity = 'End trip' left join event_log x on x.idcase=e.idcase and x.activity = 'Declaration rejected by employee'  left join event_log y on y.idcase=e.idcase and y.activity = 'Payment handled' inner join (select MAX(timestamp) as end_time, activity, idcase FROM event_log WHERE activity='End trip' or activity= 'Declaration rejected by employee' or activity='Payment handled' GROUP by idcase) f on f.idcase=e.idcase ",Payment handled,string,True
55_0,55,"select p.idcase, strftime('%s', p.timestamp) - strftime('%s', e.start_time) as 'End trip', strftime('%s', x.timestamp) - strftime('%s', e.start_time) as 'Declaration rejected by employee', strftime('%s', y.timestamp) - strftime('%s', e.start_time) as 'Payment handled', f.activity from event_log p inner join (select MIN(timestamp) as start_time, idcase FROM event_log GROUP by idcase) e on e.idcase = p.idcase and p.activity = 'End trip' left join event_log x on x.idcase=e.idcase and x.activity = 'Declaration rejected by employee'  left join event_log y on y.idcase=e.idcase and y.activity = 'Payment handled' inner join (select MAX(timestamp) as end_time, activity, idcase FROM event_log WHERE activity='End trip' or activity= 'Declaration rejected by employee' or activity='Payment handled' GROUP by idcase) f on f.idcase=e.idcase ",End trip,string,True
55_0,55,"select p.idcase, strftime('%s', p.timestamp) - strftime('%s', e.start_time) as 'End trip', strftime('%s', x.timestamp) - strftime('%s', e.start_time) as 'Declaration rejected by employee', strftime('%s', y.timestamp) - strftime('%s', e.start_time) as 'Payment handled', f.activity from event_log p inner join (select MIN(timestamp) as start_time, idcase FROM event_log GROUP by idcase) e on e.idcase = p.idcase and p.activity = 'End trip' left join event_log x on x.idcase=e.idcase and x.activity = 'Declaration rejected by employee'  left join event_log y on y.idcase=e.idcase and y.activity = 'Payment handled' inner join (select MAX(timestamp) as end_time, activity, idcase FROM event_log WHERE activity='End trip' or activity= 'Declaration rejected by employee' or activity='Payment handled' GROUP by idcase) f on f.idcase=e.idcase ",Declaration rejected by employee,string,True
55_0,55,"select p.idcase, strftime('%s', p.timestamp) - strftime('%s', e.start_time) as 'End trip', strftime('%s', x.timestamp) - strftime('%s', e.start_time) as 'Declaration rejected by employee', strftime('%s', y.timestamp) - strftime('%s', e.start_time) as 'Payment handled', f.activity from event_log p inner join (select MIN(timestamp) as start_time, idcase FROM event_log GROUP by idcase) e on e.idcase = p.idcase and p.activity = 'End trip' left join event_log x on x.idcase=e.idcase and x.activity = 'Declaration rejected by employee'  left join event_log y on y.idcase=e.idcase and y.activity = 'Payment handled' inner join (select MAX(timestamp) as end_time, activity, idcase FROM event_log WHERE activity='End trip' or activity= 'Declaration rejected by employee' or activity='Payment handled' GROUP by idcase) f on f.idcase=e.idcase ",Payment handled,string,True
55_0,55,"select p.idcase, strftime('%s', p.timestamp) - strftime('%s', e.start_time) as 'End trip', strftime('%s', x.timestamp) - strftime('%s', e.start_time) as 'Declaration rejected by employee', strftime('%s', y.timestamp) - strftime('%s', e.start_time) as 'Payment handled', f.activity from event_log p inner join (select MIN(timestamp) as start_time, idcase FROM event_log GROUP by idcase) e on e.idcase = p.idcase and p.activity = 'End trip' left join event_log x on x.idcase=e.idcase and x.activity = 'Declaration rejected by employee'  left join event_log y on y.idcase=e.idcase and y.activity = 'Payment handled' inner join (select MAX(timestamp) as end_time, activity, idcase FROM event_log WHERE activity='End trip' or activity= 'Declaration rejected by employee' or activity='Payment handled' GROUP by idcase) f on f.idcase=e.idcase ",End trip,string,True
55_0,55,"select p.idcase, strftime('%s', p.timestamp) - strftime('%s', e.start_time) as 'End trip', strftime('%s', x.timestamp) - strftime('%s', e.start_time) as 'Declaration rejected by employee', strftime('%s', y.timestamp) - strftime('%s', e.start_time) as 'Payment handled', f.activity from event_log p inner join (select MIN(timestamp) as start_time, idcase FROM event_log GROUP by idcase) e on e.idcase = p.idcase and p.activity = 'End trip' left join event_log x on x.idcase=e.idcase and x.activity = 'Declaration rejected by employee'  left join event_log y on y.idcase=e.idcase and y.activity = 'Payment handled' inner join (select MAX(timestamp) as end_time, activity, idcase FROM event_log WHERE activity='End trip' or activity= 'Declaration rejected by employee' or activity='Payment handled' GROUP by idcase) f on f.idcase=e.idcase ",Declaration rejected by employee,string,True
55_0,55,"select p.idcase, strftime('%s', p.timestamp) - strftime('%s', e.start_time) as 'End trip', strftime('%s', x.timestamp) - strftime('%s', e.start_time) as 'Declaration rejected by employee', strftime('%s', y.timestamp) - strftime('%s', e.start_time) as 'Payment handled', f.activity from event_log p inner join (select MIN(timestamp) as start_time, idcase FROM event_log GROUP by idcase) e on e.idcase = p.idcase and p.activity = 'End trip' left join event_log x on x.idcase=e.idcase and x.activity = 'Declaration rejected by employee'  left join event_log y on y.idcase=e.idcase and y.activity = 'Payment handled' inner join (select MAX(timestamp) as end_time, activity, idcase FROM event_log WHERE activity='End trip' or activity= 'Declaration rejected by employee' or activity='Payment handled' GROUP by idcase) f on f.idcase=e.idcase ",Payment handled,string,True
55_1,55,"select p.idcase, strftime('%s', p.timestamp) - strftime('%s', e.start_time) as 'End trip', strftime('%s', x.timestamp) - strftime('%s', e.start_time) as 'Declaration rejected by employee', strftime('%s', y.timestamp) - strftime('%s', e.start_time) as 'Payment handled', f.activity from event_log p inner join (select MIN(timestamp) as start_time, idcase FROM event_log GROUP by idcase) e on e.idcase = p.idcase and p.activity = 'End trip' left join event_log x on x.idcase=e.idcase and x.activity = 'Declaration rejected by employee'  left join event_log y on y.idcase=e.idcase and y.activity = 'Payment handled' inner join (select MAX(timestamp) as end_time, activity, idcase FROM event_log WHERE activity='End trip' or activity= 'Declaration rejected by employee' or activity='Payment handled' GROUP by idcase) f on f.idcase=e.idcase ",%s,string,False
55_1,55,"select p.idcase, strftime('%s', p.timestamp) - strftime('%s', e.start_time) as 'End trip', strftime('%s', x.timestamp) - strftime('%s', e.start_time) as 'Declaration rejected by employee', strftime('%s', y.timestamp) - strftime('%s', e.start_time) as 'Payment handled', f.activity from event_log p inner join (select MIN(timestamp) as start_time, idcase FROM event_log GROUP by idcase) e on e.idcase = p.idcase and p.activity = 'End trip' left join event_log x on x.idcase=e.idcase and x.activity = 'Declaration rejected by employee'  left join event_log y on y.idcase=e.idcase and y.activity = 'Payment handled' inner join (select MAX(timestamp) as end_time, activity, idcase FROM event_log WHERE activity='End trip' or activity= 'Declaration rejected by employee' or activity='Payment handled' GROUP by idcase) f on f.idcase=e.idcase ",%s,string,False
55_1,55,"select p.idcase, strftime('%s', p.timestamp) - strftime('%s', e.start_time) as 'End trip', strftime('%s', x.timestamp) - strftime('%s', e.start_time) as 'Declaration rejected by employee', strftime('%s', y.timestamp) - strftime('%s', e.start_time) as 'Payment handled', f.activity from event_log p inner join (select MIN(timestamp) as start_time, idcase FROM event_log GROUP by idcase) e on e.idcase = p.idcase and p.activity = 'End trip' left join event_log x on x.idcase=e.idcase and x.activity = 'Declaration rejected by employee'  left join event_log y on y.idcase=e.idcase and y.activity = 'Payment handled' inner join (select MAX(timestamp) as end_time, activity, idcase FROM event_log WHERE activity='End trip' or activity= 'Declaration rejected by employee' or activity='Payment handled' GROUP by idcase) f on f.idcase=e.idcase ",End trip,string,True
55_1,55,"select p.idcase, strftime('%s', p.timestamp) - strftime('%s', e.start_time) as 'End trip', strftime('%s', x.timestamp) - strftime('%s', e.start_time) as 'Declaration rejected by employee', strftime('%s', y.timestamp) - strftime('%s', e.start_time) as 'Payment handled', f.activity from event_log p inner join (select MIN(timestamp) as start_time, idcase FROM event_log GROUP by idcase) e on e.idcase = p.idcase and p.activity = 'End trip' left join event_log x on x.idcase=e.idcase and x.activity = 'Declaration rejected by employee'  left join event_log y on y.idcase=e.idcase and y.activity = 'Payment handled' inner join (select MAX(timestamp) as end_time, activity, idcase FROM event_log WHERE activity='End trip' or activity= 'Declaration rejected by employee' or activity='Payment handled' GROUP by idcase) f on f.idcase=e.idcase ",%s,string,False
55_1,55,"select p.idcase, strftime('%s', p.timestamp) - strftime('%s', e.start_time) as 'End trip', strftime('%s', x.timestamp) - strftime('%s', e.start_time) as 'Declaration rejected by employee', strftime('%s', y.timestamp) - strftime('%s', e.start_time) as 'Payment handled', f.activity from event_log p inner join (select MIN(timestamp) as start_time, idcase FROM event_log GROUP by idcase) e on e.idcase = p.idcase and p.activity = 'End trip' left join event_log x on x.idcase=e.idcase and x.activity = 'Declaration rejected by employee'  left join event_log y on y.idcase=e.idcase and y.activity = 'Payment handled' inner join (select MAX(timestamp) as end_time, activity, idcase FROM event_log WHERE activity='End trip' or activity= 'Declaration rejected by employee' or activity='Payment handled' GROUP by idcase) f on f.idcase=e.idcase ",%s,string,False
55_1,55,"select p.idcase, strftime('%s', p.timestamp) - strftime('%s', e.start_time) as 'End trip', strftime('%s', x.timestamp) - strftime('%s', e.start_time) as 'Declaration rejected by employee', strftime('%s', y.timestamp) - strftime('%s', e.start_time) as 'Payment handled', f.activity from event_log p inner join (select MIN(timestamp) as start_time, idcase FROM event_log GROUP by idcase) e on e.idcase = p.idcase and p.activity = 'End trip' left join event_log x on x.idcase=e.idcase and x.activity = 'Declaration rejected by employee'  left join event_log y on y.idcase=e.idcase and y.activity = 'Payment handled' inner join (select MAX(timestamp) as end_time, activity, idcase FROM event_log WHERE activity='End trip' or activity= 'Declaration rejected by employee' or activity='Payment handled' GROUP by idcase) f on f.idcase=e.idcase ",Declaration rejected by employee,string,True
55_1,55,"select p.idcase, strftime('%s', p.timestamp) - strftime('%s', e.start_time) as 'End trip', strftime('%s', x.timestamp) - strftime('%s', e.start_time) as 'Declaration rejected by employee', strftime('%s', y.timestamp) - strftime('%s', e.start_time) as 'Payment handled', f.activity from event_log p inner join (select MIN(timestamp) as start_time, idcase FROM event_log GROUP by idcase) e on e.idcase = p.idcase and p.activity = 'End trip' left join event_log x on x.idcase=e.idcase and x.activity = 'Declaration rejected by employee'  left join event_log y on y.idcase=e.idcase and y.activity = 'Payment handled' inner join (select MAX(timestamp) as end_time, activity, idcase FROM event_log WHERE activity='End trip' or activity= 'Declaration rejected by employee' or activity='Payment handled' GROUP by idcase) f on f.idcase=e.idcase ",%s,string,False
55_1,55,"select p.idcase, strftime('%s', p.timestamp) - strftime('%s', e.start_time) as 'End trip', strftime('%s', x.timestamp) - strftime('%s', e.start_time) as 'Declaration rejected by employee', strftime('%s', y.timestamp) - strftime('%s', e.start_time) as 'Payment handled', f.activity from event_log p inner join (select MIN(timestamp) as start_time, idcase FROM event_log GROUP by idcase) e on e.idcase = p.idcase and p.activity = 'End trip' left join event_log x on x.idcase=e.idcase and x.activity = 'Declaration rejected by employee'  left join event_log y on y.idcase=e.idcase and y.activity = 'Payment handled' inner join (select MAX(timestamp) as end_time, activity, idcase FROM event_log WHERE activity='End trip' or activity= 'Declaration rejected by employee' or activity='Payment handled' GROUP by idcase) f on f.idcase=e.idcase ",%s,string,False
55_1,55,"select p.idcase, strftime('%s', p.timestamp) - strftime('%s', e.start_time) as 'End trip', strftime('%s', x.timestamp) - strftime('%s', e.start_time) as 'Declaration rejected by employee', strftime('%s', y.timestamp) - strftime('%s', e.start_time) as 'Payment handled', f.activity from event_log p inner join (select MIN(timestamp) as start_time, idcase FROM event_log GROUP by idcase) e on e.idcase = p.idcase and p.activity = 'End trip' left join event_log x on x.idcase=e.idcase and x.activity = 'Declaration rejected by employee'  left join event_log y on y.idcase=e.idcase and y.activity = 'Payment handled' inner join (select MAX(timestamp) as end_time, activity, idcase FROM event_log WHERE activity='End trip' or activity= 'Declaration rejected by employee' or activity='Payment handled' GROUP by idcase) f on f.idcase=e.idcase ",Payment handled,string,True
55_1,55,"select p.idcase, strftime('%s', p.timestamp) - strftime('%s', e.start_time) as 'End trip', strftime('%s', x.timestamp) - strftime('%s', e.start_time) as 'Declaration rejected by employee', strftime('%s', y.timestamp) - strftime('%s', e.start_time) as 'Payment handled', f.activity from event_log p inner join (select MIN(timestamp) as start_time, idcase FROM event_log GROUP by idcase) e on e.idcase = p.idcase and p.activity = 'End trip' left join event_log x on x.idcase=e.idcase and x.activity = 'Declaration rejected by employee'  left join event_log y on y.idcase=e.idcase and y.activity = 'Payment handled' inner join (select MAX(timestamp) as end_time, activity, idcase FROM event_log WHERE activity='End trip' or activity= 'Declaration rejected by employee' or activity='Payment handled' GROUP by idcase) f on f.idcase=e.idcase ",End trip,string,True
55_1,55,"select p.idcase, strftime('%s', p.timestamp) - strftime('%s', e.start_time) as 'End trip', strftime('%s', x.timestamp) - strftime('%s', e.start_time) as 'Declaration rejected by employee', strftime('%s', y.timestamp) - strftime('%s', e.start_time) as 'Payment handled', f.activity from event_log p inner join (select MIN(timestamp) as start_time, idcase FROM event_log GROUP by idcase) e on e.idcase = p.idcase and p.activity = 'End trip' left join event_log x on x.idcase=e.idcase and x.activity = 'Declaration rejected by employee'  left join event_log y on y.idcase=e.idcase and y.activity = 'Payment handled' inner join (select MAX(timestamp) as end_time, activity, idcase FROM event_log WHERE activity='End trip' or activity= 'Declaration rejected by employee' or activity='Payment handled' GROUP by idcase) f on f.idcase=e.idcase ",Declaration rejected by employee,string,True
55_1,55,"select p.idcase, strftime('%s', p.timestamp) - strftime('%s', e.start_time) as 'End trip', strftime('%s', x.timestamp) - strftime('%s', e.start_time) as 'Declaration rejected by employee', strftime('%s', y.timestamp) - strftime('%s', e.start_time) as 'Payment handled', f.activity from event_log p inner join (select MIN(timestamp) as start_time, idcase FROM event_log GROUP by idcase) e on e.idcase = p.idcase and p.activity = 'End trip' left join event_log x on x.idcase=e.idcase and x.activity = 'Declaration rejected by employee'  left join event_log y on y.idcase=e.idcase and y.activity = 'Payment handled' inner join (select MAX(timestamp) as end_time, activity, idcase FROM event_log WHERE activity='End trip' or activity= 'Declaration rejected by employee' or activity='Payment handled' GROUP by idcase) f on f.idcase=e.idcase ",Payment handled,string,True
55_1,55,"select p.idcase, strftime('%s', p.timestamp) - strftime('%s', e.start_time) as 'End trip', strftime('%s', x.timestamp) - strftime('%s', e.start_time) as 'Declaration rejected by employee', strftime('%s', y.timestamp) - strftime('%s', e.start_time) as 'Payment handled', f.activity from event_log p inner join (select MIN(timestamp) as start_time, idcase FROM event_log GROUP by idcase) e on e.idcase = p.idcase and p.activity = 'End trip' left join event_log x on x.idcase=e.idcase and x.activity = 'Declaration rejected by employee'  left join event_log y on y.idcase=e.idcase and y.activity = 'Payment handled' inner join (select MAX(timestamp) as end_time, activity, idcase FROM event_log WHERE activity='End trip' or activity= 'Declaration rejected by employee' or activity='Payment handled' GROUP by idcase) f on f.idcase=e.idcase ",End trip,string,True
55_1,55,"select p.idcase, strftime('%s', p.timestamp) - strftime('%s', e.start_time) as 'End trip', strftime('%s', x.timestamp) - strftime('%s', e.start_time) as 'Declaration rejected by employee', strftime('%s', y.timestamp) - strftime('%s', e.start_time) as 'Payment handled', f.activity from event_log p inner join (select MIN(timestamp) as start_time, idcase FROM event_log GROUP by idcase) e on e.idcase = p.idcase and p.activity = 'End trip' left join event_log x on x.idcase=e.idcase and x.activity = 'Declaration rejected by employee'  left join event_log y on y.idcase=e.idcase and y.activity = 'Payment handled' inner join (select MAX(timestamp) as end_time, activity, idcase FROM event_log WHERE activity='End trip' or activity= 'Declaration rejected by employee' or activity='Payment handled' GROUP by idcase) f on f.idcase=e.idcase ",Declaration rejected by employee,string,True
55_1,55,"select p.idcase, strftime('%s', p.timestamp) - strftime('%s', e.start_time) as 'End trip', strftime('%s', x.timestamp) - strftime('%s', e.start_time) as 'Declaration rejected by employee', strftime('%s', y.timestamp) - strftime('%s', e.start_time) as 'Payment handled', f.activity from event_log p inner join (select MIN(timestamp) as start_time, idcase FROM event_log GROUP by idcase) e on e.idcase = p.idcase and p.activity = 'End trip' left join event_log x on x.idcase=e.idcase and x.activity = 'Declaration rejected by employee'  left join event_log y on y.idcase=e.idcase and y.activity = 'Payment handled' inner join (select MAX(timestamp) as end_time, activity, idcase FROM event_log WHERE activity='End trip' or activity= 'Declaration rejected by employee' or activity='Payment handled' GROUP by idcase) f on f.idcase=e.idcase ",Payment handled,string,True
55_2,55,"select p.idcase, strftime('%s', p.timestamp) - strftime('%s', e.start_time) as 'End trip', strftime('%s', x.timestamp) - strftime('%s', e.start_time) as 'Declaration rejected by employee', strftime('%s', y.timestamp) - strftime('%s', e.start_time) as 'Payment handled', f.activity from event_log p inner join (select MIN(timestamp) as start_time, idcase FROM event_log GROUP by idcase) e on e.idcase = p.idcase and p.activity = 'End trip' left join event_log x on x.idcase=e.idcase and x.activity = 'Declaration rejected by employee'  left join event_log y on y.idcase=e.idcase and y.activity = 'Payment handled' inner join (select MAX(timestamp) as end_time, activity, idcase FROM event_log WHERE activity='End trip' or activity= 'Declaration rejected by employee' or activity='Payment handled' GROUP by idcase) f on f.idcase=e.idcase ",%s,string,False
55_2,55,"select p.idcase, strftime('%s', p.timestamp) - strftime('%s', e.start_time) as 'End trip', strftime('%s', x.timestamp) - strftime('%s', e.start_time) as 'Declaration rejected by employee', strftime('%s', y.timestamp) - strftime('%s', e.start_time) as 'Payment handled', f.activity from event_log p inner join (select MIN(timestamp) as start_time, idcase FROM event_log GROUP by idcase) e on e.idcase = p.idcase and p.activity = 'End trip' left join event_log x on x.idcase=e.idcase and x.activity = 'Declaration rejected by employee'  left join event_log y on y.idcase=e.idcase and y.activity = 'Payment handled' inner join (select MAX(timestamp) as end_time, activity, idcase FROM event_log WHERE activity='End trip' or activity= 'Declaration rejected by employee' or activity='Payment handled' GROUP by idcase) f on f.idcase=e.idcase ",%s,string,False
55_2,55,"select p.idcase, strftime('%s', p.timestamp) - strftime('%s', e.start_time) as 'End trip', strftime('%s', x.timestamp) - strftime('%s', e.start_time) as 'Declaration rejected by employee', strftime('%s', y.timestamp) - strftime('%s', e.start_time) as 'Payment handled', f.activity from event_log p inner join (select MIN(timestamp) as start_time, idcase FROM event_log GROUP by idcase) e on e.idcase = p.idcase and p.activity = 'End trip' left join event_log x on x.idcase=e.idcase and x.activity = 'Declaration rejected by employee'  left join event_log y on y.idcase=e.idcase and y.activity = 'Payment handled' inner join (select MAX(timestamp) as end_time, activity, idcase FROM event_log WHERE activity='End trip' or activity= 'Declaration rejected by employee' or activity='Payment handled' GROUP by idcase) f on f.idcase=e.idcase ",End trip,string,True
55_2,55,"select p.idcase, strftime('%s', p.timestamp) - strftime('%s', e.start_time) as 'End trip', strftime('%s', x.timestamp) - strftime('%s', e.start_time) as 'Declaration rejected by employee', strftime('%s', y.timestamp) - strftime('%s', e.start_time) as 'Payment handled', f.activity from event_log p inner join (select MIN(timestamp) as start_time, idcase FROM event_log GROUP by idcase) e on e.idcase = p.idcase and p.activity = 'End trip' left join event_log x on x.idcase=e.idcase and x.activity = 'Declaration rejected by employee'  left join event_log y on y.idcase=e.idcase and y.activity = 'Payment handled' inner join (select MAX(timestamp) as end_time, activity, idcase FROM event_log WHERE activity='End trip' or activity= 'Declaration rejected by employee' or activity='Payment handled' GROUP by idcase) f on f.idcase=e.idcase ",%s,string,False
55_2,55,"select p.idcase, strftime('%s', p.timestamp) - strftime('%s', e.start_time) as 'End trip', strftime('%s', x.timestamp) - strftime('%s', e.start_time) as 'Declaration rejected by employee', strftime('%s', y.timestamp) - strftime('%s', e.start_time) as 'Payment handled', f.activity from event_log p inner join (select MIN(timestamp) as start_time, idcase FROM event_log GROUP by idcase) e on e.idcase = p.idcase and p.activity = 'End trip' left join event_log x on x.idcase=e.idcase and x.activity = 'Declaration rejected by employee'  left join event_log y on y.idcase=e.idcase and y.activity = 'Payment handled' inner join (select MAX(timestamp) as end_time, activity, idcase FROM event_log WHERE activity='End trip' or activity= 'Declaration rejected by employee' or activity='Payment handled' GROUP by idcase) f on f.idcase=e.idcase ",%s,string,False
55_2,55,"select p.idcase, strftime('%s', p.timestamp) - strftime('%s', e.start_time) as 'End trip', strftime('%s', x.timestamp) - strftime('%s', e.start_time) as 'Declaration rejected by employee', strftime('%s', y.timestamp) - strftime('%s', e.start_time) as 'Payment handled', f.activity from event_log p inner join (select MIN(timestamp) as start_time, idcase FROM event_log GROUP by idcase) e on e.idcase = p.idcase and p.activity = 'End trip' left join event_log x on x.idcase=e.idcase and x.activity = 'Declaration rejected by employee'  left join event_log y on y.idcase=e.idcase and y.activity = 'Payment handled' inner join (select MAX(timestamp) as end_time, activity, idcase FROM event_log WHERE activity='End trip' or activity= 'Declaration rejected by employee' or activity='Payment handled' GROUP by idcase) f on f.idcase=e.idcase ",Declaration rejected by employee,string,True
55_2,55,"select p.idcase, strftime('%s', p.timestamp) - strftime('%s', e.start_time) as 'End trip', strftime('%s', x.timestamp) - strftime('%s', e.start_time) as 'Declaration rejected by employee', strftime('%s', y.timestamp) - strftime('%s', e.start_time) as 'Payment handled', f.activity from event_log p inner join (select MIN(timestamp) as start_time, idcase FROM event_log GROUP by idcase) e on e.idcase = p.idcase and p.activity = 'End trip' left join event_log x on x.idcase=e.idcase and x.activity = 'Declaration rejected by employee'  left join event_log y on y.idcase=e.idcase and y.activity = 'Payment handled' inner join (select MAX(timestamp) as end_time, activity, idcase FROM event_log WHERE activity='End trip' or activity= 'Declaration rejected by employee' or activity='Payment handled' GROUP by idcase) f on f.idcase=e.idcase ",%s,string,False
55_2,55,"select p.idcase, strftime('%s', p.timestamp) - strftime('%s', e.start_time) as 'End trip', strftime('%s', x.timestamp) - strftime('%s', e.start_time) as 'Declaration rejected by employee', strftime('%s', y.timestamp) - strftime('%s', e.start_time) as 'Payment handled', f.activity from event_log p inner join (select MIN(timestamp) as start_time, idcase FROM event_log GROUP by idcase) e on e.idcase = p.idcase and p.activity = 'End trip' left join event_log x on x.idcase=e.idcase and x.activity = 'Declaration rejected by employee'  left join event_log y on y.idcase=e.idcase and y.activity = 'Payment handled' inner join (select MAX(timestamp) as end_time, activity, idcase FROM event_log WHERE activity='End trip' or activity= 'Declaration rejected by employee' or activity='Payment handled' GROUP by idcase) f on f.idcase=e.idcase ",%s,string,False
55_2,55,"select p.idcase, strftime('%s', p.timestamp) - strftime('%s', e.start_time) as 'End trip', strftime('%s', x.timestamp) - strftime('%s', e.start_time) as 'Declaration rejected by employee', strftime('%s', y.timestamp) - strftime('%s', e.start_time) as 'Payment handled', f.activity from event_log p inner join (select MIN(timestamp) as start_time, idcase FROM event_log GROUP by idcase) e on e.idcase = p.idcase and p.activity = 'End trip' left join event_log x on x.idcase=e.idcase and x.activity = 'Declaration rejected by employee'  left join event_log y on y.idcase=e.idcase and y.activity = 'Payment handled' inner join (select MAX(timestamp) as end_time, activity, idcase FROM event_log WHERE activity='End trip' or activity= 'Declaration rejected by employee' or activity='Payment handled' GROUP by idcase) f on f.idcase=e.idcase ",Payment handled,string,True
55_2,55,"select p.idcase, strftime('%s', p.timestamp) - strftime('%s', e.start_time) as 'End trip', strftime('%s', x.timestamp) - strftime('%s', e.start_time) as 'Declaration rejected by employee', strftime('%s', y.timestamp) - strftime('%s', e.start_time) as 'Payment handled', f.activity from event_log p inner join (select MIN(timestamp) as start_time, idcase FROM event_log GROUP by idcase) e on e.idcase = p.idcase and p.activity = 'End trip' left join event_log x on x.idcase=e.idcase and x.activity = 'Declaration rejected by employee'  left join event_log y on y.idcase=e.idcase and y.activity = 'Payment handled' inner join (select MAX(timestamp) as end_time, activity, idcase FROM event_log WHERE activity='End trip' or activity= 'Declaration rejected by employee' or activity='Payment handled' GROUP by idcase) f on f.idcase=e.idcase ",End trip,string,True
55_2,55,"select p.idcase, strftime('%s', p.timestamp) - strftime('%s', e.start_time) as 'End trip', strftime('%s', x.timestamp) - strftime('%s', e.start_time) as 'Declaration rejected by employee', strftime('%s', y.timestamp) - strftime('%s', e.start_time) as 'Payment handled', f.activity from event_log p inner join (select MIN(timestamp) as start_time, idcase FROM event_log GROUP by idcase) e on e.idcase = p.idcase and p.activity = 'End trip' left join event_log x on x.idcase=e.idcase and x.activity = 'Declaration rejected by employee'  left join event_log y on y.idcase=e.idcase and y.activity = 'Payment handled' inner join (select MAX(timestamp) as end_time, activity, idcase FROM event_log WHERE activity='End trip' or activity= 'Declaration rejected by employee' or activity='Payment handled' GROUP by idcase) f on f.idcase=e.idcase ",Declaration rejected by employee,string,True
55_2,55,"select p.idcase, strftime('%s', p.timestamp) - strftime('%s', e.start_time) as 'End trip', strftime('%s', x.timestamp) - strftime('%s', e.start_time) as 'Declaration rejected by employee', strftime('%s', y.timestamp) - strftime('%s', e.start_time) as 'Payment handled', f.activity from event_log p inner join (select MIN(timestamp) as start_time, idcase FROM event_log GROUP by idcase) e on e.idcase = p.idcase and p.activity = 'End trip' left join event_log x on x.idcase=e.idcase and x.activity = 'Declaration rejected by employee'  left join event_log y on y.idcase=e.idcase and y.activity = 'Payment handled' inner join (select MAX(timestamp) as end_time, activity, idcase FROM event_log WHERE activity='End trip' or activity= 'Declaration rejected by employee' or activity='Payment handled' GROUP by idcase) f on f.idcase=e.idcase ",Payment handled,string,True
55_2,55,"select p.idcase, strftime('%s', p.timestamp) - strftime('%s', e.start_time) as 'End trip', strftime('%s', x.timestamp) - strftime('%s', e.start_time) as 'Declaration rejected by employee', strftime('%s', y.timestamp) - strftime('%s', e.start_time) as 'Payment handled', f.activity from event_log p inner join (select MIN(timestamp) as start_time, idcase FROM event_log GROUP by idcase) e on e.idcase = p.idcase and p.activity = 'End trip' left join event_log x on x.idcase=e.idcase and x.activity = 'Declaration rejected by employee'  left join event_log y on y.idcase=e.idcase and y.activity = 'Payment handled' inner join (select MAX(timestamp) as end_time, activity, idcase FROM event_log WHERE activity='End trip' or activity= 'Declaration rejected by employee' or activity='Payment handled' GROUP by idcase) f on f.idcase=e.idcase ",End trip,string,True
55_2,55,"select p.idcase, strftime('%s', p.timestamp) - strftime('%s', e.start_time) as 'End trip', strftime('%s', x.timestamp) - strftime('%s', e.start_time) as 'Declaration rejected by employee', strftime('%s', y.timestamp) - strftime('%s', e.start_time) as 'Payment handled', f.activity from event_log p inner join (select MIN(timestamp) as start_time, idcase FROM event_log GROUP by idcase) e on e.idcase = p.idcase and p.activity = 'End trip' left join event_log x on x.idcase=e.idcase and x.activity = 'Declaration rejected by employee'  left join event_log y on y.idcase=e.idcase and y.activity = 'Payment handled' inner join (select MAX(timestamp) as end_time, activity, idcase FROM event_log WHERE activity='End trip' or activity= 'Declaration rejected by employee' or activity='Payment handled' GROUP by idcase) f on f.idcase=e.idcase ",Declaration rejected by employee,string,True
55_2,55,"select p.idcase, strftime('%s', p.timestamp) - strftime('%s', e.start_time) as 'End trip', strftime('%s', x.timestamp) - strftime('%s', e.start_time) as 'Declaration rejected by employee', strftime('%s', y.timestamp) - strftime('%s', e.start_time) as 'Payment handled', f.activity from event_log p inner join (select MIN(timestamp) as start_time, idcase FROM event_log GROUP by idcase) e on e.idcase = p.idcase and p.activity = 'End trip' left join event_log x on x.idcase=e.idcase and x.activity = 'Declaration rejected by employee'  left join event_log y on y.idcase=e.idcase and y.activity = 'Payment handled' inner join (select MAX(timestamp) as end_time, activity, idcase FROM event_log WHERE activity='End trip' or activity= 'Declaration rejected by employee' or activity='Payment handled' GROUP by idcase) f on f.idcase=e.idcase ",Payment handled,string,True
55_3,55,"select p.idcase, strftime('%s', p.timestamp) - strftime('%s', e.start_time) as 'End trip', strftime('%s', x.timestamp) - strftime('%s', e.start_time) as 'Declaration rejected by employee', strftime('%s', y.timestamp) - strftime('%s', e.start_time) as 'Payment handled', f.activity from event_log p inner join (select MIN(timestamp) as start_time, idcase FROM event_log GROUP by idcase) e on e.idcase = p.idcase and p.activity = 'End trip' left join event_log x on x.idcase=e.idcase and x.activity = 'Declaration rejected by employee'  left join event_log y on y.idcase=e.idcase and y.activity = 'Payment handled' inner join (select MAX(timestamp) as end_time, activity, idcase FROM event_log WHERE activity='End trip' or activity= 'Declaration rejected by employee' or activity='Payment handled' GROUP by idcase) f on f.idcase=e.idcase ",%s,string,False
55_3,55,"select p.idcase, strftime('%s', p.timestamp) - strftime('%s', e.start_time) as 'End trip', strftime('%s', x.timestamp) - strftime('%s', e.start_time) as 'Declaration rejected by employee', strftime('%s', y.timestamp) - strftime('%s', e.start_time) as 'Payment handled', f.activity from event_log p inner join (select MIN(timestamp) as start_time, idcase FROM event_log GROUP by idcase) e on e.idcase = p.idcase and p.activity = 'End trip' left join event_log x on x.idcase=e.idcase and x.activity = 'Declaration rejected by employee'  left join event_log y on y.idcase=e.idcase and y.activity = 'Payment handled' inner join (select MAX(timestamp) as end_time, activity, idcase FROM event_log WHERE activity='End trip' or activity= 'Declaration rejected by employee' or activity='Payment handled' GROUP by idcase) f on f.idcase=e.idcase ",%s,string,False
55_3,55,"select p.idcase, strftime('%s', p.timestamp) - strftime('%s', e.start_time) as 'End trip', strftime('%s', x.timestamp) - strftime('%s', e.start_time) as 'Declaration rejected by employee', strftime('%s', y.timestamp) - strftime('%s', e.start_time) as 'Payment handled', f.activity from event_log p inner join (select MIN(timestamp) as start_time, idcase FROM event_log GROUP by idcase) e on e.idcase = p.idcase and p.activity = 'End trip' left join event_log x on x.idcase=e.idcase and x.activity = 'Declaration rejected by employee'  left join event_log y on y.idcase=e.idcase and y.activity = 'Payment handled' inner join (select MAX(timestamp) as end_time, activity, idcase FROM event_log WHERE activity='End trip' or activity= 'Declaration rejected by employee' or activity='Payment handled' GROUP by idcase) f on f.idcase=e.idcase ",End trip,string,True
55_3,55,"select p.idcase, strftime('%s', p.timestamp) - strftime('%s', e.start_time) as 'End trip', strftime('%s', x.timestamp) - strftime('%s', e.start_time) as 'Declaration rejected by employee', strftime('%s', y.timestamp) - strftime('%s', e.start_time) as 'Payment handled', f.activity from event_log p inner join (select MIN(timestamp) as start_time, idcase FROM event_log GROUP by idcase) e on e.idcase = p.idcase and p.activity = 'End trip' left join event_log x on x.idcase=e.idcase and x.activity = 'Declaration rejected by employee'  left join event_log y on y.idcase=e.idcase and y.activity = 'Payment handled' inner join (select MAX(timestamp) as end_time, activity, idcase FROM event_log WHERE activity='End trip' or activity= 'Declaration rejected by employee' or activity='Payment handled' GROUP by idcase) f on f.idcase=e.idcase ",%s,string,False
55_3,55,"select p.idcase, strftime('%s', p.timestamp) - strftime('%s', e.start_time) as 'End trip', strftime('%s', x.timestamp) - strftime('%s', e.start_time) as 'Declaration rejected by employee', strftime('%s', y.timestamp) - strftime('%s', e.start_time) as 'Payment handled', f.activity from event_log p inner join (select MIN(timestamp) as start_time, idcase FROM event_log GROUP by idcase) e on e.idcase = p.idcase and p.activity = 'End trip' left join event_log x on x.idcase=e.idcase and x.activity = 'Declaration rejected by employee'  left join event_log y on y.idcase=e.idcase and y.activity = 'Payment handled' inner join (select MAX(timestamp) as end_time, activity, idcase FROM event_log WHERE activity='End trip' or activity= 'Declaration rejected by employee' or activity='Payment handled' GROUP by idcase) f on f.idcase=e.idcase ",%s,string,False
55_3,55,"select p.idcase, strftime('%s', p.timestamp) - strftime('%s', e.start_time) as 'End trip', strftime('%s', x.timestamp) - strftime('%s', e.start_time) as 'Declaration rejected by employee', strftime('%s', y.timestamp) - strftime('%s', e.start_time) as 'Payment handled', f.activity from event_log p inner join (select MIN(timestamp) as start_time, idcase FROM event_log GROUP by idcase) e on e.idcase = p.idcase and p.activity = 'End trip' left join event_log x on x.idcase=e.idcase and x.activity = 'Declaration rejected by employee'  left join event_log y on y.idcase=e.idcase and y.activity = 'Payment handled' inner join (select MAX(timestamp) as end_time, activity, idcase FROM event_log WHERE activity='End trip' or activity= 'Declaration rejected by employee' or activity='Payment handled' GROUP by idcase) f on f.idcase=e.idcase ",Declaration rejected by employee,string,True
55_3,55,"select p.idcase, strftime('%s', p.timestamp) - strftime('%s', e.start_time) as 'End trip', strftime('%s', x.timestamp) - strftime('%s', e.start_time) as 'Declaration rejected by employee', strftime('%s', y.timestamp) - strftime('%s', e.start_time) as 'Payment handled', f.activity from event_log p inner join (select MIN(timestamp) as start_time, idcase FROM event_log GROUP by idcase) e on e.idcase = p.idcase and p.activity = 'End trip' left join event_log x on x.idcase=e.idcase and x.activity = 'Declaration rejected by employee'  left join event_log y on y.idcase=e.idcase and y.activity = 'Payment handled' inner join (select MAX(timestamp) as end_time, activity, idcase FROM event_log WHERE activity='End trip' or activity= 'Declaration rejected by employee' or activity='Payment handled' GROUP by idcase) f on f.idcase=e.idcase ",%s,string,False
55_3,55,"select p.idcase, strftime('%s', p.timestamp) - strftime('%s', e.start_time) as 'End trip', strftime('%s', x.timestamp) - strftime('%s', e.start_time) as 'Declaration rejected by employee', strftime('%s', y.timestamp) - strftime('%s', e.start_time) as 'Payment handled', f.activity from event_log p inner join (select MIN(timestamp) as start_time, idcase FROM event_log GROUP by idcase) e on e.idcase = p.idcase and p.activity = 'End trip' left join event_log x on x.idcase=e.idcase and x.activity = 'Declaration rejected by employee'  left join event_log y on y.idcase=e.idcase and y.activity = 'Payment handled' inner join (select MAX(timestamp) as end_time, activity, idcase FROM event_log WHERE activity='End trip' or activity= 'Declaration rejected by employee' or activity='Payment handled' GROUP by idcase) f on f.idcase=e.idcase ",%s,string,False
55_3,55,"select p.idcase, strftime('%s', p.timestamp) - strftime('%s', e.start_time) as 'End trip', strftime('%s', x.timestamp) - strftime('%s', e.start_time) as 'Declaration rejected by employee', strftime('%s', y.timestamp) - strftime('%s', e.start_time) as 'Payment handled', f.activity from event_log p inner join (select MIN(timestamp) as start_time, idcase FROM event_log GROUP by idcase) e on e.idcase = p.idcase and p.activity = 'End trip' left join event_log x on x.idcase=e.idcase and x.activity = 'Declaration rejected by employee'  left join event_log y on y.idcase=e.idcase and y.activity = 'Payment handled' inner join (select MAX(timestamp) as end_time, activity, idcase FROM event_log WHERE activity='End trip' or activity= 'Declaration rejected by employee' or activity='Payment handled' GROUP by idcase) f on f.idcase=e.idcase ",Payment handled,string,True
55_3,55,"select p.idcase, strftime('%s', p.timestamp) - strftime('%s', e.start_time) as 'End trip', strftime('%s', x.timestamp) - strftime('%s', e.start_time) as 'Declaration rejected by employee', strftime('%s', y.timestamp) - strftime('%s', e.start_time) as 'Payment handled', f.activity from event_log p inner join (select MIN(timestamp) as start_time, idcase FROM event_log GROUP by idcase) e on e.idcase = p.idcase and p.activity = 'End trip' left join event_log x on x.idcase=e.idcase and x.activity = 'Declaration rejected by employee'  left join event_log y on y.idcase=e.idcase and y.activity = 'Payment handled' inner join (select MAX(timestamp) as end_time, activity, idcase FROM event_log WHERE activity='End trip' or activity= 'Declaration rejected by employee' or activity='Payment handled' GROUP by idcase) f on f.idcase=e.idcase ",End trip,string,True
55_3,55,"select p.idcase, strftime('%s', p.timestamp) - strftime('%s', e.start_time) as 'End trip', strftime('%s', x.timestamp) - strftime('%s', e.start_time) as 'Declaration rejected by employee', strftime('%s', y.timestamp) - strftime('%s', e.start_time) as 'Payment handled', f.activity from event_log p inner join (select MIN(timestamp) as start_time, idcase FROM event_log GROUP by idcase) e on e.idcase = p.idcase and p.activity = 'End trip' left join event_log x on x.idcase=e.idcase and x.activity = 'Declaration rejected by employee'  left join event_log y on y.idcase=e.idcase and y.activity = 'Payment handled' inner join (select MAX(timestamp) as end_time, activity, idcase FROM event_log WHERE activity='End trip' or activity= 'Declaration rejected by employee' or activity='Payment handled' GROUP by idcase) f on f.idcase=e.idcase ",Declaration rejected by employee,string,True
55_3,55,"select p.idcase, strftime('%s', p.timestamp) - strftime('%s', e.start_time) as 'End trip', strftime('%s', x.timestamp) - strftime('%s', e.start_time) as 'Declaration rejected by employee', strftime('%s', y.timestamp) - strftime('%s', e.start_time) as 'Payment handled', f.activity from event_log p inner join (select MIN(timestamp) as start_time, idcase FROM event_log GROUP by idcase) e on e.idcase = p.idcase and p.activity = 'End trip' left join event_log x on x.idcase=e.idcase and x.activity = 'Declaration rejected by employee'  left join event_log y on y.idcase=e.idcase and y.activity = 'Payment handled' inner join (select MAX(timestamp) as end_time, activity, idcase FROM event_log WHERE activity='End trip' or activity= 'Declaration rejected by employee' or activity='Payment handled' GROUP by idcase) f on f.idcase=e.idcase ",Payment handled,string,True
55_3,55,"select p.idcase, strftime('%s', p.timestamp) - strftime('%s', e.start_time) as 'End trip', strftime('%s', x.timestamp) - strftime('%s', e.start_time) as 'Declaration rejected by employee', strftime('%s', y.timestamp) - strftime('%s', e.start_time) as 'Payment handled', f.activity from event_log p inner join (select MIN(timestamp) as start_time, idcase FROM event_log GROUP by idcase) e on e.idcase = p.idcase and p.activity = 'End trip' left join event_log x on x.idcase=e.idcase and x.activity = 'Declaration rejected by employee'  left join event_log y on y.idcase=e.idcase and y.activity = 'Payment handled' inner join (select MAX(timestamp) as end_time, activity, idcase FROM event_log WHERE activity='End trip' or activity= 'Declaration rejected by employee' or activity='Payment handled' GROUP by idcase) f on f.idcase=e.idcase ",End trip,string,True
55_3,55,"select p.idcase, strftime('%s', p.timestamp) - strftime('%s', e.start_time) as 'End trip', strftime('%s', x.timestamp) - strftime('%s', e.start_time) as 'Declaration rejected by employee', strftime('%s', y.timestamp) - strftime('%s', e.start_time) as 'Payment handled', f.activity from event_log p inner join (select MIN(timestamp) as start_time, idcase FROM event_log GROUP by idcase) e on e.idcase = p.idcase and p.activity = 'End trip' left join event_log x on x.idcase=e.idcase and x.activity = 'Declaration rejected by employee'  left join event_log y on y.idcase=e.idcase and y.activity = 'Payment handled' inner join (select MAX(timestamp) as end_time, activity, idcase FROM event_log WHERE activity='End trip' or activity= 'Declaration rejected by employee' or activity='Payment handled' GROUP by idcase) f on f.idcase=e.idcase ",Declaration rejected by employee,string,True
55_3,55,"select p.idcase, strftime('%s', p.timestamp) - strftime('%s', e.start_time) as 'End trip', strftime('%s', x.timestamp) - strftime('%s', e.start_time) as 'Declaration rejected by employee', strftime('%s', y.timestamp) - strftime('%s', e.start_time) as 'Payment handled', f.activity from event_log p inner join (select MIN(timestamp) as start_time, idcase FROM event_log GROUP by idcase) e on e.idcase = p.idcase and p.activity = 'End trip' left join event_log x on x.idcase=e.idcase and x.activity = 'Declaration rejected by employee'  left join event_log y on y.idcase=e.idcase and y.activity = 'Payment handled' inner join (select MAX(timestamp) as end_time, activity, idcase FROM event_log WHERE activity='End trip' or activity= 'Declaration rejected by employee' or activity='Payment handled' GROUP by idcase) f on f.idcase=e.idcase ",Payment handled,string,True
55_4,55,"select p.idcase, strftime('%s', p.timestamp) - strftime('%s', e.start_time) as 'End trip', strftime('%s', x.timestamp) - strftime('%s', e.start_time) as 'Declaration rejected by employee', strftime('%s', y.timestamp) - strftime('%s', e.start_time) as 'Payment handled', f.activity from event_log p inner join (select MIN(timestamp) as start_time, idcase FROM event_log GROUP by idcase) e on e.idcase = p.idcase and p.activity = 'End trip' left join event_log x on x.idcase=e.idcase and x.activity = 'Declaration rejected by employee'  left join event_log y on y.idcase=e.idcase and y.activity = 'Payment handled' inner join (select MAX(timestamp) as end_time, activity, idcase FROM event_log WHERE activity='End trip' or activity= 'Declaration rejected by employee' or activity='Payment handled' GROUP by idcase) f on f.idcase=e.idcase ",%s,string,False
55_4,55,"select p.idcase, strftime('%s', p.timestamp) - strftime('%s', e.start_time) as 'End trip', strftime('%s', x.timestamp) - strftime('%s', e.start_time) as 'Declaration rejected by employee', strftime('%s', y.timestamp) - strftime('%s', e.start_time) as 'Payment handled', f.activity from event_log p inner join (select MIN(timestamp) as start_time, idcase FROM event_log GROUP by idcase) e on e.idcase = p.idcase and p.activity = 'End trip' left join event_log x on x.idcase=e.idcase and x.activity = 'Declaration rejected by employee'  left join event_log y on y.idcase=e.idcase and y.activity = 'Payment handled' inner join (select MAX(timestamp) as end_time, activity, idcase FROM event_log WHERE activity='End trip' or activity= 'Declaration rejected by employee' or activity='Payment handled' GROUP by idcase) f on f.idcase=e.idcase ",%s,string,False
55_4,55,"select p.idcase, strftime('%s', p.timestamp) - strftime('%s', e.start_time) as 'End trip', strftime('%s', x.timestamp) - strftime('%s', e.start_time) as 'Declaration rejected by employee', strftime('%s', y.timestamp) - strftime('%s', e.start_time) as 'Payment handled', f.activity from event_log p inner join (select MIN(timestamp) as start_time, idcase FROM event_log GROUP by idcase) e on e.idcase = p.idcase and p.activity = 'End trip' left join event_log x on x.idcase=e.idcase and x.activity = 'Declaration rejected by employee'  left join event_log y on y.idcase=e.idcase and y.activity = 'Payment handled' inner join (select MAX(timestamp) as end_time, activity, idcase FROM event_log WHERE activity='End trip' or activity= 'Declaration rejected by employee' or activity='Payment handled' GROUP by idcase) f on f.idcase=e.idcase ",End trip,string,False
55_4,55,"select p.idcase, strftime('%s', p.timestamp) - strftime('%s', e.start_time) as 'End trip', strftime('%s', x.timestamp) - strftime('%s', e.start_time) as 'Declaration rejected by employee', strftime('%s', y.timestamp) - strftime('%s', e.start_time) as 'Payment handled', f.activity from event_log p inner join (select MIN(timestamp) as start_time, idcase FROM event_log GROUP by idcase) e on e.idcase = p.idcase and p.activity = 'End trip' left join event_log x on x.idcase=e.idcase and x.activity = 'Declaration rejected by employee'  left join event_log y on y.idcase=e.idcase and y.activity = 'Payment handled' inner join (select MAX(timestamp) as end_time, activity, idcase FROM event_log WHERE activity='End trip' or activity= 'Declaration rejected by employee' or activity='Payment handled' GROUP by idcase) f on f.idcase=e.idcase ",%s,string,False
55_4,55,"select p.idcase, strftime('%s', p.timestamp) - strftime('%s', e.start_time) as 'End trip', strftime('%s', x.timestamp) - strftime('%s', e.start_time) as 'Declaration rejected by employee', strftime('%s', y.timestamp) - strftime('%s', e.start_time) as 'Payment handled', f.activity from event_log p inner join (select MIN(timestamp) as start_time, idcase FROM event_log GROUP by idcase) e on e.idcase = p.idcase and p.activity = 'End trip' left join event_log x on x.idcase=e.idcase and x.activity = 'Declaration rejected by employee'  left join event_log y on y.idcase=e.idcase and y.activity = 'Payment handled' inner join (select MAX(timestamp) as end_time, activity, idcase FROM event_log WHERE activity='End trip' or activity= 'Declaration rejected by employee' or activity='Payment handled' GROUP by idcase) f on f.idcase=e.idcase ",%s,string,False
55_4,55,"select p.idcase, strftime('%s', p.timestamp) - strftime('%s', e.start_time) as 'End trip', strftime('%s', x.timestamp) - strftime('%s', e.start_time) as 'Declaration rejected by employee', strftime('%s', y.timestamp) - strftime('%s', e.start_time) as 'Payment handled', f.activity from event_log p inner join (select MIN(timestamp) as start_time, idcase FROM event_log GROUP by idcase) e on e.idcase = p.idcase and p.activity = 'End trip' left join event_log x on x.idcase=e.idcase and x.activity = 'Declaration rejected by employee'  left join event_log y on y.idcase=e.idcase and y.activity = 'Payment handled' inner join (select MAX(timestamp) as end_time, activity, idcase FROM event_log WHERE activity='End trip' or activity= 'Declaration rejected by employee' or activity='Payment handled' GROUP by idcase) f on f.idcase=e.idcase ",Declaration rejected by employee,string,False
55_4,55,"select p.idcase, strftime('%s', p.timestamp) - strftime('%s', e.start_time) as 'End trip', strftime('%s', x.timestamp) - strftime('%s', e.start_time) as 'Declaration rejected by employee', strftime('%s', y.timestamp) - strftime('%s', e.start_time) as 'Payment handled', f.activity from event_log p inner join (select MIN(timestamp) as start_time, idcase FROM event_log GROUP by idcase) e on e.idcase = p.idcase and p.activity = 'End trip' left join event_log x on x.idcase=e.idcase and x.activity = 'Declaration rejected by employee'  left join event_log y on y.idcase=e.idcase and y.activity = 'Payment handled' inner join (select MAX(timestamp) as end_time, activity, idcase FROM event_log WHERE activity='End trip' or activity= 'Declaration rejected by employee' or activity='Payment handled' GROUP by idcase) f on f.idcase=e.idcase ",%s,string,False
55_4,55,"select p.idcase, strftime('%s', p.timestamp) - strftime('%s', e.start_time) as 'End trip', strftime('%s', x.timestamp) - strftime('%s', e.start_time) as 'Declaration rejected by employee', strftime('%s', y.timestamp) - strftime('%s', e.start_time) as 'Payment handled', f.activity from event_log p inner join (select MIN(timestamp) as start_time, idcase FROM event_log GROUP by idcase) e on e.idcase = p.idcase and p.activity = 'End trip' left join event_log x on x.idcase=e.idcase and x.activity = 'Declaration rejected by employee'  left join event_log y on y.idcase=e.idcase and y.activity = 'Payment handled' inner join (select MAX(timestamp) as end_time, activity, idcase FROM event_log WHERE activity='End trip' or activity= 'Declaration rejected by employee' or activity='Payment handled' GROUP by idcase) f on f.idcase=e.idcase ",%s,string,False
55_4,55,"select p.idcase, strftime('%s', p.timestamp) - strftime('%s', e.start_time) as 'End trip', strftime('%s', x.timestamp) - strftime('%s', e.start_time) as 'Declaration rejected by employee', strftime('%s', y.timestamp) - strftime('%s', e.start_time) as 'Payment handled', f.activity from event_log p inner join (select MIN(timestamp) as start_time, idcase FROM event_log GROUP by idcase) e on e.idcase = p.idcase and p.activity = 'End trip' left join event_log x on x.idcase=e.idcase and x.activity = 'Declaration rejected by employee'  left join event_log y on y.idcase=e.idcase and y.activity = 'Payment handled' inner join (select MAX(timestamp) as end_time, activity, idcase FROM event_log WHERE activity='End trip' or activity= 'Declaration rejected by employee' or activity='Payment handled' GROUP by idcase) f on f.idcase=e.idcase ",Payment handled,string,False
55_4,55,"select p.idcase, strftime('%s', p.timestamp) - strftime('%s', e.start_time) as 'End trip', strftime('%s', x.timestamp) - strftime('%s', e.start_time) as 'Declaration rejected by employee', strftime('%s', y.timestamp) - strftime('%s', e.start_time) as 'Payment handled', f.activity from event_log p inner join (select MIN(timestamp) as start_time, idcase FROM event_log GROUP by idcase) e on e.idcase = p.idcase and p.activity = 'End trip' left join event_log x on x.idcase=e.idcase and x.activity = 'Declaration rejected by employee'  left join event_log y on y.idcase=e.idcase and y.activity = 'Payment handled' inner join (select MAX(timestamp) as end_time, activity, idcase FROM event_log WHERE activity='End trip' or activity= 'Declaration rejected by employee' or activity='Payment handled' GROUP by idcase) f on f.idcase=e.idcase ",End trip,string,False
55_4,55,"select p.idcase, strftime('%s', p.timestamp) - strftime('%s', e.start_time) as 'End trip', strftime('%s', x.timestamp) - strftime('%s', e.start_time) as 'Declaration rejected by employee', strftime('%s', y.timestamp) - strftime('%s', e.start_time) as 'Payment handled', f.activity from event_log p inner join (select MIN(timestamp) as start_time, idcase FROM event_log GROUP by idcase) e on e.idcase = p.idcase and p.activity = 'End trip' left join event_log x on x.idcase=e.idcase and x.activity = 'Declaration rejected by employee'  left join event_log y on y.idcase=e.idcase and y.activity = 'Payment handled' inner join (select MAX(timestamp) as end_time, activity, idcase FROM event_log WHERE activity='End trip' or activity= 'Declaration rejected by employee' or activity='Payment handled' GROUP by idcase) f on f.idcase=e.idcase ",Declaration rejected by employee,string,False
55_4,55,"select p.idcase, strftime('%s', p.timestamp) - strftime('%s', e.start_time) as 'End trip', strftime('%s', x.timestamp) - strftime('%s', e.start_time) as 'Declaration rejected by employee', strftime('%s', y.timestamp) - strftime('%s', e.start_time) as 'Payment handled', f.activity from event_log p inner join (select MIN(timestamp) as start_time, idcase FROM event_log GROUP by idcase) e on e.idcase = p.idcase and p.activity = 'End trip' left join event_log x on x.idcase=e.idcase and x.activity = 'Declaration rejected by employee'  left join event_log y on y.idcase=e.idcase and y.activity = 'Payment handled' inner join (select MAX(timestamp) as end_time, activity, idcase FROM event_log WHERE activity='End trip' or activity= 'Declaration rejected by employee' or activity='Payment handled' GROUP by idcase) f on f.idcase=e.idcase ",Payment handled,string,False
55_4,55,"select p.idcase, strftime('%s', p.timestamp) - strftime('%s', e.start_time) as 'End trip', strftime('%s', x.timestamp) - strftime('%s', e.start_time) as 'Declaration rejected by employee', strftime('%s', y.timestamp) - strftime('%s', e.start_time) as 'Payment handled', f.activity from event_log p inner join (select MIN(timestamp) as start_time, idcase FROM event_log GROUP by idcase) e on e.idcase = p.idcase and p.activity = 'End trip' left join event_log x on x.idcase=e.idcase and x.activity = 'Declaration rejected by employee'  left join event_log y on y.idcase=e.idcase and y.activity = 'Payment handled' inner join (select MAX(timestamp) as end_time, activity, idcase FROM event_log WHERE activity='End trip' or activity= 'Declaration rejected by employee' or activity='Payment handled' GROUP by idcase) f on f.idcase=e.idcase ",End trip,string,False
55_4,55,"select p.idcase, strftime('%s', p.timestamp) - strftime('%s', e.start_time) as 'End trip', strftime('%s', x.timestamp) - strftime('%s', e.start_time) as 'Declaration rejected by employee', strftime('%s', y.timestamp) - strftime('%s', e.start_time) as 'Payment handled', f.activity from event_log p inner join (select MIN(timestamp) as start_time, idcase FROM event_log GROUP by idcase) e on e.idcase = p.idcase and p.activity = 'End trip' left join event_log x on x.idcase=e.idcase and x.activity = 'Declaration rejected by employee'  left join event_log y on y.idcase=e.idcase and y.activity = 'Payment handled' inner join (select MAX(timestamp) as end_time, activity, idcase FROM event_log WHERE activity='End trip' or activity= 'Declaration rejected by employee' or activity='Payment handled' GROUP by idcase) f on f.idcase=e.idcase ",Declaration rejected by employee,string,False
55_4,55,"select p.idcase, strftime('%s', p.timestamp) - strftime('%s', e.start_time) as 'End trip', strftime('%s', x.timestamp) - strftime('%s', e.start_time) as 'Declaration rejected by employee', strftime('%s', y.timestamp) - strftime('%s', e.start_time) as 'Payment handled', f.activity from event_log p inner join (select MIN(timestamp) as start_time, idcase FROM event_log GROUP by idcase) e on e.idcase = p.idcase and p.activity = 'End trip' left join event_log x on x.idcase=e.idcase and x.activity = 'Declaration rejected by employee'  left join event_log y on y.idcase=e.idcase and y.activity = 'Payment handled' inner join (select MAX(timestamp) as end_time, activity, idcase FROM event_log WHERE activity='End trip' or activity= 'Declaration rejected by employee' or activity='Payment handled' GROUP by idcase) f on f.idcase=e.idcase ",Payment handled,string,False
56_0,56,SELECT * FROM event_log WHERE activity = 'Request payment',Request payment,string,True
56_1,56,SELECT * FROM event_log WHERE activity = 'Request payment',Request payment,string,True
56_2,56,SELECT * FROM event_log WHERE activity = 'Request payment',Request payment,string,False
56_3,56,SELECT * FROM event_log WHERE activity = 'Request payment',Request payment,string,True
57_0,57,"WITH RankedEvents AS (SELECT id, activity, timestamp, LEAD(timestamp) OVER (PARTITION BY idcase ORDER BY timestamp) AS next_timestamp, idcase FROM event_log), DurationEvents AS (SELECT activity, (strftime('%s', next_timestamp) - strftime('%s', timestamp)) as duration FROM RankedEvents WHERE next_timestamp IS NOT NULL) SELECT activity, AVG(duration) AS average_duration FROM DurationEvents GROUP BY activity",%s,string,False
57_0,57,"WITH RankedEvents AS (SELECT id, activity, timestamp, LEAD(timestamp) OVER (PARTITION BY idcase ORDER BY timestamp) AS next_timestamp, idcase FROM event_log), DurationEvents AS (SELECT activity, (strftime('%s', next_timestamp) - strftime('%s', timestamp)) as duration FROM RankedEvents WHERE next_timestamp IS NOT NULL) SELECT activity, AVG(duration) AS average_duration FROM DurationEvents GROUP BY activity",%s,string,False
57_1,57,"WITH RankedEvents AS (SELECT id, activity, timestamp, LEAD(timestamp) OVER (PARTITION BY idcase ORDER BY timestamp) AS next_timestamp, idcase FROM event_log), DurationEvents AS (SELECT activity, (strftime('%s', next_timestamp) - strftime('%s', timestamp)) as duration FROM RankedEvents WHERE next_timestamp IS NOT NULL) SELECT activity, AVG(duration) AS average_duration FROM DurationEvents GROUP BY activity",%s,string,False
57_1,57,"WITH RankedEvents AS (SELECT id, activity, timestamp, LEAD(timestamp) OVER (PARTITION BY idcase ORDER BY timestamp) AS next_timestamp, idcase FROM event_log), DurationEvents AS (SELECT activity, (strftime('%s', next_timestamp) - strftime('%s', timestamp)) as duration FROM RankedEvents WHERE next_timestamp IS NOT NULL) SELECT activity, AVG(duration) AS average_duration FROM DurationEvents GROUP BY activity",%s,string,False
57_2,57,"WITH RankedEvents AS (SELECT id, activity, timestamp, LEAD(timestamp) OVER (PARTITION BY idcase ORDER BY timestamp) AS next_timestamp, idcase FROM event_log), DurationEvents AS (SELECT activity, (strftime('%s', next_timestamp) - strftime('%s', timestamp)) as duration FROM RankedEvents WHERE next_timestamp IS NOT NULL) SELECT activity, AVG(duration) AS average_duration FROM DurationEvents GROUP BY activity",%s,string,False
57_2,57,"WITH RankedEvents AS (SELECT id, activity, timestamp, LEAD(timestamp) OVER (PARTITION BY idcase ORDER BY timestamp) AS next_timestamp, idcase FROM event_log), DurationEvents AS (SELECT activity, (strftime('%s', next_timestamp) - strftime('%s', timestamp)) as duration FROM RankedEvents WHERE next_timestamp IS NOT NULL) SELECT activity, AVG(duration) AS average_duration FROM DurationEvents GROUP BY activity",%s,string,False
57_3,57,"WITH RankedEvents AS (SELECT id, activity, timestamp, LEAD(timestamp) OVER (PARTITION BY idcase ORDER BY timestamp) AS next_timestamp, idcase FROM event_log), DurationEvents AS (SELECT activity, (strftime('%s', next_timestamp) - strftime('%s', timestamp)) as duration FROM RankedEvents WHERE next_timestamp IS NOT NULL) SELECT activity, AVG(duration) AS average_duration FROM DurationEvents GROUP BY activity",%s,string,False
57_3,57,"WITH RankedEvents AS (SELECT id, activity, timestamp, LEAD(timestamp) OVER (PARTITION BY idcase ORDER BY timestamp) AS next_timestamp, idcase FROM event_log), DurationEvents AS (SELECT activity, (strftime('%s', next_timestamp) - strftime('%s', timestamp)) as duration FROM RankedEvents WHERE next_timestamp IS NOT NULL) SELECT activity, AVG(duration) AS average_duration FROM DurationEvents GROUP BY activity",%s,string,False
57_4,57,"WITH RankedEvents AS (SELECT id, activity, timestamp, LEAD(timestamp) OVER (PARTITION BY idcase ORDER BY timestamp) AS next_timestamp, idcase FROM event_log), DurationEvents AS (SELECT activity, (strftime('%s', next_timestamp) - strftime('%s', timestamp)) as duration FROM RankedEvents WHERE next_timestamp IS NOT NULL) SELECT activity, AVG(duration) AS average_duration FROM DurationEvents GROUP BY activity",%s,string,False
57_4,57,"WITH RankedEvents AS (SELECT id, activity, timestamp, LEAD(timestamp) OVER (PARTITION BY idcase ORDER BY timestamp) AS next_timestamp, idcase FROM event_log), DurationEvents AS (SELECT activity, (strftime('%s', next_timestamp) - strftime('%s', timestamp)) as duration FROM RankedEvents WHERE next_timestamp IS NOT NULL) SELECT activity, AVG(duration) AS average_duration FROM DurationEvents GROUP BY activity",%s,string,False
57_5,57,"WITH RankedEvents AS (SELECT id, activity, timestamp, LEAD(timestamp) OVER (PARTITION BY idcase ORDER BY timestamp) AS next_timestamp, idcase FROM event_log), DurationEvents AS (SELECT activity, (strftime('%s', next_timestamp) - strftime('%s', timestamp)) as duration FROM RankedEvents WHERE next_timestamp IS NOT NULL) SELECT activity, AVG(duration) AS average_duration FROM DurationEvents GROUP BY activity",%s,string,False
57_5,57,"WITH RankedEvents AS (SELECT id, activity, timestamp, LEAD(timestamp) OVER (PARTITION BY idcase ORDER BY timestamp) AS next_timestamp, idcase FROM event_log), DurationEvents AS (SELECT activity, (strftime('%s', next_timestamp) - strftime('%s', timestamp)) as duration FROM RankedEvents WHERE next_timestamp IS NOT NULL) SELECT activity, AVG(duration) AS average_duration FROM DurationEvents GROUP BY activity",%s,string,False
57_6,57,"WITH RankedEvents AS (SELECT id, activity, timestamp, LEAD(timestamp) OVER (PARTITION BY idcase ORDER BY timestamp) AS next_timestamp, idcase FROM event_log), DurationEvents AS (SELECT activity, (strftime('%s', next_timestamp) - strftime('%s', timestamp)) as duration FROM RankedEvents WHERE next_timestamp IS NOT NULL) SELECT activity, AVG(duration) AS average_duration FROM DurationEvents GROUP BY activity",%s,string,False
57_6,57,"WITH RankedEvents AS (SELECT id, activity, timestamp, LEAD(timestamp) OVER (PARTITION BY idcase ORDER BY timestamp) AS next_timestamp, idcase FROM event_log), DurationEvents AS (SELECT activity, (strftime('%s', next_timestamp) - strftime('%s', timestamp)) as duration FROM RankedEvents WHERE next_timestamp IS NOT NULL) SELECT activity, AVG(duration) AS average_duration FROM DurationEvents GROUP BY activity",%s,string,False
57_7,57,"WITH RankedEvents AS (SELECT id, activity, timestamp, LEAD(timestamp) OVER (PARTITION BY idcase ORDER BY timestamp) AS next_timestamp, idcase FROM event_log), DurationEvents AS (SELECT activity, (strftime('%s', next_timestamp) - strftime('%s', timestamp)) as duration FROM RankedEvents WHERE next_timestamp IS NOT NULL) SELECT activity, AVG(duration) AS average_duration FROM DurationEvents GROUP BY activity",%s,string,False
57_7,57,"WITH RankedEvents AS (SELECT id, activity, timestamp, LEAD(timestamp) OVER (PARTITION BY idcase ORDER BY timestamp) AS next_timestamp, idcase FROM event_log), DurationEvents AS (SELECT activity, (strftime('%s', next_timestamp) - strftime('%s', timestamp)) as duration FROM RankedEvents WHERE next_timestamp IS NOT NULL) SELECT activity, AVG(duration) AS average_duration FROM DurationEvents GROUP BY activity",%s,string,False
57_8,57,"WITH RankedEvents AS (SELECT id, activity, timestamp, LEAD(timestamp) OVER (PARTITION BY idcase ORDER BY timestamp) AS next_timestamp, idcase FROM event_log), DurationEvents AS (SELECT activity, (strftime('%s', next_timestamp) - strftime('%s', timestamp)) as duration FROM RankedEvents WHERE next_timestamp IS NOT NULL) SELECT activity, AVG(duration) AS average_duration FROM DurationEvents GROUP BY activity",%s,string,False
57_8,57,"WITH RankedEvents AS (SELECT id, activity, timestamp, LEAD(timestamp) OVER (PARTITION BY idcase ORDER BY timestamp) AS next_timestamp, idcase FROM event_log), DurationEvents AS (SELECT activity, (strftime('%s', next_timestamp) - strftime('%s', timestamp)) as duration FROM RankedEvents WHERE next_timestamp IS NOT NULL) SELECT activity, AVG(duration) AS average_duration FROM DurationEvents GROUP BY activity",%s,string,False
57_9,57,"WITH RankedEvents AS (SELECT id, activity, timestamp, LEAD(timestamp) OVER (PARTITION BY idcase ORDER BY timestamp) AS next_timestamp, idcase FROM event_log), DurationEvents AS (SELECT activity, (strftime('%s', next_timestamp) - strftime('%s', timestamp)) as duration FROM RankedEvents WHERE next_timestamp IS NOT NULL) SELECT activity, AVG(duration) AS average_duration FROM DurationEvents GROUP BY activity",%s,string,False
57_9,57,"WITH RankedEvents AS (SELECT id, activity, timestamp, LEAD(timestamp) OVER (PARTITION BY idcase ORDER BY timestamp) AS next_timestamp, idcase FROM event_log), DurationEvents AS (SELECT activity, (strftime('%s', next_timestamp) - strftime('%s', timestamp)) as duration FROM RankedEvents WHERE next_timestamp IS NOT NULL) SELECT activity, AVG(duration) AS average_duration FROM DurationEvents GROUP BY activity",%s,string,False
57_10,57,"WITH RankedEvents AS (SELECT id, activity, timestamp, LEAD(timestamp) OVER (PARTITION BY idcase ORDER BY timestamp) AS next_timestamp, idcase FROM event_log), DurationEvents AS (SELECT activity, (strftime('%s', next_timestamp) - strftime('%s', timestamp)) as duration FROM RankedEvents WHERE next_timestamp IS NOT NULL) SELECT activity, AVG(duration) AS average_duration FROM DurationEvents GROUP BY activity",%s,string,False
57_10,57,"WITH RankedEvents AS (SELECT id, activity, timestamp, LEAD(timestamp) OVER (PARTITION BY idcase ORDER BY timestamp) AS next_timestamp, idcase FROM event_log), DurationEvents AS (SELECT activity, (strftime('%s', next_timestamp) - strftime('%s', timestamp)) as duration FROM RankedEvents WHERE next_timestamp IS NOT NULL) SELECT activity, AVG(duration) AS average_duration FROM DurationEvents GROUP BY activity",%s,string,False
57_11,57,"WITH RankedEvents AS (SELECT id, activity, timestamp, LEAD(timestamp) OVER (PARTITION BY idcase ORDER BY timestamp) AS next_timestamp, idcase FROM event_log), DurationEvents AS (SELECT activity, (strftime('%s', next_timestamp) - strftime('%s', timestamp)) as duration FROM RankedEvents WHERE next_timestamp IS NOT NULL) SELECT activity, AVG(duration) AS average_duration FROM DurationEvents GROUP BY activity",%s,string,False
57_11,57,"WITH RankedEvents AS (SELECT id, activity, timestamp, LEAD(timestamp) OVER (PARTITION BY idcase ORDER BY timestamp) AS next_timestamp, idcase FROM event_log), DurationEvents AS (SELECT activity, (strftime('%s', next_timestamp) - strftime('%s', timestamp)) as duration FROM RankedEvents WHERE next_timestamp IS NOT NULL) SELECT activity, AVG(duration) AS average_duration FROM DurationEvents GROUP BY activity",%s,string,False
57_12,57,"WITH RankedEvents AS (SELECT id, activity, timestamp, LEAD(timestamp) OVER (PARTITION BY idcase ORDER BY timestamp) AS next_timestamp, idcase FROM event_log), DurationEvents AS (SELECT activity, (strftime('%s', next_timestamp) - strftime('%s', timestamp)) as duration FROM RankedEvents WHERE next_timestamp IS NOT NULL) SELECT activity, AVG(duration) AS average_duration FROM DurationEvents GROUP BY activity",%s,string,False
57_12,57,"WITH RankedEvents AS (SELECT id, activity, timestamp, LEAD(timestamp) OVER (PARTITION BY idcase ORDER BY timestamp) AS next_timestamp, idcase FROM event_log), DurationEvents AS (SELECT activity, (strftime('%s', next_timestamp) - strftime('%s', timestamp)) as duration FROM RankedEvents WHERE next_timestamp IS NOT NULL) SELECT activity, AVG(duration) AS average_duration FROM DurationEvents GROUP BY activity",%s,string,False
57_13,57,"WITH RankedEvents AS (SELECT id, activity, timestamp, LEAD(timestamp) OVER (PARTITION BY idcase ORDER BY timestamp) AS next_timestamp, idcase FROM event_log), DurationEvents AS (SELECT activity, (strftime('%s', next_timestamp) - strftime('%s', timestamp)) as duration FROM RankedEvents WHERE next_timestamp IS NOT NULL) SELECT activity, AVG(duration) AS average_duration FROM DurationEvents GROUP BY activity",%s,string,False
57_13,57,"WITH RankedEvents AS (SELECT id, activity, timestamp, LEAD(timestamp) OVER (PARTITION BY idcase ORDER BY timestamp) AS next_timestamp, idcase FROM event_log), DurationEvents AS (SELECT activity, (strftime('%s', next_timestamp) - strftime('%s', timestamp)) as duration FROM RankedEvents WHERE next_timestamp IS NOT NULL) SELECT activity, AVG(duration) AS average_duration FROM DurationEvents GROUP BY activity",%s,string,False
57_14,57,"WITH RankedEvents AS (SELECT id, activity, timestamp, LEAD(timestamp) OVER (PARTITION BY idcase ORDER BY timestamp) AS next_timestamp, idcase FROM event_log), DurationEvents AS (SELECT activity, (strftime('%s', next_timestamp) - strftime('%s', timestamp)) as duration FROM RankedEvents WHERE next_timestamp IS NOT NULL) SELECT activity, AVG(duration) AS average_duration FROM DurationEvents GROUP BY activity",%s,string,False
57_14,57,"WITH RankedEvents AS (SELECT id, activity, timestamp, LEAD(timestamp) OVER (PARTITION BY idcase ORDER BY timestamp) AS next_timestamp, idcase FROM event_log), DurationEvents AS (SELECT activity, (strftime('%s', next_timestamp) - strftime('%s', timestamp)) as duration FROM RankedEvents WHERE next_timestamp IS NOT NULL) SELECT activity, AVG(duration) AS average_duration FROM DurationEvents GROUP BY activity",%s,string,False
57_15,57,"WITH RankedEvents AS (SELECT id, activity, timestamp, LEAD(timestamp) OVER (PARTITION BY idcase ORDER BY timestamp) AS next_timestamp, idcase FROM event_log), DurationEvents AS (SELECT activity, (strftime('%s', next_timestamp) - strftime('%s', timestamp)) as duration FROM RankedEvents WHERE next_timestamp IS NOT NULL) SELECT activity, AVG(duration) AS average_duration FROM DurationEvents GROUP BY activity",%s,string,False
57_15,57,"WITH RankedEvents AS (SELECT id, activity, timestamp, LEAD(timestamp) OVER (PARTITION BY idcase ORDER BY timestamp) AS next_timestamp, idcase FROM event_log), DurationEvents AS (SELECT activity, (strftime('%s', next_timestamp) - strftime('%s', timestamp)) as duration FROM RankedEvents WHERE next_timestamp IS NOT NULL) SELECT activity, AVG(duration) AS average_duration FROM DurationEvents GROUP BY activity",%s,string,False
57_16,57,"WITH RankedEvents AS (SELECT id, activity, timestamp, LEAD(timestamp) OVER (PARTITION BY idcase ORDER BY timestamp) AS next_timestamp, idcase FROM event_log), DurationEvents AS (SELECT activity, (strftime('%s', next_timestamp) - strftime('%s', timestamp)) as duration FROM RankedEvents WHERE next_timestamp IS NOT NULL) SELECT activity, AVG(duration) AS average_duration FROM DurationEvents GROUP BY activity",%s,string,False
57_16,57,"WITH RankedEvents AS (SELECT id, activity, timestamp, LEAD(timestamp) OVER (PARTITION BY idcase ORDER BY timestamp) AS next_timestamp, idcase FROM event_log), DurationEvents AS (SELECT activity, (strftime('%s', next_timestamp) - strftime('%s', timestamp)) as duration FROM RankedEvents WHERE next_timestamp IS NOT NULL) SELECT activity, AVG(duration) AS average_duration FROM DurationEvents GROUP BY activity",%s,string,False
57_17,57,"WITH RankedEvents AS (SELECT id, activity, timestamp, LEAD(timestamp) OVER (PARTITION BY idcase ORDER BY timestamp) AS next_timestamp, idcase FROM event_log), DurationEvents AS (SELECT activity, (strftime('%s', next_timestamp) - strftime('%s', timestamp)) as duration FROM RankedEvents WHERE next_timestamp IS NOT NULL) SELECT activity, AVG(duration) AS average_duration FROM DurationEvents GROUP BY activity",%s,string,False
57_17,57,"WITH RankedEvents AS (SELECT id, activity, timestamp, LEAD(timestamp) OVER (PARTITION BY idcase ORDER BY timestamp) AS next_timestamp, idcase FROM event_log), DurationEvents AS (SELECT activity, (strftime('%s', next_timestamp) - strftime('%s', timestamp)) as duration FROM RankedEvents WHERE next_timestamp IS NOT NULL) SELECT activity, AVG(duration) AS average_duration FROM DurationEvents GROUP BY activity",%s,string,False
57_18,57,"WITH RankedEvents AS (SELECT id, activity, timestamp, LEAD(timestamp) OVER (PARTITION BY idcase ORDER BY timestamp) AS next_timestamp, idcase FROM event_log), DurationEvents AS (SELECT activity, (strftime('%s', next_timestamp) - strftime('%s', timestamp)) as duration FROM RankedEvents WHERE next_timestamp IS NOT NULL) SELECT activity, AVG(duration) AS average_duration FROM DurationEvents GROUP BY activity",%s,string,False
57_18,57,"WITH RankedEvents AS (SELECT id, activity, timestamp, LEAD(timestamp) OVER (PARTITION BY idcase ORDER BY timestamp) AS next_timestamp, idcase FROM event_log), DurationEvents AS (SELECT activity, (strftime('%s', next_timestamp) - strftime('%s', timestamp)) as duration FROM RankedEvents WHERE next_timestamp IS NOT NULL) SELECT activity, AVG(duration) AS average_duration FROM DurationEvents GROUP BY activity",%s,string,False
57_19,57,"WITH RankedEvents AS (SELECT id, activity, timestamp, LEAD(timestamp) OVER (PARTITION BY idcase ORDER BY timestamp) AS next_timestamp, idcase FROM event_log), DurationEvents AS (SELECT activity, (strftime('%s', next_timestamp) - strftime('%s', timestamp)) as duration FROM RankedEvents WHERE next_timestamp IS NOT NULL) SELECT activity, AVG(duration) AS average_duration FROM DurationEvents GROUP BY activity",%s,string,False
57_19,57,"WITH RankedEvents AS (SELECT id, activity, timestamp, LEAD(timestamp) OVER (PARTITION BY idcase ORDER BY timestamp) AS next_timestamp, idcase FROM event_log), DurationEvents AS (SELECT activity, (strftime('%s', next_timestamp) - strftime('%s', timestamp)) as duration FROM RankedEvents WHERE next_timestamp IS NOT NULL) SELECT activity, AVG(duration) AS average_duration FROM DurationEvents GROUP BY activity",%s,string,False
57_20,57,"WITH RankedEvents AS (SELECT id, activity, timestamp, LEAD(timestamp) OVER (PARTITION BY idcase ORDER BY timestamp) AS next_timestamp, idcase FROM event_log), DurationEvents AS (SELECT activity, (strftime('%s', next_timestamp) - strftime('%s', timestamp)) as duration FROM RankedEvents WHERE next_timestamp IS NOT NULL) SELECT activity, AVG(duration) AS average_duration FROM DurationEvents GROUP BY activity",%s,string,False
57_20,57,"WITH RankedEvents AS (SELECT id, activity, timestamp, LEAD(timestamp) OVER (PARTITION BY idcase ORDER BY timestamp) AS next_timestamp, idcase FROM event_log), DurationEvents AS (SELECT activity, (strftime('%s', next_timestamp) - strftime('%s', timestamp)) as duration FROM RankedEvents WHERE next_timestamp IS NOT NULL) SELECT activity, AVG(duration) AS average_duration FROM DurationEvents GROUP BY activity",%s,string,False
57_21,57,"WITH RankedEvents AS (SELECT id, activity, timestamp, LEAD(timestamp) OVER (PARTITION BY idcase ORDER BY timestamp) AS next_timestamp, idcase FROM event_log), DurationEvents AS (SELECT activity, (strftime('%s', next_timestamp) - strftime('%s', timestamp)) as duration FROM RankedEvents WHERE next_timestamp IS NOT NULL) SELECT activity, AVG(duration) AS average_duration FROM DurationEvents GROUP BY activity",%s,string,False
57_21,57,"WITH RankedEvents AS (SELECT id, activity, timestamp, LEAD(timestamp) OVER (PARTITION BY idcase ORDER BY timestamp) AS next_timestamp, idcase FROM event_log), DurationEvents AS (SELECT activity, (strftime('%s', next_timestamp) - strftime('%s', timestamp)) as duration FROM RankedEvents WHERE next_timestamp IS NOT NULL) SELECT activity, AVG(duration) AS average_duration FROM DurationEvents GROUP BY activity",%s,string,False
57_22,57,"WITH RankedEvents AS (SELECT id, activity, timestamp, LEAD(timestamp) OVER (PARTITION BY idcase ORDER BY timestamp) AS next_timestamp, idcase FROM event_log), DurationEvents AS (SELECT activity, (strftime('%s', next_timestamp) - strftime('%s', timestamp)) as duration FROM RankedEvents WHERE next_timestamp IS NOT NULL) SELECT activity, AVG(duration) AS average_duration FROM DurationEvents GROUP BY activity",%s,string,False
57_22,57,"WITH RankedEvents AS (SELECT id, activity, timestamp, LEAD(timestamp) OVER (PARTITION BY idcase ORDER BY timestamp) AS next_timestamp, idcase FROM event_log), DurationEvents AS (SELECT activity, (strftime('%s', next_timestamp) - strftime('%s', timestamp)) as duration FROM RankedEvents WHERE next_timestamp IS NOT NULL) SELECT activity, AVG(duration) AS average_duration FROM DurationEvents GROUP BY activity",%s,string,False
57_23,57,"WITH RankedEvents AS (SELECT id, activity, timestamp, LEAD(timestamp) OVER (PARTITION BY idcase ORDER BY timestamp) AS next_timestamp, idcase FROM event_log), DurationEvents AS (SELECT activity, (strftime('%s', next_timestamp) - strftime('%s', timestamp)) as duration FROM RankedEvents WHERE next_timestamp IS NOT NULL) SELECT activity, AVG(duration) AS average_duration FROM DurationEvents GROUP BY activity",%s,string,False
57_23,57,"WITH RankedEvents AS (SELECT id, activity, timestamp, LEAD(timestamp) OVER (PARTITION BY idcase ORDER BY timestamp) AS next_timestamp, idcase FROM event_log), DurationEvents AS (SELECT activity, (strftime('%s', next_timestamp) - strftime('%s', timestamp)) as duration FROM RankedEvents WHERE next_timestamp IS NOT NULL) SELECT activity, AVG(duration) AS average_duration FROM DurationEvents GROUP BY activity",%s,string,False
57_24,57,"WITH RankedEvents AS (SELECT id, activity, timestamp, LEAD(timestamp) OVER (PARTITION BY idcase ORDER BY timestamp) AS next_timestamp, idcase FROM event_log), DurationEvents AS (SELECT activity, (strftime('%s', next_timestamp) - strftime('%s', timestamp)) as duration FROM RankedEvents WHERE next_timestamp IS NOT NULL) SELECT activity, AVG(duration) AS average_duration FROM DurationEvents GROUP BY activity",%s,string,False
57_24,57,"WITH RankedEvents AS (SELECT id, activity, timestamp, LEAD(timestamp) OVER (PARTITION BY idcase ORDER BY timestamp) AS next_timestamp, idcase FROM event_log), DurationEvents AS (SELECT activity, (strftime('%s', next_timestamp) - strftime('%s', timestamp)) as duration FROM RankedEvents WHERE next_timestamp IS NOT NULL) SELECT activity, AVG(duration) AS average_duration FROM DurationEvents GROUP BY activity",%s,string,False
57_25,57,"WITH RankedEvents AS (SELECT id, activity, timestamp, LEAD(timestamp) OVER (PARTITION BY idcase ORDER BY timestamp) AS next_timestamp, idcase FROM event_log), DurationEvents AS (SELECT activity, (strftime('%s', next_timestamp) - strftime('%s', timestamp)) as duration FROM RankedEvents WHERE next_timestamp IS NOT NULL) SELECT activity, AVG(duration) AS average_duration FROM DurationEvents GROUP BY activity",%s,string,False
57_25,57,"WITH RankedEvents AS (SELECT id, activity, timestamp, LEAD(timestamp) OVER (PARTITION BY idcase ORDER BY timestamp) AS next_timestamp, idcase FROM event_log), DurationEvents AS (SELECT activity, (strftime('%s', next_timestamp) - strftime('%s', timestamp)) as duration FROM RankedEvents WHERE next_timestamp IS NOT NULL) SELECT activity, AVG(duration) AS average_duration FROM DurationEvents GROUP BY activity",%s,string,False
60_0,60,select * from event_log where activity = 'Start trip',Start trip,string,True
60_1,60,select * from event_log where activity = 'Start trip',Start trip,string,True
60_2,60,select * from event_log where activity = 'Start trip',Start trip,string,True
60_3,60,select * from event_log where activity = 'Start trip',Start trip,string,True
60_4,60,select * from event_log where activity = 'Start trip',Start trip,string,True
60_5,60,select * from event_log where activity = 'Start trip',Start trip,string,True
60_6,60,select * from event_log where activity = 'Start trip',Start trip,string,True
60_7,60,select * from event_log where activity = 'Start trip',Start trip,string,True
60_8,60,select * from event_log where activity = 'Start trip',Start trip,string,True
60_9,60,select * from event_log where activity = 'Start trip',Start trip,string,True
60_10,60,select * from event_log where activity = 'Start trip',Start trip,string,True
60_11,60,select * from event_log where activity = 'Start trip',Start trip,string,True
60_12,60,select * from event_log where activity = 'Start trip',Start trip,string,True
60_13,60,select * from event_log where activity = 'Start trip',Start trip,string,True
60_14,60,select * from event_log where activity = 'Start trip',Start trip,string,True
60_15,60,select * from event_log where activity = 'Start trip',Start trip,string,True
60_16,60,select * from event_log where activity = 'Start trip',Start trip,string,False
60_17,60,select * from event_log where activity = 'Start trip',Start trip,string,False
63_0,63,SELECT * FROM event_log WHERE activity LIKE '%Permit%',%Permit%,string,False
63_1,63,SELECT * FROM event_log WHERE activity LIKE '%Permit%',%Permit%,string,False
63_2,63,SELECT * FROM event_log WHERE activity LIKE '%Permit%',%Permit%,string,False
63_3,63,SELECT * FROM event_log WHERE activity LIKE '%Permit%',%Permit%,string,False
63_4,63,SELECT * FROM event_log WHERE activity LIKE '%Permit%',%Permit%,string,False
63_5,63,SELECT * FROM event_log WHERE activity LIKE '%Permit%',%Permit%,string,False
63_6,63,SELECT * FROM event_log WHERE activity LIKE '%Permit%',%Permit%,string,False
63_7,63,SELECT * FROM event_log WHERE activity LIKE '%Permit%',%Permit%,string,False
63_8,63,SELECT * FROM event_log WHERE activity LIKE '%Permit%',%Permit%,string,False
63_9,63,SELECT * FROM event_log WHERE activity LIKE '%Permit%',%Permit%,string,False
63_10,63,SELECT * FROM event_log WHERE activity LIKE '%Permit%',%Permit%,string,False
63_11,63,SELECT * FROM event_log WHERE activity LIKE '%Permit%',%Permit%,string,False
65_0,65,SELECT idcase FROM event_log WHERE resource = 'Sara' INTERSECT SELECT idcase FROM event_log WHERE resource = 'Thomas',Sara,string,True
65_0,65,SELECT idcase FROM event_log WHERE resource = 'Sara' INTERSECT SELECT idcase FROM event_log WHERE resource = 'Thomas',Thomas,string,True
65_1,65,SELECT idcase FROM event_log WHERE resource = 'Sara' INTERSECT SELECT idcase FROM event_log WHERE resource = 'Thomas',Sara,string,True
65_1,65,SELECT idcase FROM event_log WHERE resource = 'Sara' INTERSECT SELECT idcase FROM event_log WHERE resource = 'Thomas',Thomas,string,True
65_2,65,SELECT idcase FROM event_log WHERE resource = 'Sara' INTERSECT SELECT idcase FROM event_log WHERE resource = 'Thomas',Sara,string,True
65_2,65,SELECT idcase FROM event_log WHERE resource = 'Sara' INTERSECT SELECT idcase FROM event_log WHERE resource = 'Thomas',Thomas,string,True
65_3,65,SELECT idcase FROM event_log WHERE resource = 'Sara' INTERSECT SELECT idcase FROM event_log WHERE resource = 'Thomas',Sara,string,True
65_3,65,SELECT idcase FROM event_log WHERE resource = 'Sara' INTERSECT SELECT idcase FROM event_log WHERE resource = 'Thomas',Thomas,string,True
65_4,65,SELECT idcase FROM event_log WHERE resource = 'Sara' INTERSECT SELECT idcase FROM event_log WHERE resource = 'Thomas',Sara,string,True
65_4,65,SELECT idcase FROM event_log WHERE resource = 'Sara' INTERSECT SELECT idcase FROM event_log WHERE resource = 'Thomas',Thomas,string,True
65_5,65,SELECT idcase FROM event_log WHERE resource = 'Sara' INTERSECT SELECT idcase FROM event_log WHERE resource = 'Thomas',Sara,string,True
65_5,65,SELECT idcase FROM event_log WHERE resource = 'Sara' INTERSECT SELECT idcase FROM event_log WHERE resource = 'Thomas',Thomas,string,True
66_0,66,"SELECT COUNT(*), resource FROM event_log WHERE activity = 'Declaration rejected by administration' GROUP BY resource",Declaration rejected by administration,string,True
66_1,66,"SELECT COUNT(*), resource FROM event_log WHERE activity = 'Declaration rejected by administration' GROUP BY resource",Declaration rejected by administration,string,True
66_2,66,"SELECT COUNT(*), resource FROM event_log WHERE activity = 'Declaration rejected by administration' GROUP BY resource",Declaration rejected by administration,string,True
66_3,66,"SELECT COUNT(*), resource FROM event_log WHERE activity = 'Declaration rejected by administration' GROUP BY resource",Declaration rejected by administration,string,True
66_4,66,"SELECT COUNT(*), resource FROM event_log WHERE activity = 'Declaration rejected by administration' GROUP BY resource",Declaration rejected by administration,string,True
66_5,66,"SELECT COUNT(*), resource FROM event_log WHERE activity = 'Declaration rejected by administration' GROUP BY resource",Declaration rejected by administration,string,True
66_6,66,"SELECT COUNT(*), resource FROM event_log WHERE activity = 'Declaration rejected by administration' GROUP BY resource",Declaration rejected by administration,string,True
66_7,66,"SELECT COUNT(*), resource FROM event_log WHERE activity = 'Declaration rejected by administration' GROUP BY resource",Declaration rejected by administration,string,True
66_8,66,"SELECT COUNT(*), resource FROM event_log WHERE activity = 'Declaration rejected by administration' GROUP BY resource",Declaration rejected by administration,string,True
66_9,66,"SELECT COUNT(*), resource FROM event_log WHERE activity = 'Declaration rejected by administration' GROUP BY resource",Declaration rejected by administration,string,True
66_10,66,"SELECT COUNT(*), resource FROM event_log WHERE activity = 'Declaration rejected by administration' GROUP BY resource",Declaration rejected by administration,string,False
67_0,67,"SELECT COUNT(*), resource, idcase FROM event_log WHERE activity = 'Declaration rejected by administration'  GROUP BY idcase, resource",Declaration rejected by administration,string,True
67_1,67,"SELECT COUNT(*), resource, idcase FROM event_log WHERE activity = 'Declaration rejected by administration'  GROUP BY idcase, resource",Declaration rejected by administration,string,True
67_2,67,"SELECT COUNT(*), resource, idcase FROM event_log WHERE activity = 'Declaration rejected by administration'  GROUP BY idcase, resource",Declaration rejected by administration,string,True
67_3,67,"SELECT COUNT(*), resource, idcase FROM event_log WHERE activity = 'Declaration rejected by administration'  GROUP BY idcase, resource",Declaration rejected by administration,string,True
67_4,67,"SELECT COUNT(*), resource, idcase FROM event_log WHERE activity = 'Declaration rejected by administration'  GROUP BY idcase, resource",Declaration rejected by administration,string,True
67_5,67,"SELECT COUNT(*), resource, idcase FROM event_log WHERE activity = 'Declaration rejected by administration'  GROUP BY idcase, resource",Declaration rejected by administration,string,True
67_6,67,"SELECT COUNT(*), resource, idcase FROM event_log WHERE activity = 'Declaration rejected by administration'  GROUP BY idcase, resource",Declaration rejected by administration,string,True
67_7,67,"SELECT COUNT(*), resource, idcase FROM event_log WHERE activity = 'Declaration rejected by administration'  GROUP BY idcase, resource",Declaration rejected by administration,string,True
67_8,67,"SELECT COUNT(*), resource, idcase FROM event_log WHERE activity = 'Declaration rejected by administration'  GROUP BY idcase, resource",Declaration rejected by administration,string,True
67_9,67,"SELECT COUNT(*), resource, idcase FROM event_log WHERE activity = 'Declaration rejected by administration'  GROUP BY idcase, resource",Declaration rejected by administration,string,False
68_0,68,SELECT AVG(cost) FROM event_log WHERE activity != 'Start trip' AND activity != 'End trip',Start trip,string,True
68_0,68,SELECT AVG(cost) FROM event_log WHERE activity != 'Start trip' AND activity != 'End trip',End trip,string,True
68_1,68,SELECT AVG(cost) FROM event_log WHERE activity != 'Start trip' AND activity != 'End trip',Start trip,string,True
68_1,68,SELECT AVG(cost) FROM event_log WHERE activity != 'Start trip' AND activity != 'End trip',End trip,string,True
68_2,68,SELECT AVG(cost) FROM event_log WHERE activity != 'Start trip' AND activity != 'End trip',Start trip,string,True
68_2,68,SELECT AVG(cost) FROM event_log WHERE activity != 'Start trip' AND activity != 'End trip',End trip,string,True
68_3,68,SELECT AVG(cost) FROM event_log WHERE activity != 'Start trip' AND activity != 'End trip',Start trip,string,True
68_3,68,SELECT AVG(cost) FROM event_log WHERE activity != 'Start trip' AND activity != 'End trip',End trip,string,True
68_4,68,SELECT AVG(cost) FROM event_log WHERE activity != 'Start trip' AND activity != 'End trip',Start trip,string,True
68_4,68,SELECT AVG(cost) FROM event_log WHERE activity != 'Start trip' AND activity != 'End trip',End trip,string,True
68_5,68,SELECT AVG(cost) FROM event_log WHERE activity != 'Start trip' AND activity != 'End trip',Start trip,string,True
68_5,68,SELECT AVG(cost) FROM event_log WHERE activity != 'Start trip' AND activity != 'End trip',End trip,string,True
68_6,68,SELECT AVG(cost) FROM event_log WHERE activity != 'Start trip' AND activity != 'End trip',Start trip,string,True
68_6,68,SELECT AVG(cost) FROM event_log WHERE activity != 'Start trip' AND activity != 'End trip',End trip,string,True
68_7,68,SELECT AVG(cost) FROM event_log WHERE activity != 'Start trip' AND activity != 'End trip',Start trip,string,True
68_7,68,SELECT AVG(cost) FROM event_log WHERE activity != 'Start trip' AND activity != 'End trip',End trip,string,True
68_8,68,SELECT AVG(cost) FROM event_log WHERE activity != 'Start trip' AND activity != 'End trip',Start trip,string,True
68_8,68,SELECT AVG(cost) FROM event_log WHERE activity != 'Start trip' AND activity != 'End trip',End trip,string,True
68_9,68,SELECT AVG(cost) FROM event_log WHERE activity != 'Start trip' AND activity != 'End trip',Start trip,string,False
68_9,68,SELECT AVG(cost) FROM event_log WHERE activity != 'Start trip' AND activity != 'End trip',End trip,string,False
69_0,69,SELECT * FROM event_log WHERE cost IN (SELECT DISTINCT cost FROM event_log ORDER BY cost DESC LIMIT 5),5,numeric,False
69_1,69,SELECT * FROM event_log WHERE cost IN (SELECT DISTINCT cost FROM event_log ORDER BY cost DESC LIMIT 5),5,numeric,False
69_2,69,SELECT * FROM event_log WHERE cost IN (SELECT DISTINCT cost FROM event_log ORDER BY cost DESC LIMIT 5),5,numeric,True
69_3,69,SELECT * FROM event_log WHERE cost IN (SELECT DISTINCT cost FROM event_log ORDER BY cost DESC LIMIT 5),5,numeric,False
69_4,69,SELECT * FROM event_log WHERE cost IN (SELECT DISTINCT cost FROM event_log ORDER BY cost DESC LIMIT 5),5,numeric,False
69_5,69,SELECT * FROM event_log WHERE cost IN (SELECT DISTINCT cost FROM event_log ORDER BY cost DESC LIMIT 5),5,numeric,False
69_6,69,SELECT * FROM event_log WHERE cost IN (SELECT DISTINCT cost FROM event_log ORDER BY cost DESC LIMIT 5),5,numeric,False
69_7,69,SELECT * FROM event_log WHERE cost IN (SELECT DISTINCT cost FROM event_log ORDER BY cost DESC LIMIT 5),5,numeric,False
69_8,69,SELECT * FROM event_log WHERE cost IN (SELECT DISTINCT cost FROM event_log ORDER BY cost DESC LIMIT 5),5,numeric,False
69_9,69,SELECT * FROM event_log WHERE cost IN (SELECT DISTINCT cost FROM event_log ORDER BY cost DESC LIMIT 5),5,numeric,True
69_10,69,SELECT * FROM event_log WHERE cost IN (SELECT DISTINCT cost FROM event_log ORDER BY cost DESC LIMIT 5),5,numeric,False
69_11,69,SELECT * FROM event_log WHERE cost IN (SELECT DISTINCT cost FROM event_log ORDER BY cost DESC LIMIT 5),5,numeric,False
69_12,69,SELECT * FROM event_log WHERE cost IN (SELECT DISTINCT cost FROM event_log ORDER BY cost DESC LIMIT 5),5,numeric,False
69_13,69,SELECT * FROM event_log WHERE cost IN (SELECT DISTINCT cost FROM event_log ORDER BY cost DESC LIMIT 5),5,numeric,False
69_14,69,SELECT * FROM event_log WHERE cost IN (SELECT DISTINCT cost FROM event_log ORDER BY cost DESC LIMIT 5),5,numeric,False
69_15,69,SELECT * FROM event_log WHERE cost IN (SELECT DISTINCT cost FROM event_log ORDER BY cost DESC LIMIT 5),5,numeric,False
73_0,73,SELECT * FROM event_log WHERE timestamp BETWEEN '2018-10-01' AND '2018-10-03',2018-10-01,date_string,True
73_0,73,SELECT * FROM event_log WHERE timestamp BETWEEN '2018-10-01' AND '2018-10-03',2018-10-03,date_string,True
73_1,73,SELECT * FROM event_log WHERE timestamp BETWEEN '2018-10-01' AND '2018-10-03',2018-10-01,date_string,True
73_1,73,SELECT * FROM event_log WHERE timestamp BETWEEN '2018-10-01' AND '2018-10-03',2018-10-03,date_string,True
73_2,73,SELECT * FROM event_log WHERE timestamp BETWEEN '2018-10-01' AND '2018-10-03',2018-10-01,date_string,True
73_2,73,SELECT * FROM event_log WHERE timestamp BETWEEN '2018-10-01' AND '2018-10-03',2018-10-03,date_string,True
73_3,73,SELECT * FROM event_log WHERE timestamp BETWEEN '2018-10-01' AND '2018-10-03',2018-10-01,date_string,True
73_3,73,SELECT * FROM event_log WHERE timestamp BETWEEN '2018-10-01' AND '2018-10-03',2018-10-03,date_string,True
73_4,73,SELECT * FROM event_log WHERE timestamp BETWEEN '2018-10-01' AND '2018-10-03',2018-10-01,date_string,True
73_4,73,SELECT * FROM event_log WHERE timestamp BETWEEN '2018-10-01' AND '2018-10-03',2018-10-03,date_string,True
73_5,73,SELECT * FROM event_log WHERE timestamp BETWEEN '2018-10-01' AND '2018-10-03',2018-10-01,date_string,True
73_5,73,SELECT * FROM event_log WHERE timestamp BETWEEN '2018-10-01' AND '2018-10-03',2018-10-03,date_string,True
73_6,73,SELECT * FROM event_log WHERE timestamp BETWEEN '2018-10-01' AND '2018-10-03',2018-10-01,date_string,True
73_6,73,SELECT * FROM event_log WHERE timestamp BETWEEN '2018-10-01' AND '2018-10-03',2018-10-03,date_string,True
73_7,73,SELECT * FROM event_log WHERE timestamp BETWEEN '2018-10-01' AND '2018-10-03',2018-10-01,date_string,True
73_7,73,SELECT * FROM event_log WHERE timestamp BETWEEN '2018-10-01' AND '2018-10-03',2018-10-03,date_string,True
73_8,73,SELECT * FROM event_log WHERE timestamp BETWEEN '2018-10-01' AND '2018-10-03',2018-10-01,date_string,True
73_8,73,SELECT * FROM event_log WHERE timestamp BETWEEN '2018-10-01' AND '2018-10-03',2018-10-03,date_string,True
73_9,73,SELECT * FROM event_log WHERE timestamp BETWEEN '2018-10-01' AND '2018-10-03',2018-10-01,date_string,True
73_9,73,SELECT * FROM event_log WHERE timestamp BETWEEN '2018-10-01' AND '2018-10-03',2018-10-03,date_string,True
73_10,73,SELECT * FROM event_log WHERE timestamp BETWEEN '2018-10-01' AND '2018-10-03',2018-10-01,date_string,True
73_10,73,SELECT * FROM event_log WHERE timestamp BETWEEN '2018-10-01' AND '2018-10-03',2018-10-03,date_string,True
73_11,73,SELECT * FROM event_log WHERE timestamp BETWEEN '2018-10-01' AND '2018-10-03',2018-10-01,date_string,True
73_11,73,SELECT * FROM event_log WHERE timestamp BETWEEN '2018-10-01' AND '2018-10-03',2018-10-03,date_string,True
73_12,73,SELECT * FROM event_log WHERE timestamp BETWEEN '2018-10-01' AND '2018-10-03',2018-10-01,date_string,True
73_12,73,SELECT * FROM event_log WHERE timestamp BETWEEN '2018-10-01' AND '2018-10-03',2018-10-03,date_string,True
73_13,73,SELECT * FROM event_log WHERE timestamp BETWEEN '2018-10-01' AND '2018-10-03',2018-10-01,date_string,True
73_13,73,SELECT * FROM event_log WHERE timestamp BETWEEN '2018-10-01' AND '2018-10-03',2018-10-03,date_string,True
73_14,73,SELECT * FROM event_log WHERE timestamp BETWEEN '2018-10-01' AND '2018-10-03',2018-10-01,date_string,True
73_14,73,SELECT * FROM event_log WHERE timestamp BETWEEN '2018-10-01' AND '2018-10-03',2018-10-03,date_string,True
73_15,73,SELECT * FROM event_log WHERE timestamp BETWEEN '2018-10-01' AND '2018-10-03',2018-10-01,date_string,True
73_15,73,SELECT * FROM event_log WHERE timestamp BETWEEN '2018-10-01' AND '2018-10-03',2018-10-03,date_string,True
73_16,73,SELECT * FROM event_log WHERE timestamp BETWEEN '2018-10-01' AND '2018-10-03',2018-10-01,date_string,True
73_16,73,SELECT * FROM event_log WHERE timestamp BETWEEN '2018-10-01' AND '2018-10-03',2018-10-03,date_string,True
73_17,73,SELECT * FROM event_log WHERE timestamp BETWEEN '2018-10-01' AND '2018-10-03',2018-10-01,date_string,True
73_17,73,SELECT * FROM event_log WHERE timestamp BETWEEN '2018-10-01' AND '2018-10-03',2018-10-03,date_string,True
73_18,73,SELECT * FROM event_log WHERE timestamp BETWEEN '2018-10-01' AND '2018-10-03',2018-10-01,date_string,True
73_18,73,SELECT * FROM event_log WHERE timestamp BETWEEN '2018-10-01' AND '2018-10-03',2018-10-03,date_string,True
75_0,75,SELECT * FROM event_log WHERE resource LIKE 'M%',M%,string,False
75_1,75,SELECT * FROM event_log WHERE resource LIKE 'M%',M%,string,False
75_2,75,SELECT * FROM event_log WHERE resource LIKE 'M%',M%,string,False
75_3,75,SELECT * FROM event_log WHERE resource LIKE 'M%',M%,string,False
75_4,75,SELECT * FROM event_log WHERE resource LIKE 'M%',M%,string,False
75_5,75,SELECT * FROM event_log WHERE resource LIKE 'M%',M%,string,False
75_6,75,SELECT * FROM event_log WHERE resource LIKE 'M%',M%,string,False
75_7,75,SELECT * FROM event_log WHERE resource LIKE 'M%',M%,string,False
76_0,76,SELECT activity FROM event_log GROUP BY activity HAVING COUNT(*) > 5,5,numeric,False
76_1,76,SELECT activity FROM event_log GROUP BY activity HAVING COUNT(*) > 5,5,numeric,True
76_2,76,SELECT activity FROM event_log GROUP BY activity HAVING COUNT(*) > 5,5,numeric,False
76_3,76,SELECT activity FROM event_log GROUP BY activity HAVING COUNT(*) > 5,5,numeric,False
76_4,76,SELECT activity FROM event_log GROUP BY activity HAVING COUNT(*) > 5,5,numeric,False
76_5,76,SELECT activity FROM event_log GROUP BY activity HAVING COUNT(*) > 5,5,numeric,False
76_6,76,SELECT activity FROM event_log GROUP BY activity HAVING COUNT(*) > 5,5,numeric,False
76_7,76,SELECT activity FROM event_log GROUP BY activity HAVING COUNT(*) > 5,5,numeric,False
76_8,76,SELECT activity FROM event_log GROUP BY activity HAVING COUNT(*) > 5,5,numeric,False
76_9,76,SELECT activity FROM event_log GROUP BY activity HAVING COUNT(*) > 5,5,numeric,False
76_10,76,SELECT activity FROM event_log GROUP BY activity HAVING COUNT(*) > 5,5,numeric,False
76_11,76,SELECT activity FROM event_log GROUP BY activity HAVING COUNT(*) > 5,5,numeric,False
77_0,77,"SELECT DISTINCT activity FROM event_log GROUP BY activity, idcase HAVING count(activity) > 3",3,numeric,False
77_1,77,"SELECT DISTINCT activity FROM event_log GROUP BY activity, idcase HAVING count(activity) > 3",3,numeric,False
77_2,77,"SELECT DISTINCT activity FROM event_log GROUP BY activity, idcase HAVING count(activity) > 3",3,numeric,False
77_3,77,"SELECT DISTINCT activity FROM event_log GROUP BY activity, idcase HAVING count(activity) > 3",3,numeric,False
77_4,77,"SELECT DISTINCT activity FROM event_log GROUP BY activity, idcase HAVING count(activity) > 3",3,numeric,False
77_5,77,"SELECT DISTINCT activity FROM event_log GROUP BY activity, idcase HAVING count(activity) > 3",3,numeric,False
77_6,77,"SELECT DISTINCT activity FROM event_log GROUP BY activity, idcase HAVING count(activity) > 3",3,numeric,False
77_7,77,"SELECT DISTINCT activity FROM event_log GROUP BY activity, idcase HAVING count(activity) > 3",3,numeric,False
77_8,77,"SELECT DISTINCT activity FROM event_log GROUP BY activity, idcase HAVING count(activity) > 3",3,numeric,False
77_9,77,"SELECT DISTINCT activity FROM event_log GROUP BY activity, idcase HAVING count(activity) > 3",3,numeric,False
77_10,77,"SELECT DISTINCT activity FROM event_log GROUP BY activity, idcase HAVING count(activity) > 3",3,numeric,False
78_0,78,SELECT count(*) FROM event_log WHERE idcase = 'declaration 56300',declaration 56300,string,True
78_1,78,SELECT count(*) FROM event_log WHERE idcase = 'declaration 56300',declaration 56300,string,True
78_2,78,SELECT count(*) FROM event_log WHERE idcase = 'declaration 56300',declaration 56300,string,True
78_3,78,SELECT count(*) FROM event_log WHERE idcase = 'declaration 56300',declaration 56300,string,True
78_4,78,SELECT count(*) FROM event_log WHERE idcase = 'declaration 56300',declaration 56300,string,True
78_5,78,SELECT count(*) FROM event_log WHERE idcase = 'declaration 56300',declaration 56300,string,True
78_6,78,SELECT count(*) FROM event_log WHERE idcase = 'declaration 56300',declaration 56300,string,True
79_0,79,"SELECT COUNT(*), activity FROM event_log WHERE timestamp < '2017-01-10' GROUP BY activity HAVING COUNT(*) > 1",2017-01-10,date_string,True
79_1,79,"SELECT COUNT(*), activity FROM event_log WHERE timestamp < '2017-01-10' GROUP BY activity HAVING COUNT(*) > 1",2017-01-10,date_string,True
79_2,79,"SELECT COUNT(*), activity FROM event_log WHERE timestamp < '2017-01-10' GROUP BY activity HAVING COUNT(*) > 1",2017-01-10,date_string,True
79_3,79,"SELECT COUNT(*), activity FROM event_log WHERE timestamp < '2017-01-10' GROUP BY activity HAVING COUNT(*) > 1",2017-01-10,date_string,True
79_4,79,"SELECT COUNT(*), activity FROM event_log WHERE timestamp < '2017-01-10' GROUP BY activity HAVING COUNT(*) > 1",2017-01-10,date_string,True
79_5,79,"SELECT COUNT(*), activity FROM event_log WHERE timestamp < '2017-01-10' GROUP BY activity HAVING COUNT(*) > 1",2017-01-10,date_string,True
79_6,79,"SELECT COUNT(*), activity FROM event_log WHERE timestamp < '2017-01-10' GROUP BY activity HAVING COUNT(*) > 1",2017-01-10,date_string,True
79_7,79,"SELECT COUNT(*), activity FROM event_log WHERE timestamp < '2017-01-10' GROUP BY activity HAVING COUNT(*) > 1",2017-01-10,date_string,True
79_8,79,"SELECT COUNT(*), activity FROM event_log WHERE timestamp < '2017-01-10' GROUP BY activity HAVING COUNT(*) > 1",2017-01-10,date_string,True
79_9,79,"SELECT COUNT(*), activity FROM event_log WHERE timestamp < '2017-01-10' GROUP BY activity HAVING COUNT(*) > 1",2017-01-10,date_string,True
79_10,79,"SELECT COUNT(*), activity FROM event_log WHERE timestamp < '2017-01-10' GROUP BY activity HAVING COUNT(*) > 1",2017-01-10,date_string,True
82_0,82,SELECT DISTINCT idcase FROM event_log where resource = 'Thomas' OR resource = 'Diana' OR resource = 'Sara',Thomas,string,True
82_0,82,SELECT DISTINCT idcase FROM event_log where resource = 'Thomas' OR resource = 'Diana' OR resource = 'Sara',Diana,string,True
82_0,82,SELECT DISTINCT idcase FROM event_log where resource = 'Thomas' OR resource = 'Diana' OR resource = 'Sara',Sara,string,True
82_1,82,SELECT DISTINCT idcase FROM event_log where resource = 'Thomas' OR resource = 'Diana' OR resource = 'Sara',Thomas,string,True
82_1,82,SELECT DISTINCT idcase FROM event_log where resource = 'Thomas' OR resource = 'Diana' OR resource = 'Sara',Diana,string,True
82_1,82,SELECT DISTINCT idcase FROM event_log where resource = 'Thomas' OR resource = 'Diana' OR resource = 'Sara',Sara,string,True
82_2,82,SELECT DISTINCT idcase FROM event_log where resource = 'Thomas' OR resource = 'Diana' OR resource = 'Sara',Thomas,string,True
82_2,82,SELECT DISTINCT idcase FROM event_log where resource = 'Thomas' OR resource = 'Diana' OR resource = 'Sara',Diana,string,True
82_2,82,SELECT DISTINCT idcase FROM event_log where resource = 'Thomas' OR resource = 'Diana' OR resource = 'Sara',Sara,string,True
82_3,82,SELECT DISTINCT idcase FROM event_log where resource = 'Thomas' OR resource = 'Diana' OR resource = 'Sara',Thomas,string,True
82_3,82,SELECT DISTINCT idcase FROM event_log where resource = 'Thomas' OR resource = 'Diana' OR resource = 'Sara',Diana,string,True
82_3,82,SELECT DISTINCT idcase FROM event_log where resource = 'Thomas' OR resource = 'Diana' OR resource = 'Sara',Sara,string,True
82_4,82,SELECT DISTINCT idcase FROM event_log where resource = 'Thomas' OR resource = 'Diana' OR resource = 'Sara',Thomas,string,True
82_4,82,SELECT DISTINCT idcase FROM event_log where resource = 'Thomas' OR resource = 'Diana' OR resource = 'Sara',Diana,string,True
82_4,82,SELECT DISTINCT idcase FROM event_log where resource = 'Thomas' OR resource = 'Diana' OR resource = 'Sara',Sara,string,True
83_0,83,"SELECT COUNT(DISTINCT idcase), resource FROM event_log WHERE timestamp between '2017-05-01' and '2017-06-01' GROUP BY resource",2017-05-01,date_string,True
83_0,83,"SELECT COUNT(DISTINCT idcase), resource FROM event_log WHERE timestamp between '2017-05-01' and '2017-06-01' GROUP BY resource",2017-06-01,date_string,True
83_1,83,"SELECT COUNT(DISTINCT idcase), resource FROM event_log WHERE timestamp between '2017-05-01' and '2017-06-01' GROUP BY resource",2017-05-01,date_string,True
83_1,83,"SELECT COUNT(DISTINCT idcase), resource FROM event_log WHERE timestamp between '2017-05-01' and '2017-06-01' GROUP BY resource",2017-06-01,date_string,True
83_2,83,"SELECT COUNT(DISTINCT idcase), resource FROM event_log WHERE timestamp between '2017-05-01' and '2017-06-01' GROUP BY resource",2017-05-01,date_string,True
83_2,83,"SELECT COUNT(DISTINCT idcase), resource FROM event_log WHERE timestamp between '2017-05-01' and '2017-06-01' GROUP BY resource",2017-06-01,date_string,True
83_3,83,"SELECT COUNT(DISTINCT idcase), resource FROM event_log WHERE timestamp between '2017-05-01' and '2017-06-01' GROUP BY resource",2017-05-01,date_string,True
83_3,83,"SELECT COUNT(DISTINCT idcase), resource FROM event_log WHERE timestamp between '2017-05-01' and '2017-06-01' GROUP BY resource",2017-06-01,date_string,True
83_4,83,"SELECT COUNT(DISTINCT idcase), resource FROM event_log WHERE timestamp between '2017-05-01' and '2017-06-01' GROUP BY resource",2017-05-01,date_string,True
83_4,83,"SELECT COUNT(DISTINCT idcase), resource FROM event_log WHERE timestamp between '2017-05-01' and '2017-06-01' GROUP BY resource",2017-06-01,date_string,True
83_5,83,"SELECT COUNT(DISTINCT idcase), resource FROM event_log WHERE timestamp between '2017-05-01' and '2017-06-01' GROUP BY resource",2017-05-01,date_string,True
83_5,83,"SELECT COUNT(DISTINCT idcase), resource FROM event_log WHERE timestamp between '2017-05-01' and '2017-06-01' GROUP BY resource",2017-06-01,date_string,True
83_6,83,"SELECT COUNT(DISTINCT idcase), resource FROM event_log WHERE timestamp between '2017-05-01' and '2017-06-01' GROUP BY resource",2017-05-01,date_string,True
83_6,83,"SELECT COUNT(DISTINCT idcase), resource FROM event_log WHERE timestamp between '2017-05-01' and '2017-06-01' GROUP BY resource",2017-06-01,date_string,True
83_7,83,"SELECT COUNT(DISTINCT idcase), resource FROM event_log WHERE timestamp between '2017-05-01' and '2017-06-01' GROUP BY resource",2017-05-01,date_string,True
83_7,83,"SELECT COUNT(DISTINCT idcase), resource FROM event_log WHERE timestamp between '2017-05-01' and '2017-06-01' GROUP BY resource",2017-06-01,date_string,True
83_8,83,"SELECT COUNT(DISTINCT idcase), resource FROM event_log WHERE timestamp between '2017-05-01' and '2017-06-01' GROUP BY resource",2017-05-01,date_string,True
83_8,83,"SELECT COUNT(DISTINCT idcase), resource FROM event_log WHERE timestamp between '2017-05-01' and '2017-06-01' GROUP BY resource",2017-06-01,date_string,True
84_0,84,"SELECT COUNT(DISTINCT idcase), resource FROM event_log WHERE timestamp between '2017-05-01' and '2017-06-01' GROUP BY resource",2017-05-01,date_string,True
84_0,84,"SELECT COUNT(DISTINCT idcase), resource FROM event_log WHERE timestamp between '2017-05-01' and '2017-06-01' GROUP BY resource",2017-06-01,date_string,True
84_1,84,"SELECT COUNT(DISTINCT idcase), resource FROM event_log WHERE timestamp between '2017-05-01' and '2017-06-01' GROUP BY resource",2017-05-01,date_string,True
84_1,84,"SELECT COUNT(DISTINCT idcase), resource FROM event_log WHERE timestamp between '2017-05-01' and '2017-06-01' GROUP BY resource",2017-06-01,date_string,True
84_2,84,"SELECT COUNT(DISTINCT idcase), resource FROM event_log WHERE timestamp between '2017-05-01' and '2017-06-01' GROUP BY resource",2017-05-01,date_string,True
84_2,84,"SELECT COUNT(DISTINCT idcase), resource FROM event_log WHERE timestamp between '2017-05-01' and '2017-06-01' GROUP BY resource",2017-06-01,date_string,True
85_0,85,"SELECT activity, resource FROM event_log WHERE resource != 'Joshua' AND resource != 'Teresa'",Joshua,string,True
85_0,85,"SELECT activity, resource FROM event_log WHERE resource != 'Joshua' AND resource != 'Teresa'",Teresa,string,True
85_1,85,"SELECT activity, resource FROM event_log WHERE resource != 'Joshua' AND resource != 'Teresa'",Joshua,string,True
85_1,85,"SELECT activity, resource FROM event_log WHERE resource != 'Joshua' AND resource != 'Teresa'",Teresa,string,True
85_2,85,"SELECT activity, resource FROM event_log WHERE resource != 'Joshua' AND resource != 'Teresa'",Joshua,string,True
85_2,85,"SELECT activity, resource FROM event_log WHERE resource != 'Joshua' AND resource != 'Teresa'",Teresa,string,True
85_3,85,"SELECT activity, resource FROM event_log WHERE resource != 'Joshua' AND resource != 'Teresa'",Joshua,string,True
85_3,85,"SELECT activity, resource FROM event_log WHERE resource != 'Joshua' AND resource != 'Teresa'",Teresa,string,True
85_4,85,"SELECT activity, resource FROM event_log WHERE resource != 'Joshua' AND resource != 'Teresa'",Joshua,string,True
85_4,85,"SELECT activity, resource FROM event_log WHERE resource != 'Joshua' AND resource != 'Teresa'",Teresa,string,True
86_0,86,SELECT DISTINCT idcase from event_log WHERE (activity = 'Start trip' OR activity = 'End trip') and idcase NOT IN (SELECT idcase from event_log WHERE activity = 'Request payment' INTERSECT SELECT idcase from event_log WHERE activity = 'Payment handled') ,Start trip,string,True
86_0,86,SELECT DISTINCT idcase from event_log WHERE (activity = 'Start trip' OR activity = 'End trip') and idcase NOT IN (SELECT idcase from event_log WHERE activity = 'Request payment' INTERSECT SELECT idcase from event_log WHERE activity = 'Payment handled') ,End trip,string,True
86_0,86,SELECT DISTINCT idcase from event_log WHERE (activity = 'Start trip' OR activity = 'End trip') and idcase NOT IN (SELECT idcase from event_log WHERE activity = 'Request payment' INTERSECT SELECT idcase from event_log WHERE activity = 'Payment handled') ,Request payment,string,True
86_0,86,SELECT DISTINCT idcase from event_log WHERE (activity = 'Start trip' OR activity = 'End trip') and idcase NOT IN (SELECT idcase from event_log WHERE activity = 'Request payment' INTERSECT SELECT idcase from event_log WHERE activity = 'Payment handled') ,Payment handled,string,True
86_1,86,SELECT DISTINCT idcase from event_log WHERE (activity = 'Start trip' OR activity = 'End trip') and idcase NOT IN (SELECT idcase from event_log WHERE activity = 'Request payment' INTERSECT SELECT idcase from event_log WHERE activity = 'Payment handled') ,Start trip,string,True
86_1,86,SELECT DISTINCT idcase from event_log WHERE (activity = 'Start trip' OR activity = 'End trip') and idcase NOT IN (SELECT idcase from event_log WHERE activity = 'Request payment' INTERSECT SELECT idcase from event_log WHERE activity = 'Payment handled') ,End trip,string,True
86_1,86,SELECT DISTINCT idcase from event_log WHERE (activity = 'Start trip' OR activity = 'End trip') and idcase NOT IN (SELECT idcase from event_log WHERE activity = 'Request payment' INTERSECT SELECT idcase from event_log WHERE activity = 'Payment handled') ,Request payment,string,True
86_1,86,SELECT DISTINCT idcase from event_log WHERE (activity = 'Start trip' OR activity = 'End trip') and idcase NOT IN (SELECT idcase from event_log WHERE activity = 'Request payment' INTERSECT SELECT idcase from event_log WHERE activity = 'Payment handled') ,Payment handled,string,True
86_2,86,SELECT DISTINCT idcase from event_log WHERE (activity = 'Start trip' OR activity = 'End trip') and idcase NOT IN (SELECT idcase from event_log WHERE activity = 'Request payment' INTERSECT SELECT idcase from event_log WHERE activity = 'Payment handled') ,Start trip,string,True
86_2,86,SELECT DISTINCT idcase from event_log WHERE (activity = 'Start trip' OR activity = 'End trip') and idcase NOT IN (SELECT idcase from event_log WHERE activity = 'Request payment' INTERSECT SELECT idcase from event_log WHERE activity = 'Payment handled') ,End trip,string,True
86_2,86,SELECT DISTINCT idcase from event_log WHERE (activity = 'Start trip' OR activity = 'End trip') and idcase NOT IN (SELECT idcase from event_log WHERE activity = 'Request payment' INTERSECT SELECT idcase from event_log WHERE activity = 'Payment handled') ,Request payment,string,True
86_2,86,SELECT DISTINCT idcase from event_log WHERE (activity = 'Start trip' OR activity = 'End trip') and idcase NOT IN (SELECT idcase from event_log WHERE activity = 'Request payment' INTERSECT SELECT idcase from event_log WHERE activity = 'Payment handled') ,Payment handled,string,True
86_3,86,SELECT DISTINCT idcase from event_log WHERE (activity = 'Start trip' OR activity = 'End trip') and idcase NOT IN (SELECT idcase from event_log WHERE activity = 'Request payment' INTERSECT SELECT idcase from event_log WHERE activity = 'Payment handled') ,Start trip,string,True
86_3,86,SELECT DISTINCT idcase from event_log WHERE (activity = 'Start trip' OR activity = 'End trip') and idcase NOT IN (SELECT idcase from event_log WHERE activity = 'Request payment' INTERSECT SELECT idcase from event_log WHERE activity = 'Payment handled') ,End trip,string,False
86_3,86,SELECT DISTINCT idcase from event_log WHERE (activity = 'Start trip' OR activity = 'End trip') and idcase NOT IN (SELECT idcase from event_log WHERE activity = 'Request payment' INTERSECT SELECT idcase from event_log WHERE activity = 'Payment handled') ,Request payment,string,True
86_3,86,SELECT DISTINCT idcase from event_log WHERE (activity = 'Start trip' OR activity = 'End trip') and idcase NOT IN (SELECT idcase from event_log WHERE activity = 'Request payment' INTERSECT SELECT idcase from event_log WHERE activity = 'Payment handled') ,Payment handled,string,True
86_4,86,SELECT DISTINCT idcase from event_log WHERE (activity = 'Start trip' OR activity = 'End trip') and idcase NOT IN (SELECT idcase from event_log WHERE activity = 'Request payment' INTERSECT SELECT idcase from event_log WHERE activity = 'Payment handled') ,Start trip,string,True
86_4,86,SELECT DISTINCT idcase from event_log WHERE (activity = 'Start trip' OR activity = 'End trip') and idcase NOT IN (SELECT idcase from event_log WHERE activity = 'Request payment' INTERSECT SELECT idcase from event_log WHERE activity = 'Payment handled') ,End trip,string,True
86_4,86,SELECT DISTINCT idcase from event_log WHERE (activity = 'Start trip' OR activity = 'End trip') and idcase NOT IN (SELECT idcase from event_log WHERE activity = 'Request payment' INTERSECT SELECT idcase from event_log WHERE activity = 'Payment handled') ,Request payment,string,True
86_4,86,SELECT DISTINCT idcase from event_log WHERE (activity = 'Start trip' OR activity = 'End trip') and idcase NOT IN (SELECT idcase from event_log WHERE activity = 'Request payment' INTERSECT SELECT idcase from event_log WHERE activity = 'Payment handled') ,Payment handled,string,True
86_5,86,SELECT DISTINCT idcase from event_log WHERE (activity = 'Start trip' OR activity = 'End trip') and idcase NOT IN (SELECT idcase from event_log WHERE activity = 'Request payment' INTERSECT SELECT idcase from event_log WHERE activity = 'Payment handled') ,Start trip,string,False
86_5,86,SELECT DISTINCT idcase from event_log WHERE (activity = 'Start trip' OR activity = 'End trip') and idcase NOT IN (SELECT idcase from event_log WHERE activity = 'Request payment' INTERSECT SELECT idcase from event_log WHERE activity = 'Payment handled') ,End trip,string,False
86_5,86,SELECT DISTINCT idcase from event_log WHERE (activity = 'Start trip' OR activity = 'End trip') and idcase NOT IN (SELECT idcase from event_log WHERE activity = 'Request payment' INTERSECT SELECT idcase from event_log WHERE activity = 'Payment handled') ,Request payment,string,False
86_5,86,SELECT DISTINCT idcase from event_log WHERE (activity = 'Start trip' OR activity = 'End trip') and idcase NOT IN (SELECT idcase from event_log WHERE activity = 'Request payment' INTERSECT SELECT idcase from event_log WHERE activity = 'Payment handled') ,Payment handled,string,False
86_6,86,SELECT DISTINCT idcase from event_log WHERE (activity = 'Start trip' OR activity = 'End trip') and idcase NOT IN (SELECT idcase from event_log WHERE activity = 'Request payment' INTERSECT SELECT idcase from event_log WHERE activity = 'Payment handled') ,Start trip,string,False
86_6,86,SELECT DISTINCT idcase from event_log WHERE (activity = 'Start trip' OR activity = 'End trip') and idcase NOT IN (SELECT idcase from event_log WHERE activity = 'Request payment' INTERSECT SELECT idcase from event_log WHERE activity = 'Payment handled') ,End trip,string,False
86_6,86,SELECT DISTINCT idcase from event_log WHERE (activity = 'Start trip' OR activity = 'End trip') and idcase NOT IN (SELECT idcase from event_log WHERE activity = 'Request payment' INTERSECT SELECT idcase from event_log WHERE activity = 'Payment handled') ,Request payment,string,False
86_6,86,SELECT DISTINCT idcase from event_log WHERE (activity = 'Start trip' OR activity = 'End trip') and idcase NOT IN (SELECT idcase from event_log WHERE activity = 'Request payment' INTERSECT SELECT idcase from event_log WHERE activity = 'Payment handled') ,Payment handled,string,False
86_7,86,SELECT DISTINCT idcase from event_log WHERE (activity = 'Start trip' OR activity = 'End trip') and idcase NOT IN (SELECT idcase from event_log WHERE activity = 'Request payment' INTERSECT SELECT idcase from event_log WHERE activity = 'Payment handled') ,Start trip,string,False
86_7,86,SELECT DISTINCT idcase from event_log WHERE (activity = 'Start trip' OR activity = 'End trip') and idcase NOT IN (SELECT idcase from event_log WHERE activity = 'Request payment' INTERSECT SELECT idcase from event_log WHERE activity = 'Payment handled') ,End trip,string,False
86_7,86,SELECT DISTINCT idcase from event_log WHERE (activity = 'Start trip' OR activity = 'End trip') and idcase NOT IN (SELECT idcase from event_log WHERE activity = 'Request payment' INTERSECT SELECT idcase from event_log WHERE activity = 'Payment handled') ,Request payment,string,False
86_7,86,SELECT DISTINCT idcase from event_log WHERE (activity = 'Start trip' OR activity = 'End trip') and idcase NOT IN (SELECT idcase from event_log WHERE activity = 'Request payment' INTERSECT SELECT idcase from event_log WHERE activity = 'Payment handled') ,Payment handled,string,False
86_8,86,SELECT DISTINCT idcase from event_log WHERE (activity = 'Start trip' OR activity = 'End trip') and idcase NOT IN (SELECT idcase from event_log WHERE activity = 'Request payment' INTERSECT SELECT idcase from event_log WHERE activity = 'Payment handled') ,Start trip,string,False
86_8,86,SELECT DISTINCT idcase from event_log WHERE (activity = 'Start trip' OR activity = 'End trip') and idcase NOT IN (SELECT idcase from event_log WHERE activity = 'Request payment' INTERSECT SELECT idcase from event_log WHERE activity = 'Payment handled') ,End trip,string,False
86_8,86,SELECT DISTINCT idcase from event_log WHERE (activity = 'Start trip' OR activity = 'End trip') and idcase NOT IN (SELECT idcase from event_log WHERE activity = 'Request payment' INTERSECT SELECT idcase from event_log WHERE activity = 'Payment handled') ,Request payment,string,False
86_8,86,SELECT DISTINCT idcase from event_log WHERE (activity = 'Start trip' OR activity = 'End trip') and idcase NOT IN (SELECT idcase from event_log WHERE activity = 'Request payment' INTERSECT SELECT idcase from event_log WHERE activity = 'Payment handled') ,Payment handled,string,False
86_9,86,SELECT DISTINCT idcase from event_log WHERE (activity = 'Start trip' OR activity = 'End trip') and idcase NOT IN (SELECT idcase from event_log WHERE activity = 'Request payment' INTERSECT SELECT idcase from event_log WHERE activity = 'Payment handled') ,Start trip,string,False
86_9,86,SELECT DISTINCT idcase from event_log WHERE (activity = 'Start trip' OR activity = 'End trip') and idcase NOT IN (SELECT idcase from event_log WHERE activity = 'Request payment' INTERSECT SELECT idcase from event_log WHERE activity = 'Payment handled') ,End trip,string,False
86_9,86,SELECT DISTINCT idcase from event_log WHERE (activity = 'Start trip' OR activity = 'End trip') and idcase NOT IN (SELECT idcase from event_log WHERE activity = 'Request payment' INTERSECT SELECT idcase from event_log WHERE activity = 'Payment handled') ,Request payment,string,False
86_9,86,SELECT DISTINCT idcase from event_log WHERE (activity = 'Start trip' OR activity = 'End trip') and idcase NOT IN (SELECT idcase from event_log WHERE activity = 'Request payment' INTERSECT SELECT idcase from event_log WHERE activity = 'Payment handled') ,Payment handled,string,False
88_0,88,select idcase from event_log GROUP BY idcase HAVING min(timestamp) < '2017-03-01',2017-03-01,date_string,True
88_1,88,select idcase from event_log GROUP BY idcase HAVING min(timestamp) < '2017-03-01',2017-03-01,date_string,True
88_2,88,select idcase from event_log GROUP BY idcase HAVING min(timestamp) < '2017-03-01',2017-03-01,date_string,True
88_3,88,select idcase from event_log GROUP BY idcase HAVING min(timestamp) < '2017-03-01',2017-03-01,date_string,True
88_4,88,select idcase from event_log GROUP BY idcase HAVING min(timestamp) < '2017-03-01',2017-03-01,date_string,True
88_5,88,select idcase from event_log GROUP BY idcase HAVING min(timestamp) < '2017-03-01',2017-03-01,date_string,True
88_6,88,select idcase from event_log GROUP BY idcase HAVING min(timestamp) < '2017-03-01',2017-03-01,date_string,True
88_7,88,select idcase from event_log GROUP BY idcase HAVING min(timestamp) < '2017-03-01',2017-03-01,date_string,True
88_8,88,select idcase from event_log GROUP BY idcase HAVING min(timestamp) < '2017-03-01',2017-03-01,date_string,True
88_9,88,select idcase from event_log GROUP BY idcase HAVING min(timestamp) < '2017-03-01',2017-03-01,date_string,True
89_0,89,"select DISTINCT idcase FROM (select idcase, timestamp, activity FROM event_log GROUP BY idcase HAVING strftime('%Y-%m', MIN(timestamp)) = '2017-03') where activity = 'Start trip'",%Y-%m,string,False
89_0,89,"select DISTINCT idcase FROM (select idcase, timestamp, activity FROM event_log GROUP BY idcase HAVING strftime('%Y-%m', MIN(timestamp)) = '2017-03') where activity = 'Start trip'",2017-03,date_string,True
89_0,89,"select DISTINCT idcase FROM (select idcase, timestamp, activity FROM event_log GROUP BY idcase HAVING strftime('%Y-%m', MIN(timestamp)) = '2017-03') where activity = 'Start trip'",Start trip,string,True
89_1,89,"select DISTINCT idcase FROM (select idcase, timestamp, activity FROM event_log GROUP BY idcase HAVING strftime('%Y-%m', MIN(timestamp)) = '2017-03') where activity = 'Start trip'",%Y-%m,string,False
89_1,89,"select DISTINCT idcase FROM (select idcase, timestamp, activity FROM event_log GROUP BY idcase HAVING strftime('%Y-%m', MIN(timestamp)) = '2017-03') where activity = 'Start trip'",2017-03,date_string,True
89_1,89,"select DISTINCT idcase FROM (select idcase, timestamp, activity FROM event_log GROUP BY idcase HAVING strftime('%Y-%m', MIN(timestamp)) = '2017-03') where activity = 'Start trip'",Start trip,string,True
89_2,89,"select DISTINCT idcase FROM (select idcase, timestamp, activity FROM event_log GROUP BY idcase HAVING strftime('%Y-%m', MIN(timestamp)) = '2017-03') where activity = 'Start trip'",%Y-%m,string,False
89_2,89,"select DISTINCT idcase FROM (select idcase, timestamp, activity FROM event_log GROUP BY idcase HAVING strftime('%Y-%m', MIN(timestamp)) = '2017-03') where activity = 'Start trip'",2017-03,date_string,True
89_2,89,"select DISTINCT idcase FROM (select idcase, timestamp, activity FROM event_log GROUP BY idcase HAVING strftime('%Y-%m', MIN(timestamp)) = '2017-03') where activity = 'Start trip'",Start trip,string,True
89_3,89,"select DISTINCT idcase FROM (select idcase, timestamp, activity FROM event_log GROUP BY idcase HAVING strftime('%Y-%m', MIN(timestamp)) = '2017-03') where activity = 'Start trip'",%Y-%m,string,False
89_3,89,"select DISTINCT idcase FROM (select idcase, timestamp, activity FROM event_log GROUP BY idcase HAVING strftime('%Y-%m', MIN(timestamp)) = '2017-03') where activity = 'Start trip'",2017-03,date_string,True
89_3,89,"select DISTINCT idcase FROM (select idcase, timestamp, activity FROM event_log GROUP BY idcase HAVING strftime('%Y-%m', MIN(timestamp)) = '2017-03') where activity = 'Start trip'",Start trip,string,True
89_4,89,"select DISTINCT idcase FROM (select idcase, timestamp, activity FROM event_log GROUP BY idcase HAVING strftime('%Y-%m', MIN(timestamp)) = '2017-03') where activity = 'Start trip'",%Y-%m,string,False
89_4,89,"select DISTINCT idcase FROM (select idcase, timestamp, activity FROM event_log GROUP BY idcase HAVING strftime('%Y-%m', MIN(timestamp)) = '2017-03') where activity = 'Start trip'",2017-03,date_string,True
89_4,89,"select DISTINCT idcase FROM (select idcase, timestamp, activity FROM event_log GROUP BY idcase HAVING strftime('%Y-%m', MIN(timestamp)) = '2017-03') where activity = 'Start trip'",Start trip,string,True
89_5,89,"select DISTINCT idcase FROM (select idcase, timestamp, activity FROM event_log GROUP BY idcase HAVING strftime('%Y-%m', MIN(timestamp)) = '2017-03') where activity = 'Start trip'",%Y-%m,string,False
89_5,89,"select DISTINCT idcase FROM (select idcase, timestamp, activity FROM event_log GROUP BY idcase HAVING strftime('%Y-%m', MIN(timestamp)) = '2017-03') where activity = 'Start trip'",2017-03,date_string,True
89_5,89,"select DISTINCT idcase FROM (select idcase, timestamp, activity FROM event_log GROUP BY idcase HAVING strftime('%Y-%m', MIN(timestamp)) = '2017-03') where activity = 'Start trip'",Start trip,string,True
89_6,89,"select DISTINCT idcase FROM (select idcase, timestamp, activity FROM event_log GROUP BY idcase HAVING strftime('%Y-%m', MIN(timestamp)) = '2017-03') where activity = 'Start trip'",%Y-%m,string,False
89_6,89,"select DISTINCT idcase FROM (select idcase, timestamp, activity FROM event_log GROUP BY idcase HAVING strftime('%Y-%m', MIN(timestamp)) = '2017-03') where activity = 'Start trip'",2017-03,date_string,True
89_6,89,"select DISTINCT idcase FROM (select idcase, timestamp, activity FROM event_log GROUP BY idcase HAVING strftime('%Y-%m', MIN(timestamp)) = '2017-03') where activity = 'Start trip'",Start trip,string,False
90_0,90,"SELECT DISTINCT resource FROM event_log GROUP BY resource, idcase HAVING COUNT(*) > 5",5,numeric,False
90_1,90,"SELECT DISTINCT resource FROM event_log GROUP BY resource, idcase HAVING COUNT(*) > 5",5,numeric,False
90_2,90,"SELECT DISTINCT resource FROM event_log GROUP BY resource, idcase HAVING COUNT(*) > 5",5,numeric,False
90_3,90,"SELECT DISTINCT resource FROM event_log GROUP BY resource, idcase HAVING COUNT(*) > 5",5,numeric,False
90_4,90,"SELECT DISTINCT resource FROM event_log GROUP BY resource, idcase HAVING COUNT(*) > 5",5,numeric,False
90_5,90,"SELECT DISTINCT resource FROM event_log GROUP BY resource, idcase HAVING COUNT(*) > 5",5,numeric,False
90_6,90,"SELECT DISTINCT resource FROM event_log GROUP BY resource, idcase HAVING COUNT(*) > 5",5,numeric,False
90_7,90,"SELECT DISTINCT resource FROM event_log GROUP BY resource, idcase HAVING COUNT(*) > 5",5,numeric,False
90_8,90,"SELECT DISTINCT resource FROM event_log GROUP BY resource, idcase HAVING COUNT(*) > 5",5,numeric,False
90_9,90,"SELECT DISTINCT resource FROM event_log GROUP BY resource, idcase HAVING COUNT(*) > 5",5,numeric,False
90_10,90,"SELECT DISTINCT resource FROM event_log GROUP BY resource, idcase HAVING COUNT(*) > 5",5,numeric,True
92_0,92,select resource FROM event_log where activity = 'Declaration final approved by supervisor' group by resource HAVING COUNT(*) IN (select COUNT(*) from event_log where activity = 'Declaration final approved by supervisor' group by resource order by count(*) DESC limit 10) ORDER BY COUNT(*) DESC ,Declaration final approved by supervisor,string,True
92_0,92,select resource FROM event_log where activity = 'Declaration final approved by supervisor' group by resource HAVING COUNT(*) IN (select COUNT(*) from event_log where activity = 'Declaration final approved by supervisor' group by resource order by count(*) DESC limit 10) ORDER BY COUNT(*) DESC ,Declaration final approved by supervisor,string,True
92_0,92,select resource FROM event_log where activity = 'Declaration final approved by supervisor' group by resource HAVING COUNT(*) IN (select COUNT(*) from event_log where activity = 'Declaration final approved by supervisor' group by resource order by count(*) DESC limit 10) ORDER BY COUNT(*) DESC ,10,numeric,True
92_1,92,select resource FROM event_log where activity = 'Declaration final approved by supervisor' group by resource HAVING COUNT(*) IN (select COUNT(*) from event_log where activity = 'Declaration final approved by supervisor' group by resource order by count(*) DESC limit 10) ORDER BY COUNT(*) DESC ,Declaration final approved by supervisor,string,True
92_1,92,select resource FROM event_log where activity = 'Declaration final approved by supervisor' group by resource HAVING COUNT(*) IN (select COUNT(*) from event_log where activity = 'Declaration final approved by supervisor' group by resource order by count(*) DESC limit 10) ORDER BY COUNT(*) DESC ,Declaration final approved by supervisor,string,True
92_1,92,select resource FROM event_log where activity = 'Declaration final approved by supervisor' group by resource HAVING COUNT(*) IN (select COUNT(*) from event_log where activity = 'Declaration final approved by supervisor' group by resource order by count(*) DESC limit 10) ORDER BY COUNT(*) DESC ,10,numeric,True
92_2,92,select resource FROM event_log where activity = 'Declaration final approved by supervisor' group by resource HAVING COUNT(*) IN (select COUNT(*) from event_log where activity = 'Declaration final approved by supervisor' group by resource order by count(*) DESC limit 10) ORDER BY COUNT(*) DESC ,Declaration final approved by supervisor,string,False
92_2,92,select resource FROM event_log where activity = 'Declaration final approved by supervisor' group by resource HAVING COUNT(*) IN (select COUNT(*) from event_log where activity = 'Declaration final approved by supervisor' group by resource order by count(*) DESC limit 10) ORDER BY COUNT(*) DESC ,Declaration final approved by supervisor,string,False
92_2,92,select resource FROM event_log where activity = 'Declaration final approved by supervisor' group by resource HAVING COUNT(*) IN (select COUNT(*) from event_log where activity = 'Declaration final approved by supervisor' group by resource order by count(*) DESC limit 10) ORDER BY COUNT(*) DESC ,10,numeric,False
93_0,93,select resource from event_log where activity = 'Declaration final approved by supervisor' group by resource order by count(*) DESC,Declaration final approved by supervisor,string,True
93_1,93,select resource from event_log where activity = 'Declaration final approved by supervisor' group by resource order by count(*) DESC,Declaration final approved by supervisor,string,True
93_2,93,select resource from event_log where activity = 'Declaration final approved by supervisor' group by resource order by count(*) DESC,Declaration final approved by supervisor,string,True
93_3,93,select resource from event_log where activity = 'Declaration final approved by supervisor' group by resource order by count(*) DESC,Declaration final approved by supervisor,string,True
93_4,93,select resource from event_log where activity = 'Declaration final approved by supervisor' group by resource order by count(*) DESC,Declaration final approved by supervisor,string,False
94_0,94,select count(distinct idcase) from event_log where activity = 'Declaration approved by budget owner' AND (resource = 'Marie' or resource = 'Eugene'),Declaration approved by budget owner,string,True
94_0,94,select count(distinct idcase) from event_log where activity = 'Declaration approved by budget owner' AND (resource = 'Marie' or resource = 'Eugene'),Marie,string,True
94_0,94,select count(distinct idcase) from event_log where activity = 'Declaration approved by budget owner' AND (resource = 'Marie' or resource = 'Eugene'),Eugene,string,True
94_1,94,select count(distinct idcase) from event_log where activity = 'Declaration approved by budget owner' AND (resource = 'Marie' or resource = 'Eugene'),Declaration approved by budget owner,string,True
94_1,94,select count(distinct idcase) from event_log where activity = 'Declaration approved by budget owner' AND (resource = 'Marie' or resource = 'Eugene'),Marie,string,True
94_1,94,select count(distinct idcase) from event_log where activity = 'Declaration approved by budget owner' AND (resource = 'Marie' or resource = 'Eugene'),Eugene,string,True
94_2,94,select count(distinct idcase) from event_log where activity = 'Declaration approved by budget owner' AND (resource = 'Marie' or resource = 'Eugene'),Declaration approved by budget owner,string,True
94_2,94,select count(distinct idcase) from event_log where activity = 'Declaration approved by budget owner' AND (resource = 'Marie' or resource = 'Eugene'),Marie,string,True
94_2,94,select count(distinct idcase) from event_log where activity = 'Declaration approved by budget owner' AND (resource = 'Marie' or resource = 'Eugene'),Eugene,string,True
94_3,94,select count(distinct idcase) from event_log where activity = 'Declaration approved by budget owner' AND (resource = 'Marie' or resource = 'Eugene'),Declaration approved by budget owner,string,True
94_3,94,select count(distinct idcase) from event_log where activity = 'Declaration approved by budget owner' AND (resource = 'Marie' or resource = 'Eugene'),Marie,string,True
94_3,94,select count(distinct idcase) from event_log where activity = 'Declaration approved by budget owner' AND (resource = 'Marie' or resource = 'Eugene'),Eugene,string,True
94_4,94,select count(distinct idcase) from event_log where activity = 'Declaration approved by budget owner' AND (resource = 'Marie' or resource = 'Eugene'),Declaration approved by budget owner,string,True
94_4,94,select count(distinct idcase) from event_log where activity = 'Declaration approved by budget owner' AND (resource = 'Marie' or resource = 'Eugene'),Marie,string,True
94_4,94,select count(distinct idcase) from event_log where activity = 'Declaration approved by budget owner' AND (resource = 'Marie' or resource = 'Eugene'),Eugene,string,True
94_5,94,select count(distinct idcase) from event_log where activity = 'Declaration approved by budget owner' AND (resource = 'Marie' or resource = 'Eugene'),Declaration approved by budget owner,string,True
94_5,94,select count(distinct idcase) from event_log where activity = 'Declaration approved by budget owner' AND (resource = 'Marie' or resource = 'Eugene'),Marie,string,True
94_5,94,select count(distinct idcase) from event_log where activity = 'Declaration approved by budget owner' AND (resource = 'Marie' or resource = 'Eugene'),Eugene,string,False
94_6,94,select count(distinct idcase) from event_log where activity = 'Declaration approved by budget owner' AND (resource = 'Marie' or resource = 'Eugene'),Declaration approved by budget owner,string,True
94_6,94,select count(distinct idcase) from event_log where activity = 'Declaration approved by budget owner' AND (resource = 'Marie' or resource = 'Eugene'),Marie,string,True
94_6,94,select count(distinct idcase) from event_log where activity = 'Declaration approved by budget owner' AND (resource = 'Marie' or resource = 'Eugene'),Eugene,string,False
94_7,94,select count(distinct idcase) from event_log where activity = 'Declaration approved by budget owner' AND (resource = 'Marie' or resource = 'Eugene'),Declaration approved by budget owner,string,False
94_7,94,select count(distinct idcase) from event_log where activity = 'Declaration approved by budget owner' AND (resource = 'Marie' or resource = 'Eugene'),Marie,string,True
94_7,94,select count(distinct idcase) from event_log where activity = 'Declaration approved by budget owner' AND (resource = 'Marie' or resource = 'Eugene'),Eugene,string,True
94_8,94,select count(distinct idcase) from event_log where activity = 'Declaration approved by budget owner' AND (resource = 'Marie' or resource = 'Eugene'),Declaration approved by budget owner,string,False
94_8,94,select count(distinct idcase) from event_log where activity = 'Declaration approved by budget owner' AND (resource = 'Marie' or resource = 'Eugene'),Marie,string,True
94_8,94,select count(distinct idcase) from event_log where activity = 'Declaration approved by budget owner' AND (resource = 'Marie' or resource = 'Eugene'),Eugene,string,True
95_0,95,select activity from event_log where idcase = 'declaration 49464' except select activity from event_log where idcase = 'declaration 76667',declaration 49464,string,True
95_0,95,select activity from event_log where idcase = 'declaration 49464' except select activity from event_log where idcase = 'declaration 76667',declaration 76667,string,True
95_1,95,select activity from event_log where idcase = 'declaration 49464' except select activity from event_log where idcase = 'declaration 76667',declaration 49464,string,True
95_1,95,select activity from event_log where idcase = 'declaration 49464' except select activity from event_log where idcase = 'declaration 76667',declaration 76667,string,True
95_2,95,select activity from event_log where idcase = 'declaration 49464' except select activity from event_log where idcase = 'declaration 76667',declaration 49464,string,True
95_2,95,select activity from event_log where idcase = 'declaration 49464' except select activity from event_log where idcase = 'declaration 76667',declaration 76667,string,True
95_3,95,select activity from event_log where idcase = 'declaration 49464' except select activity from event_log where idcase = 'declaration 76667',declaration 49464,string,True
95_3,95,select activity from event_log where idcase = 'declaration 49464' except select activity from event_log where idcase = 'declaration 76667',declaration 76667,string,True
96_0,96,"select resource, count(*) from event_log where activity = 'Declaration submitted by employee' group by resource having count(*) > 2",Declaration submitted by employee,string,True
96_0,96,"select resource, count(*) from event_log where activity = 'Declaration submitted by employee' group by resource having count(*) > 2",2,numeric,False
96_1,96,"select resource, count(*) from event_log where activity = 'Declaration submitted by employee' group by resource having count(*) > 2",Declaration submitted by employee,string,True
96_1,96,"select resource, count(*) from event_log where activity = 'Declaration submitted by employee' group by resource having count(*) > 2",2,numeric,False
96_2,96,"select resource, count(*) from event_log where activity = 'Declaration submitted by employee' group by resource having count(*) > 2",Declaration submitted by employee,string,True
96_2,96,"select resource, count(*) from event_log where activity = 'Declaration submitted by employee' group by resource having count(*) > 2",2,numeric,False
96_3,96,"select resource, count(*) from event_log where activity = 'Declaration submitted by employee' group by resource having count(*) > 2",Declaration submitted by employee,string,True
96_3,96,"select resource, count(*) from event_log where activity = 'Declaration submitted by employee' group by resource having count(*) > 2",2,numeric,False
96_4,96,"select resource, count(*) from event_log where activity = 'Declaration submitted by employee' group by resource having count(*) > 2",Declaration submitted by employee,string,True
96_4,96,"select resource, count(*) from event_log where activity = 'Declaration submitted by employee' group by resource having count(*) > 2",2,numeric,False
96_5,96,"select resource, count(*) from event_log where activity = 'Declaration submitted by employee' group by resource having count(*) > 2",Declaration submitted by employee,string,True
96_5,96,"select resource, count(*) from event_log where activity = 'Declaration submitted by employee' group by resource having count(*) > 2",2,numeric,False
96_6,96,"select resource, count(*) from event_log where activity = 'Declaration submitted by employee' group by resource having count(*) > 2",Declaration submitted by employee,string,False
96_6,96,"select resource, count(*) from event_log where activity = 'Declaration submitted by employee' group by resource having count(*) > 2",2,numeric,False
97_0,97,SELECT DISTINCT idcase FROM event_log WHERE activity = 'Request payment' AND timestamp BETWEEN '2017-05-01' AND '2017-05-10',Request payment,string,True
97_0,97,SELECT DISTINCT idcase FROM event_log WHERE activity = 'Request payment' AND timestamp BETWEEN '2017-05-01' AND '2017-05-10',2017-05-01,date_string,True
97_0,97,SELECT DISTINCT idcase FROM event_log WHERE activity = 'Request payment' AND timestamp BETWEEN '2017-05-01' AND '2017-05-10',2017-05-10,date_string,True
97_1,97,SELECT DISTINCT idcase FROM event_log WHERE activity = 'Request payment' AND timestamp BETWEEN '2017-05-01' AND '2017-05-10',Request payment,string,True
97_1,97,SELECT DISTINCT idcase FROM event_log WHERE activity = 'Request payment' AND timestamp BETWEEN '2017-05-01' AND '2017-05-10',2017-05-01,date_string,True
97_1,97,SELECT DISTINCT idcase FROM event_log WHERE activity = 'Request payment' AND timestamp BETWEEN '2017-05-01' AND '2017-05-10',2017-05-10,date_string,True
97_2,97,SELECT DISTINCT idcase FROM event_log WHERE activity = 'Request payment' AND timestamp BETWEEN '2017-05-01' AND '2017-05-10',Request payment,string,True
97_2,97,SELECT DISTINCT idcase FROM event_log WHERE activity = 'Request payment' AND timestamp BETWEEN '2017-05-01' AND '2017-05-10',2017-05-01,date_string,True
97_2,97,SELECT DISTINCT idcase FROM event_log WHERE activity = 'Request payment' AND timestamp BETWEEN '2017-05-01' AND '2017-05-10',2017-05-10,date_string,True
97_3,97,SELECT DISTINCT idcase FROM event_log WHERE activity = 'Request payment' AND timestamp BETWEEN '2017-05-01' AND '2017-05-10',Request payment,string,True
97_3,97,SELECT DISTINCT idcase FROM event_log WHERE activity = 'Request payment' AND timestamp BETWEEN '2017-05-01' AND '2017-05-10',2017-05-01,date_string,True
97_3,97,SELECT DISTINCT idcase FROM event_log WHERE activity = 'Request payment' AND timestamp BETWEEN '2017-05-01' AND '2017-05-10',2017-05-10,date_string,True
97_4,97,SELECT DISTINCT idcase FROM event_log WHERE activity = 'Request payment' AND timestamp BETWEEN '2017-05-01' AND '2017-05-10',Request payment,string,True
97_4,97,SELECT DISTINCT idcase FROM event_log WHERE activity = 'Request payment' AND timestamp BETWEEN '2017-05-01' AND '2017-05-10',2017-05-01,date_string,True
97_4,97,SELECT DISTINCT idcase FROM event_log WHERE activity = 'Request payment' AND timestamp BETWEEN '2017-05-01' AND '2017-05-10',2017-05-10,date_string,True
97_5,97,SELECT DISTINCT idcase FROM event_log WHERE activity = 'Request payment' AND timestamp BETWEEN '2017-05-01' AND '2017-05-10',Request payment,string,True
97_5,97,SELECT DISTINCT idcase FROM event_log WHERE activity = 'Request payment' AND timestamp BETWEEN '2017-05-01' AND '2017-05-10',2017-05-01,date_string,True
97_5,97,SELECT DISTINCT idcase FROM event_log WHERE activity = 'Request payment' AND timestamp BETWEEN '2017-05-01' AND '2017-05-10',2017-05-10,date_string,True
97_6,97,SELECT DISTINCT idcase FROM event_log WHERE activity = 'Request payment' AND timestamp BETWEEN '2017-05-01' AND '2017-05-10',Request payment,string,False
97_6,97,SELECT DISTINCT idcase FROM event_log WHERE activity = 'Request payment' AND timestamp BETWEEN '2017-05-01' AND '2017-05-10',2017-05-01,date_string,True
97_6,97,SELECT DISTINCT idcase FROM event_log WHERE activity = 'Request payment' AND timestamp BETWEEN '2017-05-01' AND '2017-05-10',2017-05-10,date_string,True
97_7,97,SELECT DISTINCT idcase FROM event_log WHERE activity = 'Request payment' AND timestamp BETWEEN '2017-05-01' AND '2017-05-10',Request payment,string,False
97_7,97,SELECT DISTINCT idcase FROM event_log WHERE activity = 'Request payment' AND timestamp BETWEEN '2017-05-01' AND '2017-05-10',2017-05-01,date_string,True
97_7,97,SELECT DISTINCT idcase FROM event_log WHERE activity = 'Request payment' AND timestamp BETWEEN '2017-05-01' AND '2017-05-10',2017-05-10,date_string,True
99_0,99,SELECT idcase from event_log group by idcase HAVING COUNT(DISTINCT resource) = 1 AND resource = 'Christopher',Christopher,string,True
99_1,99,SELECT idcase from event_log group by idcase HAVING COUNT(DISTINCT resource) = 1 AND resource = 'Christopher',Christopher,string,True
99_2,99,SELECT idcase from event_log group by idcase HAVING COUNT(DISTINCT resource) = 1 AND resource = 'Christopher',Christopher,string,True
99_3,99,SELECT idcase from event_log group by idcase HAVING COUNT(DISTINCT resource) = 1 AND resource = 'Christopher',Christopher,string,True
99_4,99,SELECT idcase from event_log group by idcase HAVING COUNT(DISTINCT resource) = 1 AND resource = 'Christopher',Christopher,string,True
99_5,99,SELECT idcase from event_log group by idcase HAVING COUNT(DISTINCT resource) = 1 AND resource = 'Christopher',Christopher,string,True
99_6,99,SELECT idcase from event_log group by idcase HAVING COUNT(DISTINCT resource) = 1 AND resource = 'Christopher',Christopher,string,True
99_7,99,SELECT idcase from event_log group by idcase HAVING COUNT(DISTINCT resource) = 1 AND resource = 'Christopher',Christopher,string,True
101_0,101,"SELECT DISTINCT(idcase) FROM (SELECT idcase, strftime('%Y-%m-%d', timestamp) as event_date, COUNT(*) as event_count FROM event_log GROUP BY idcase, event_date HAVING event_count > 1)",%Y-%m-%d,string,False
101_1,101,"SELECT DISTINCT(idcase) FROM (SELECT idcase, strftime('%Y-%m-%d', timestamp) as event_date, COUNT(*) as event_count FROM event_log GROUP BY idcase, event_date HAVING event_count > 1)",%Y-%m-%d,string,False
101_2,101,"SELECT DISTINCT(idcase) FROM (SELECT idcase, strftime('%Y-%m-%d', timestamp) as event_date, COUNT(*) as event_count FROM event_log GROUP BY idcase, event_date HAVING event_count > 1)",%Y-%m-%d,string,False
101_3,101,"SELECT DISTINCT(idcase) FROM (SELECT idcase, strftime('%Y-%m-%d', timestamp) as event_date, COUNT(*) as event_count FROM event_log GROUP BY idcase, event_date HAVING event_count > 1)",%Y-%m-%d,string,False
101_4,101,"SELECT DISTINCT(idcase) FROM (SELECT idcase, strftime('%Y-%m-%d', timestamp) as event_date, COUNT(*) as event_count FROM event_log GROUP BY idcase, event_date HAVING event_count > 1)",%Y-%m-%d,string,False
101_5,101,"SELECT DISTINCT(idcase) FROM (SELECT idcase, strftime('%Y-%m-%d', timestamp) as event_date, COUNT(*) as event_count FROM event_log GROUP BY idcase, event_date HAVING event_count > 1)",%Y-%m-%d,string,False
101_6,101,"SELECT DISTINCT(idcase) FROM (SELECT idcase, strftime('%Y-%m-%d', timestamp) as event_date, COUNT(*) as event_count FROM event_log GROUP BY idcase, event_date HAVING event_count > 1)",%Y-%m-%d,string,False
103_0,103,select * from event_log where activity = 'Permit rejected by director',Permit rejected by director,string,True
103_1,103,select * from event_log where activity = 'Permit rejected by director',Permit rejected by director,string,True
103_2,103,select * from event_log where activity = 'Permit rejected by director',Permit rejected by director,string,True
103_3,103,select * from event_log where activity = 'Permit rejected by director',Permit rejected by director,string,False
103_4,103,select * from event_log where activity = 'Permit rejected by director',Permit rejected by director,string,True
103_5,103,select * from event_log where activity = 'Permit rejected by director',Permit rejected by director,string,True
103_6,103,select * from event_log where activity = 'Permit rejected by director',Permit rejected by director,string,False
103_7,103,select * from event_log where activity = 'Permit rejected by director',Permit rejected by director,string,False
104_0,104,"select strftime('%Y-%m-%d', timestamp), sum(cost) from event_log group by strftime('%Y-%m-%d', timestamp)",%Y-%m-%d,string,False
104_0,104,"select strftime('%Y-%m-%d', timestamp), sum(cost) from event_log group by strftime('%Y-%m-%d', timestamp)",%Y-%m-%d,string,False
104_1,104,"select strftime('%Y-%m-%d', timestamp), sum(cost) from event_log group by strftime('%Y-%m-%d', timestamp)",%Y-%m-%d,string,False
104_1,104,"select strftime('%Y-%m-%d', timestamp), sum(cost) from event_log group by strftime('%Y-%m-%d', timestamp)",%Y-%m-%d,string,False
104_2,104,"select strftime('%Y-%m-%d', timestamp), sum(cost) from event_log group by strftime('%Y-%m-%d', timestamp)",%Y-%m-%d,string,False
104_2,104,"select strftime('%Y-%m-%d', timestamp), sum(cost) from event_log group by strftime('%Y-%m-%d', timestamp)",%Y-%m-%d,string,False
104_3,104,"select strftime('%Y-%m-%d', timestamp), sum(cost) from event_log group by strftime('%Y-%m-%d', timestamp)",%Y-%m-%d,string,False
104_3,104,"select strftime('%Y-%m-%d', timestamp), sum(cost) from event_log group by strftime('%Y-%m-%d', timestamp)",%Y-%m-%d,string,False
104_4,104,"select strftime('%Y-%m-%d', timestamp), sum(cost) from event_log group by strftime('%Y-%m-%d', timestamp)",%Y-%m-%d,string,False
104_4,104,"select strftime('%Y-%m-%d', timestamp), sum(cost) from event_log group by strftime('%Y-%m-%d', timestamp)",%Y-%m-%d,string,False
104_5,104,"select strftime('%Y-%m-%d', timestamp), sum(cost) from event_log group by strftime('%Y-%m-%d', timestamp)",%Y-%m-%d,string,False
104_5,104,"select strftime('%Y-%m-%d', timestamp), sum(cost) from event_log group by strftime('%Y-%m-%d', timestamp)",%Y-%m-%d,string,False
104_6,104,"select strftime('%Y-%m-%d', timestamp), sum(cost) from event_log group by strftime('%Y-%m-%d', timestamp)",%Y-%m-%d,string,False
104_6,104,"select strftime('%Y-%m-%d', timestamp), sum(cost) from event_log group by strftime('%Y-%m-%d', timestamp)",%Y-%m-%d,string,False
104_7,104,"select strftime('%Y-%m-%d', timestamp), sum(cost) from event_log group by strftime('%Y-%m-%d', timestamp)",%Y-%m-%d,string,False
104_7,104,"select strftime('%Y-%m-%d', timestamp), sum(cost) from event_log group by strftime('%Y-%m-%d', timestamp)",%Y-%m-%d,string,False
105_0,105,SELECT DISTINCT activity FROM event_log WHERE (activity LIKE '%supervisor%' OR activity LIKE '%director%' ) AND cost > 1000,%supervisor%,string,False
105_0,105,SELECT DISTINCT activity FROM event_log WHERE (activity LIKE '%supervisor%' OR activity LIKE '%director%' ) AND cost > 1000,%director%,string,False
105_0,105,SELECT DISTINCT activity FROM event_log WHERE (activity LIKE '%supervisor%' OR activity LIKE '%director%' ) AND cost > 1000,1000,numeric,True
105_1,105,SELECT DISTINCT activity FROM event_log WHERE (activity LIKE '%supervisor%' OR activity LIKE '%director%' ) AND cost > 1000,%supervisor%,string,False
105_1,105,SELECT DISTINCT activity FROM event_log WHERE (activity LIKE '%supervisor%' OR activity LIKE '%director%' ) AND cost > 1000,%director%,string,False
105_1,105,SELECT DISTINCT activity FROM event_log WHERE (activity LIKE '%supervisor%' OR activity LIKE '%director%' ) AND cost > 1000,1000,numeric,True
105_2,105,SELECT DISTINCT activity FROM event_log WHERE (activity LIKE '%supervisor%' OR activity LIKE '%director%' ) AND cost > 1000,%supervisor%,string,False
105_2,105,SELECT DISTINCT activity FROM event_log WHERE (activity LIKE '%supervisor%' OR activity LIKE '%director%' ) AND cost > 1000,%director%,string,False
105_2,105,SELECT DISTINCT activity FROM event_log WHERE (activity LIKE '%supervisor%' OR activity LIKE '%director%' ) AND cost > 1000,1000,numeric,True
105_3,105,SELECT DISTINCT activity FROM event_log WHERE (activity LIKE '%supervisor%' OR activity LIKE '%director%' ) AND cost > 1000,%supervisor%,string,False
105_3,105,SELECT DISTINCT activity FROM event_log WHERE (activity LIKE '%supervisor%' OR activity LIKE '%director%' ) AND cost > 1000,%director%,string,False
105_3,105,SELECT DISTINCT activity FROM event_log WHERE (activity LIKE '%supervisor%' OR activity LIKE '%director%' ) AND cost > 1000,1000,numeric,True
105_4,105,SELECT DISTINCT activity FROM event_log WHERE (activity LIKE '%supervisor%' OR activity LIKE '%director%' ) AND cost > 1000,%supervisor%,string,False
105_4,105,SELECT DISTINCT activity FROM event_log WHERE (activity LIKE '%supervisor%' OR activity LIKE '%director%' ) AND cost > 1000,%director%,string,False
105_4,105,SELECT DISTINCT activity FROM event_log WHERE (activity LIKE '%supervisor%' OR activity LIKE '%director%' ) AND cost > 1000,1000,numeric,True
105_5,105,SELECT DISTINCT activity FROM event_log WHERE (activity LIKE '%supervisor%' OR activity LIKE '%director%' ) AND cost > 1000,%supervisor%,string,False
105_5,105,SELECT DISTINCT activity FROM event_log WHERE (activity LIKE '%supervisor%' OR activity LIKE '%director%' ) AND cost > 1000,%director%,string,False
105_5,105,SELECT DISTINCT activity FROM event_log WHERE (activity LIKE '%supervisor%' OR activity LIKE '%director%' ) AND cost > 1000,1000,numeric,True
108_0,108,"SELECT idcase, count(*) FROM event_log where resource = 'Alexis' GROUP by idcase",Alexis,string,True
108_1,108,"SELECT idcase, count(*) FROM event_log where resource = 'Alexis' GROUP by idcase",Alexis,string,True
108_2,108,"SELECT idcase, count(*) FROM event_log where resource = 'Alexis' GROUP by idcase",Alexis,string,True
108_3,108,"SELECT idcase, count(*) FROM event_log where resource = 'Alexis' GROUP by idcase",Alexis,string,True
108_4,108,"SELECT idcase, count(*) FROM event_log where resource = 'Alexis' GROUP by idcase",Alexis,string,True
108_5,108,"SELECT idcase, count(*) FROM event_log where resource = 'Alexis' GROUP by idcase",Alexis,string,True
108_6,108,"SELECT idcase, count(*) FROM event_log where resource = 'Alexis' GROUP by idcase",Alexis,string,True
108_7,108,"SELECT idcase, count(*) FROM event_log where resource = 'Alexis' GROUP by idcase",Alexis,string,True
109_0,109,SELECT count(DISTINCT e1.idcase) FROM event_log e1 INNER JOIN event_log e2 ON e1.idcase = e2.idcase WHERE e1.activity = 'Permit final approved by supervisor' AND e2.activity = 'Start trip' AND e1.timestamp < e2.timestamp,Permit final approved by supervisor,string,True
109_0,109,SELECT count(DISTINCT e1.idcase) FROM event_log e1 INNER JOIN event_log e2 ON e1.idcase = e2.idcase WHERE e1.activity = 'Permit final approved by supervisor' AND e2.activity = 'Start trip' AND e1.timestamp < e2.timestamp,Start trip,string,True
109_1,109,SELECT count(DISTINCT e1.idcase) FROM event_log e1 INNER JOIN event_log e2 ON e1.idcase = e2.idcase WHERE e1.activity = 'Permit final approved by supervisor' AND e2.activity = 'Start trip' AND e1.timestamp < e2.timestamp,Permit final approved by supervisor,string,True
109_1,109,SELECT count(DISTINCT e1.idcase) FROM event_log e1 INNER JOIN event_log e2 ON e1.idcase = e2.idcase WHERE e1.activity = 'Permit final approved by supervisor' AND e2.activity = 'Start trip' AND e1.timestamp < e2.timestamp,Start trip,string,True
109_2,109,SELECT count(DISTINCT e1.idcase) FROM event_log e1 INNER JOIN event_log e2 ON e1.idcase = e2.idcase WHERE e1.activity = 'Permit final approved by supervisor' AND e2.activity = 'Start trip' AND e1.timestamp < e2.timestamp,Permit final approved by supervisor,string,True
109_2,109,SELECT count(DISTINCT e1.idcase) FROM event_log e1 INNER JOIN event_log e2 ON e1.idcase = e2.idcase WHERE e1.activity = 'Permit final approved by supervisor' AND e2.activity = 'Start trip' AND e1.timestamp < e2.timestamp,Start trip,string,True
109_3,109,SELECT count(DISTINCT e1.idcase) FROM event_log e1 INNER JOIN event_log e2 ON e1.idcase = e2.idcase WHERE e1.activity = 'Permit final approved by supervisor' AND e2.activity = 'Start trip' AND e1.timestamp < e2.timestamp,Permit final approved by supervisor,string,True
109_3,109,SELECT count(DISTINCT e1.idcase) FROM event_log e1 INNER JOIN event_log e2 ON e1.idcase = e2.idcase WHERE e1.activity = 'Permit final approved by supervisor' AND e2.activity = 'Start trip' AND e1.timestamp < e2.timestamp,Start trip,string,True
109_4,109,SELECT count(DISTINCT e1.idcase) FROM event_log e1 INNER JOIN event_log e2 ON e1.idcase = e2.idcase WHERE e1.activity = 'Permit final approved by supervisor' AND e2.activity = 'Start trip' AND e1.timestamp < e2.timestamp,Permit final approved by supervisor,string,True
109_4,109,SELECT count(DISTINCT e1.idcase) FROM event_log e1 INNER JOIN event_log e2 ON e1.idcase = e2.idcase WHERE e1.activity = 'Permit final approved by supervisor' AND e2.activity = 'Start trip' AND e1.timestamp < e2.timestamp,Start trip,string,True
109_5,109,SELECT count(DISTINCT e1.idcase) FROM event_log e1 INNER JOIN event_log e2 ON e1.idcase = e2.idcase WHERE e1.activity = 'Permit final approved by supervisor' AND e2.activity = 'Start trip' AND e1.timestamp < e2.timestamp,Permit final approved by supervisor,string,False
109_5,109,SELECT count(DISTINCT e1.idcase) FROM event_log e1 INNER JOIN event_log e2 ON e1.idcase = e2.idcase WHERE e1.activity = 'Permit final approved by supervisor' AND e2.activity = 'Start trip' AND e1.timestamp < e2.timestamp,Start trip,string,False
109_6,109,SELECT count(DISTINCT e1.idcase) FROM event_log e1 INNER JOIN event_log e2 ON e1.idcase = e2.idcase WHERE e1.activity = 'Permit final approved by supervisor' AND e2.activity = 'Start trip' AND e1.timestamp < e2.timestamp,Permit final approved by supervisor,string,False
109_6,109,SELECT count(DISTINCT e1.idcase) FROM event_log e1 INNER JOIN event_log e2 ON e1.idcase = e2.idcase WHERE e1.activity = 'Permit final approved by supervisor' AND e2.activity = 'Start trip' AND e1.timestamp < e2.timestamp,Start trip,string,False
109_7,109,SELECT count(DISTINCT e1.idcase) FROM event_log e1 INNER JOIN event_log e2 ON e1.idcase = e2.idcase WHERE e1.activity = 'Permit final approved by supervisor' AND e2.activity = 'Start trip' AND e1.timestamp < e2.timestamp,Permit final approved by supervisor,string,False
109_7,109,SELECT count(DISTINCT e1.idcase) FROM event_log e1 INNER JOIN event_log e2 ON e1.idcase = e2.idcase WHERE e1.activity = 'Permit final approved by supervisor' AND e2.activity = 'Start trip' AND e1.timestamp < e2.timestamp,Start trip,string,False
110_0,110,"select * from event_log where activity = 'End trip' and strftime('%Y-%m-%d', timestamp) !=  '2017-12-12'",End trip,string,True
110_0,110,"select * from event_log where activity = 'End trip' and strftime('%Y-%m-%d', timestamp) !=  '2017-12-12'",%Y-%m-%d,string,False
110_0,110,"select * from event_log where activity = 'End trip' and strftime('%Y-%m-%d', timestamp) !=  '2017-12-12'",2017-12-12,date_string,True
110_1,110,"select * from event_log where activity = 'End trip' and strftime('%Y-%m-%d', timestamp) !=  '2017-12-12'",End trip,string,True
110_1,110,"select * from event_log where activity = 'End trip' and strftime('%Y-%m-%d', timestamp) !=  '2017-12-12'",%Y-%m-%d,string,False
110_1,110,"select * from event_log where activity = 'End trip' and strftime('%Y-%m-%d', timestamp) !=  '2017-12-12'",2017-12-12,date_string,True
110_2,110,"select * from event_log where activity = 'End trip' and strftime('%Y-%m-%d', timestamp) !=  '2017-12-12'",End trip,string,True
110_2,110,"select * from event_log where activity = 'End trip' and strftime('%Y-%m-%d', timestamp) !=  '2017-12-12'",%Y-%m-%d,string,False
110_2,110,"select * from event_log where activity = 'End trip' and strftime('%Y-%m-%d', timestamp) !=  '2017-12-12'",2017-12-12,date_string,True
110_3,110,"select * from event_log where activity = 'End trip' and strftime('%Y-%m-%d', timestamp) !=  '2017-12-12'",End trip,string,True
110_3,110,"select * from event_log where activity = 'End trip' and strftime('%Y-%m-%d', timestamp) !=  '2017-12-12'",%Y-%m-%d,string,False
110_3,110,"select * from event_log where activity = 'End trip' and strftime('%Y-%m-%d', timestamp) !=  '2017-12-12'",2017-12-12,date_string,True
110_4,110,"select * from event_log where activity = 'End trip' and strftime('%Y-%m-%d', timestamp) !=  '2017-12-12'",End trip,string,True
110_4,110,"select * from event_log where activity = 'End trip' and strftime('%Y-%m-%d', timestamp) !=  '2017-12-12'",%Y-%m-%d,string,False
110_4,110,"select * from event_log where activity = 'End trip' and strftime('%Y-%m-%d', timestamp) !=  '2017-12-12'",2017-12-12,date_string,True
110_5,110,"select * from event_log where activity = 'End trip' and strftime('%Y-%m-%d', timestamp) !=  '2017-12-12'",End trip,string,True
110_5,110,"select * from event_log where activity = 'End trip' and strftime('%Y-%m-%d', timestamp) !=  '2017-12-12'",%Y-%m-%d,string,False
110_5,110,"select * from event_log where activity = 'End trip' and strftime('%Y-%m-%d', timestamp) !=  '2017-12-12'",2017-12-12,date_string,True
110_6,110,"select * from event_log where activity = 'End trip' and strftime('%Y-%m-%d', timestamp) !=  '2017-12-12'",End trip,string,False
110_6,110,"select * from event_log where activity = 'End trip' and strftime('%Y-%m-%d', timestamp) !=  '2017-12-12'",%Y-%m-%d,string,False
110_6,110,"select * from event_log where activity = 'End trip' and strftime('%Y-%m-%d', timestamp) !=  '2017-12-12'",2017-12-12,date_string,True
113_0,113,SELECT activity FROM event_log EXCEPT SELECT activity FROM event_log where resource = 'Virginia',Virginia,string,True
113_1,113,SELECT activity FROM event_log EXCEPT SELECT activity FROM event_log where resource = 'Virginia',Virginia,string,True
113_2,113,SELECT activity FROM event_log EXCEPT SELECT activity FROM event_log where resource = 'Virginia',Virginia,string,True
113_3,113,SELECT activity FROM event_log EXCEPT SELECT activity FROM event_log where resource = 'Virginia',Virginia,string,True
113_4,113,SELECT activity FROM event_log EXCEPT SELECT activity FROM event_log where resource = 'Virginia',Virginia,string,True
113_5,113,SELECT activity FROM event_log EXCEPT SELECT activity FROM event_log where resource = 'Virginia',Virginia,string,True
114_0,114,SELECT AVG(cost) FROM event_log WHERE idcase IN (SELECT DISTINCT idcase FROM event_log where activity LIKE '%rejected%') ,%rejected%,string,False
114_1,114,SELECT AVG(cost) FROM event_log WHERE idcase IN (SELECT DISTINCT idcase FROM event_log where activity LIKE '%rejected%') ,%rejected%,string,False
114_2,114,SELECT AVG(cost) FROM event_log WHERE idcase IN (SELECT DISTINCT idcase FROM event_log where activity LIKE '%rejected%') ,%rejected%,string,False
114_3,114,SELECT AVG(cost) FROM event_log WHERE idcase IN (SELECT DISTINCT idcase FROM event_log where activity LIKE '%rejected%') ,%rejected%,string,False
114_4,114,SELECT AVG(cost) FROM event_log WHERE idcase IN (SELECT DISTINCT idcase FROM event_log where activity LIKE '%rejected%') ,%rejected%,string,False
114_5,114,SELECT AVG(cost) FROM event_log WHERE idcase IN (SELECT DISTINCT idcase FROM event_log where activity LIKE '%rejected%') ,%rejected%,string,False
114_6,114,SELECT AVG(cost) FROM event_log WHERE idcase IN (SELECT DISTINCT idcase FROM event_log where activity LIKE '%rejected%') ,%rejected%,string,False
115_0,115,"WITH RankedEvents AS (SELECT id, activity, timestamp, LEAD(timestamp) OVER (PARTITION BY idcase ORDER BY timestamp) AS next_timestamp, idcase FROM event_log) SELECT idcase, coalesce((strftime('%s', next_timestamp) - strftime('%s', timestamp)),0) as duration FROM RankedEvents WHERE activity='Declaration approved by supervisor'",%s,string,False
115_0,115,"WITH RankedEvents AS (SELECT id, activity, timestamp, LEAD(timestamp) OVER (PARTITION BY idcase ORDER BY timestamp) AS next_timestamp, idcase FROM event_log) SELECT idcase, coalesce((strftime('%s', next_timestamp) - strftime('%s', timestamp)),0) as duration FROM RankedEvents WHERE activity='Declaration approved by supervisor'",%s,string,False
115_0,115,"WITH RankedEvents AS (SELECT id, activity, timestamp, LEAD(timestamp) OVER (PARTITION BY idcase ORDER BY timestamp) AS next_timestamp, idcase FROM event_log) SELECT idcase, coalesce((strftime('%s', next_timestamp) - strftime('%s', timestamp)),0) as duration FROM RankedEvents WHERE activity='Declaration approved by supervisor'",Declaration approved by supervisor,string,True
115_0,115,"WITH RankedEvents AS (SELECT id, activity, timestamp, LEAD(timestamp) OVER (PARTITION BY idcase ORDER BY timestamp) AS next_timestamp, idcase FROM event_log) SELECT idcase, coalesce((strftime('%s', next_timestamp) - strftime('%s', timestamp)),0) as duration FROM RankedEvents WHERE activity='Declaration approved by supervisor'",0,numeric,False
115_1,115,"WITH RankedEvents AS (SELECT id, activity, timestamp, LEAD(timestamp) OVER (PARTITION BY idcase ORDER BY timestamp) AS next_timestamp, idcase FROM event_log) SELECT idcase, coalesce((strftime('%s', next_timestamp) - strftime('%s', timestamp)),0) as duration FROM RankedEvents WHERE activity='Declaration approved by supervisor'",%s,string,False
115_1,115,"WITH RankedEvents AS (SELECT id, activity, timestamp, LEAD(timestamp) OVER (PARTITION BY idcase ORDER BY timestamp) AS next_timestamp, idcase FROM event_log) SELECT idcase, coalesce((strftime('%s', next_timestamp) - strftime('%s', timestamp)),0) as duration FROM RankedEvents WHERE activity='Declaration approved by supervisor'",%s,string,False
115_1,115,"WITH RankedEvents AS (SELECT id, activity, timestamp, LEAD(timestamp) OVER (PARTITION BY idcase ORDER BY timestamp) AS next_timestamp, idcase FROM event_log) SELECT idcase, coalesce((strftime('%s', next_timestamp) - strftime('%s', timestamp)),0) as duration FROM RankedEvents WHERE activity='Declaration approved by supervisor'",Declaration approved by supervisor,string,True
115_1,115,"WITH RankedEvents AS (SELECT id, activity, timestamp, LEAD(timestamp) OVER (PARTITION BY idcase ORDER BY timestamp) AS next_timestamp, idcase FROM event_log) SELECT idcase, coalesce((strftime('%s', next_timestamp) - strftime('%s', timestamp)),0) as duration FROM RankedEvents WHERE activity='Declaration approved by supervisor'",0,numeric,False
115_2,115,"WITH RankedEvents AS (SELECT id, activity, timestamp, LEAD(timestamp) OVER (PARTITION BY idcase ORDER BY timestamp) AS next_timestamp, idcase FROM event_log) SELECT idcase, coalesce((strftime('%s', next_timestamp) - strftime('%s', timestamp)),0) as duration FROM RankedEvents WHERE activity='Declaration approved by supervisor'",%s,string,False
115_2,115,"WITH RankedEvents AS (SELECT id, activity, timestamp, LEAD(timestamp) OVER (PARTITION BY idcase ORDER BY timestamp) AS next_timestamp, idcase FROM event_log) SELECT idcase, coalesce((strftime('%s', next_timestamp) - strftime('%s', timestamp)),0) as duration FROM RankedEvents WHERE activity='Declaration approved by supervisor'",%s,string,False
115_2,115,"WITH RankedEvents AS (SELECT id, activity, timestamp, LEAD(timestamp) OVER (PARTITION BY idcase ORDER BY timestamp) AS next_timestamp, idcase FROM event_log) SELECT idcase, coalesce((strftime('%s', next_timestamp) - strftime('%s', timestamp)),0) as duration FROM RankedEvents WHERE activity='Declaration approved by supervisor'",Declaration approved by supervisor,string,True
115_2,115,"WITH RankedEvents AS (SELECT id, activity, timestamp, LEAD(timestamp) OVER (PARTITION BY idcase ORDER BY timestamp) AS next_timestamp, idcase FROM event_log) SELECT idcase, coalesce((strftime('%s', next_timestamp) - strftime('%s', timestamp)),0) as duration FROM RankedEvents WHERE activity='Declaration approved by supervisor'",0,numeric,False
115_3,115,"WITH RankedEvents AS (SELECT id, activity, timestamp, LEAD(timestamp) OVER (PARTITION BY idcase ORDER BY timestamp) AS next_timestamp, idcase FROM event_log) SELECT idcase, coalesce((strftime('%s', next_timestamp) - strftime('%s', timestamp)),0) as duration FROM RankedEvents WHERE activity='Declaration approved by supervisor'",%s,string,False
115_3,115,"WITH RankedEvents AS (SELECT id, activity, timestamp, LEAD(timestamp) OVER (PARTITION BY idcase ORDER BY timestamp) AS next_timestamp, idcase FROM event_log) SELECT idcase, coalesce((strftime('%s', next_timestamp) - strftime('%s', timestamp)),0) as duration FROM RankedEvents WHERE activity='Declaration approved by supervisor'",%s,string,False
115_3,115,"WITH RankedEvents AS (SELECT id, activity, timestamp, LEAD(timestamp) OVER (PARTITION BY idcase ORDER BY timestamp) AS next_timestamp, idcase FROM event_log) SELECT idcase, coalesce((strftime('%s', next_timestamp) - strftime('%s', timestamp)),0) as duration FROM RankedEvents WHERE activity='Declaration approved by supervisor'",Declaration approved by supervisor,string,True
115_3,115,"WITH RankedEvents AS (SELECT id, activity, timestamp, LEAD(timestamp) OVER (PARTITION BY idcase ORDER BY timestamp) AS next_timestamp, idcase FROM event_log) SELECT idcase, coalesce((strftime('%s', next_timestamp) - strftime('%s', timestamp)),0) as duration FROM RankedEvents WHERE activity='Declaration approved by supervisor'",0,numeric,False
115_4,115,"WITH RankedEvents AS (SELECT id, activity, timestamp, LEAD(timestamp) OVER (PARTITION BY idcase ORDER BY timestamp) AS next_timestamp, idcase FROM event_log) SELECT idcase, coalesce((strftime('%s', next_timestamp) - strftime('%s', timestamp)),0) as duration FROM RankedEvents WHERE activity='Declaration approved by supervisor'",%s,string,False
115_4,115,"WITH RankedEvents AS (SELECT id, activity, timestamp, LEAD(timestamp) OVER (PARTITION BY idcase ORDER BY timestamp) AS next_timestamp, idcase FROM event_log) SELECT idcase, coalesce((strftime('%s', next_timestamp) - strftime('%s', timestamp)),0) as duration FROM RankedEvents WHERE activity='Declaration approved by supervisor'",%s,string,False
115_4,115,"WITH RankedEvents AS (SELECT id, activity, timestamp, LEAD(timestamp) OVER (PARTITION BY idcase ORDER BY timestamp) AS next_timestamp, idcase FROM event_log) SELECT idcase, coalesce((strftime('%s', next_timestamp) - strftime('%s', timestamp)),0) as duration FROM RankedEvents WHERE activity='Declaration approved by supervisor'",Declaration approved by supervisor,string,True
115_4,115,"WITH RankedEvents AS (SELECT id, activity, timestamp, LEAD(timestamp) OVER (PARTITION BY idcase ORDER BY timestamp) AS next_timestamp, idcase FROM event_log) SELECT idcase, coalesce((strftime('%s', next_timestamp) - strftime('%s', timestamp)),0) as duration FROM RankedEvents WHERE activity='Declaration approved by supervisor'",0,numeric,False
115_5,115,"WITH RankedEvents AS (SELECT id, activity, timestamp, LEAD(timestamp) OVER (PARTITION BY idcase ORDER BY timestamp) AS next_timestamp, idcase FROM event_log) SELECT idcase, coalesce((strftime('%s', next_timestamp) - strftime('%s', timestamp)),0) as duration FROM RankedEvents WHERE activity='Declaration approved by supervisor'",%s,string,False
115_5,115,"WITH RankedEvents AS (SELECT id, activity, timestamp, LEAD(timestamp) OVER (PARTITION BY idcase ORDER BY timestamp) AS next_timestamp, idcase FROM event_log) SELECT idcase, coalesce((strftime('%s', next_timestamp) - strftime('%s', timestamp)),0) as duration FROM RankedEvents WHERE activity='Declaration approved by supervisor'",%s,string,False
115_5,115,"WITH RankedEvents AS (SELECT id, activity, timestamp, LEAD(timestamp) OVER (PARTITION BY idcase ORDER BY timestamp) AS next_timestamp, idcase FROM event_log) SELECT idcase, coalesce((strftime('%s', next_timestamp) - strftime('%s', timestamp)),0) as duration FROM RankedEvents WHERE activity='Declaration approved by supervisor'",Declaration approved by supervisor,string,False
115_5,115,"WITH RankedEvents AS (SELECT id, activity, timestamp, LEAD(timestamp) OVER (PARTITION BY idcase ORDER BY timestamp) AS next_timestamp, idcase FROM event_log) SELECT idcase, coalesce((strftime('%s', next_timestamp) - strftime('%s', timestamp)),0) as duration FROM RankedEvents WHERE activity='Declaration approved by supervisor'",0,numeric,False
115_6,115,"WITH RankedEvents AS (SELECT id, activity, timestamp, LEAD(timestamp) OVER (PARTITION BY idcase ORDER BY timestamp) AS next_timestamp, idcase FROM event_log) SELECT idcase, coalesce((strftime('%s', next_timestamp) - strftime('%s', timestamp)),0) as duration FROM RankedEvents WHERE activity='Declaration approved by supervisor'",%s,string,False
115_6,115,"WITH RankedEvents AS (SELECT id, activity, timestamp, LEAD(timestamp) OVER (PARTITION BY idcase ORDER BY timestamp) AS next_timestamp, idcase FROM event_log) SELECT idcase, coalesce((strftime('%s', next_timestamp) - strftime('%s', timestamp)),0) as duration FROM RankedEvents WHERE activity='Declaration approved by supervisor'",%s,string,False
115_6,115,"WITH RankedEvents AS (SELECT id, activity, timestamp, LEAD(timestamp) OVER (PARTITION BY idcase ORDER BY timestamp) AS next_timestamp, idcase FROM event_log) SELECT idcase, coalesce((strftime('%s', next_timestamp) - strftime('%s', timestamp)),0) as duration FROM RankedEvents WHERE activity='Declaration approved by supervisor'",Declaration approved by supervisor,string,False
115_6,115,"WITH RankedEvents AS (SELECT id, activity, timestamp, LEAD(timestamp) OVER (PARTITION BY idcase ORDER BY timestamp) AS next_timestamp, idcase FROM event_log) SELECT idcase, coalesce((strftime('%s', next_timestamp) - strftime('%s', timestamp)),0) as duration FROM RankedEvents WHERE activity='Declaration approved by supervisor'",0,numeric,False
116_0,116,SELECT count(*) FROM event_log WHERE activity = 'Declaration rejected by pre-approver',Declaration rejected by pre-approver,string,True
116_1,116,SELECT count(*) FROM event_log WHERE activity = 'Declaration rejected by pre-approver',Declaration rejected by pre-approver,string,True
116_2,116,SELECT count(*) FROM event_log WHERE activity = 'Declaration rejected by pre-approver',Declaration rejected by pre-approver,string,True
116_3,116,SELECT count(*) FROM event_log WHERE activity = 'Declaration rejected by pre-approver',Declaration rejected by pre-approver,string,True
116_4,116,SELECT count(*) FROM event_log WHERE activity = 'Declaration rejected by pre-approver',Declaration rejected by pre-approver,string,True
116_5,116,SELECT count(*) FROM event_log WHERE activity = 'Declaration rejected by pre-approver',Declaration rejected by pre-approver,string,True
116_6,116,SELECT count(*) FROM event_log WHERE activity = 'Declaration rejected by pre-approver',Declaration rejected by pre-approver,string,False
116_7,116,SELECT count(*) FROM event_log WHERE activity = 'Declaration rejected by pre-approver',Declaration rejected by pre-approver,string,False
117_0,117,"SELECT idcase, timestamp FROM event_log WHERE activity = 'End trip' ORDER BY resource",End trip,string,True
117_1,117,"SELECT idcase, timestamp FROM event_log WHERE activity = 'End trip' ORDER BY resource",End trip,string,True
117_2,117,"SELECT idcase, timestamp FROM event_log WHERE activity = 'End trip' ORDER BY resource",End trip,string,True
117_3,117,"SELECT idcase, timestamp FROM event_log WHERE activity = 'End trip' ORDER BY resource",End trip,string,True
117_4,117,"SELECT idcase, timestamp FROM event_log WHERE activity = 'End trip' ORDER BY resource",End trip,string,False
117_5,117,"SELECT idcase, timestamp FROM event_log WHERE activity = 'End trip' ORDER BY resource",End trip,string,False
119_0,119,SELECT COUNT(DISTINCT idcase) FROM event_log WHERE activity = 'End trip' AND timestamp BETWEEN '2017-05-02' and '2017-05-12',End trip,string,True
119_0,119,SELECT COUNT(DISTINCT idcase) FROM event_log WHERE activity = 'End trip' AND timestamp BETWEEN '2017-05-02' and '2017-05-12',2017-05-02,date_string,True
119_0,119,SELECT COUNT(DISTINCT idcase) FROM event_log WHERE activity = 'End trip' AND timestamp BETWEEN '2017-05-02' and '2017-05-12',2017-05-12,date_string,True
119_1,119,SELECT COUNT(DISTINCT idcase) FROM event_log WHERE activity = 'End trip' AND timestamp BETWEEN '2017-05-02' and '2017-05-12',End trip,string,True
119_1,119,SELECT COUNT(DISTINCT idcase) FROM event_log WHERE activity = 'End trip' AND timestamp BETWEEN '2017-05-02' and '2017-05-12',2017-05-02,date_string,True
119_1,119,SELECT COUNT(DISTINCT idcase) FROM event_log WHERE activity = 'End trip' AND timestamp BETWEEN '2017-05-02' and '2017-05-12',2017-05-12,date_string,True
119_2,119,SELECT COUNT(DISTINCT idcase) FROM event_log WHERE activity = 'End trip' AND timestamp BETWEEN '2017-05-02' and '2017-05-12',End trip,string,True
119_2,119,SELECT COUNT(DISTINCT idcase) FROM event_log WHERE activity = 'End trip' AND timestamp BETWEEN '2017-05-02' and '2017-05-12',2017-05-02,date_string,True
119_2,119,SELECT COUNT(DISTINCT idcase) FROM event_log WHERE activity = 'End trip' AND timestamp BETWEEN '2017-05-02' and '2017-05-12',2017-05-12,date_string,True
119_3,119,SELECT COUNT(DISTINCT idcase) FROM event_log WHERE activity = 'End trip' AND timestamp BETWEEN '2017-05-02' and '2017-05-12',End trip,string,True
119_3,119,SELECT COUNT(DISTINCT idcase) FROM event_log WHERE activity = 'End trip' AND timestamp BETWEEN '2017-05-02' and '2017-05-12',2017-05-02,date_string,True
119_3,119,SELECT COUNT(DISTINCT idcase) FROM event_log WHERE activity = 'End trip' AND timestamp BETWEEN '2017-05-02' and '2017-05-12',2017-05-12,date_string,True
119_4,119,SELECT COUNT(DISTINCT idcase) FROM event_log WHERE activity = 'End trip' AND timestamp BETWEEN '2017-05-02' and '2017-05-12',End trip,string,True
119_4,119,SELECT COUNT(DISTINCT idcase) FROM event_log WHERE activity = 'End trip' AND timestamp BETWEEN '2017-05-02' and '2017-05-12',2017-05-02,date_string,True
119_4,119,SELECT COUNT(DISTINCT idcase) FROM event_log WHERE activity = 'End trip' AND timestamp BETWEEN '2017-05-02' and '2017-05-12',2017-05-12,date_string,True
119_5,119,SELECT COUNT(DISTINCT idcase) FROM event_log WHERE activity = 'End trip' AND timestamp BETWEEN '2017-05-02' and '2017-05-12',End trip,string,True
119_5,119,SELECT COUNT(DISTINCT idcase) FROM event_log WHERE activity = 'End trip' AND timestamp BETWEEN '2017-05-02' and '2017-05-12',2017-05-02,date_string,True
119_5,119,SELECT COUNT(DISTINCT idcase) FROM event_log WHERE activity = 'End trip' AND timestamp BETWEEN '2017-05-02' and '2017-05-12',2017-05-12,date_string,True
119_6,119,SELECT COUNT(DISTINCT idcase) FROM event_log WHERE activity = 'End trip' AND timestamp BETWEEN '2017-05-02' and '2017-05-12',End trip,string,False
119_6,119,SELECT COUNT(DISTINCT idcase) FROM event_log WHERE activity = 'End trip' AND timestamp BETWEEN '2017-05-02' and '2017-05-12',2017-05-02,date_string,True
119_6,119,SELECT COUNT(DISTINCT idcase) FROM event_log WHERE activity = 'End trip' AND timestamp BETWEEN '2017-05-02' and '2017-05-12',2017-05-12,date_string,True
119_7,119,SELECT COUNT(DISTINCT idcase) FROM event_log WHERE activity = 'End trip' AND timestamp BETWEEN '2017-05-02' and '2017-05-12',End trip,string,False
119_7,119,SELECT COUNT(DISTINCT idcase) FROM event_log WHERE activity = 'End trip' AND timestamp BETWEEN '2017-05-02' and '2017-05-12',2017-05-02,date_string,True
119_7,119,SELECT COUNT(DISTINCT idcase) FROM event_log WHERE activity = 'End trip' AND timestamp BETWEEN '2017-05-02' and '2017-05-12',2017-05-12,date_string,True
120_0,120,"SELECT idcase, resource, id, timestamp FROM event_log WHERE activity = 'Send reminder' ORDER BY timestamp",Send reminder,string,True
120_1,120,"SELECT idcase, resource, id, timestamp FROM event_log WHERE activity = 'Send reminder' ORDER BY timestamp",Send reminder,string,True
120_2,120,"SELECT idcase, resource, id, timestamp FROM event_log WHERE activity = 'Send reminder' ORDER BY timestamp",Send reminder,string,True
120_3,120,"SELECT idcase, resource, id, timestamp FROM event_log WHERE activity = 'Send reminder' ORDER BY timestamp",Send reminder,string,True
120_4,120,"SELECT idcase, resource, id, timestamp FROM event_log WHERE activity = 'Send reminder' ORDER BY timestamp",Send reminder,string,True
120_5,120,"SELECT idcase, resource, id, timestamp FROM event_log WHERE activity = 'Send reminder' ORDER BY timestamp",Send reminder,string,True
120_6,120,"SELECT idcase, resource, id, timestamp FROM event_log WHERE activity = 'Send reminder' ORDER BY timestamp",Send reminder,string,True
122_0,122,SELECT resource FROM event_log GROUP BY resource HAVING COUNT(DISTINCT idcase) > 200,200,numeric,False
122_1,122,SELECT resource FROM event_log GROUP BY resource HAVING COUNT(DISTINCT idcase) > 200,200,numeric,False
122_2,122,SELECT resource FROM event_log GROUP BY resource HAVING COUNT(DISTINCT idcase) > 200,200,numeric,False
122_3,122,SELECT resource FROM event_log GROUP BY resource HAVING COUNT(DISTINCT idcase) > 200,200,numeric,False
122_4,122,SELECT resource FROM event_log GROUP BY resource HAVING COUNT(DISTINCT idcase) > 200,200,numeric,False
122_5,122,SELECT resource FROM event_log GROUP BY resource HAVING COUNT(DISTINCT idcase) > 200,200,numeric,False
122_6,122,SELECT resource FROM event_log GROUP BY resource HAVING COUNT(DISTINCT idcase) > 200,200,numeric,True
124_0,124,SELECT DISTINCT activity FROM event_log WHERE activity LIKE '%declaration%',%declaration%,string,False
124_1,124,SELECT DISTINCT activity FROM event_log WHERE activity LIKE '%declaration%',%declaration%,string,False
124_2,124,SELECT DISTINCT activity FROM event_log WHERE activity LIKE '%declaration%',%declaration%,string,False
124_3,124,SELECT DISTINCT activity FROM event_log WHERE activity LIKE '%declaration%',%declaration%,string,False
124_4,124,SELECT DISTINCT activity FROM event_log WHERE activity LIKE '%declaration%',%declaration%,string,False
124_5,124,SELECT DISTINCT activity FROM event_log WHERE activity LIKE '%declaration%',%declaration%,string,False
124_6,124,SELECT DISTINCT activity FROM event_log WHERE activity LIKE '%declaration%',%declaration%,string,False
124_7,124,SELECT DISTINCT activity FROM event_log WHERE activity LIKE '%declaration%',%declaration%,string,False
127_0,127,SELECT DISTINCT activity FROM event_log WHERE activity LIKE '%permit%' OR activity LIKE '%declaration%',%permit%,string,False
127_0,127,SELECT DISTINCT activity FROM event_log WHERE activity LIKE '%permit%' OR activity LIKE '%declaration%',%declaration%,string,False
127_1,127,SELECT DISTINCT activity FROM event_log WHERE activity LIKE '%permit%' OR activity LIKE '%declaration%',%permit%,string,False
127_1,127,SELECT DISTINCT activity FROM event_log WHERE activity LIKE '%permit%' OR activity LIKE '%declaration%',%declaration%,string,False
127_2,127,SELECT DISTINCT activity FROM event_log WHERE activity LIKE '%permit%' OR activity LIKE '%declaration%',%permit%,string,False
127_2,127,SELECT DISTINCT activity FROM event_log WHERE activity LIKE '%permit%' OR activity LIKE '%declaration%',%declaration%,string,False
127_3,127,SELECT DISTINCT activity FROM event_log WHERE activity LIKE '%permit%' OR activity LIKE '%declaration%',%permit%,string,False
127_3,127,SELECT DISTINCT activity FROM event_log WHERE activity LIKE '%permit%' OR activity LIKE '%declaration%',%declaration%,string,False
127_4,127,SELECT DISTINCT activity FROM event_log WHERE activity LIKE '%permit%' OR activity LIKE '%declaration%',%permit%,string,False
127_4,127,SELECT DISTINCT activity FROM event_log WHERE activity LIKE '%permit%' OR activity LIKE '%declaration%',%declaration%,string,False
127_5,127,SELECT DISTINCT activity FROM event_log WHERE activity LIKE '%permit%' OR activity LIKE '%declaration%',%permit%,string,False
127_5,127,SELECT DISTINCT activity FROM event_log WHERE activity LIKE '%permit%' OR activity LIKE '%declaration%',%declaration%,string,False
127_6,127,SELECT DISTINCT activity FROM event_log WHERE activity LIKE '%permit%' OR activity LIKE '%declaration%',%permit%,string,False
127_6,127,SELECT DISTINCT activity FROM event_log WHERE activity LIKE '%permit%' OR activity LIKE '%declaration%',%declaration%,string,False
127_7,127,SELECT DISTINCT activity FROM event_log WHERE activity LIKE '%permit%' OR activity LIKE '%declaration%',%permit%,string,False
127_7,127,SELECT DISTINCT activity FROM event_log WHERE activity LIKE '%permit%' OR activity LIKE '%declaration%',%declaration%,string,False
127_8,127,SELECT DISTINCT activity FROM event_log WHERE activity LIKE '%permit%' OR activity LIKE '%declaration%',%permit%,string,False
127_8,127,SELECT DISTINCT activity FROM event_log WHERE activity LIKE '%permit%' OR activity LIKE '%declaration%',%declaration%,string,False
128_0,128,SELECT COUNT (*) FROM event_log WHERE activity = 'Declaration rejected by director',Declaration rejected by director,string,True
128_1,128,SELECT COUNT (*) FROM event_log WHERE activity = 'Declaration rejected by director',Declaration rejected by director,string,True
128_2,128,SELECT COUNT (*) FROM event_log WHERE activity = 'Declaration rejected by director',Declaration rejected by director,string,True
128_3,128,SELECT COUNT (*) FROM event_log WHERE activity = 'Declaration rejected by director',Declaration rejected by director,string,True
128_4,128,SELECT COUNT (*) FROM event_log WHERE activity = 'Declaration rejected by director',Declaration rejected by director,string,True
128_5,128,SELECT COUNT (*) FROM event_log WHERE activity = 'Declaration rejected by director',Declaration rejected by director,string,True
128_6,128,SELECT COUNT (*) FROM event_log WHERE activity = 'Declaration rejected by director',Declaration rejected by director,string,False
131_0,131,SELECT count(*) FROM event_log WHERE resource = 'Peter',Peter,string,True
131_1,131,SELECT count(*) FROM event_log WHERE resource = 'Peter',Peter,string,True
131_2,131,SELECT count(*) FROM event_log WHERE resource = 'Peter',Peter,string,True
131_3,131,SELECT count(*) FROM event_log WHERE resource = 'Peter',Peter,string,True
132_0,132,SELECT resource FROM event_log GROUP BY resource HAVING COUNT(DISTINCT idcase) > 3,3,numeric,False
132_1,132,SELECT resource FROM event_log GROUP BY resource HAVING COUNT(DISTINCT idcase) > 3,3,numeric,False
132_2,132,SELECT resource FROM event_log GROUP BY resource HAVING COUNT(DISTINCT idcase) > 3,3,numeric,False
132_3,132,SELECT resource FROM event_log GROUP BY resource HAVING COUNT(DISTINCT idcase) > 3,3,numeric,False
132_4,132,SELECT resource FROM event_log GROUP BY resource HAVING COUNT(DISTINCT idcase) > 3,3,numeric,False
132_5,132,SELECT resource FROM event_log GROUP BY resource HAVING COUNT(DISTINCT idcase) > 3,3,numeric,False
133_0,133,SELECT idcase FROM event_log WHERE idcase IN (SELECT DISTINCT idcase FROM event_log WHERE activity = 'Request payment' ) GROUP BY idcase ORDER BY count(*),Request payment,string,True
133_1,133,SELECT idcase FROM event_log WHERE idcase IN (SELECT DISTINCT idcase FROM event_log WHERE activity = 'Request payment' ) GROUP BY idcase ORDER BY count(*),Request payment,string,True
133_2,133,SELECT idcase FROM event_log WHERE idcase IN (SELECT DISTINCT idcase FROM event_log WHERE activity = 'Request payment' ) GROUP BY idcase ORDER BY count(*),Request payment,string,True
133_3,133,SELECT idcase FROM event_log WHERE idcase IN (SELECT DISTINCT idcase FROM event_log WHERE activity = 'Request payment' ) GROUP BY idcase ORDER BY count(*),Request payment,string,True
133_4,133,SELECT idcase FROM event_log WHERE idcase IN (SELECT DISTINCT idcase FROM event_log WHERE activity = 'Request payment' ) GROUP BY idcase ORDER BY count(*),Request payment,string,True
133_5,133,SELECT idcase FROM event_log WHERE idcase IN (SELECT DISTINCT idcase FROM event_log WHERE activity = 'Request payment' ) GROUP BY idcase ORDER BY count(*),Request payment,string,True
133_6,133,SELECT idcase FROM event_log WHERE idcase IN (SELECT DISTINCT idcase FROM event_log WHERE activity = 'Request payment' ) GROUP BY idcase ORDER BY count(*),Request payment,string,False
133_7,133,SELECT idcase FROM event_log WHERE idcase IN (SELECT DISTINCT idcase FROM event_log WHERE activity = 'Request payment' ) GROUP BY idcase ORDER BY count(*),Request payment,string,False
134_0,134,SELECT timestamp FROM event_log WHERE activity = 'End trip' OR activity = 'Declaration rejected by employee' ORDER BY timestamp,End trip,string,True
134_0,134,SELECT timestamp FROM event_log WHERE activity = 'End trip' OR activity = 'Declaration rejected by employee' ORDER BY timestamp,Declaration rejected by employee,string,True
134_1,134,SELECT timestamp FROM event_log WHERE activity = 'End trip' OR activity = 'Declaration rejected by employee' ORDER BY timestamp,End trip,string,True
134_1,134,SELECT timestamp FROM event_log WHERE activity = 'End trip' OR activity = 'Declaration rejected by employee' ORDER BY timestamp,Declaration rejected by employee,string,True
134_2,134,SELECT timestamp FROM event_log WHERE activity = 'End trip' OR activity = 'Declaration rejected by employee' ORDER BY timestamp,End trip,string,True
134_2,134,SELECT timestamp FROM event_log WHERE activity = 'End trip' OR activity = 'Declaration rejected by employee' ORDER BY timestamp,Declaration rejected by employee,string,True
134_3,134,SELECT timestamp FROM event_log WHERE activity = 'End trip' OR activity = 'Declaration rejected by employee' ORDER BY timestamp,End trip,string,True
134_3,134,SELECT timestamp FROM event_log WHERE activity = 'End trip' OR activity = 'Declaration rejected by employee' ORDER BY timestamp,Declaration rejected by employee,string,True
134_4,134,SELECT timestamp FROM event_log WHERE activity = 'End trip' OR activity = 'Declaration rejected by employee' ORDER BY timestamp,End trip,string,True
134_4,134,SELECT timestamp FROM event_log WHERE activity = 'End trip' OR activity = 'Declaration rejected by employee' ORDER BY timestamp,Declaration rejected by employee,string,False
134_5,134,SELECT timestamp FROM event_log WHERE activity = 'End trip' OR activity = 'Declaration rejected by employee' ORDER BY timestamp,End trip,string,True
134_5,134,SELECT timestamp FROM event_log WHERE activity = 'End trip' OR activity = 'Declaration rejected by employee' ORDER BY timestamp,Declaration rejected by employee,string,True
134_6,134,SELECT timestamp FROM event_log WHERE activity = 'End trip' OR activity = 'Declaration rejected by employee' ORDER BY timestamp,End trip,string,False
134_6,134,SELECT timestamp FROM event_log WHERE activity = 'End trip' OR activity = 'Declaration rejected by employee' ORDER BY timestamp,Declaration rejected by employee,string,False
134_7,134,SELECT timestamp FROM event_log WHERE activity = 'End trip' OR activity = 'Declaration rejected by employee' ORDER BY timestamp,End trip,string,False
134_7,134,SELECT timestamp FROM event_log WHERE activity = 'End trip' OR activity = 'Declaration rejected by employee' ORDER BY timestamp,Declaration rejected by employee,string,False
136_0,136,SELECT * FROM event_log WHERE activity LIKE 'E%',E%,string,False
136_1,136,SELECT * FROM event_log WHERE activity LIKE 'E%',E%,string,False
136_2,136,SELECT * FROM event_log WHERE activity LIKE 'E%',E%,string,False
136_3,136,SELECT * FROM event_log WHERE activity LIKE 'E%',E%,string,False
136_4,136,SELECT * FROM event_log WHERE activity LIKE 'E%',E%,string,False
136_5,136,SELECT * FROM event_log WHERE activity LIKE 'E%',E%,string,False
136_6,136,SELECT * FROM event_log WHERE activity LIKE 'E%',E%,string,False
136_7,136,SELECT * FROM event_log WHERE activity LIKE 'E%',E%,string,False
137_0,137,"SELECT id, activity, resource, cost FROM event_log WHERE cost BETWEEN 50 AND 400",50,numeric,True
137_0,137,"SELECT id, activity, resource, cost FROM event_log WHERE cost BETWEEN 50 AND 400",400,numeric,True
137_1,137,"SELECT id, activity, resource, cost FROM event_log WHERE cost BETWEEN 50 AND 400",50,numeric,True
137_1,137,"SELECT id, activity, resource, cost FROM event_log WHERE cost BETWEEN 50 AND 400",400,numeric,True
137_2,137,"SELECT id, activity, resource, cost FROM event_log WHERE cost BETWEEN 50 AND 400",50,numeric,True
137_2,137,"SELECT id, activity, resource, cost FROM event_log WHERE cost BETWEEN 50 AND 400",400,numeric,True
137_3,137,"SELECT id, activity, resource, cost FROM event_log WHERE cost BETWEEN 50 AND 400",50,numeric,True
137_3,137,"SELECT id, activity, resource, cost FROM event_log WHERE cost BETWEEN 50 AND 400",400,numeric,True
137_4,137,"SELECT id, activity, resource, cost FROM event_log WHERE cost BETWEEN 50 AND 400",50,numeric,False
137_4,137,"SELECT id, activity, resource, cost FROM event_log WHERE cost BETWEEN 50 AND 400",400,numeric,False
137_5,137,"SELECT id, activity, resource, cost FROM event_log WHERE cost BETWEEN 50 AND 400",50,numeric,True
137_5,137,"SELECT id, activity, resource, cost FROM event_log WHERE cost BETWEEN 50 AND 400",400,numeric,True
137_6,137,"SELECT id, activity, resource, cost FROM event_log WHERE cost BETWEEN 50 AND 400",50,numeric,True
137_6,137,"SELECT id, activity, resource, cost FROM event_log WHERE cost BETWEEN 50 AND 400",400,numeric,True
137_7,137,"SELECT id, activity, resource, cost FROM event_log WHERE cost BETWEEN 50 AND 400",50,numeric,True
137_7,137,"SELECT id, activity, resource, cost FROM event_log WHERE cost BETWEEN 50 AND 400",400,numeric,True
137_8,137,"SELECT id, activity, resource, cost FROM event_log WHERE cost BETWEEN 50 AND 400",50,numeric,True
137_8,137,"SELECT id, activity, resource, cost FROM event_log WHERE cost BETWEEN 50 AND 400",400,numeric,True
138_0,138,SELECT DISTINCT resource FROM event_log WHERE activity = 'Declaration saved by employee',Declaration saved by employee,string,True
138_1,138,SELECT DISTINCT resource FROM event_log WHERE activity = 'Declaration saved by employee',Declaration saved by employee,string,True
138_2,138,SELECT DISTINCT resource FROM event_log WHERE activity = 'Declaration saved by employee',Declaration saved by employee,string,False
138_3,138,SELECT DISTINCT resource FROM event_log WHERE activity = 'Declaration saved by employee',Declaration saved by employee,string,False
139_0,139,"SELECT DISTINCT activity FROM (SELECT idcase, activity, timestamp, LEAD(timestamp) OVER (PARTITION BY idcase ORDER BY timestamp) AS next_timestamp FROM event_log) WHERE next_timestamp BETWEEN '2018-04-12' AND '2018-04-13' ",2018-04-12,date_string,True
139_0,139,"SELECT DISTINCT activity FROM (SELECT idcase, activity, timestamp, LEAD(timestamp) OVER (PARTITION BY idcase ORDER BY timestamp) AS next_timestamp FROM event_log) WHERE next_timestamp BETWEEN '2018-04-12' AND '2018-04-13' ",2018-04-13,date_string,True
139_1,139,"SELECT DISTINCT activity FROM (SELECT idcase, activity, timestamp, LEAD(timestamp) OVER (PARTITION BY idcase ORDER BY timestamp) AS next_timestamp FROM event_log) WHERE next_timestamp BETWEEN '2018-04-12' AND '2018-04-13' ",2018-04-12,date_string,True
139_1,139,"SELECT DISTINCT activity FROM (SELECT idcase, activity, timestamp, LEAD(timestamp) OVER (PARTITION BY idcase ORDER BY timestamp) AS next_timestamp FROM event_log) WHERE next_timestamp BETWEEN '2018-04-12' AND '2018-04-13' ",2018-04-13,date_string,True
139_2,139,"SELECT DISTINCT activity FROM (SELECT idcase, activity, timestamp, LEAD(timestamp) OVER (PARTITION BY idcase ORDER BY timestamp) AS next_timestamp FROM event_log) WHERE next_timestamp BETWEEN '2018-04-12' AND '2018-04-13' ",2018-04-12,date_string,True
139_2,139,"SELECT DISTINCT activity FROM (SELECT idcase, activity, timestamp, LEAD(timestamp) OVER (PARTITION BY idcase ORDER BY timestamp) AS next_timestamp FROM event_log) WHERE next_timestamp BETWEEN '2018-04-12' AND '2018-04-13' ",2018-04-13,date_string,True
139_3,139,"SELECT DISTINCT activity FROM (SELECT idcase, activity, timestamp, LEAD(timestamp) OVER (PARTITION BY idcase ORDER BY timestamp) AS next_timestamp FROM event_log) WHERE next_timestamp BETWEEN '2018-04-12' AND '2018-04-13' ",2018-04-12,date_string,True
139_3,139,"SELECT DISTINCT activity FROM (SELECT idcase, activity, timestamp, LEAD(timestamp) OVER (PARTITION BY idcase ORDER BY timestamp) AS next_timestamp FROM event_log) WHERE next_timestamp BETWEEN '2018-04-12' AND '2018-04-13' ",2018-04-13,date_string,True
139_4,139,"SELECT DISTINCT activity FROM (SELECT idcase, activity, timestamp, LEAD(timestamp) OVER (PARTITION BY idcase ORDER BY timestamp) AS next_timestamp FROM event_log) WHERE next_timestamp BETWEEN '2018-04-12' AND '2018-04-13' ",2018-04-12,date_string,True
139_4,139,"SELECT DISTINCT activity FROM (SELECT idcase, activity, timestamp, LEAD(timestamp) OVER (PARTITION BY idcase ORDER BY timestamp) AS next_timestamp FROM event_log) WHERE next_timestamp BETWEEN '2018-04-12' AND '2018-04-13' ",2018-04-13,date_string,True
139_5,139,"SELECT DISTINCT activity FROM (SELECT idcase, activity, timestamp, LEAD(timestamp) OVER (PARTITION BY idcase ORDER BY timestamp) AS next_timestamp FROM event_log) WHERE next_timestamp BETWEEN '2018-04-12' AND '2018-04-13' ",2018-04-12,date_string,True
139_5,139,"SELECT DISTINCT activity FROM (SELECT idcase, activity, timestamp, LEAD(timestamp) OVER (PARTITION BY idcase ORDER BY timestamp) AS next_timestamp FROM event_log) WHERE next_timestamp BETWEEN '2018-04-12' AND '2018-04-13' ",2018-04-13,date_string,True
139_6,139,"SELECT DISTINCT activity FROM (SELECT idcase, activity, timestamp, LEAD(timestamp) OVER (PARTITION BY idcase ORDER BY timestamp) AS next_timestamp FROM event_log) WHERE next_timestamp BETWEEN '2018-04-12' AND '2018-04-13' ",2018-04-12,date_string,True
139_6,139,"SELECT DISTINCT activity FROM (SELECT idcase, activity, timestamp, LEAD(timestamp) OVER (PARTITION BY idcase ORDER BY timestamp) AS next_timestamp FROM event_log) WHERE next_timestamp BETWEEN '2018-04-12' AND '2018-04-13' ",2018-04-13,date_string,True
139_7,139,"SELECT DISTINCT activity FROM (SELECT idcase, activity, timestamp, LEAD(timestamp) OVER (PARTITION BY idcase ORDER BY timestamp) AS next_timestamp FROM event_log) WHERE next_timestamp BETWEEN '2018-04-12' AND '2018-04-13' ",2018-04-12,date_string,True
139_7,139,"SELECT DISTINCT activity FROM (SELECT idcase, activity, timestamp, LEAD(timestamp) OVER (PARTITION BY idcase ORDER BY timestamp) AS next_timestamp FROM event_log) WHERE next_timestamp BETWEEN '2018-04-12' AND '2018-04-13' ",2018-04-13,date_string,True
139_8,139,"SELECT DISTINCT activity FROM (SELECT idcase, activity, timestamp, LEAD(timestamp) OVER (PARTITION BY idcase ORDER BY timestamp) AS next_timestamp FROM event_log) WHERE next_timestamp BETWEEN '2018-04-12' AND '2018-04-13' ",2018-04-12,date_string,True
139_8,139,"SELECT DISTINCT activity FROM (SELECT idcase, activity, timestamp, LEAD(timestamp) OVER (PARTITION BY idcase ORDER BY timestamp) AS next_timestamp FROM event_log) WHERE next_timestamp BETWEEN '2018-04-12' AND '2018-04-13' ",2018-04-13,date_string,True
140_0,140,"SELECT id, activity, timestamp FROM event_log WHERE activity = 'Permit final approved by supervisor' OR activity = 'Declaration approved by supervisor' ORDER BY timestamp",Permit final approved by supervisor,string,True
140_0,140,"SELECT id, activity, timestamp FROM event_log WHERE activity = 'Permit final approved by supervisor' OR activity = 'Declaration approved by supervisor' ORDER BY timestamp",Declaration approved by supervisor,string,True
140_1,140,"SELECT id, activity, timestamp FROM event_log WHERE activity = 'Permit final approved by supervisor' OR activity = 'Declaration approved by supervisor' ORDER BY timestamp",Permit final approved by supervisor,string,True
140_1,140,"SELECT id, activity, timestamp FROM event_log WHERE activity = 'Permit final approved by supervisor' OR activity = 'Declaration approved by supervisor' ORDER BY timestamp",Declaration approved by supervisor,string,True
140_2,140,"SELECT id, activity, timestamp FROM event_log WHERE activity = 'Permit final approved by supervisor' OR activity = 'Declaration approved by supervisor' ORDER BY timestamp",Permit final approved by supervisor,string,False
140_2,140,"SELECT id, activity, timestamp FROM event_log WHERE activity = 'Permit final approved by supervisor' OR activity = 'Declaration approved by supervisor' ORDER BY timestamp",Declaration approved by supervisor,string,False
140_3,140,"SELECT id, activity, timestamp FROM event_log WHERE activity = 'Permit final approved by supervisor' OR activity = 'Declaration approved by supervisor' ORDER BY timestamp",Permit final approved by supervisor,string,True
140_3,140,"SELECT id, activity, timestamp FROM event_log WHERE activity = 'Permit final approved by supervisor' OR activity = 'Declaration approved by supervisor' ORDER BY timestamp",Declaration approved by supervisor,string,True
140_4,140,"SELECT id, activity, timestamp FROM event_log WHERE activity = 'Permit final approved by supervisor' OR activity = 'Declaration approved by supervisor' ORDER BY timestamp",Permit final approved by supervisor,string,True
140_4,140,"SELECT id, activity, timestamp FROM event_log WHERE activity = 'Permit final approved by supervisor' OR activity = 'Declaration approved by supervisor' ORDER BY timestamp",Declaration approved by supervisor,string,True
140_5,140,"SELECT id, activity, timestamp FROM event_log WHERE activity = 'Permit final approved by supervisor' OR activity = 'Declaration approved by supervisor' ORDER BY timestamp",Permit final approved by supervisor,string,True
140_5,140,"SELECT id, activity, timestamp FROM event_log WHERE activity = 'Permit final approved by supervisor' OR activity = 'Declaration approved by supervisor' ORDER BY timestamp",Declaration approved by supervisor,string,True
140_6,140,"SELECT id, activity, timestamp FROM event_log WHERE activity = 'Permit final approved by supervisor' OR activity = 'Declaration approved by supervisor' ORDER BY timestamp",Permit final approved by supervisor,string,False
140_6,140,"SELECT id, activity, timestamp FROM event_log WHERE activity = 'Permit final approved by supervisor' OR activity = 'Declaration approved by supervisor' ORDER BY timestamp",Declaration approved by supervisor,string,False
140_7,140,"SELECT id, activity, timestamp FROM event_log WHERE activity = 'Permit final approved by supervisor' OR activity = 'Declaration approved by supervisor' ORDER BY timestamp",Permit final approved by supervisor,string,False
140_7,140,"SELECT id, activity, timestamp FROM event_log WHERE activity = 'Permit final approved by supervisor' OR activity = 'Declaration approved by supervisor' ORDER BY timestamp",Declaration approved by supervisor,string,False
142_0,142,SELECT count(*) FROM event_log WHERE activity = 'Permit final approved by director',Permit final approved by director,string,True
142_1,142,SELECT count(*) FROM event_log WHERE activity = 'Permit final approved by director',Permit final approved by director,string,True
142_2,142,SELECT count(*) FROM event_log WHERE activity = 'Permit final approved by director',Permit final approved by director,string,True
142_3,142,SELECT count(*) FROM event_log WHERE activity = 'Permit final approved by director',Permit final approved by director,string,True
142_4,142,SELECT count(*) FROM event_log WHERE activity = 'Permit final approved by director',Permit final approved by director,string,True
142_5,142,SELECT count(*) FROM event_log WHERE activity = 'Permit final approved by director',Permit final approved by director,string,True
142_6,142,SELECT count(*) FROM event_log WHERE activity = 'Permit final approved by director',Permit final approved by director,string,True
142_7,142,SELECT count(*) FROM event_log WHERE activity = 'Permit final approved by director',Permit final approved by director,string,True
142_8,142,SELECT count(*) FROM event_log WHERE activity = 'Permit final approved by director',Permit final approved by director,string,True
142_9,142,SELECT count(*) FROM event_log WHERE activity = 'Permit final approved by director',Permit final approved by director,string,False
142_10,142,SELECT count(*) FROM event_log WHERE activity = 'Permit final approved by director',Permit final approved by director,string,False
142_11,142,SELECT count(*) FROM event_log WHERE activity = 'Permit final approved by director',Permit final approved by director,string,False
143_0,143,SELECT timestamp FROM event_log WHERE resource LIKE '%s' AND activity = 'Start trip',%s,string,False
143_0,143,SELECT timestamp FROM event_log WHERE resource LIKE '%s' AND activity = 'Start trip',Start trip,string,True
143_1,143,SELECT timestamp FROM event_log WHERE resource LIKE '%s' AND activity = 'Start trip',%s,string,False
143_1,143,SELECT timestamp FROM event_log WHERE resource LIKE '%s' AND activity = 'Start trip',Start trip,string,True
143_2,143,SELECT timestamp FROM event_log WHERE resource LIKE '%s' AND activity = 'Start trip',%s,string,False
143_2,143,SELECT timestamp FROM event_log WHERE resource LIKE '%s' AND activity = 'Start trip',Start trip,string,True
143_3,143,SELECT timestamp FROM event_log WHERE resource LIKE '%s' AND activity = 'Start trip',%s,string,False
143_3,143,SELECT timestamp FROM event_log WHERE resource LIKE '%s' AND activity = 'Start trip',Start trip,string,True
143_4,143,SELECT timestamp FROM event_log WHERE resource LIKE '%s' AND activity = 'Start trip',%s,string,False
143_4,143,SELECT timestamp FROM event_log WHERE resource LIKE '%s' AND activity = 'Start trip',Start trip,string,True
143_5,143,SELECT timestamp FROM event_log WHERE resource LIKE '%s' AND activity = 'Start trip',%s,string,False
143_5,143,SELECT timestamp FROM event_log WHERE resource LIKE '%s' AND activity = 'Start trip',Start trip,string,True
143_6,143,SELECT timestamp FROM event_log WHERE resource LIKE '%s' AND activity = 'Start trip',%s,string,False
143_6,143,SELECT timestamp FROM event_log WHERE resource LIKE '%s' AND activity = 'Start trip',Start trip,string,True
143_7,143,SELECT timestamp FROM event_log WHERE resource LIKE '%s' AND activity = 'Start trip',%s,string,False
143_7,143,SELECT timestamp FROM event_log WHERE resource LIKE '%s' AND activity = 'Start trip',Start trip,string,True
143_8,143,SELECT timestamp FROM event_log WHERE resource LIKE '%s' AND activity = 'Start trip',%s,string,False
143_8,143,SELECT timestamp FROM event_log WHERE resource LIKE '%s' AND activity = 'Start trip',Start trip,string,False
143_9,143,SELECT timestamp FROM event_log WHERE resource LIKE '%s' AND activity = 'Start trip',%s,string,False
143_9,143,SELECT timestamp FROM event_log WHERE resource LIKE '%s' AND activity = 'Start trip',Start trip,string,False
145_0,145,"select count(*), activity from event_log where activity = 'Start trip' or activity = 'End trip' GROUP BY activity",Start trip,string,True
145_0,145,"select count(*), activity from event_log where activity = 'Start trip' or activity = 'End trip' GROUP BY activity",End trip,string,True
145_1,145,"select count(*), activity from event_log where activity = 'Start trip' or activity = 'End trip' GROUP BY activity",Start trip,string,True
145_1,145,"select count(*), activity from event_log where activity = 'Start trip' or activity = 'End trip' GROUP BY activity",End trip,string,True
145_2,145,"select count(*), activity from event_log where activity = 'Start trip' or activity = 'End trip' GROUP BY activity",Start trip,string,True
145_2,145,"select count(*), activity from event_log where activity = 'Start trip' or activity = 'End trip' GROUP BY activity",End trip,string,True
145_3,145,"select count(*), activity from event_log where activity = 'Start trip' or activity = 'End trip' GROUP BY activity",Start trip,string,True
145_3,145,"select count(*), activity from event_log where activity = 'Start trip' or activity = 'End trip' GROUP BY activity",End trip,string,True
145_4,145,"select count(*), activity from event_log where activity = 'Start trip' or activity = 'End trip' GROUP BY activity",Start trip,string,True
145_4,145,"select count(*), activity from event_log where activity = 'Start trip' or activity = 'End trip' GROUP BY activity",End trip,string,True
145_5,145,"select count(*), activity from event_log where activity = 'Start trip' or activity = 'End trip' GROUP BY activity",Start trip,string,True
145_5,145,"select count(*), activity from event_log where activity = 'Start trip' or activity = 'End trip' GROUP BY activity",End trip,string,True
145_6,145,"select count(*), activity from event_log where activity = 'Start trip' or activity = 'End trip' GROUP BY activity",Start trip,string,True
145_6,145,"select count(*), activity from event_log where activity = 'Start trip' or activity = 'End trip' GROUP BY activity",End trip,string,True
145_7,145,"select count(*), activity from event_log where activity = 'Start trip' or activity = 'End trip' GROUP BY activity",Start trip,string,True
145_7,145,"select count(*), activity from event_log where activity = 'Start trip' or activity = 'End trip' GROUP BY activity",End trip,string,True
145_8,145,"select count(*), activity from event_log where activity = 'Start trip' or activity = 'End trip' GROUP BY activity",Start trip,string,False
145_8,145,"select count(*), activity from event_log where activity = 'Start trip' or activity = 'End trip' GROUP BY activity",End trip,string,False
145_9,145,"select count(*), activity from event_log where activity = 'Start trip' or activity = 'End trip' GROUP BY activity",Start trip,string,False
145_9,145,"select count(*), activity from event_log where activity = 'Start trip' or activity = 'End trip' GROUP BY activity",End trip,string,False
146_0,146,SELECT activity FROM event_log GROUP BY activity HAVING COUNT(*) > 3,3,numeric,False
146_1,146,SELECT activity FROM event_log GROUP BY activity HAVING COUNT(*) > 3,3,numeric,False
146_2,146,SELECT activity FROM event_log GROUP BY activity HAVING COUNT(*) > 3,3,numeric,False
146_3,146,SELECT activity FROM event_log GROUP BY activity HAVING COUNT(*) > 3,3,numeric,False
146_4,146,SELECT activity FROM event_log GROUP BY activity HAVING COUNT(*) > 3,3,numeric,False
146_5,146,SELECT activity FROM event_log GROUP BY activity HAVING COUNT(*) > 3,3,numeric,False
146_6,146,SELECT activity FROM event_log GROUP BY activity HAVING COUNT(*) > 3,3,numeric,False
146_7,146,SELECT activity FROM event_log GROUP BY activity HAVING COUNT(*) > 3,3,numeric,False
146_8,146,SELECT activity FROM event_log GROUP BY activity HAVING COUNT(*) > 3,3,numeric,False
146_9,146,SELECT activity FROM event_log GROUP BY activity HAVING COUNT(*) > 3,3,numeric,False
148_0,148,"select e1.activity, e1.resource, e1.idcase from event_log AS e1 inner join event_log AS e2 on e1.idcase = e2.idcase WHERE e2.activity = 'End trip' and e1.timestamp > e2.timestamp",End trip,string,True
148_1,148,"select e1.activity, e1.resource, e1.idcase from event_log AS e1 inner join event_log AS e2 on e1.idcase = e2.idcase WHERE e2.activity = 'End trip' and e1.timestamp > e2.timestamp",End trip,string,True
148_2,148,"select e1.activity, e1.resource, e1.idcase from event_log AS e1 inner join event_log AS e2 on e1.idcase = e2.idcase WHERE e2.activity = 'End trip' and e1.timestamp > e2.timestamp",End trip,string,True
148_3,148,"select e1.activity, e1.resource, e1.idcase from event_log AS e1 inner join event_log AS e2 on e1.idcase = e2.idcase WHERE e2.activity = 'End trip' and e1.timestamp > e2.timestamp",End trip,string,True
148_4,148,"select e1.activity, e1.resource, e1.idcase from event_log AS e1 inner join event_log AS e2 on e1.idcase = e2.idcase WHERE e2.activity = 'End trip' and e1.timestamp > e2.timestamp",End trip,string,True
148_5,148,"select e1.activity, e1.resource, e1.idcase from event_log AS e1 inner join event_log AS e2 on e1.idcase = e2.idcase WHERE e2.activity = 'End trip' and e1.timestamp > e2.timestamp",End trip,string,True
148_6,148,"select e1.activity, e1.resource, e1.idcase from event_log AS e1 inner join event_log AS e2 on e1.idcase = e2.idcase WHERE e2.activity = 'End trip' and e1.timestamp > e2.timestamp",End trip,string,True
148_7,148,"select e1.activity, e1.resource, e1.idcase from event_log AS e1 inner join event_log AS e2 on e1.idcase = e2.idcase WHERE e2.activity = 'End trip' and e1.timestamp > e2.timestamp",End trip,string,True
148_8,148,"select e1.activity, e1.resource, e1.idcase from event_log AS e1 inner join event_log AS e2 on e1.idcase = e2.idcase WHERE e2.activity = 'End trip' and e1.timestamp > e2.timestamp",End trip,string,True
148_9,148,"select e1.activity, e1.resource, e1.idcase from event_log AS e1 inner join event_log AS e2 on e1.idcase = e2.idcase WHERE e2.activity = 'End trip' and e1.timestamp > e2.timestamp",End trip,string,True
148_10,148,"select e1.activity, e1.resource, e1.idcase from event_log AS e1 inner join event_log AS e2 on e1.idcase = e2.idcase WHERE e2.activity = 'End trip' and e1.timestamp > e2.timestamp",End trip,string,True
148_11,148,"select e1.activity, e1.resource, e1.idcase from event_log AS e1 inner join event_log AS e2 on e1.idcase = e2.idcase WHERE e2.activity = 'End trip' and e1.timestamp > e2.timestamp",End trip,string,True
148_12,148,"select e1.activity, e1.resource, e1.idcase from event_log AS e1 inner join event_log AS e2 on e1.idcase = e2.idcase WHERE e2.activity = 'End trip' and e1.timestamp > e2.timestamp",End trip,string,True
148_13,148,"select e1.activity, e1.resource, e1.idcase from event_log AS e1 inner join event_log AS e2 on e1.idcase = e2.idcase WHERE e2.activity = 'End trip' and e1.timestamp > e2.timestamp",End trip,string,True
148_14,148,"select e1.activity, e1.resource, e1.idcase from event_log AS e1 inner join event_log AS e2 on e1.idcase = e2.idcase WHERE e2.activity = 'End trip' and e1.timestamp > e2.timestamp",End trip,string,True
148_15,148,"select e1.activity, e1.resource, e1.idcase from event_log AS e1 inner join event_log AS e2 on e1.idcase = e2.idcase WHERE e2.activity = 'End trip' and e1.timestamp > e2.timestamp",End trip,string,False
148_16,148,"select e1.activity, e1.resource, e1.idcase from event_log AS e1 inner join event_log AS e2 on e1.idcase = e2.idcase WHERE e2.activity = 'End trip' and e1.timestamp > e2.timestamp",End trip,string,False
149_0,149,"SELECT COUNT(*), resource FROM event_log WHERE activity != 'End trip' GROUP BY resource",End trip,string,True
149_1,149,"SELECT COUNT(*), resource FROM event_log WHERE activity != 'End trip' GROUP BY resource",End trip,string,True
149_2,149,"SELECT COUNT(*), resource FROM event_log WHERE activity != 'End trip' GROUP BY resource",End trip,string,True
149_3,149,"SELECT COUNT(*), resource FROM event_log WHERE activity != 'End trip' GROUP BY resource",End trip,string,True
149_4,149,"SELECT COUNT(*), resource FROM event_log WHERE activity != 'End trip' GROUP BY resource",End trip,string,True
149_5,149,"SELECT COUNT(*), resource FROM event_log WHERE activity != 'End trip' GROUP BY resource",End trip,string,True
149_6,149,"SELECT COUNT(*), resource FROM event_log WHERE activity != 'End trip' GROUP BY resource",End trip,string,True
149_7,149,"SELECT COUNT(*), resource FROM event_log WHERE activity != 'End trip' GROUP BY resource",End trip,string,True
149_8,149,"SELECT COUNT(*), resource FROM event_log WHERE activity != 'End trip' GROUP BY resource",End trip,string,True
149_9,149,"SELECT COUNT(*), resource FROM event_log WHERE activity != 'End trip' GROUP BY resource",End trip,string,True
149_10,149,"SELECT COUNT(*), resource FROM event_log WHERE activity != 'End trip' GROUP BY resource",End trip,string,True
149_11,149,"SELECT COUNT(*), resource FROM event_log WHERE activity != 'End trip' GROUP BY resource",End trip,string,True
149_12,149,"SELECT COUNT(*), resource FROM event_log WHERE activity != 'End trip' GROUP BY resource",End trip,string,True
149_13,149,"SELECT COUNT(*), resource FROM event_log WHERE activity != 'End trip' GROUP BY resource",End trip,string,True
149_14,149,"SELECT COUNT(*), resource FROM event_log WHERE activity != 'End trip' GROUP BY resource",End trip,string,True
149_15,149,"SELECT COUNT(*), resource FROM event_log WHERE activity != 'End trip' GROUP BY resource",End trip,string,True
149_16,149,"SELECT COUNT(*), resource FROM event_log WHERE activity != 'End trip' GROUP BY resource",End trip,string,True
149_17,149,"SELECT COUNT(*), resource FROM event_log WHERE activity != 'End trip' GROUP BY resource",End trip,string,True
149_18,149,"SELECT COUNT(*), resource FROM event_log WHERE activity != 'End trip' GROUP BY resource",End trip,string,True
149_19,149,"SELECT COUNT(*), resource FROM event_log WHERE activity != 'End trip' GROUP BY resource",End trip,string,True
149_20,149,"SELECT COUNT(*), resource FROM event_log WHERE activity != 'End trip' GROUP BY resource",End trip,string,True
149_21,149,"SELECT COUNT(*), resource FROM event_log WHERE activity != 'End trip' GROUP BY resource",End trip,string,True
149_22,149,"SELECT COUNT(*), resource FROM event_log WHERE activity != 'End trip' GROUP BY resource",End trip,string,True
149_23,149,"SELECT COUNT(*), resource FROM event_log WHERE activity != 'End trip' GROUP BY resource",End trip,string,True
149_24,149,"SELECT COUNT(*), resource FROM event_log WHERE activity != 'End trip' GROUP BY resource",End trip,string,True
149_25,149,"SELECT COUNT(*), resource FROM event_log WHERE activity != 'End trip' GROUP BY resource",End trip,string,True
149_26,149,"SELECT COUNT(*), resource FROM event_log WHERE activity != 'End trip' GROUP BY resource",End trip,string,True
149_27,149,"SELECT COUNT(*), resource FROM event_log WHERE activity != 'End trip' GROUP BY resource",End trip,string,True
149_28,149,"SELECT COUNT(*), resource FROM event_log WHERE activity != 'End trip' GROUP BY resource",End trip,string,False
149_29,149,"SELECT COUNT(*), resource FROM event_log WHERE activity != 'End trip' GROUP BY resource",End trip,string,False
151_0,151,SELECT COUNT(DISTINCT idcase) FROM event_log WHERE activity = 'Request payment',Request payment,string,True
151_1,151,SELECT COUNT(DISTINCT idcase) FROM event_log WHERE activity = 'Request payment',Request payment,string,True
151_2,151,SELECT COUNT(DISTINCT idcase) FROM event_log WHERE activity = 'Request payment',Request payment,string,True
151_3,151,SELECT COUNT(DISTINCT idcase) FROM event_log WHERE activity = 'Request payment',Request payment,string,True
151_4,151,SELECT COUNT(DISTINCT idcase) FROM event_log WHERE activity = 'Request payment',Request payment,string,True
151_5,151,SELECT COUNT(DISTINCT idcase) FROM event_log WHERE activity = 'Request payment',Request payment,string,False
151_6,151,SELECT COUNT(DISTINCT idcase) FROM event_log WHERE activity = 'Request payment',Request payment,string,False
152_0,152,SELECT idcase FROM event_log WHERE activity = 'Declaration final approved by director' ORDER by timestamp DESC LIMIT 1,Declaration final approved by director,string,True
152_1,152,SELECT idcase FROM event_log WHERE activity = 'Declaration final approved by director' ORDER by timestamp DESC LIMIT 1,Declaration final approved by director,string,True
152_2,152,SELECT idcase FROM event_log WHERE activity = 'Declaration final approved by director' ORDER by timestamp DESC LIMIT 1,Declaration final approved by director,string,True
152_3,152,SELECT idcase FROM event_log WHERE activity = 'Declaration final approved by director' ORDER by timestamp DESC LIMIT 1,Declaration final approved by director,string,True
152_4,152,SELECT idcase FROM event_log WHERE activity = 'Declaration final approved by director' ORDER by timestamp DESC LIMIT 1,Declaration final approved by director,string,True
152_5,152,SELECT idcase FROM event_log WHERE activity = 'Declaration final approved by director' ORDER by timestamp DESC LIMIT 1,Declaration final approved by director,string,False
152_6,152,SELECT idcase FROM event_log WHERE activity = 'Declaration final approved by director' ORDER by timestamp DESC LIMIT 1,Declaration final approved by director,string,False
153_0,153,SELECT resource FROM event_log WHERE activity = 'Declaration approved by administration' GROUP BY resource ORDER BY COUNT(*) DESC LIMIT 1,Declaration approved by administration,string,True
153_1,153,SELECT resource FROM event_log WHERE activity = 'Declaration approved by administration' GROUP BY resource ORDER BY COUNT(*) DESC LIMIT 1,Declaration approved by administration,string,True
153_2,153,SELECT resource FROM event_log WHERE activity = 'Declaration approved by administration' GROUP BY resource ORDER BY COUNT(*) DESC LIMIT 1,Declaration approved by administration,string,True
153_3,153,SELECT resource FROM event_log WHERE activity = 'Declaration approved by administration' GROUP BY resource ORDER BY COUNT(*) DESC LIMIT 1,Declaration approved by administration,string,True
153_4,153,SELECT resource FROM event_log WHERE activity = 'Declaration approved by administration' GROUP BY resource ORDER BY COUNT(*) DESC LIMIT 1,Declaration approved by administration,string,True
153_5,153,SELECT resource FROM event_log WHERE activity = 'Declaration approved by administration' GROUP BY resource ORDER BY COUNT(*) DESC LIMIT 1,Declaration approved by administration,string,False
153_6,153,SELECT resource FROM event_log WHERE activity = 'Declaration approved by administration' GROUP BY resource ORDER BY COUNT(*) DESC LIMIT 1,Declaration approved by administration,string,False
155_0,155,SELECT COUNT(DISTINCT idcase) FROM event_log WHERE activity LIKE '%approved%',%approved%,string,False
155_1,155,SELECT COUNT(DISTINCT idcase) FROM event_log WHERE activity LIKE '%approved%',%approved%,string,False
155_2,155,SELECT COUNT(DISTINCT idcase) FROM event_log WHERE activity LIKE '%approved%',%approved%,string,False
155_3,155,SELECT COUNT(DISTINCT idcase) FROM event_log WHERE activity LIKE '%approved%',%approved%,string,False
155_4,155,SELECT COUNT(DISTINCT idcase) FROM event_log WHERE activity LIKE '%approved%',%approved%,string,False
155_5,155,SELECT COUNT(DISTINCT idcase) FROM event_log WHERE activity LIKE '%approved%',%approved%,string,False
155_6,155,SELECT COUNT(DISTINCT idcase) FROM event_log WHERE activity LIKE '%approved%',%approved%,string,False
155_7,155,SELECT COUNT(DISTINCT idcase) FROM event_log WHERE activity LIKE '%approved%',%approved%,string,False
156_0,156,"SELECT strftime('%Y-%m-%d', timestamp), count(DISTINCT idcase) FROM event_log WHERE activity LIKE '%rejected%' GROUP BY strftime('%Y-%m-%d', timestamp)",%Y-%m-%d,string,False
156_0,156,"SELECT strftime('%Y-%m-%d', timestamp), count(DISTINCT idcase) FROM event_log WHERE activity LIKE '%rejected%' GROUP BY strftime('%Y-%m-%d', timestamp)",%rejected%,string,False
156_0,156,"SELECT strftime('%Y-%m-%d', timestamp), count(DISTINCT idcase) FROM event_log WHERE activity LIKE '%rejected%' GROUP BY strftime('%Y-%m-%d', timestamp)",%Y-%m-%d,string,False
156_1,156,"SELECT strftime('%Y-%m-%d', timestamp), count(DISTINCT idcase) FROM event_log WHERE activity LIKE '%rejected%' GROUP BY strftime('%Y-%m-%d', timestamp)",%Y-%m-%d,string,False
156_1,156,"SELECT strftime('%Y-%m-%d', timestamp), count(DISTINCT idcase) FROM event_log WHERE activity LIKE '%rejected%' GROUP BY strftime('%Y-%m-%d', timestamp)",%rejected%,string,False
156_1,156,"SELECT strftime('%Y-%m-%d', timestamp), count(DISTINCT idcase) FROM event_log WHERE activity LIKE '%rejected%' GROUP BY strftime('%Y-%m-%d', timestamp)",%Y-%m-%d,string,False
156_2,156,"SELECT strftime('%Y-%m-%d', timestamp), count(DISTINCT idcase) FROM event_log WHERE activity LIKE '%rejected%' GROUP BY strftime('%Y-%m-%d', timestamp)",%Y-%m-%d,string,False
156_2,156,"SELECT strftime('%Y-%m-%d', timestamp), count(DISTINCT idcase) FROM event_log WHERE activity LIKE '%rejected%' GROUP BY strftime('%Y-%m-%d', timestamp)",%rejected%,string,False
156_2,156,"SELECT strftime('%Y-%m-%d', timestamp), count(DISTINCT idcase) FROM event_log WHERE activity LIKE '%rejected%' GROUP BY strftime('%Y-%m-%d', timestamp)",%Y-%m-%d,string,False
156_3,156,"SELECT strftime('%Y-%m-%d', timestamp), count(DISTINCT idcase) FROM event_log WHERE activity LIKE '%rejected%' GROUP BY strftime('%Y-%m-%d', timestamp)",%Y-%m-%d,string,False
156_3,156,"SELECT strftime('%Y-%m-%d', timestamp), count(DISTINCT idcase) FROM event_log WHERE activity LIKE '%rejected%' GROUP BY strftime('%Y-%m-%d', timestamp)",%rejected%,string,False
156_3,156,"SELECT strftime('%Y-%m-%d', timestamp), count(DISTINCT idcase) FROM event_log WHERE activity LIKE '%rejected%' GROUP BY strftime('%Y-%m-%d', timestamp)",%Y-%m-%d,string,False
156_4,156,"SELECT strftime('%Y-%m-%d', timestamp), count(DISTINCT idcase) FROM event_log WHERE activity LIKE '%rejected%' GROUP BY strftime('%Y-%m-%d', timestamp)",%Y-%m-%d,string,False
156_4,156,"SELECT strftime('%Y-%m-%d', timestamp), count(DISTINCT idcase) FROM event_log WHERE activity LIKE '%rejected%' GROUP BY strftime('%Y-%m-%d', timestamp)",%rejected%,string,False
156_4,156,"SELECT strftime('%Y-%m-%d', timestamp), count(DISTINCT idcase) FROM event_log WHERE activity LIKE '%rejected%' GROUP BY strftime('%Y-%m-%d', timestamp)",%Y-%m-%d,string,False
156_5,156,"SELECT strftime('%Y-%m-%d', timestamp), count(DISTINCT idcase) FROM event_log WHERE activity LIKE '%rejected%' GROUP BY strftime('%Y-%m-%d', timestamp)",%Y-%m-%d,string,False
156_5,156,"SELECT strftime('%Y-%m-%d', timestamp), count(DISTINCT idcase) FROM event_log WHERE activity LIKE '%rejected%' GROUP BY strftime('%Y-%m-%d', timestamp)",%rejected%,string,False
156_5,156,"SELECT strftime('%Y-%m-%d', timestamp), count(DISTINCT idcase) FROM event_log WHERE activity LIKE '%rejected%' GROUP BY strftime('%Y-%m-%d', timestamp)",%Y-%m-%d,string,False
156_6,156,"SELECT strftime('%Y-%m-%d', timestamp), count(DISTINCT idcase) FROM event_log WHERE activity LIKE '%rejected%' GROUP BY strftime('%Y-%m-%d', timestamp)",%Y-%m-%d,string,False
156_6,156,"SELECT strftime('%Y-%m-%d', timestamp), count(DISTINCT idcase) FROM event_log WHERE activity LIKE '%rejected%' GROUP BY strftime('%Y-%m-%d', timestamp)",%rejected%,string,False
156_6,156,"SELECT strftime('%Y-%m-%d', timestamp), count(DISTINCT idcase) FROM event_log WHERE activity LIKE '%rejected%' GROUP BY strftime('%Y-%m-%d', timestamp)",%Y-%m-%d,string,False
156_7,156,"SELECT strftime('%Y-%m-%d', timestamp), count(DISTINCT idcase) FROM event_log WHERE activity LIKE '%rejected%' GROUP BY strftime('%Y-%m-%d', timestamp)",%Y-%m-%d,string,False
156_7,156,"SELECT strftime('%Y-%m-%d', timestamp), count(DISTINCT idcase) FROM event_log WHERE activity LIKE '%rejected%' GROUP BY strftime('%Y-%m-%d', timestamp)",%rejected%,string,False
156_7,156,"SELECT strftime('%Y-%m-%d', timestamp), count(DISTINCT idcase) FROM event_log WHERE activity LIKE '%rejected%' GROUP BY strftime('%Y-%m-%d', timestamp)",%Y-%m-%d,string,False
157_0,157,"select strftime('%s', MAX(timestamp)) - strftime('%s', MIN(timestamp)), idcase FROM event_log where idcase in (select idcase from event_log group by idcase having  count(*) IN (select count(*) from event_log group by idcase order by count(*) desc limit 5)) group by idcase ",%s,string,False
157_0,157,"select strftime('%s', MAX(timestamp)) - strftime('%s', MIN(timestamp)), idcase FROM event_log where idcase in (select idcase from event_log group by idcase having  count(*) IN (select count(*) from event_log group by idcase order by count(*) desc limit 5)) group by idcase ",%s,string,False
157_0,157,"select strftime('%s', MAX(timestamp)) - strftime('%s', MIN(timestamp)), idcase FROM event_log where idcase in (select idcase from event_log group by idcase having  count(*) IN (select count(*) from event_log group by idcase order by count(*) desc limit 5)) group by idcase ",5,numeric,False
157_1,157,"select strftime('%s', MAX(timestamp)) - strftime('%s', MIN(timestamp)), idcase FROM event_log where idcase in (select idcase from event_log group by idcase having  count(*) IN (select count(*) from event_log group by idcase order by count(*) desc limit 5)) group by idcase ",%s,string,False
157_1,157,"select strftime('%s', MAX(timestamp)) - strftime('%s', MIN(timestamp)), idcase FROM event_log where idcase in (select idcase from event_log group by idcase having  count(*) IN (select count(*) from event_log group by idcase order by count(*) desc limit 5)) group by idcase ",%s,string,False
157_1,157,"select strftime('%s', MAX(timestamp)) - strftime('%s', MIN(timestamp)), idcase FROM event_log where idcase in (select idcase from event_log group by idcase having  count(*) IN (select count(*) from event_log group by idcase order by count(*) desc limit 5)) group by idcase ",5,numeric,False
157_2,157,"select strftime('%s', MAX(timestamp)) - strftime('%s', MIN(timestamp)), idcase FROM event_log where idcase in (select idcase from event_log group by idcase having  count(*) IN (select count(*) from event_log group by idcase order by count(*) desc limit 5)) group by idcase ",%s,string,False
157_2,157,"select strftime('%s', MAX(timestamp)) - strftime('%s', MIN(timestamp)), idcase FROM event_log where idcase in (select idcase from event_log group by idcase having  count(*) IN (select count(*) from event_log group by idcase order by count(*) desc limit 5)) group by idcase ",%s,string,False
157_2,157,"select strftime('%s', MAX(timestamp)) - strftime('%s', MIN(timestamp)), idcase FROM event_log where idcase in (select idcase from event_log group by idcase having  count(*) IN (select count(*) from event_log group by idcase order by count(*) desc limit 5)) group by idcase ",5,numeric,False
157_3,157,"select strftime('%s', MAX(timestamp)) - strftime('%s', MIN(timestamp)), idcase FROM event_log where idcase in (select idcase from event_log group by idcase having  count(*) IN (select count(*) from event_log group by idcase order by count(*) desc limit 5)) group by idcase ",%s,string,False
157_3,157,"select strftime('%s', MAX(timestamp)) - strftime('%s', MIN(timestamp)), idcase FROM event_log where idcase in (select idcase from event_log group by idcase having  count(*) IN (select count(*) from event_log group by idcase order by count(*) desc limit 5)) group by idcase ",%s,string,False
157_3,157,"select strftime('%s', MAX(timestamp)) - strftime('%s', MIN(timestamp)), idcase FROM event_log where idcase in (select idcase from event_log group by idcase having  count(*) IN (select count(*) from event_log group by idcase order by count(*) desc limit 5)) group by idcase ",5,numeric,False
157_4,157,"select strftime('%s', MAX(timestamp)) - strftime('%s', MIN(timestamp)), idcase FROM event_log where idcase in (select idcase from event_log group by idcase having  count(*) IN (select count(*) from event_log group by idcase order by count(*) desc limit 5)) group by idcase ",%s,string,False
157_4,157,"select strftime('%s', MAX(timestamp)) - strftime('%s', MIN(timestamp)), idcase FROM event_log where idcase in (select idcase from event_log group by idcase having  count(*) IN (select count(*) from event_log group by idcase order by count(*) desc limit 5)) group by idcase ",%s,string,False
157_4,157,"select strftime('%s', MAX(timestamp)) - strftime('%s', MIN(timestamp)), idcase FROM event_log where idcase in (select idcase from event_log group by idcase having  count(*) IN (select count(*) from event_log group by idcase order by count(*) desc limit 5)) group by idcase ",5,numeric,False
157_5,157,"select strftime('%s', MAX(timestamp)) - strftime('%s', MIN(timestamp)), idcase FROM event_log where idcase in (select idcase from event_log group by idcase having  count(*) IN (select count(*) from event_log group by idcase order by count(*) desc limit 5)) group by idcase ",%s,string,False
157_5,157,"select strftime('%s', MAX(timestamp)) - strftime('%s', MIN(timestamp)), idcase FROM event_log where idcase in (select idcase from event_log group by idcase having  count(*) IN (select count(*) from event_log group by idcase order by count(*) desc limit 5)) group by idcase ",%s,string,False
157_5,157,"select strftime('%s', MAX(timestamp)) - strftime('%s', MIN(timestamp)), idcase FROM event_log where idcase in (select idcase from event_log group by idcase having  count(*) IN (select count(*) from event_log group by idcase order by count(*) desc limit 5)) group by idcase ",5,numeric,False
157_6,157,"select strftime('%s', MAX(timestamp)) - strftime('%s', MIN(timestamp)), idcase FROM event_log where idcase in (select idcase from event_log group by idcase having  count(*) IN (select count(*) from event_log group by idcase order by count(*) desc limit 5)) group by idcase ",%s,string,False
157_6,157,"select strftime('%s', MAX(timestamp)) - strftime('%s', MIN(timestamp)), idcase FROM event_log where idcase in (select idcase from event_log group by idcase having  count(*) IN (select count(*) from event_log group by idcase order by count(*) desc limit 5)) group by idcase ",%s,string,False
157_6,157,"select strftime('%s', MAX(timestamp)) - strftime('%s', MIN(timestamp)), idcase FROM event_log where idcase in (select idcase from event_log group by idcase having  count(*) IN (select count(*) from event_log group by idcase order by count(*) desc limit 5)) group by idcase ",5,numeric,False
157_7,157,"select strftime('%s', MAX(timestamp)) - strftime('%s', MIN(timestamp)), idcase FROM event_log where idcase in (select idcase from event_log group by idcase having  count(*) IN (select count(*) from event_log group by idcase order by count(*) desc limit 5)) group by idcase ",%s,string,False
157_7,157,"select strftime('%s', MAX(timestamp)) - strftime('%s', MIN(timestamp)), idcase FROM event_log where idcase in (select idcase from event_log group by idcase having  count(*) IN (select count(*) from event_log group by idcase order by count(*) desc limit 5)) group by idcase ",%s,string,False
157_7,157,"select strftime('%s', MAX(timestamp)) - strftime('%s', MIN(timestamp)), idcase FROM event_log where idcase in (select idcase from event_log group by idcase having  count(*) IN (select count(*) from event_log group by idcase order by count(*) desc limit 5)) group by idcase ",5,numeric,True
157_8,157,"select strftime('%s', MAX(timestamp)) - strftime('%s', MIN(timestamp)), idcase FROM event_log where idcase in (select idcase from event_log group by idcase having  count(*) IN (select count(*) from event_log group by idcase order by count(*) desc limit 5)) group by idcase ",%s,string,False
157_8,157,"select strftime('%s', MAX(timestamp)) - strftime('%s', MIN(timestamp)), idcase FROM event_log where idcase in (select idcase from event_log group by idcase having  count(*) IN (select count(*) from event_log group by idcase order by count(*) desc limit 5)) group by idcase ",%s,string,False
157_8,157,"select strftime('%s', MAX(timestamp)) - strftime('%s', MIN(timestamp)), idcase FROM event_log where idcase in (select idcase from event_log group by idcase having  count(*) IN (select count(*) from event_log group by idcase order by count(*) desc limit 5)) group by idcase ",5,numeric,False
158_0,158,"select strftime('%s', MAX(timestamp)) - strftime('%s', MIN(timestamp)), idcase FROM event_log where idcase in (select idcase from event_log group by idcase having  count(*) IN (select count(*) from event_log group by idcase HAVING count(*) >= 20 order by count(*) desc limit 5)) group by idcase ",%s,string,False
158_0,158,"select strftime('%s', MAX(timestamp)) - strftime('%s', MIN(timestamp)), idcase FROM event_log where idcase in (select idcase from event_log group by idcase having  count(*) IN (select count(*) from event_log group by idcase HAVING count(*) >= 20 order by count(*) desc limit 5)) group by idcase ",%s,string,False
158_0,158,"select strftime('%s', MAX(timestamp)) - strftime('%s', MIN(timestamp)), idcase FROM event_log where idcase in (select idcase from event_log group by idcase having  count(*) IN (select count(*) from event_log group by idcase HAVING count(*) >= 20 order by count(*) desc limit 5)) group by idcase ",20,numeric,True
158_0,158,"select strftime('%s', MAX(timestamp)) - strftime('%s', MIN(timestamp)), idcase FROM event_log where idcase in (select idcase from event_log group by idcase having  count(*) IN (select count(*) from event_log group by idcase HAVING count(*) >= 20 order by count(*) desc limit 5)) group by idcase ",5,numeric,False
158_1,158,"select strftime('%s', MAX(timestamp)) - strftime('%s', MIN(timestamp)), idcase FROM event_log where idcase in (select idcase from event_log group by idcase having  count(*) IN (select count(*) from event_log group by idcase HAVING count(*) >= 20 order by count(*) desc limit 5)) group by idcase ",%s,string,False
158_1,158,"select strftime('%s', MAX(timestamp)) - strftime('%s', MIN(timestamp)), idcase FROM event_log where idcase in (select idcase from event_log group by idcase having  count(*) IN (select count(*) from event_log group by idcase HAVING count(*) >= 20 order by count(*) desc limit 5)) group by idcase ",%s,string,False
158_1,158,"select strftime('%s', MAX(timestamp)) - strftime('%s', MIN(timestamp)), idcase FROM event_log where idcase in (select idcase from event_log group by idcase having  count(*) IN (select count(*) from event_log group by idcase HAVING count(*) >= 20 order by count(*) desc limit 5)) group by idcase ",20,numeric,True
158_1,158,"select strftime('%s', MAX(timestamp)) - strftime('%s', MIN(timestamp)), idcase FROM event_log where idcase in (select idcase from event_log group by idcase having  count(*) IN (select count(*) from event_log group by idcase HAVING count(*) >= 20 order by count(*) desc limit 5)) group by idcase ",5,numeric,False
158_2,158,"select strftime('%s', MAX(timestamp)) - strftime('%s', MIN(timestamp)), idcase FROM event_log where idcase in (select idcase from event_log group by idcase having  count(*) IN (select count(*) from event_log group by idcase HAVING count(*) >= 20 order by count(*) desc limit 5)) group by idcase ",%s,string,False
158_2,158,"select strftime('%s', MAX(timestamp)) - strftime('%s', MIN(timestamp)), idcase FROM event_log where idcase in (select idcase from event_log group by idcase having  count(*) IN (select count(*) from event_log group by idcase HAVING count(*) >= 20 order by count(*) desc limit 5)) group by idcase ",%s,string,False
158_2,158,"select strftime('%s', MAX(timestamp)) - strftime('%s', MIN(timestamp)), idcase FROM event_log where idcase in (select idcase from event_log group by idcase having  count(*) IN (select count(*) from event_log group by idcase HAVING count(*) >= 20 order by count(*) desc limit 5)) group by idcase ",20,numeric,True
158_2,158,"select strftime('%s', MAX(timestamp)) - strftime('%s', MIN(timestamp)), idcase FROM event_log where idcase in (select idcase from event_log group by idcase having  count(*) IN (select count(*) from event_log group by idcase HAVING count(*) >= 20 order by count(*) desc limit 5)) group by idcase ",5,numeric,False
158_3,158,"select strftime('%s', MAX(timestamp)) - strftime('%s', MIN(timestamp)), idcase FROM event_log where idcase in (select idcase from event_log group by idcase having  count(*) IN (select count(*) from event_log group by idcase HAVING count(*) >= 20 order by count(*) desc limit 5)) group by idcase ",%s,string,False
158_3,158,"select strftime('%s', MAX(timestamp)) - strftime('%s', MIN(timestamp)), idcase FROM event_log where idcase in (select idcase from event_log group by idcase having  count(*) IN (select count(*) from event_log group by idcase HAVING count(*) >= 20 order by count(*) desc limit 5)) group by idcase ",%s,string,False
158_3,158,"select strftime('%s', MAX(timestamp)) - strftime('%s', MIN(timestamp)), idcase FROM event_log where idcase in (select idcase from event_log group by idcase having  count(*) IN (select count(*) from event_log group by idcase HAVING count(*) >= 20 order by count(*) desc limit 5)) group by idcase ",20,numeric,True
158_3,158,"select strftime('%s', MAX(timestamp)) - strftime('%s', MIN(timestamp)), idcase FROM event_log where idcase in (select idcase from event_log group by idcase having  count(*) IN (select count(*) from event_log group by idcase HAVING count(*) >= 20 order by count(*) desc limit 5)) group by idcase ",5,numeric,False
158_4,158,"select strftime('%s', MAX(timestamp)) - strftime('%s', MIN(timestamp)), idcase FROM event_log where idcase in (select idcase from event_log group by idcase having  count(*) IN (select count(*) from event_log group by idcase HAVING count(*) >= 20 order by count(*) desc limit 5)) group by idcase ",%s,string,False
158_4,158,"select strftime('%s', MAX(timestamp)) - strftime('%s', MIN(timestamp)), idcase FROM event_log where idcase in (select idcase from event_log group by idcase having  count(*) IN (select count(*) from event_log group by idcase HAVING count(*) >= 20 order by count(*) desc limit 5)) group by idcase ",%s,string,False
158_4,158,"select strftime('%s', MAX(timestamp)) - strftime('%s', MIN(timestamp)), idcase FROM event_log where idcase in (select idcase from event_log group by idcase having  count(*) IN (select count(*) from event_log group by idcase HAVING count(*) >= 20 order by count(*) desc limit 5)) group by idcase ",20,numeric,True
158_4,158,"select strftime('%s', MAX(timestamp)) - strftime('%s', MIN(timestamp)), idcase FROM event_log where idcase in (select idcase from event_log group by idcase having  count(*) IN (select count(*) from event_log group by idcase HAVING count(*) >= 20 order by count(*) desc limit 5)) group by idcase ",5,numeric,False
158_5,158,"select strftime('%s', MAX(timestamp)) - strftime('%s', MIN(timestamp)), idcase FROM event_log where idcase in (select idcase from event_log group by idcase having  count(*) IN (select count(*) from event_log group by idcase HAVING count(*) >= 20 order by count(*) desc limit 5)) group by idcase ",%s,string,False
158_5,158,"select strftime('%s', MAX(timestamp)) - strftime('%s', MIN(timestamp)), idcase FROM event_log where idcase in (select idcase from event_log group by idcase having  count(*) IN (select count(*) from event_log group by idcase HAVING count(*) >= 20 order by count(*) desc limit 5)) group by idcase ",%s,string,False
158_5,158,"select strftime('%s', MAX(timestamp)) - strftime('%s', MIN(timestamp)), idcase FROM event_log where idcase in (select idcase from event_log group by idcase having  count(*) IN (select count(*) from event_log group by idcase HAVING count(*) >= 20 order by count(*) desc limit 5)) group by idcase ",20,numeric,True
158_5,158,"select strftime('%s', MAX(timestamp)) - strftime('%s', MIN(timestamp)), idcase FROM event_log where idcase in (select idcase from event_log group by idcase having  count(*) IN (select count(*) from event_log group by idcase HAVING count(*) >= 20 order by count(*) desc limit 5)) group by idcase ",5,numeric,False
158_6,158,"select strftime('%s', MAX(timestamp)) - strftime('%s', MIN(timestamp)), idcase FROM event_log where idcase in (select idcase from event_log group by idcase having  count(*) IN (select count(*) from event_log group by idcase HAVING count(*) >= 20 order by count(*) desc limit 5)) group by idcase ",%s,string,False
158_6,158,"select strftime('%s', MAX(timestamp)) - strftime('%s', MIN(timestamp)), idcase FROM event_log where idcase in (select idcase from event_log group by idcase having  count(*) IN (select count(*) from event_log group by idcase HAVING count(*) >= 20 order by count(*) desc limit 5)) group by idcase ",%s,string,False
158_6,158,"select strftime('%s', MAX(timestamp)) - strftime('%s', MIN(timestamp)), idcase FROM event_log where idcase in (select idcase from event_log group by idcase having  count(*) IN (select count(*) from event_log group by idcase HAVING count(*) >= 20 order by count(*) desc limit 5)) group by idcase ",20,numeric,True
158_6,158,"select strftime('%s', MAX(timestamp)) - strftime('%s', MIN(timestamp)), idcase FROM event_log where idcase in (select idcase from event_log group by idcase having  count(*) IN (select count(*) from event_log group by idcase HAVING count(*) >= 20 order by count(*) desc limit 5)) group by idcase ",5,numeric,False
158_7,158,"select strftime('%s', MAX(timestamp)) - strftime('%s', MIN(timestamp)), idcase FROM event_log where idcase in (select idcase from event_log group by idcase having  count(*) IN (select count(*) from event_log group by idcase HAVING count(*) >= 20 order by count(*) desc limit 5)) group by idcase ",%s,string,False
158_7,158,"select strftime('%s', MAX(timestamp)) - strftime('%s', MIN(timestamp)), idcase FROM event_log where idcase in (select idcase from event_log group by idcase having  count(*) IN (select count(*) from event_log group by idcase HAVING count(*) >= 20 order by count(*) desc limit 5)) group by idcase ",%s,string,False
158_7,158,"select strftime('%s', MAX(timestamp)) - strftime('%s', MIN(timestamp)), idcase FROM event_log where idcase in (select idcase from event_log group by idcase having  count(*) IN (select count(*) from event_log group by idcase HAVING count(*) >= 20 order by count(*) desc limit 5)) group by idcase ",20,numeric,True
158_7,158,"select strftime('%s', MAX(timestamp)) - strftime('%s', MIN(timestamp)), idcase FROM event_log where idcase in (select idcase from event_log group by idcase having  count(*) IN (select count(*) from event_log group by idcase HAVING count(*) >= 20 order by count(*) desc limit 5)) group by idcase ",5,numeric,True
159_0,159,"SELECT DISTINCT e.idcase FROM event_log AS e join (SELECT idcase, MIN(timestamp) as start_date FROM event_log GROUP BY idcase) AS e1 ON e1.idcase = e.idcase WHERE e.activity = 'Request payment' ORDER BY e1.start_date DESC LIMIT 10 ",Request payment,string,True
159_0,159,"SELECT DISTINCT e.idcase FROM event_log AS e join (SELECT idcase, MIN(timestamp) as start_date FROM event_log GROUP BY idcase) AS e1 ON e1.idcase = e.idcase WHERE e.activity = 'Request payment' ORDER BY e1.start_date DESC LIMIT 10 ",10,numeric,False
159_1,159,"SELECT DISTINCT e.idcase FROM event_log AS e join (SELECT idcase, MIN(timestamp) as start_date FROM event_log GROUP BY idcase) AS e1 ON e1.idcase = e.idcase WHERE e.activity = 'Request payment' ORDER BY e1.start_date DESC LIMIT 10 ",Request payment,string,True
159_1,159,"SELECT DISTINCT e.idcase FROM event_log AS e join (SELECT idcase, MIN(timestamp) as start_date FROM event_log GROUP BY idcase) AS e1 ON e1.idcase = e.idcase WHERE e.activity = 'Request payment' ORDER BY e1.start_date DESC LIMIT 10 ",10,numeric,False
159_2,159,"SELECT DISTINCT e.idcase FROM event_log AS e join (SELECT idcase, MIN(timestamp) as start_date FROM event_log GROUP BY idcase) AS e1 ON e1.idcase = e.idcase WHERE e.activity = 'Request payment' ORDER BY e1.start_date DESC LIMIT 10 ",Request payment,string,True
159_2,159,"SELECT DISTINCT e.idcase FROM event_log AS e join (SELECT idcase, MIN(timestamp) as start_date FROM event_log GROUP BY idcase) AS e1 ON e1.idcase = e.idcase WHERE e.activity = 'Request payment' ORDER BY e1.start_date DESC LIMIT 10 ",10,numeric,True
159_3,159,"SELECT DISTINCT e.idcase FROM event_log AS e join (SELECT idcase, MIN(timestamp) as start_date FROM event_log GROUP BY idcase) AS e1 ON e1.idcase = e.idcase WHERE e.activity = 'Request payment' ORDER BY e1.start_date DESC LIMIT 10 ",Request payment,string,True
159_3,159,"SELECT DISTINCT e.idcase FROM event_log AS e join (SELECT idcase, MIN(timestamp) as start_date FROM event_log GROUP BY idcase) AS e1 ON e1.idcase = e.idcase WHERE e.activity = 'Request payment' ORDER BY e1.start_date DESC LIMIT 10 ",10,numeric,False
159_4,159,"SELECT DISTINCT e.idcase FROM event_log AS e join (SELECT idcase, MIN(timestamp) as start_date FROM event_log GROUP BY idcase) AS e1 ON e1.idcase = e.idcase WHERE e.activity = 'Request payment' ORDER BY e1.start_date DESC LIMIT 10 ",Request payment,string,True
159_4,159,"SELECT DISTINCT e.idcase FROM event_log AS e join (SELECT idcase, MIN(timestamp) as start_date FROM event_log GROUP BY idcase) AS e1 ON e1.idcase = e.idcase WHERE e.activity = 'Request payment' ORDER BY e1.start_date DESC LIMIT 10 ",10,numeric,True
159_5,159,"SELECT DISTINCT e.idcase FROM event_log AS e join (SELECT idcase, MIN(timestamp) as start_date FROM event_log GROUP BY idcase) AS e1 ON e1.idcase = e.idcase WHERE e.activity = 'Request payment' ORDER BY e1.start_date DESC LIMIT 10 ",Request payment,string,True
159_5,159,"SELECT DISTINCT e.idcase FROM event_log AS e join (SELECT idcase, MIN(timestamp) as start_date FROM event_log GROUP BY idcase) AS e1 ON e1.idcase = e.idcase WHERE e.activity = 'Request payment' ORDER BY e1.start_date DESC LIMIT 10 ",10,numeric,False
159_6,159,"SELECT DISTINCT e.idcase FROM event_log AS e join (SELECT idcase, MIN(timestamp) as start_date FROM event_log GROUP BY idcase) AS e1 ON e1.idcase = e.idcase WHERE e.activity = 'Request payment' ORDER BY e1.start_date DESC LIMIT 10 ",Request payment,string,True
159_6,159,"SELECT DISTINCT e.idcase FROM event_log AS e join (SELECT idcase, MIN(timestamp) as start_date FROM event_log GROUP BY idcase) AS e1 ON e1.idcase = e.idcase WHERE e.activity = 'Request payment' ORDER BY e1.start_date DESC LIMIT 10 ",10,numeric,True
159_7,159,"SELECT DISTINCT e.idcase FROM event_log AS e join (SELECT idcase, MIN(timestamp) as start_date FROM event_log GROUP BY idcase) AS e1 ON e1.idcase = e.idcase WHERE e.activity = 'Request payment' ORDER BY e1.start_date DESC LIMIT 10 ",Request payment,string,True
159_7,159,"SELECT DISTINCT e.idcase FROM event_log AS e join (SELECT idcase, MIN(timestamp) as start_date FROM event_log GROUP BY idcase) AS e1 ON e1.idcase = e.idcase WHERE e.activity = 'Request payment' ORDER BY e1.start_date DESC LIMIT 10 ",10,numeric,True
159_8,159,"SELECT DISTINCT e.idcase FROM event_log AS e join (SELECT idcase, MIN(timestamp) as start_date FROM event_log GROUP BY idcase) AS e1 ON e1.idcase = e.idcase WHERE e.activity = 'Request payment' ORDER BY e1.start_date DESC LIMIT 10 ",Request payment,string,True
159_8,159,"SELECT DISTINCT e.idcase FROM event_log AS e join (SELECT idcase, MIN(timestamp) as start_date FROM event_log GROUP BY idcase) AS e1 ON e1.idcase = e.idcase WHERE e.activity = 'Request payment' ORDER BY e1.start_date DESC LIMIT 10 ",10,numeric,False
159_9,159,"SELECT DISTINCT e.idcase FROM event_log AS e join (SELECT idcase, MIN(timestamp) as start_date FROM event_log GROUP BY idcase) AS e1 ON e1.idcase = e.idcase WHERE e.activity = 'Request payment' ORDER BY e1.start_date DESC LIMIT 10 ",Request payment,string,True
159_9,159,"SELECT DISTINCT e.idcase FROM event_log AS e join (SELECT idcase, MIN(timestamp) as start_date FROM event_log GROUP BY idcase) AS e1 ON e1.idcase = e.idcase WHERE e.activity = 'Request payment' ORDER BY e1.start_date DESC LIMIT 10 ",10,numeric,True
159_10,159,"SELECT DISTINCT e.idcase FROM event_log AS e join (SELECT idcase, MIN(timestamp) as start_date FROM event_log GROUP BY idcase) AS e1 ON e1.idcase = e.idcase WHERE e.activity = 'Request payment' ORDER BY e1.start_date DESC LIMIT 10 ",Request payment,string,True
159_10,159,"SELECT DISTINCT e.idcase FROM event_log AS e join (SELECT idcase, MIN(timestamp) as start_date FROM event_log GROUP BY idcase) AS e1 ON e1.idcase = e.idcase WHERE e.activity = 'Request payment' ORDER BY e1.start_date DESC LIMIT 10 ",10,numeric,True
159_11,159,"SELECT DISTINCT e.idcase FROM event_log AS e join (SELECT idcase, MIN(timestamp) as start_date FROM event_log GROUP BY idcase) AS e1 ON e1.idcase = e.idcase WHERE e.activity = 'Request payment' ORDER BY e1.start_date DESC LIMIT 10 ",Request payment,string,False
159_11,159,"SELECT DISTINCT e.idcase FROM event_log AS e join (SELECT idcase, MIN(timestamp) as start_date FROM event_log GROUP BY idcase) AS e1 ON e1.idcase = e.idcase WHERE e.activity = 'Request payment' ORDER BY e1.start_date DESC LIMIT 10 ",10,numeric,True
160_0,160,SELECT idcase FROM event_log group by idcase having count(*) <= 10,10,numeric,True
160_1,160,SELECT idcase FROM event_log group by idcase having count(*) <= 10,10,numeric,False
160_2,160,SELECT idcase FROM event_log group by idcase having count(*) <= 10,10,numeric,False
160_3,160,SELECT idcase FROM event_log group by idcase having count(*) <= 10,10,numeric,True
160_4,160,SELECT idcase FROM event_log group by idcase having count(*) <= 10,10,numeric,False
160_5,160,SELECT idcase FROM event_log group by idcase having count(*) <= 10,10,numeric,True
160_6,160,SELECT idcase FROM event_log group by idcase having count(*) <= 10,10,numeric,False
160_7,160,SELECT idcase FROM event_log group by idcase having count(*) <= 10,10,numeric,False
160_8,160,SELECT idcase FROM event_log group by idcase having count(*) <= 10,10,numeric,False
160_9,160,SELECT idcase FROM event_log group by idcase having count(*) <= 10,10,numeric,False
160_10,160,SELECT idcase FROM event_log group by idcase having count(*) <= 10,10,numeric,False
160_11,160,SELECT idcase FROM event_log group by idcase having count(*) <= 10,10,numeric,True
161_0,161,SELECT AVG(cost) FROM event_log WHERE timestamp < '2018-01-01' AND activity = 'Payment handled',2018-01-01,date_string,True
161_0,161,SELECT AVG(cost) FROM event_log WHERE timestamp < '2018-01-01' AND activity = 'Payment handled',Payment handled,string,True
161_1,161,SELECT AVG(cost) FROM event_log WHERE timestamp < '2018-01-01' AND activity = 'Payment handled',2018-01-01,date_string,True
161_1,161,SELECT AVG(cost) FROM event_log WHERE timestamp < '2018-01-01' AND activity = 'Payment handled',Payment handled,string,True
161_2,161,SELECT AVG(cost) FROM event_log WHERE timestamp < '2018-01-01' AND activity = 'Payment handled',2018-01-01,date_string,True
161_2,161,SELECT AVG(cost) FROM event_log WHERE timestamp < '2018-01-01' AND activity = 'Payment handled',Payment handled,string,True
161_3,161,SELECT AVG(cost) FROM event_log WHERE timestamp < '2018-01-01' AND activity = 'Payment handled',2018-01-01,date_string,True
161_3,161,SELECT AVG(cost) FROM event_log WHERE timestamp < '2018-01-01' AND activity = 'Payment handled',Payment handled,string,True
161_4,161,SELECT AVG(cost) FROM event_log WHERE timestamp < '2018-01-01' AND activity = 'Payment handled',2018-01-01,date_string,True
161_4,161,SELECT AVG(cost) FROM event_log WHERE timestamp < '2018-01-01' AND activity = 'Payment handled',Payment handled,string,True
161_5,161,SELECT AVG(cost) FROM event_log WHERE timestamp < '2018-01-01' AND activity = 'Payment handled',2018-01-01,date_string,True
161_5,161,SELECT AVG(cost) FROM event_log WHERE timestamp < '2018-01-01' AND activity = 'Payment handled',Payment handled,string,True
161_6,161,SELECT AVG(cost) FROM event_log WHERE timestamp < '2018-01-01' AND activity = 'Payment handled',2018-01-01,date_string,True
161_6,161,SELECT AVG(cost) FROM event_log WHERE timestamp < '2018-01-01' AND activity = 'Payment handled',Payment handled,string,True
161_7,161,SELECT AVG(cost) FROM event_log WHERE timestamp < '2018-01-01' AND activity = 'Payment handled',2018-01-01,date_string,True
161_7,161,SELECT AVG(cost) FROM event_log WHERE timestamp < '2018-01-01' AND activity = 'Payment handled',Payment handled,string,True
161_8,161,SELECT AVG(cost) FROM event_log WHERE timestamp < '2018-01-01' AND activity = 'Payment handled',2018-01-01,date_string,True
161_8,161,SELECT AVG(cost) FROM event_log WHERE timestamp < '2018-01-01' AND activity = 'Payment handled',Payment handled,string,False
162_0,162,"SELECT idcase, COUNT(*) FROM event_log WHERE activity LIKE 'Permit%' GROUP by idcase",Permit%,string,False
162_1,162,"SELECT idcase, COUNT(*) FROM event_log WHERE activity LIKE 'Permit%' GROUP by idcase",Permit%,string,False
162_2,162,"SELECT idcase, COUNT(*) FROM event_log WHERE activity LIKE 'Permit%' GROUP by idcase",Permit%,string,False
162_3,162,"SELECT idcase, COUNT(*) FROM event_log WHERE activity LIKE 'Permit%' GROUP by idcase",Permit%,string,False
162_4,162,"SELECT idcase, COUNT(*) FROM event_log WHERE activity LIKE 'Permit%' GROUP by idcase",Permit%,string,False
162_5,162,"SELECT idcase, COUNT(*) FROM event_log WHERE activity LIKE 'Permit%' GROUP by idcase",Permit%,string,False
162_6,162,"SELECT idcase, COUNT(*) FROM event_log WHERE activity LIKE 'Permit%' GROUP by idcase",Permit%,string,False
162_7,162,"SELECT idcase, COUNT(*) FROM event_log WHERE activity LIKE 'Permit%' GROUP by idcase",Permit%,string,False
162_8,162,"SELECT idcase, COUNT(*) FROM event_log WHERE activity LIKE 'Permit%' GROUP by idcase",Permit%,string,False
162_9,162,"SELECT idcase, COUNT(*) FROM event_log WHERE activity LIKE 'Permit%' GROUP by idcase",Permit%,string,False
163_0,163,"SELECT COUNT(DISTINCT idcase), resource FROM event_log WHERE activity = 'Declaration rejected by supervisor'  GROUP BY resource",Declaration rejected by supervisor,string,True
163_1,163,"SELECT COUNT(DISTINCT idcase), resource FROM event_log WHERE activity = 'Declaration rejected by supervisor'  GROUP BY resource",Declaration rejected by supervisor,string,True
163_2,163,"SELECT COUNT(DISTINCT idcase), resource FROM event_log WHERE activity = 'Declaration rejected by supervisor'  GROUP BY resource",Declaration rejected by supervisor,string,True
163_3,163,"SELECT COUNT(DISTINCT idcase), resource FROM event_log WHERE activity = 'Declaration rejected by supervisor'  GROUP BY resource",Declaration rejected by supervisor,string,True
163_4,163,"SELECT COUNT(DISTINCT idcase), resource FROM event_log WHERE activity = 'Declaration rejected by supervisor'  GROUP BY resource",Declaration rejected by supervisor,string,True
163_5,163,"SELECT COUNT(DISTINCT idcase), resource FROM event_log WHERE activity = 'Declaration rejected by supervisor'  GROUP BY resource",Declaration rejected by supervisor,string,True
163_6,163,"SELECT COUNT(DISTINCT idcase), resource FROM event_log WHERE activity = 'Declaration rejected by supervisor'  GROUP BY resource",Declaration rejected by supervisor,string,False
163_7,163,"SELECT COUNT(DISTINCT idcase), resource FROM event_log WHERE activity = 'Declaration rejected by supervisor'  GROUP BY resource",Declaration rejected by supervisor,string,False
165_0,165,"SELECT e.* from event_log e INNER JOIN (select idcase, MAX(timestamp) as timestamp from event_log where activity like 'D%' group by idcase) e1 on e.idcase = e1.idcase and e.timestamp > e1.timestamp and e.activity like 'R%'",D%,string,False
165_0,165,"SELECT e.* from event_log e INNER JOIN (select idcase, MAX(timestamp) as timestamp from event_log where activity like 'D%' group by idcase) e1 on e.idcase = e1.idcase and e.timestamp > e1.timestamp and e.activity like 'R%'",R%,string,False
165_1,165,"SELECT e.* from event_log e INNER JOIN (select idcase, MAX(timestamp) as timestamp from event_log where activity like 'D%' group by idcase) e1 on e.idcase = e1.idcase and e.timestamp > e1.timestamp and e.activity like 'R%'",D%,string,False
165_1,165,"SELECT e.* from event_log e INNER JOIN (select idcase, MAX(timestamp) as timestamp from event_log where activity like 'D%' group by idcase) e1 on e.idcase = e1.idcase and e.timestamp > e1.timestamp and e.activity like 'R%'",R%,string,False
165_2,165,"SELECT e.* from event_log e INNER JOIN (select idcase, MAX(timestamp) as timestamp from event_log where activity like 'D%' group by idcase) e1 on e.idcase = e1.idcase and e.timestamp > e1.timestamp and e.activity like 'R%'",D%,string,False
165_2,165,"SELECT e.* from event_log e INNER JOIN (select idcase, MAX(timestamp) as timestamp from event_log where activity like 'D%' group by idcase) e1 on e.idcase = e1.idcase and e.timestamp > e1.timestamp and e.activity like 'R%'",R%,string,False
165_3,165,"SELECT e.* from event_log e INNER JOIN (select idcase, MAX(timestamp) as timestamp from event_log where activity like 'D%' group by idcase) e1 on e.idcase = e1.idcase and e.timestamp > e1.timestamp and e.activity like 'R%'",D%,string,False
165_3,165,"SELECT e.* from event_log e INNER JOIN (select idcase, MAX(timestamp) as timestamp from event_log where activity like 'D%' group by idcase) e1 on e.idcase = e1.idcase and e.timestamp > e1.timestamp and e.activity like 'R%'",R%,string,False
165_4,165,"SELECT e.* from event_log e INNER JOIN (select idcase, MAX(timestamp) as timestamp from event_log where activity like 'D%' group by idcase) e1 on e.idcase = e1.idcase and e.timestamp > e1.timestamp and e.activity like 'R%'",D%,string,False
165_4,165,"SELECT e.* from event_log e INNER JOIN (select idcase, MAX(timestamp) as timestamp from event_log where activity like 'D%' group by idcase) e1 on e.idcase = e1.idcase and e.timestamp > e1.timestamp and e.activity like 'R%'",R%,string,False
165_5,165,"SELECT e.* from event_log e INNER JOIN (select idcase, MAX(timestamp) as timestamp from event_log where activity like 'D%' group by idcase) e1 on e.idcase = e1.idcase and e.timestamp > e1.timestamp and e.activity like 'R%'",D%,string,False
165_5,165,"SELECT e.* from event_log e INNER JOIN (select idcase, MAX(timestamp) as timestamp from event_log where activity like 'D%' group by idcase) e1 on e.idcase = e1.idcase and e.timestamp > e1.timestamp and e.activity like 'R%'",R%,string,False
165_6,165,"SELECT e.* from event_log e INNER JOIN (select idcase, MAX(timestamp) as timestamp from event_log where activity like 'D%' group by idcase) e1 on e.idcase = e1.idcase and e.timestamp > e1.timestamp and e.activity like 'R%'",D%,string,False
165_6,165,"SELECT e.* from event_log e INNER JOIN (select idcase, MAX(timestamp) as timestamp from event_log where activity like 'D%' group by idcase) e1 on e.idcase = e1.idcase and e.timestamp > e1.timestamp and e.activity like 'R%'",R%,string,False
165_7,165,"SELECT e.* from event_log e INNER JOIN (select idcase, MAX(timestamp) as timestamp from event_log where activity like 'D%' group by idcase) e1 on e.idcase = e1.idcase and e.timestamp > e1.timestamp and e.activity like 'R%'",D%,string,False
165_7,165,"SELECT e.* from event_log e INNER JOIN (select idcase, MAX(timestamp) as timestamp from event_log where activity like 'D%' group by idcase) e1 on e.idcase = e1.idcase and e.timestamp > e1.timestamp and e.activity like 'R%'",R%,string,False
167_0,167,select DISTINCT activity from event_log where timestamp between '2018-01-01' and '2018-07-01',2018-01-01,date_string,True
167_0,167,select DISTINCT activity from event_log where timestamp between '2018-01-01' and '2018-07-01',2018-07-01,date_string,True
167_1,167,select DISTINCT activity from event_log where timestamp between '2018-01-01' and '2018-07-01',2018-01-01,date_string,True
167_1,167,select DISTINCT activity from event_log where timestamp between '2018-01-01' and '2018-07-01',2018-07-01,date_string,True
167_2,167,select DISTINCT activity from event_log where timestamp between '2018-01-01' and '2018-07-01',2018-01-01,date_string,True
167_2,167,select DISTINCT activity from event_log where timestamp between '2018-01-01' and '2018-07-01',2018-07-01,date_string,True
167_3,167,select DISTINCT activity from event_log where timestamp between '2018-01-01' and '2018-07-01',2018-01-01,date_string,True
167_3,167,select DISTINCT activity from event_log where timestamp between '2018-01-01' and '2018-07-01',2018-07-01,date_string,True
167_4,167,select DISTINCT activity from event_log where timestamp between '2018-01-01' and '2018-07-01',2018-01-01,date_string,True
167_4,167,select DISTINCT activity from event_log where timestamp between '2018-01-01' and '2018-07-01',2018-07-01,date_string,True
167_5,167,select DISTINCT activity from event_log where timestamp between '2018-01-01' and '2018-07-01',2018-01-01,date_string,True
167_5,167,select DISTINCT activity from event_log where timestamp between '2018-01-01' and '2018-07-01',2018-07-01,date_string,True
167_6,167,select DISTINCT activity from event_log where timestamp between '2018-01-01' and '2018-07-01',2018-01-01,date_string,True
167_6,167,select DISTINCT activity from event_log where timestamp between '2018-01-01' and '2018-07-01',2018-07-01,date_string,True
168_0,168,SELECT DISTINCT idcase FROM event_log WHERE resource = 'Wayne' ORDER BY idcase,Wayne,string,True
168_1,168,SELECT DISTINCT idcase FROM event_log WHERE resource = 'Wayne' ORDER BY idcase,Wayne,string,True
168_2,168,SELECT DISTINCT idcase FROM event_log WHERE resource = 'Wayne' ORDER BY idcase,Wayne,string,True
168_3,168,SELECT DISTINCT idcase FROM event_log WHERE resource = 'Wayne' ORDER BY idcase,Wayne,string,True
168_4,168,SELECT DISTINCT idcase FROM event_log WHERE resource = 'Wayne' ORDER BY idcase,Wayne,string,True
168_5,168,SELECT DISTINCT idcase FROM event_log WHERE resource = 'Wayne' ORDER BY idcase,Wayne,string,True
168_6,168,SELECT DISTINCT idcase FROM event_log WHERE resource = 'Wayne' ORDER BY idcase,Wayne,string,True
168_7,168,SELECT DISTINCT idcase FROM event_log WHERE resource = 'Wayne' ORDER BY idcase,Wayne,string,True
168_8,168,SELECT DISTINCT idcase FROM event_log WHERE resource = 'Wayne' ORDER BY idcase,Wayne,string,True
168_9,168,SELECT DISTINCT idcase FROM event_log WHERE resource = 'Wayne' ORDER BY idcase,Wayne,string,True
169_0,169,"select activity, count(DISTINCT idcase) FROM event_log where idcase in (SELECT idcase FROM event_log GROUP BY idcase  HAVING strftime('%Y-%m-%d', MAX(timestamp)) =  '2018-03-12') group by activity",%Y-%m-%d,string,False
169_0,169,"select activity, count(DISTINCT idcase) FROM event_log where idcase in (SELECT idcase FROM event_log GROUP BY idcase  HAVING strftime('%Y-%m-%d', MAX(timestamp)) =  '2018-03-12') group by activity",2018-03-12,date_string,True
169_1,169,"select activity, count(DISTINCT idcase) FROM event_log where idcase in (SELECT idcase FROM event_log GROUP BY idcase  HAVING strftime('%Y-%m-%d', MAX(timestamp)) =  '2018-03-12') group by activity",%Y-%m-%d,string,False
169_1,169,"select activity, count(DISTINCT idcase) FROM event_log where idcase in (SELECT idcase FROM event_log GROUP BY idcase  HAVING strftime('%Y-%m-%d', MAX(timestamp)) =  '2018-03-12') group by activity",2018-03-12,date_string,True
169_2,169,"select activity, count(DISTINCT idcase) FROM event_log where idcase in (SELECT idcase FROM event_log GROUP BY idcase  HAVING strftime('%Y-%m-%d', MAX(timestamp)) =  '2018-03-12') group by activity",%Y-%m-%d,string,False
169_2,169,"select activity, count(DISTINCT idcase) FROM event_log where idcase in (SELECT idcase FROM event_log GROUP BY idcase  HAVING strftime('%Y-%m-%d', MAX(timestamp)) =  '2018-03-12') group by activity",2018-03-12,date_string,True
169_3,169,"select activity, count(DISTINCT idcase) FROM event_log where idcase in (SELECT idcase FROM event_log GROUP BY idcase  HAVING strftime('%Y-%m-%d', MAX(timestamp)) =  '2018-03-12') group by activity",%Y-%m-%d,string,False
169_3,169,"select activity, count(DISTINCT idcase) FROM event_log where idcase in (SELECT idcase FROM event_log GROUP BY idcase  HAVING strftime('%Y-%m-%d', MAX(timestamp)) =  '2018-03-12') group by activity",2018-03-12,date_string,True
169_4,169,"select activity, count(DISTINCT idcase) FROM event_log where idcase in (SELECT idcase FROM event_log GROUP BY idcase  HAVING strftime('%Y-%m-%d', MAX(timestamp)) =  '2018-03-12') group by activity",%Y-%m-%d,string,False
169_4,169,"select activity, count(DISTINCT idcase) FROM event_log where idcase in (SELECT idcase FROM event_log GROUP BY idcase  HAVING strftime('%Y-%m-%d', MAX(timestamp)) =  '2018-03-12') group by activity",2018-03-12,date_string,True
169_5,169,"select activity, count(DISTINCT idcase) FROM event_log where idcase in (SELECT idcase FROM event_log GROUP BY idcase  HAVING strftime('%Y-%m-%d', MAX(timestamp)) =  '2018-03-12') group by activity",%Y-%m-%d,string,False
169_5,169,"select activity, count(DISTINCT idcase) FROM event_log where idcase in (SELECT idcase FROM event_log GROUP BY idcase  HAVING strftime('%Y-%m-%d', MAX(timestamp)) =  '2018-03-12') group by activity",2018-03-12,date_string,True
169_6,169,"select activity, count(DISTINCT idcase) FROM event_log where idcase in (SELECT idcase FROM event_log GROUP BY idcase  HAVING strftime('%Y-%m-%d', MAX(timestamp)) =  '2018-03-12') group by activity",%Y-%m-%d,string,False
169_6,169,"select activity, count(DISTINCT idcase) FROM event_log where idcase in (SELECT idcase FROM event_log GROUP BY idcase  HAVING strftime('%Y-%m-%d', MAX(timestamp)) =  '2018-03-12') group by activity",2018-03-12,date_string,True
169_7,169,"select activity, count(DISTINCT idcase) FROM event_log where idcase in (SELECT idcase FROM event_log GROUP BY idcase  HAVING strftime('%Y-%m-%d', MAX(timestamp)) =  '2018-03-12') group by activity",%Y-%m-%d,string,False
169_7,169,"select activity, count(DISTINCT idcase) FROM event_log where idcase in (SELECT idcase FROM event_log GROUP BY idcase  HAVING strftime('%Y-%m-%d', MAX(timestamp)) =  '2018-03-12') group by activity",2018-03-12,date_string,True
170_0,170,"SELECT COUNT(idcase) FROM (SELECT idcase, activity, MIN(timestamp) FROM event_log  GROUP BY idcase) AS e1 WHERE e1.activity LIKE 'Permit%'",Permit%,string,False
170_1,170,"SELECT COUNT(idcase) FROM (SELECT idcase, activity, MIN(timestamp) FROM event_log  GROUP BY idcase) AS e1 WHERE e1.activity LIKE 'Permit%'",Permit%,string,False
170_2,170,"SELECT COUNT(idcase) FROM (SELECT idcase, activity, MIN(timestamp) FROM event_log  GROUP BY idcase) AS e1 WHERE e1.activity LIKE 'Permit%'",Permit%,string,False
170_3,170,"SELECT COUNT(idcase) FROM (SELECT idcase, activity, MIN(timestamp) FROM event_log  GROUP BY idcase) AS e1 WHERE e1.activity LIKE 'Permit%'",Permit%,string,False
170_4,170,"SELECT COUNT(idcase) FROM (SELECT idcase, activity, MIN(timestamp) FROM event_log  GROUP BY idcase) AS e1 WHERE e1.activity LIKE 'Permit%'",Permit%,string,False
170_5,170,"SELECT COUNT(idcase) FROM (SELECT idcase, activity, MIN(timestamp) FROM event_log  GROUP BY idcase) AS e1 WHERE e1.activity LIKE 'Permit%'",Permit%,string,False
170_6,170,"SELECT COUNT(idcase) FROM (SELECT idcase, activity, MIN(timestamp) FROM event_log  GROUP BY idcase) AS e1 WHERE e1.activity LIKE 'Permit%'",Permit%,string,False
170_7,170,"SELECT COUNT(idcase) FROM (SELECT idcase, activity, MIN(timestamp) FROM event_log  GROUP BY idcase) AS e1 WHERE e1.activity LIKE 'Permit%'",Permit%,string,False
170_8,170,"SELECT COUNT(idcase) FROM (SELECT idcase, activity, MIN(timestamp) FROM event_log  GROUP BY idcase) AS e1 WHERE e1.activity LIKE 'Permit%'",Permit%,string,False
171_0,171,SELECT DISTINCT idcase FROM event_log WHERE idcase NOT IN (SELECT idcase FROM event_log WHERE activity = 'Request payment' OR activity = 'Payment handled'),Request payment,string,True
171_0,171,SELECT DISTINCT idcase FROM event_log WHERE idcase NOT IN (SELECT idcase FROM event_log WHERE activity = 'Request payment' OR activity = 'Payment handled'),Payment handled,string,True
171_1,171,SELECT DISTINCT idcase FROM event_log WHERE idcase NOT IN (SELECT idcase FROM event_log WHERE activity = 'Request payment' OR activity = 'Payment handled'),Request payment,string,True
171_1,171,SELECT DISTINCT idcase FROM event_log WHERE idcase NOT IN (SELECT idcase FROM event_log WHERE activity = 'Request payment' OR activity = 'Payment handled'),Payment handled,string,True
171_2,171,SELECT DISTINCT idcase FROM event_log WHERE idcase NOT IN (SELECT idcase FROM event_log WHERE activity = 'Request payment' OR activity = 'Payment handled'),Request payment,string,True
171_2,171,SELECT DISTINCT idcase FROM event_log WHERE idcase NOT IN (SELECT idcase FROM event_log WHERE activity = 'Request payment' OR activity = 'Payment handled'),Payment handled,string,True
171_3,171,SELECT DISTINCT idcase FROM event_log WHERE idcase NOT IN (SELECT idcase FROM event_log WHERE activity = 'Request payment' OR activity = 'Payment handled'),Request payment,string,True
171_3,171,SELECT DISTINCT idcase FROM event_log WHERE idcase NOT IN (SELECT idcase FROM event_log WHERE activity = 'Request payment' OR activity = 'Payment handled'),Payment handled,string,True
171_4,171,SELECT DISTINCT idcase FROM event_log WHERE idcase NOT IN (SELECT idcase FROM event_log WHERE activity = 'Request payment' OR activity = 'Payment handled'),Request payment,string,True
171_4,171,SELECT DISTINCT idcase FROM event_log WHERE idcase NOT IN (SELECT idcase FROM event_log WHERE activity = 'Request payment' OR activity = 'Payment handled'),Payment handled,string,True
171_5,171,SELECT DISTINCT idcase FROM event_log WHERE idcase NOT IN (SELECT idcase FROM event_log WHERE activity = 'Request payment' OR activity = 'Payment handled'),Request payment,string,True
171_5,171,SELECT DISTINCT idcase FROM event_log WHERE idcase NOT IN (SELECT idcase FROM event_log WHERE activity = 'Request payment' OR activity = 'Payment handled'),Payment handled,string,True
171_6,171,SELECT DISTINCT idcase FROM event_log WHERE idcase NOT IN (SELECT idcase FROM event_log WHERE activity = 'Request payment' OR activity = 'Payment handled'),Request payment,string,True
171_6,171,SELECT DISTINCT idcase FROM event_log WHERE idcase NOT IN (SELECT idcase FROM event_log WHERE activity = 'Request payment' OR activity = 'Payment handled'),Payment handled,string,True
171_7,171,SELECT DISTINCT idcase FROM event_log WHERE idcase NOT IN (SELECT idcase FROM event_log WHERE activity = 'Request payment' OR activity = 'Payment handled'),Request payment,string,True
171_7,171,SELECT DISTINCT idcase FROM event_log WHERE idcase NOT IN (SELECT idcase FROM event_log WHERE activity = 'Request payment' OR activity = 'Payment handled'),Payment handled,string,True
171_8,171,SELECT DISTINCT idcase FROM event_log WHERE idcase NOT IN (SELECT idcase FROM event_log WHERE activity = 'Request payment' OR activity = 'Payment handled'),Request payment,string,True
171_8,171,SELECT DISTINCT idcase FROM event_log WHERE idcase NOT IN (SELECT idcase FROM event_log WHERE activity = 'Request payment' OR activity = 'Payment handled'),Payment handled,string,True
171_9,171,SELECT DISTINCT idcase FROM event_log WHERE idcase NOT IN (SELECT idcase FROM event_log WHERE activity = 'Request payment' OR activity = 'Payment handled'),Request payment,string,True
171_9,171,SELECT DISTINCT idcase FROM event_log WHERE idcase NOT IN (SELECT idcase FROM event_log WHERE activity = 'Request payment' OR activity = 'Payment handled'),Payment handled,string,True
171_10,171,SELECT DISTINCT idcase FROM event_log WHERE idcase NOT IN (SELECT idcase FROM event_log WHERE activity = 'Request payment' OR activity = 'Payment handled'),Request payment,string,False
171_10,171,SELECT DISTINCT idcase FROM event_log WHERE idcase NOT IN (SELECT idcase FROM event_log WHERE activity = 'Request payment' OR activity = 'Payment handled'),Payment handled,string,False
171_11,171,SELECT DISTINCT idcase FROM event_log WHERE idcase NOT IN (SELECT idcase FROM event_log WHERE activity = 'Request payment' OR activity = 'Payment handled'),Request payment,string,False
171_11,171,SELECT DISTINCT idcase FROM event_log WHERE idcase NOT IN (SELECT idcase FROM event_log WHERE activity = 'Request payment' OR activity = 'Payment handled'),Payment handled,string,False
172_0,172,"SELECT * FROM event_log WHERE activity = 'Start trip' OR activity = 'Declaration submitted by employee' ORDER BY timestamp, resource",Start trip,string,True
172_0,172,"SELECT * FROM event_log WHERE activity = 'Start trip' OR activity = 'Declaration submitted by employee' ORDER BY timestamp, resource",Declaration submitted by employee,string,True
172_1,172,"SELECT * FROM event_log WHERE activity = 'Start trip' OR activity = 'Declaration submitted by employee' ORDER BY timestamp, resource",Start trip,string,True
172_1,172,"SELECT * FROM event_log WHERE activity = 'Start trip' OR activity = 'Declaration submitted by employee' ORDER BY timestamp, resource",Declaration submitted by employee,string,True
172_2,172,"SELECT * FROM event_log WHERE activity = 'Start trip' OR activity = 'Declaration submitted by employee' ORDER BY timestamp, resource",Start trip,string,True
172_2,172,"SELECT * FROM event_log WHERE activity = 'Start trip' OR activity = 'Declaration submitted by employee' ORDER BY timestamp, resource",Declaration submitted by employee,string,True
172_3,172,"SELECT * FROM event_log WHERE activity = 'Start trip' OR activity = 'Declaration submitted by employee' ORDER BY timestamp, resource",Start trip,string,True
172_3,172,"SELECT * FROM event_log WHERE activity = 'Start trip' OR activity = 'Declaration submitted by employee' ORDER BY timestamp, resource",Declaration submitted by employee,string,True
172_4,172,"SELECT * FROM event_log WHERE activity = 'Start trip' OR activity = 'Declaration submitted by employee' ORDER BY timestamp, resource",Start trip,string,True
172_4,172,"SELECT * FROM event_log WHERE activity = 'Start trip' OR activity = 'Declaration submitted by employee' ORDER BY timestamp, resource",Declaration submitted by employee,string,True
172_5,172,"SELECT * FROM event_log WHERE activity = 'Start trip' OR activity = 'Declaration submitted by employee' ORDER BY timestamp, resource",Start trip,string,True
172_5,172,"SELECT * FROM event_log WHERE activity = 'Start trip' OR activity = 'Declaration submitted by employee' ORDER BY timestamp, resource",Declaration submitted by employee,string,True
172_6,172,"SELECT * FROM event_log WHERE activity = 'Start trip' OR activity = 'Declaration submitted by employee' ORDER BY timestamp, resource",Start trip,string,True
172_6,172,"SELECT * FROM event_log WHERE activity = 'Start trip' OR activity = 'Declaration submitted by employee' ORDER BY timestamp, resource",Declaration submitted by employee,string,True
172_7,172,"SELECT * FROM event_log WHERE activity = 'Start trip' OR activity = 'Declaration submitted by employee' ORDER BY timestamp, resource",Start trip,string,True
172_7,172,"SELECT * FROM event_log WHERE activity = 'Start trip' OR activity = 'Declaration submitted by employee' ORDER BY timestamp, resource",Declaration submitted by employee,string,True
172_8,172,"SELECT * FROM event_log WHERE activity = 'Start trip' OR activity = 'Declaration submitted by employee' ORDER BY timestamp, resource",Start trip,string,True
172_8,172,"SELECT * FROM event_log WHERE activity = 'Start trip' OR activity = 'Declaration submitted by employee' ORDER BY timestamp, resource",Declaration submitted by employee,string,True
172_9,172,"SELECT * FROM event_log WHERE activity = 'Start trip' OR activity = 'Declaration submitted by employee' ORDER BY timestamp, resource",Start trip,string,False
172_9,172,"SELECT * FROM event_log WHERE activity = 'Start trip' OR activity = 'Declaration submitted by employee' ORDER BY timestamp, resource",Declaration submitted by employee,string,False
172_10,172,"SELECT * FROM event_log WHERE activity = 'Start trip' OR activity = 'Declaration submitted by employee' ORDER BY timestamp, resource",Start trip,string,False
172_10,172,"SELECT * FROM event_log WHERE activity = 'Start trip' OR activity = 'Declaration submitted by employee' ORDER BY timestamp, resource",Declaration submitted by employee,string,False
173_0,173,"SELECT count(*), resource From event_log where activity = 'Declaration saved by employee' group by resource order by resource",Declaration saved by employee,string,True
173_1,173,"SELECT count(*), resource From event_log where activity = 'Declaration saved by employee' group by resource order by resource",Declaration saved by employee,string,True
173_2,173,"SELECT count(*), resource From event_log where activity = 'Declaration saved by employee' group by resource order by resource",Declaration saved by employee,string,True
173_3,173,"SELECT count(*), resource From event_log where activity = 'Declaration saved by employee' group by resource order by resource",Declaration saved by employee,string,True
173_4,173,"SELECT count(*), resource From event_log where activity = 'Declaration saved by employee' group by resource order by resource",Declaration saved by employee,string,True
173_5,173,"SELECT count(*), resource From event_log where activity = 'Declaration saved by employee' group by resource order by resource",Declaration saved by employee,string,True
173_6,173,"SELECT count(*), resource From event_log where activity = 'Declaration saved by employee' group by resource order by resource",Declaration saved by employee,string,True
173_7,173,"SELECT count(*), resource From event_log where activity = 'Declaration saved by employee' group by resource order by resource",Declaration saved by employee,string,True
173_8,173,"SELECT count(*), resource From event_log where activity = 'Declaration saved by employee' group by resource order by resource",Declaration saved by employee,string,True
173_9,173,"SELECT count(*), resource From event_log where activity = 'Declaration saved by employee' group by resource order by resource",Declaration saved by employee,string,False
173_10,173,"SELECT count(*), resource From event_log where activity = 'Declaration saved by employee' group by resource order by resource",Declaration saved by employee,string,False
176_0,176,"SELECT resource, COUNT (*) FROM event_log WHERE activity = 'End trip' OR activity = 'Payment handled' GROUP BY resource",End trip,string,True
176_0,176,"SELECT resource, COUNT (*) FROM event_log WHERE activity = 'End trip' OR activity = 'Payment handled' GROUP BY resource",Payment handled,string,True
176_1,176,"SELECT resource, COUNT (*) FROM event_log WHERE activity = 'End trip' OR activity = 'Payment handled' GROUP BY resource",End trip,string,True
176_1,176,"SELECT resource, COUNT (*) FROM event_log WHERE activity = 'End trip' OR activity = 'Payment handled' GROUP BY resource",Payment handled,string,True
176_2,176,"SELECT resource, COUNT (*) FROM event_log WHERE activity = 'End trip' OR activity = 'Payment handled' GROUP BY resource",End trip,string,True
176_2,176,"SELECT resource, COUNT (*) FROM event_log WHERE activity = 'End trip' OR activity = 'Payment handled' GROUP BY resource",Payment handled,string,True
176_3,176,"SELECT resource, COUNT (*) FROM event_log WHERE activity = 'End trip' OR activity = 'Payment handled' GROUP BY resource",End trip,string,True
176_3,176,"SELECT resource, COUNT (*) FROM event_log WHERE activity = 'End trip' OR activity = 'Payment handled' GROUP BY resource",Payment handled,string,True
176_4,176,"SELECT resource, COUNT (*) FROM event_log WHERE activity = 'End trip' OR activity = 'Payment handled' GROUP BY resource",End trip,string,True
176_4,176,"SELECT resource, COUNT (*) FROM event_log WHERE activity = 'End trip' OR activity = 'Payment handled' GROUP BY resource",Payment handled,string,True
176_5,176,"SELECT resource, COUNT (*) FROM event_log WHERE activity = 'End trip' OR activity = 'Payment handled' GROUP BY resource",End trip,string,True
176_5,176,"SELECT resource, COUNT (*) FROM event_log WHERE activity = 'End trip' OR activity = 'Payment handled' GROUP BY resource",Payment handled,string,True
176_6,176,"SELECT resource, COUNT (*) FROM event_log WHERE activity = 'End trip' OR activity = 'Payment handled' GROUP BY resource",End trip,string,False
176_6,176,"SELECT resource, COUNT (*) FROM event_log WHERE activity = 'End trip' OR activity = 'Payment handled' GROUP BY resource",Payment handled,string,False
176_7,176,"SELECT resource, COUNT (*) FROM event_log WHERE activity = 'End trip' OR activity = 'Payment handled' GROUP BY resource",End trip,string,False
176_7,176,"SELECT resource, COUNT (*) FROM event_log WHERE activity = 'End trip' OR activity = 'Payment handled' GROUP BY resource",Payment handled,string,False
177_0,177,"SELECT count(*), resource FROM (SELECT resource, MIN(timestamp) FROM event_log where activity = 'Declaration rejected by pre-approver' GROUP by resource, idcase) GROUP by resource",Declaration rejected by pre-approver,string,True
177_1,177,"SELECT count(*), resource FROM (SELECT resource, MIN(timestamp) FROM event_log where activity = 'Declaration rejected by pre-approver' GROUP by resource, idcase) GROUP by resource",Declaration rejected by pre-approver,string,True
177_2,177,"SELECT count(*), resource FROM (SELECT resource, MIN(timestamp) FROM event_log where activity = 'Declaration rejected by pre-approver' GROUP by resource, idcase) GROUP by resource",Declaration rejected by pre-approver,string,True
177_3,177,"SELECT count(*), resource FROM (SELECT resource, MIN(timestamp) FROM event_log where activity = 'Declaration rejected by pre-approver' GROUP by resource, idcase) GROUP by resource",Declaration rejected by pre-approver,string,True
177_4,177,"SELECT count(*), resource FROM (SELECT resource, MIN(timestamp) FROM event_log where activity = 'Declaration rejected by pre-approver' GROUP by resource, idcase) GROUP by resource",Declaration rejected by pre-approver,string,True
177_5,177,"SELECT count(*), resource FROM (SELECT resource, MIN(timestamp) FROM event_log where activity = 'Declaration rejected by pre-approver' GROUP by resource, idcase) GROUP by resource",Declaration rejected by pre-approver,string,False
177_6,177,"SELECT count(*), resource FROM (SELECT resource, MIN(timestamp) FROM event_log where activity = 'Declaration rejected by pre-approver' GROUP by resource, idcase) GROUP by resource",Declaration rejected by pre-approver,string,False
178_0,178,"select count(*), e1.idcase from event_log AS e1 inner join event_log AS e2 on e1.idcase = e2.idcase WHERE e2.activity = 'End trip' and e1.timestamp < e2.timestamp group by e1.idcase",End trip,string,True
178_1,178,"select count(*), e1.idcase from event_log AS e1 inner join event_log AS e2 on e1.idcase = e2.idcase WHERE e2.activity = 'End trip' and e1.timestamp < e2.timestamp group by e1.idcase",End trip,string,True
178_2,178,"select count(*), e1.idcase from event_log AS e1 inner join event_log AS e2 on e1.idcase = e2.idcase WHERE e2.activity = 'End trip' and e1.timestamp < e2.timestamp group by e1.idcase",End trip,string,True
178_3,178,"select count(*), e1.idcase from event_log AS e1 inner join event_log AS e2 on e1.idcase = e2.idcase WHERE e2.activity = 'End trip' and e1.timestamp < e2.timestamp group by e1.idcase",End trip,string,True
178_4,178,"select count(*), e1.idcase from event_log AS e1 inner join event_log AS e2 on e1.idcase = e2.idcase WHERE e2.activity = 'End trip' and e1.timestamp < e2.timestamp group by e1.idcase",End trip,string,True
178_5,178,"select count(*), e1.idcase from event_log AS e1 inner join event_log AS e2 on e1.idcase = e2.idcase WHERE e2.activity = 'End trip' and e1.timestamp < e2.timestamp group by e1.idcase",End trip,string,True
178_6,178,"select count(*), e1.idcase from event_log AS e1 inner join event_log AS e2 on e1.idcase = e2.idcase WHERE e2.activity = 'End trip' and e1.timestamp < e2.timestamp group by e1.idcase",End trip,string,True
178_7,178,"select count(*), e1.idcase from event_log AS e1 inner join event_log AS e2 on e1.idcase = e2.idcase WHERE e2.activity = 'End trip' and e1.timestamp < e2.timestamp group by e1.idcase",End trip,string,True
178_8,178,"select count(*), e1.idcase from event_log AS e1 inner join event_log AS e2 on e1.idcase = e2.idcase WHERE e2.activity = 'End trip' and e1.timestamp < e2.timestamp group by e1.idcase",End trip,string,True
178_9,178,"select count(*), e1.idcase from event_log AS e1 inner join event_log AS e2 on e1.idcase = e2.idcase WHERE e2.activity = 'End trip' and e1.timestamp < e2.timestamp group by e1.idcase",End trip,string,False
178_10,178,"select count(*), e1.idcase from event_log AS e1 inner join event_log AS e2 on e1.idcase = e2.idcase WHERE e2.activity = 'End trip' and e1.timestamp < e2.timestamp group by e1.idcase",End trip,string,False
179_0,179,select DISTINCT activity from event_log where resource = 'Thomas' and  timestamp between '2018-01-01' and '2018-07-01',Thomas,string,True
179_0,179,select DISTINCT activity from event_log where resource = 'Thomas' and  timestamp between '2018-01-01' and '2018-07-01',2018-01-01,date_string,True
179_0,179,select DISTINCT activity from event_log where resource = 'Thomas' and  timestamp between '2018-01-01' and '2018-07-01',2018-07-01,date_string,True
179_1,179,select DISTINCT activity from event_log where resource = 'Thomas' and  timestamp between '2018-01-01' and '2018-07-01',Thomas,string,True
179_1,179,select DISTINCT activity from event_log where resource = 'Thomas' and  timestamp between '2018-01-01' and '2018-07-01',2018-01-01,date_string,True
179_1,179,select DISTINCT activity from event_log where resource = 'Thomas' and  timestamp between '2018-01-01' and '2018-07-01',2018-07-01,date_string,True
179_2,179,select DISTINCT activity from event_log where resource = 'Thomas' and  timestamp between '2018-01-01' and '2018-07-01',Thomas,string,True
179_2,179,select DISTINCT activity from event_log where resource = 'Thomas' and  timestamp between '2018-01-01' and '2018-07-01',2018-01-01,date_string,True
179_2,179,select DISTINCT activity from event_log where resource = 'Thomas' and  timestamp between '2018-01-01' and '2018-07-01',2018-07-01,date_string,True
179_3,179,select DISTINCT activity from event_log where resource = 'Thomas' and  timestamp between '2018-01-01' and '2018-07-01',Thomas,string,True
179_3,179,select DISTINCT activity from event_log where resource = 'Thomas' and  timestamp between '2018-01-01' and '2018-07-01',2018-01-01,date_string,True
179_3,179,select DISTINCT activity from event_log where resource = 'Thomas' and  timestamp between '2018-01-01' and '2018-07-01',2018-07-01,date_string,True
179_4,179,select DISTINCT activity from event_log where resource = 'Thomas' and  timestamp between '2018-01-01' and '2018-07-01',Thomas,string,True
179_4,179,select DISTINCT activity from event_log where resource = 'Thomas' and  timestamp between '2018-01-01' and '2018-07-01',2018-01-01,date_string,True
179_4,179,select DISTINCT activity from event_log where resource = 'Thomas' and  timestamp between '2018-01-01' and '2018-07-01',2018-07-01,date_string,True
179_5,179,select DISTINCT activity from event_log where resource = 'Thomas' and  timestamp between '2018-01-01' and '2018-07-01',Thomas,string,True
179_5,179,select DISTINCT activity from event_log where resource = 'Thomas' and  timestamp between '2018-01-01' and '2018-07-01',2018-01-01,date_string,True
179_5,179,select DISTINCT activity from event_log where resource = 'Thomas' and  timestamp between '2018-01-01' and '2018-07-01',2018-07-01,date_string,True
179_6,179,select DISTINCT activity from event_log where resource = 'Thomas' and  timestamp between '2018-01-01' and '2018-07-01',Thomas,string,True
179_6,179,select DISTINCT activity from event_log where resource = 'Thomas' and  timestamp between '2018-01-01' and '2018-07-01',2018-01-01,date_string,True
179_6,179,select DISTINCT activity from event_log where resource = 'Thomas' and  timestamp between '2018-01-01' and '2018-07-01',2018-07-01,date_string,True
179_7,179,select DISTINCT activity from event_log where resource = 'Thomas' and  timestamp between '2018-01-01' and '2018-07-01',Thomas,string,True
179_7,179,select DISTINCT activity from event_log where resource = 'Thomas' and  timestamp between '2018-01-01' and '2018-07-01',2018-01-01,date_string,True
179_7,179,select DISTINCT activity from event_log where resource = 'Thomas' and  timestamp between '2018-01-01' and '2018-07-01',2018-07-01,date_string,True
179_8,179,select DISTINCT activity from event_log where resource = 'Thomas' and  timestamp between '2018-01-01' and '2018-07-01',Thomas,string,True
179_8,179,select DISTINCT activity from event_log where resource = 'Thomas' and  timestamp between '2018-01-01' and '2018-07-01',2018-01-01,date_string,True
179_8,179,select DISTINCT activity from event_log where resource = 'Thomas' and  timestamp between '2018-01-01' and '2018-07-01',2018-07-01,date_string,True
180_0,180,"SELECT DISTINCT e1.idcase FROM event_log e1 inner join  (SELECT idcase, MIN(timestamp) as timestamp  FROM event_log  GROUP BY idcase order by timestamp) AS e2  on e1.idcase=e2.idcase WHERE e1.activity =  'Declaration rejected by supervisor' ORDER by e2.timestamp",Declaration rejected by supervisor,string,True
180_1,180,"SELECT DISTINCT e1.idcase FROM event_log e1 inner join  (SELECT idcase, MIN(timestamp) as timestamp  FROM event_log  GROUP BY idcase order by timestamp) AS e2  on e1.idcase=e2.idcase WHERE e1.activity =  'Declaration rejected by supervisor' ORDER by e2.timestamp",Declaration rejected by supervisor,string,True
180_2,180,"SELECT DISTINCT e1.idcase FROM event_log e1 inner join  (SELECT idcase, MIN(timestamp) as timestamp  FROM event_log  GROUP BY idcase order by timestamp) AS e2  on e1.idcase=e2.idcase WHERE e1.activity =  'Declaration rejected by supervisor' ORDER by e2.timestamp",Declaration rejected by supervisor,string,True
180_3,180,"SELECT DISTINCT e1.idcase FROM event_log e1 inner join  (SELECT idcase, MIN(timestamp) as timestamp  FROM event_log  GROUP BY idcase order by timestamp) AS e2  on e1.idcase=e2.idcase WHERE e1.activity =  'Declaration rejected by supervisor' ORDER by e2.timestamp",Declaration rejected by supervisor,string,True
180_4,180,"SELECT DISTINCT e1.idcase FROM event_log e1 inner join  (SELECT idcase, MIN(timestamp) as timestamp  FROM event_log  GROUP BY idcase order by timestamp) AS e2  on e1.idcase=e2.idcase WHERE e1.activity =  'Declaration rejected by supervisor' ORDER by e2.timestamp",Declaration rejected by supervisor,string,True
180_5,180,"SELECT DISTINCT e1.idcase FROM event_log e1 inner join  (SELECT idcase, MIN(timestamp) as timestamp  FROM event_log  GROUP BY idcase order by timestamp) AS e2  on e1.idcase=e2.idcase WHERE e1.activity =  'Declaration rejected by supervisor' ORDER by e2.timestamp",Declaration rejected by supervisor,string,True
180_6,180,"SELECT DISTINCT e1.idcase FROM event_log e1 inner join  (SELECT idcase, MIN(timestamp) as timestamp  FROM event_log  GROUP BY idcase order by timestamp) AS e2  on e1.idcase=e2.idcase WHERE e1.activity =  'Declaration rejected by supervisor' ORDER by e2.timestamp",Declaration rejected by supervisor,string,True
180_7,180,"SELECT DISTINCT e1.idcase FROM event_log e1 inner join  (SELECT idcase, MIN(timestamp) as timestamp  FROM event_log  GROUP BY idcase order by timestamp) AS e2  on e1.idcase=e2.idcase WHERE e1.activity =  'Declaration rejected by supervisor' ORDER by e2.timestamp",Declaration rejected by supervisor,string,True
180_8,180,"SELECT DISTINCT e1.idcase FROM event_log e1 inner join  (SELECT idcase, MIN(timestamp) as timestamp  FROM event_log  GROUP BY idcase order by timestamp) AS e2  on e1.idcase=e2.idcase WHERE e1.activity =  'Declaration rejected by supervisor' ORDER by e2.timestamp",Declaration rejected by supervisor,string,False
180_9,180,"SELECT DISTINCT e1.idcase FROM event_log e1 inner join  (SELECT idcase, MIN(timestamp) as timestamp  FROM event_log  GROUP BY idcase order by timestamp) AS e2  on e1.idcase=e2.idcase WHERE e1.activity =  'Declaration rejected by supervisor' ORDER by e2.timestamp",Declaration rejected by supervisor,string,False
181_0,181,SELECT idcase FROM event_log where activity = 'Start trip' INTERSECT SELECT idcase FROM event_log GROUP BY idcase  HAVING MAX(timestamp) >  '2018-03-31',Start trip,string,True
181_0,181,SELECT idcase FROM event_log where activity = 'Start trip' INTERSECT SELECT idcase FROM event_log GROUP BY idcase  HAVING MAX(timestamp) >  '2018-03-31',2018-03-31,date_string,True
181_1,181,SELECT idcase FROM event_log where activity = 'Start trip' INTERSECT SELECT idcase FROM event_log GROUP BY idcase  HAVING MAX(timestamp) >  '2018-03-31',Start trip,string,True
181_1,181,SELECT idcase FROM event_log where activity = 'Start trip' INTERSECT SELECT idcase FROM event_log GROUP BY idcase  HAVING MAX(timestamp) >  '2018-03-31',2018-03-31,date_string,True
181_2,181,SELECT idcase FROM event_log where activity = 'Start trip' INTERSECT SELECT idcase FROM event_log GROUP BY idcase  HAVING MAX(timestamp) >  '2018-03-31',Start trip,string,True
181_2,181,SELECT idcase FROM event_log where activity = 'Start trip' INTERSECT SELECT idcase FROM event_log GROUP BY idcase  HAVING MAX(timestamp) >  '2018-03-31',2018-03-31,date_string,True
181_3,181,SELECT idcase FROM event_log where activity = 'Start trip' INTERSECT SELECT idcase FROM event_log GROUP BY idcase  HAVING MAX(timestamp) >  '2018-03-31',Start trip,string,True
181_3,181,SELECT idcase FROM event_log where activity = 'Start trip' INTERSECT SELECT idcase FROM event_log GROUP BY idcase  HAVING MAX(timestamp) >  '2018-03-31',2018-03-31,date_string,True
181_4,181,SELECT idcase FROM event_log where activity = 'Start trip' INTERSECT SELECT idcase FROM event_log GROUP BY idcase  HAVING MAX(timestamp) >  '2018-03-31',Start trip,string,True
181_4,181,SELECT idcase FROM event_log where activity = 'Start trip' INTERSECT SELECT idcase FROM event_log GROUP BY idcase  HAVING MAX(timestamp) >  '2018-03-31',2018-03-31,date_string,True
181_5,181,SELECT idcase FROM event_log where activity = 'Start trip' INTERSECT SELECT idcase FROM event_log GROUP BY idcase  HAVING MAX(timestamp) >  '2018-03-31',Start trip,string,True
181_5,181,SELECT idcase FROM event_log where activity = 'Start trip' INTERSECT SELECT idcase FROM event_log GROUP BY idcase  HAVING MAX(timestamp) >  '2018-03-31',2018-03-31,date_string,True
181_6,181,SELECT idcase FROM event_log where activity = 'Start trip' INTERSECT SELECT idcase FROM event_log GROUP BY idcase  HAVING MAX(timestamp) >  '2018-03-31',Start trip,string,True
181_6,181,SELECT idcase FROM event_log where activity = 'Start trip' INTERSECT SELECT idcase FROM event_log GROUP BY idcase  HAVING MAX(timestamp) >  '2018-03-31',2018-03-31,date_string,True
181_7,181,SELECT idcase FROM event_log where activity = 'Start trip' INTERSECT SELECT idcase FROM event_log GROUP BY idcase  HAVING MAX(timestamp) >  '2018-03-31',Start trip,string,True
181_7,181,SELECT idcase FROM event_log where activity = 'Start trip' INTERSECT SELECT idcase FROM event_log GROUP BY idcase  HAVING MAX(timestamp) >  '2018-03-31',2018-03-31,date_string,True
181_8,181,SELECT idcase FROM event_log where activity = 'Start trip' INTERSECT SELECT idcase FROM event_log GROUP BY idcase  HAVING MAX(timestamp) >  '2018-03-31',Start trip,string,True
181_8,181,SELECT idcase FROM event_log where activity = 'Start trip' INTERSECT SELECT idcase FROM event_log GROUP BY idcase  HAVING MAX(timestamp) >  '2018-03-31',2018-03-31,date_string,True
181_9,181,SELECT idcase FROM event_log where activity = 'Start trip' INTERSECT SELECT idcase FROM event_log GROUP BY idcase  HAVING MAX(timestamp) >  '2018-03-31',Start trip,string,False
181_9,181,SELECT idcase FROM event_log where activity = 'Start trip' INTERSECT SELECT idcase FROM event_log GROUP BY idcase  HAVING MAX(timestamp) >  '2018-03-31',2018-03-31,date_string,True
181_10,181,SELECT idcase FROM event_log where activity = 'Start trip' INTERSECT SELECT idcase FROM event_log GROUP BY idcase  HAVING MAX(timestamp) >  '2018-03-31',Start trip,string,False
181_10,181,SELECT idcase FROM event_log where activity = 'Start trip' INTERSECT SELECT idcase FROM event_log GROUP BY idcase  HAVING MAX(timestamp) >  '2018-03-31',2018-03-31,date_string,True
182_0,182,SELECT DISTINCT idcase FROM event_log where activity = 'End trip' INTERSECT SELECT DISTINCT idcase FROM event_log GROUP BY idcase HAVING count(DISTINCT resource) > 1 EXCEPT SELECT DISTINCT idcase FROM event_log where activity = 'Request Payment' OR activity = 'Payment handled',End trip,string,True
182_0,182,SELECT DISTINCT idcase FROM event_log where activity = 'End trip' INTERSECT SELECT DISTINCT idcase FROM event_log GROUP BY idcase HAVING count(DISTINCT resource) > 1 EXCEPT SELECT DISTINCT idcase FROM event_log where activity = 'Request Payment' OR activity = 'Payment handled',Request Payment,string,True
182_0,182,SELECT DISTINCT idcase FROM event_log where activity = 'End trip' INTERSECT SELECT DISTINCT idcase FROM event_log GROUP BY idcase HAVING count(DISTINCT resource) > 1 EXCEPT SELECT DISTINCT idcase FROM event_log where activity = 'Request Payment' OR activity = 'Payment handled',Payment handled,string,True
182_1,182,SELECT DISTINCT idcase FROM event_log where activity = 'End trip' INTERSECT SELECT DISTINCT idcase FROM event_log GROUP BY idcase HAVING count(DISTINCT resource) > 1 EXCEPT SELECT DISTINCT idcase FROM event_log where activity = 'Request Payment' OR activity = 'Payment handled',End trip,string,True
182_1,182,SELECT DISTINCT idcase FROM event_log where activity = 'End trip' INTERSECT SELECT DISTINCT idcase FROM event_log GROUP BY idcase HAVING count(DISTINCT resource) > 1 EXCEPT SELECT DISTINCT idcase FROM event_log where activity = 'Request Payment' OR activity = 'Payment handled',Request Payment,string,True
182_1,182,SELECT DISTINCT idcase FROM event_log where activity = 'End trip' INTERSECT SELECT DISTINCT idcase FROM event_log GROUP BY idcase HAVING count(DISTINCT resource) > 1 EXCEPT SELECT DISTINCT idcase FROM event_log where activity = 'Request Payment' OR activity = 'Payment handled',Payment handled,string,True
182_2,182,SELECT DISTINCT idcase FROM event_log where activity = 'End trip' INTERSECT SELECT DISTINCT idcase FROM event_log GROUP BY idcase HAVING count(DISTINCT resource) > 1 EXCEPT SELECT DISTINCT idcase FROM event_log where activity = 'Request Payment' OR activity = 'Payment handled',End trip,string,True
182_2,182,SELECT DISTINCT idcase FROM event_log where activity = 'End trip' INTERSECT SELECT DISTINCT idcase FROM event_log GROUP BY idcase HAVING count(DISTINCT resource) > 1 EXCEPT SELECT DISTINCT idcase FROM event_log where activity = 'Request Payment' OR activity = 'Payment handled',Request Payment,string,True
182_2,182,SELECT DISTINCT idcase FROM event_log where activity = 'End trip' INTERSECT SELECT DISTINCT idcase FROM event_log GROUP BY idcase HAVING count(DISTINCT resource) > 1 EXCEPT SELECT DISTINCT idcase FROM event_log where activity = 'Request Payment' OR activity = 'Payment handled',Payment handled,string,True
182_3,182,SELECT DISTINCT idcase FROM event_log where activity = 'End trip' INTERSECT SELECT DISTINCT idcase FROM event_log GROUP BY idcase HAVING count(DISTINCT resource) > 1 EXCEPT SELECT DISTINCT idcase FROM event_log where activity = 'Request Payment' OR activity = 'Payment handled',End trip,string,True
182_3,182,SELECT DISTINCT idcase FROM event_log where activity = 'End trip' INTERSECT SELECT DISTINCT idcase FROM event_log GROUP BY idcase HAVING count(DISTINCT resource) > 1 EXCEPT SELECT DISTINCT idcase FROM event_log where activity = 'Request Payment' OR activity = 'Payment handled',Request Payment,string,True
182_3,182,SELECT DISTINCT idcase FROM event_log where activity = 'End trip' INTERSECT SELECT DISTINCT idcase FROM event_log GROUP BY idcase HAVING count(DISTINCT resource) > 1 EXCEPT SELECT DISTINCT idcase FROM event_log where activity = 'Request Payment' OR activity = 'Payment handled',Payment handled,string,True
182_4,182,SELECT DISTINCT idcase FROM event_log where activity = 'End trip' INTERSECT SELECT DISTINCT idcase FROM event_log GROUP BY idcase HAVING count(DISTINCT resource) > 1 EXCEPT SELECT DISTINCT idcase FROM event_log where activity = 'Request Payment' OR activity = 'Payment handled',End trip,string,True
182_4,182,SELECT DISTINCT idcase FROM event_log where activity = 'End trip' INTERSECT SELECT DISTINCT idcase FROM event_log GROUP BY idcase HAVING count(DISTINCT resource) > 1 EXCEPT SELECT DISTINCT idcase FROM event_log where activity = 'Request Payment' OR activity = 'Payment handled',Request Payment,string,True
182_4,182,SELECT DISTINCT idcase FROM event_log where activity = 'End trip' INTERSECT SELECT DISTINCT idcase FROM event_log GROUP BY idcase HAVING count(DISTINCT resource) > 1 EXCEPT SELECT DISTINCT idcase FROM event_log where activity = 'Request Payment' OR activity = 'Payment handled',Payment handled,string,True
182_5,182,SELECT DISTINCT idcase FROM event_log where activity = 'End trip' INTERSECT SELECT DISTINCT idcase FROM event_log GROUP BY idcase HAVING count(DISTINCT resource) > 1 EXCEPT SELECT DISTINCT idcase FROM event_log where activity = 'Request Payment' OR activity = 'Payment handled',End trip,string,True
182_5,182,SELECT DISTINCT idcase FROM event_log where activity = 'End trip' INTERSECT SELECT DISTINCT idcase FROM event_log GROUP BY idcase HAVING count(DISTINCT resource) > 1 EXCEPT SELECT DISTINCT idcase FROM event_log where activity = 'Request Payment' OR activity = 'Payment handled',Request Payment,string,True
182_5,182,SELECT DISTINCT idcase FROM event_log where activity = 'End trip' INTERSECT SELECT DISTINCT idcase FROM event_log GROUP BY idcase HAVING count(DISTINCT resource) > 1 EXCEPT SELECT DISTINCT idcase FROM event_log where activity = 'Request Payment' OR activity = 'Payment handled',Payment handled,string,True
182_6,182,SELECT DISTINCT idcase FROM event_log where activity = 'End trip' INTERSECT SELECT DISTINCT idcase FROM event_log GROUP BY idcase HAVING count(DISTINCT resource) > 1 EXCEPT SELECT DISTINCT idcase FROM event_log where activity = 'Request Payment' OR activity = 'Payment handled',End trip,string,True
182_6,182,SELECT DISTINCT idcase FROM event_log where activity = 'End trip' INTERSECT SELECT DISTINCT idcase FROM event_log GROUP BY idcase HAVING count(DISTINCT resource) > 1 EXCEPT SELECT DISTINCT idcase FROM event_log where activity = 'Request Payment' OR activity = 'Payment handled',Request Payment,string,True
182_6,182,SELECT DISTINCT idcase FROM event_log where activity = 'End trip' INTERSECT SELECT DISTINCT idcase FROM event_log GROUP BY idcase HAVING count(DISTINCT resource) > 1 EXCEPT SELECT DISTINCT idcase FROM event_log where activity = 'Request Payment' OR activity = 'Payment handled',Payment handled,string,True
182_7,182,SELECT DISTINCT idcase FROM event_log where activity = 'End trip' INTERSECT SELECT DISTINCT idcase FROM event_log GROUP BY idcase HAVING count(DISTINCT resource) > 1 EXCEPT SELECT DISTINCT idcase FROM event_log where activity = 'Request Payment' OR activity = 'Payment handled',End trip,string,False
182_7,182,SELECT DISTINCT idcase FROM event_log where activity = 'End trip' INTERSECT SELECT DISTINCT idcase FROM event_log GROUP BY idcase HAVING count(DISTINCT resource) > 1 EXCEPT SELECT DISTINCT idcase FROM event_log where activity = 'Request Payment' OR activity = 'Payment handled',Request Payment,string,False
182_7,182,SELECT DISTINCT idcase FROM event_log where activity = 'End trip' INTERSECT SELECT DISTINCT idcase FROM event_log GROUP BY idcase HAVING count(DISTINCT resource) > 1 EXCEPT SELECT DISTINCT idcase FROM event_log where activity = 'Request Payment' OR activity = 'Payment handled',Payment handled,string,False
182_8,182,SELECT DISTINCT idcase FROM event_log where activity = 'End trip' INTERSECT SELECT DISTINCT idcase FROM event_log GROUP BY idcase HAVING count(DISTINCT resource) > 1 EXCEPT SELECT DISTINCT idcase FROM event_log where activity = 'Request Payment' OR activity = 'Payment handled',End trip,string,False
182_8,182,SELECT DISTINCT idcase FROM event_log where activity = 'End trip' INTERSECT SELECT DISTINCT idcase FROM event_log GROUP BY idcase HAVING count(DISTINCT resource) > 1 EXCEPT SELECT DISTINCT idcase FROM event_log where activity = 'Request Payment' OR activity = 'Payment handled',Request Payment,string,False
182_8,182,SELECT DISTINCT idcase FROM event_log where activity = 'End trip' INTERSECT SELECT DISTINCT idcase FROM event_log GROUP BY idcase HAVING count(DISTINCT resource) > 1 EXCEPT SELECT DISTINCT idcase FROM event_log where activity = 'Request Payment' OR activity = 'Payment handled',Payment handled,string,False
184_0,184,select idcase from event_log where activity like 'Permit%' GROUP BY idcase HAVING count(*) > 1,Permit%,string,False
184_1,184,select idcase from event_log where activity like 'Permit%' GROUP BY idcase HAVING count(*) > 1,Permit%,string,False
184_2,184,select idcase from event_log where activity like 'Permit%' GROUP BY idcase HAVING count(*) > 1,Permit%,string,False
184_3,184,select idcase from event_log where activity like 'Permit%' GROUP BY idcase HAVING count(*) > 1,Permit%,string,False
184_4,184,select idcase from event_log where activity like 'Permit%' GROUP BY idcase HAVING count(*) > 1,Permit%,string,False
184_5,184,select idcase from event_log where activity like 'Permit%' GROUP BY idcase HAVING count(*) > 1,Permit%,string,False
184_6,184,select idcase from event_log where activity like 'Permit%' GROUP BY idcase HAVING count(*) > 1,Permit%,string,False
184_7,184,select idcase from event_log where activity like 'Permit%' GROUP BY idcase HAVING count(*) > 1,Permit%,string,False
184_8,184,select idcase from event_log where activity like 'Permit%' GROUP BY idcase HAVING count(*) > 1,Permit%,string,False
184_9,184,select idcase from event_log where activity like 'Permit%' GROUP BY idcase HAVING count(*) > 1,Permit%,string,False
186_0,186,SELECT activity FROM event_log GROUP BY activity HAVING COUNT (*) >= 100,100,numeric,False
186_1,186,SELECT activity FROM event_log GROUP BY activity HAVING COUNT (*) >= 100,100,numeric,False
186_2,186,SELECT activity FROM event_log GROUP BY activity HAVING COUNT (*) >= 100,100,numeric,False
186_3,186,SELECT activity FROM event_log GROUP BY activity HAVING COUNT (*) >= 100,100,numeric,False
186_4,186,SELECT activity FROM event_log GROUP BY activity HAVING COUNT (*) >= 100,100,numeric,False
186_5,186,SELECT activity FROM event_log GROUP BY activity HAVING COUNT (*) >= 100,100,numeric,False
186_6,186,SELECT activity FROM event_log GROUP BY activity HAVING COUNT (*) >= 100,100,numeric,True
186_7,186,SELECT activity FROM event_log GROUP BY activity HAVING COUNT (*) >= 100,100,numeric,True
187_0,187,"select count(DISTINCT idcase), 'employee' as grupo from event_log WHERE activity like '%employee%'  UNION select count(DISTINCT idcase), 'supervisor' as grupo from event_log WHERE activity like '%supervisor%'  UNION select count(DISTINCT idcase), 'administration' as grupo from event_log WHERE activity like '%administration%'  UNION select count(DISTINCT idcase), 'pre-approver' as grupo from event_log WHERE activity like '%pre-approver%'  UNION select count(DISTINCT idcase), 'budget owner' as grupo from event_log WHERE activity like '%budget owner%'  UNION select count(DISTINCT idcase), 'director' as grupo from event_log WHERE activity like '%director%' ",employee,string,True
187_0,187,"select count(DISTINCT idcase), 'employee' as grupo from event_log WHERE activity like '%employee%'  UNION select count(DISTINCT idcase), 'supervisor' as grupo from event_log WHERE activity like '%supervisor%'  UNION select count(DISTINCT idcase), 'administration' as grupo from event_log WHERE activity like '%administration%'  UNION select count(DISTINCT idcase), 'pre-approver' as grupo from event_log WHERE activity like '%pre-approver%'  UNION select count(DISTINCT idcase), 'budget owner' as grupo from event_log WHERE activity like '%budget owner%'  UNION select count(DISTINCT idcase), 'director' as grupo from event_log WHERE activity like '%director%' ",%employee%,string,False
187_0,187,"select count(DISTINCT idcase), 'employee' as grupo from event_log WHERE activity like '%employee%'  UNION select count(DISTINCT idcase), 'supervisor' as grupo from event_log WHERE activity like '%supervisor%'  UNION select count(DISTINCT idcase), 'administration' as grupo from event_log WHERE activity like '%administration%'  UNION select count(DISTINCT idcase), 'pre-approver' as grupo from event_log WHERE activity like '%pre-approver%'  UNION select count(DISTINCT idcase), 'budget owner' as grupo from event_log WHERE activity like '%budget owner%'  UNION select count(DISTINCT idcase), 'director' as grupo from event_log WHERE activity like '%director%' ",supervisor,string,True
187_0,187,"select count(DISTINCT idcase), 'employee' as grupo from event_log WHERE activity like '%employee%'  UNION select count(DISTINCT idcase), 'supervisor' as grupo from event_log WHERE activity like '%supervisor%'  UNION select count(DISTINCT idcase), 'administration' as grupo from event_log WHERE activity like '%administration%'  UNION select count(DISTINCT idcase), 'pre-approver' as grupo from event_log WHERE activity like '%pre-approver%'  UNION select count(DISTINCT idcase), 'budget owner' as grupo from event_log WHERE activity like '%budget owner%'  UNION select count(DISTINCT idcase), 'director' as grupo from event_log WHERE activity like '%director%' ",%supervisor%,string,False
187_0,187,"select count(DISTINCT idcase), 'employee' as grupo from event_log WHERE activity like '%employee%'  UNION select count(DISTINCT idcase), 'supervisor' as grupo from event_log WHERE activity like '%supervisor%'  UNION select count(DISTINCT idcase), 'administration' as grupo from event_log WHERE activity like '%administration%'  UNION select count(DISTINCT idcase), 'pre-approver' as grupo from event_log WHERE activity like '%pre-approver%'  UNION select count(DISTINCT idcase), 'budget owner' as grupo from event_log WHERE activity like '%budget owner%'  UNION select count(DISTINCT idcase), 'director' as grupo from event_log WHERE activity like '%director%' ",administration,string,True
187_0,187,"select count(DISTINCT idcase), 'employee' as grupo from event_log WHERE activity like '%employee%'  UNION select count(DISTINCT idcase), 'supervisor' as grupo from event_log WHERE activity like '%supervisor%'  UNION select count(DISTINCT idcase), 'administration' as grupo from event_log WHERE activity like '%administration%'  UNION select count(DISTINCT idcase), 'pre-approver' as grupo from event_log WHERE activity like '%pre-approver%'  UNION select count(DISTINCT idcase), 'budget owner' as grupo from event_log WHERE activity like '%budget owner%'  UNION select count(DISTINCT idcase), 'director' as grupo from event_log WHERE activity like '%director%' ",%administration%,string,False
187_0,187,"select count(DISTINCT idcase), 'employee' as grupo from event_log WHERE activity like '%employee%'  UNION select count(DISTINCT idcase), 'supervisor' as grupo from event_log WHERE activity like '%supervisor%'  UNION select count(DISTINCT idcase), 'administration' as grupo from event_log WHERE activity like '%administration%'  UNION select count(DISTINCT idcase), 'pre-approver' as grupo from event_log WHERE activity like '%pre-approver%'  UNION select count(DISTINCT idcase), 'budget owner' as grupo from event_log WHERE activity like '%budget owner%'  UNION select count(DISTINCT idcase), 'director' as grupo from event_log WHERE activity like '%director%' ",pre-approver,string,True
187_0,187,"select count(DISTINCT idcase), 'employee' as grupo from event_log WHERE activity like '%employee%'  UNION select count(DISTINCT idcase), 'supervisor' as grupo from event_log WHERE activity like '%supervisor%'  UNION select count(DISTINCT idcase), 'administration' as grupo from event_log WHERE activity like '%administration%'  UNION select count(DISTINCT idcase), 'pre-approver' as grupo from event_log WHERE activity like '%pre-approver%'  UNION select count(DISTINCT idcase), 'budget owner' as grupo from event_log WHERE activity like '%budget owner%'  UNION select count(DISTINCT idcase), 'director' as grupo from event_log WHERE activity like '%director%' ",%pre-approver%,string,False
187_0,187,"select count(DISTINCT idcase), 'employee' as grupo from event_log WHERE activity like '%employee%'  UNION select count(DISTINCT idcase), 'supervisor' as grupo from event_log WHERE activity like '%supervisor%'  UNION select count(DISTINCT idcase), 'administration' as grupo from event_log WHERE activity like '%administration%'  UNION select count(DISTINCT idcase), 'pre-approver' as grupo from event_log WHERE activity like '%pre-approver%'  UNION select count(DISTINCT idcase), 'budget owner' as grupo from event_log WHERE activity like '%budget owner%'  UNION select count(DISTINCT idcase), 'director' as grupo from event_log WHERE activity like '%director%' ",budget owner,string,True
187_0,187,"select count(DISTINCT idcase), 'employee' as grupo from event_log WHERE activity like '%employee%'  UNION select count(DISTINCT idcase), 'supervisor' as grupo from event_log WHERE activity like '%supervisor%'  UNION select count(DISTINCT idcase), 'administration' as grupo from event_log WHERE activity like '%administration%'  UNION select count(DISTINCT idcase), 'pre-approver' as grupo from event_log WHERE activity like '%pre-approver%'  UNION select count(DISTINCT idcase), 'budget owner' as grupo from event_log WHERE activity like '%budget owner%'  UNION select count(DISTINCT idcase), 'director' as grupo from event_log WHERE activity like '%director%' ",%budget owner%,string,False
187_0,187,"select count(DISTINCT idcase), 'employee' as grupo from event_log WHERE activity like '%employee%'  UNION select count(DISTINCT idcase), 'supervisor' as grupo from event_log WHERE activity like '%supervisor%'  UNION select count(DISTINCT idcase), 'administration' as grupo from event_log WHERE activity like '%administration%'  UNION select count(DISTINCT idcase), 'pre-approver' as grupo from event_log WHERE activity like '%pre-approver%'  UNION select count(DISTINCT idcase), 'budget owner' as grupo from event_log WHERE activity like '%budget owner%'  UNION select count(DISTINCT idcase), 'director' as grupo from event_log WHERE activity like '%director%' ",director,string,True
187_0,187,"select count(DISTINCT idcase), 'employee' as grupo from event_log WHERE activity like '%employee%'  UNION select count(DISTINCT idcase), 'supervisor' as grupo from event_log WHERE activity like '%supervisor%'  UNION select count(DISTINCT idcase), 'administration' as grupo from event_log WHERE activity like '%administration%'  UNION select count(DISTINCT idcase), 'pre-approver' as grupo from event_log WHERE activity like '%pre-approver%'  UNION select count(DISTINCT idcase), 'budget owner' as grupo from event_log WHERE activity like '%budget owner%'  UNION select count(DISTINCT idcase), 'director' as grupo from event_log WHERE activity like '%director%' ",%director%,string,False
187_1,187,"select count(DISTINCT idcase), 'employee' as grupo from event_log WHERE activity like '%employee%'  UNION select count(DISTINCT idcase), 'supervisor' as grupo from event_log WHERE activity like '%supervisor%'  UNION select count(DISTINCT idcase), 'administration' as grupo from event_log WHERE activity like '%administration%'  UNION select count(DISTINCT idcase), 'pre-approver' as grupo from event_log WHERE activity like '%pre-approver%'  UNION select count(DISTINCT idcase), 'budget owner' as grupo from event_log WHERE activity like '%budget owner%'  UNION select count(DISTINCT idcase), 'director' as grupo from event_log WHERE activity like '%director%' ",employee,string,True
187_1,187,"select count(DISTINCT idcase), 'employee' as grupo from event_log WHERE activity like '%employee%'  UNION select count(DISTINCT idcase), 'supervisor' as grupo from event_log WHERE activity like '%supervisor%'  UNION select count(DISTINCT idcase), 'administration' as grupo from event_log WHERE activity like '%administration%'  UNION select count(DISTINCT idcase), 'pre-approver' as grupo from event_log WHERE activity like '%pre-approver%'  UNION select count(DISTINCT idcase), 'budget owner' as grupo from event_log WHERE activity like '%budget owner%'  UNION select count(DISTINCT idcase), 'director' as grupo from event_log WHERE activity like '%director%' ",%employee%,string,False
187_1,187,"select count(DISTINCT idcase), 'employee' as grupo from event_log WHERE activity like '%employee%'  UNION select count(DISTINCT idcase), 'supervisor' as grupo from event_log WHERE activity like '%supervisor%'  UNION select count(DISTINCT idcase), 'administration' as grupo from event_log WHERE activity like '%administration%'  UNION select count(DISTINCT idcase), 'pre-approver' as grupo from event_log WHERE activity like '%pre-approver%'  UNION select count(DISTINCT idcase), 'budget owner' as grupo from event_log WHERE activity like '%budget owner%'  UNION select count(DISTINCT idcase), 'director' as grupo from event_log WHERE activity like '%director%' ",supervisor,string,True
187_1,187,"select count(DISTINCT idcase), 'employee' as grupo from event_log WHERE activity like '%employee%'  UNION select count(DISTINCT idcase), 'supervisor' as grupo from event_log WHERE activity like '%supervisor%'  UNION select count(DISTINCT idcase), 'administration' as grupo from event_log WHERE activity like '%administration%'  UNION select count(DISTINCT idcase), 'pre-approver' as grupo from event_log WHERE activity like '%pre-approver%'  UNION select count(DISTINCT idcase), 'budget owner' as grupo from event_log WHERE activity like '%budget owner%'  UNION select count(DISTINCT idcase), 'director' as grupo from event_log WHERE activity like '%director%' ",%supervisor%,string,False
187_1,187,"select count(DISTINCT idcase), 'employee' as grupo from event_log WHERE activity like '%employee%'  UNION select count(DISTINCT idcase), 'supervisor' as grupo from event_log WHERE activity like '%supervisor%'  UNION select count(DISTINCT idcase), 'administration' as grupo from event_log WHERE activity like '%administration%'  UNION select count(DISTINCT idcase), 'pre-approver' as grupo from event_log WHERE activity like '%pre-approver%'  UNION select count(DISTINCT idcase), 'budget owner' as grupo from event_log WHERE activity like '%budget owner%'  UNION select count(DISTINCT idcase), 'director' as grupo from event_log WHERE activity like '%director%' ",administration,string,True
187_1,187,"select count(DISTINCT idcase), 'employee' as grupo from event_log WHERE activity like '%employee%'  UNION select count(DISTINCT idcase), 'supervisor' as grupo from event_log WHERE activity like '%supervisor%'  UNION select count(DISTINCT idcase), 'administration' as grupo from event_log WHERE activity like '%administration%'  UNION select count(DISTINCT idcase), 'pre-approver' as grupo from event_log WHERE activity like '%pre-approver%'  UNION select count(DISTINCT idcase), 'budget owner' as grupo from event_log WHERE activity like '%budget owner%'  UNION select count(DISTINCT idcase), 'director' as grupo from event_log WHERE activity like '%director%' ",%administration%,string,False
187_1,187,"select count(DISTINCT idcase), 'employee' as grupo from event_log WHERE activity like '%employee%'  UNION select count(DISTINCT idcase), 'supervisor' as grupo from event_log WHERE activity like '%supervisor%'  UNION select count(DISTINCT idcase), 'administration' as grupo from event_log WHERE activity like '%administration%'  UNION select count(DISTINCT idcase), 'pre-approver' as grupo from event_log WHERE activity like '%pre-approver%'  UNION select count(DISTINCT idcase), 'budget owner' as grupo from event_log WHERE activity like '%budget owner%'  UNION select count(DISTINCT idcase), 'director' as grupo from event_log WHERE activity like '%director%' ",pre-approver,string,True
187_1,187,"select count(DISTINCT idcase), 'employee' as grupo from event_log WHERE activity like '%employee%'  UNION select count(DISTINCT idcase), 'supervisor' as grupo from event_log WHERE activity like '%supervisor%'  UNION select count(DISTINCT idcase), 'administration' as grupo from event_log WHERE activity like '%administration%'  UNION select count(DISTINCT idcase), 'pre-approver' as grupo from event_log WHERE activity like '%pre-approver%'  UNION select count(DISTINCT idcase), 'budget owner' as grupo from event_log WHERE activity like '%budget owner%'  UNION select count(DISTINCT idcase), 'director' as grupo from event_log WHERE activity like '%director%' ",%pre-approver%,string,False
187_1,187,"select count(DISTINCT idcase), 'employee' as grupo from event_log WHERE activity like '%employee%'  UNION select count(DISTINCT idcase), 'supervisor' as grupo from event_log WHERE activity like '%supervisor%'  UNION select count(DISTINCT idcase), 'administration' as grupo from event_log WHERE activity like '%administration%'  UNION select count(DISTINCT idcase), 'pre-approver' as grupo from event_log WHERE activity like '%pre-approver%'  UNION select count(DISTINCT idcase), 'budget owner' as grupo from event_log WHERE activity like '%budget owner%'  UNION select count(DISTINCT idcase), 'director' as grupo from event_log WHERE activity like '%director%' ",budget owner,string,True
187_1,187,"select count(DISTINCT idcase), 'employee' as grupo from event_log WHERE activity like '%employee%'  UNION select count(DISTINCT idcase), 'supervisor' as grupo from event_log WHERE activity like '%supervisor%'  UNION select count(DISTINCT idcase), 'administration' as grupo from event_log WHERE activity like '%administration%'  UNION select count(DISTINCT idcase), 'pre-approver' as grupo from event_log WHERE activity like '%pre-approver%'  UNION select count(DISTINCT idcase), 'budget owner' as grupo from event_log WHERE activity like '%budget owner%'  UNION select count(DISTINCT idcase), 'director' as grupo from event_log WHERE activity like '%director%' ",%budget owner%,string,False
187_1,187,"select count(DISTINCT idcase), 'employee' as grupo from event_log WHERE activity like '%employee%'  UNION select count(DISTINCT idcase), 'supervisor' as grupo from event_log WHERE activity like '%supervisor%'  UNION select count(DISTINCT idcase), 'administration' as grupo from event_log WHERE activity like '%administration%'  UNION select count(DISTINCT idcase), 'pre-approver' as grupo from event_log WHERE activity like '%pre-approver%'  UNION select count(DISTINCT idcase), 'budget owner' as grupo from event_log WHERE activity like '%budget owner%'  UNION select count(DISTINCT idcase), 'director' as grupo from event_log WHERE activity like '%director%' ",director,string,True
187_1,187,"select count(DISTINCT idcase), 'employee' as grupo from event_log WHERE activity like '%employee%'  UNION select count(DISTINCT idcase), 'supervisor' as grupo from event_log WHERE activity like '%supervisor%'  UNION select count(DISTINCT idcase), 'administration' as grupo from event_log WHERE activity like '%administration%'  UNION select count(DISTINCT idcase), 'pre-approver' as grupo from event_log WHERE activity like '%pre-approver%'  UNION select count(DISTINCT idcase), 'budget owner' as grupo from event_log WHERE activity like '%budget owner%'  UNION select count(DISTINCT idcase), 'director' as grupo from event_log WHERE activity like '%director%' ",%director%,string,False
187_2,187,"select count(DISTINCT idcase), 'employee' as grupo from event_log WHERE activity like '%employee%'  UNION select count(DISTINCT idcase), 'supervisor' as grupo from event_log WHERE activity like '%supervisor%'  UNION select count(DISTINCT idcase), 'administration' as grupo from event_log WHERE activity like '%administration%'  UNION select count(DISTINCT idcase), 'pre-approver' as grupo from event_log WHERE activity like '%pre-approver%'  UNION select count(DISTINCT idcase), 'budget owner' as grupo from event_log WHERE activity like '%budget owner%'  UNION select count(DISTINCT idcase), 'director' as grupo from event_log WHERE activity like '%director%' ",employee,string,True
187_2,187,"select count(DISTINCT idcase), 'employee' as grupo from event_log WHERE activity like '%employee%'  UNION select count(DISTINCT idcase), 'supervisor' as grupo from event_log WHERE activity like '%supervisor%'  UNION select count(DISTINCT idcase), 'administration' as grupo from event_log WHERE activity like '%administration%'  UNION select count(DISTINCT idcase), 'pre-approver' as grupo from event_log WHERE activity like '%pre-approver%'  UNION select count(DISTINCT idcase), 'budget owner' as grupo from event_log WHERE activity like '%budget owner%'  UNION select count(DISTINCT idcase), 'director' as grupo from event_log WHERE activity like '%director%' ",%employee%,string,False
187_2,187,"select count(DISTINCT idcase), 'employee' as grupo from event_log WHERE activity like '%employee%'  UNION select count(DISTINCT idcase), 'supervisor' as grupo from event_log WHERE activity like '%supervisor%'  UNION select count(DISTINCT idcase), 'administration' as grupo from event_log WHERE activity like '%administration%'  UNION select count(DISTINCT idcase), 'pre-approver' as grupo from event_log WHERE activity like '%pre-approver%'  UNION select count(DISTINCT idcase), 'budget owner' as grupo from event_log WHERE activity like '%budget owner%'  UNION select count(DISTINCT idcase), 'director' as grupo from event_log WHERE activity like '%director%' ",supervisor,string,True
187_2,187,"select count(DISTINCT idcase), 'employee' as grupo from event_log WHERE activity like '%employee%'  UNION select count(DISTINCT idcase), 'supervisor' as grupo from event_log WHERE activity like '%supervisor%'  UNION select count(DISTINCT idcase), 'administration' as grupo from event_log WHERE activity like '%administration%'  UNION select count(DISTINCT idcase), 'pre-approver' as grupo from event_log WHERE activity like '%pre-approver%'  UNION select count(DISTINCT idcase), 'budget owner' as grupo from event_log WHERE activity like '%budget owner%'  UNION select count(DISTINCT idcase), 'director' as grupo from event_log WHERE activity like '%director%' ",%supervisor%,string,False
187_2,187,"select count(DISTINCT idcase), 'employee' as grupo from event_log WHERE activity like '%employee%'  UNION select count(DISTINCT idcase), 'supervisor' as grupo from event_log WHERE activity like '%supervisor%'  UNION select count(DISTINCT idcase), 'administration' as grupo from event_log WHERE activity like '%administration%'  UNION select count(DISTINCT idcase), 'pre-approver' as grupo from event_log WHERE activity like '%pre-approver%'  UNION select count(DISTINCT idcase), 'budget owner' as grupo from event_log WHERE activity like '%budget owner%'  UNION select count(DISTINCT idcase), 'director' as grupo from event_log WHERE activity like '%director%' ",administration,string,True
187_2,187,"select count(DISTINCT idcase), 'employee' as grupo from event_log WHERE activity like '%employee%'  UNION select count(DISTINCT idcase), 'supervisor' as grupo from event_log WHERE activity like '%supervisor%'  UNION select count(DISTINCT idcase), 'administration' as grupo from event_log WHERE activity like '%administration%'  UNION select count(DISTINCT idcase), 'pre-approver' as grupo from event_log WHERE activity like '%pre-approver%'  UNION select count(DISTINCT idcase), 'budget owner' as grupo from event_log WHERE activity like '%budget owner%'  UNION select count(DISTINCT idcase), 'director' as grupo from event_log WHERE activity like '%director%' ",%administration%,string,False
187_2,187,"select count(DISTINCT idcase), 'employee' as grupo from event_log WHERE activity like '%employee%'  UNION select count(DISTINCT idcase), 'supervisor' as grupo from event_log WHERE activity like '%supervisor%'  UNION select count(DISTINCT idcase), 'administration' as grupo from event_log WHERE activity like '%administration%'  UNION select count(DISTINCT idcase), 'pre-approver' as grupo from event_log WHERE activity like '%pre-approver%'  UNION select count(DISTINCT idcase), 'budget owner' as grupo from event_log WHERE activity like '%budget owner%'  UNION select count(DISTINCT idcase), 'director' as grupo from event_log WHERE activity like '%director%' ",pre-approver,string,True
187_2,187,"select count(DISTINCT idcase), 'employee' as grupo from event_log WHERE activity like '%employee%'  UNION select count(DISTINCT idcase), 'supervisor' as grupo from event_log WHERE activity like '%supervisor%'  UNION select count(DISTINCT idcase), 'administration' as grupo from event_log WHERE activity like '%administration%'  UNION select count(DISTINCT idcase), 'pre-approver' as grupo from event_log WHERE activity like '%pre-approver%'  UNION select count(DISTINCT idcase), 'budget owner' as grupo from event_log WHERE activity like '%budget owner%'  UNION select count(DISTINCT idcase), 'director' as grupo from event_log WHERE activity like '%director%' ",%pre-approver%,string,False
187_2,187,"select count(DISTINCT idcase), 'employee' as grupo from event_log WHERE activity like '%employee%'  UNION select count(DISTINCT idcase), 'supervisor' as grupo from event_log WHERE activity like '%supervisor%'  UNION select count(DISTINCT idcase), 'administration' as grupo from event_log WHERE activity like '%administration%'  UNION select count(DISTINCT idcase), 'pre-approver' as grupo from event_log WHERE activity like '%pre-approver%'  UNION select count(DISTINCT idcase), 'budget owner' as grupo from event_log WHERE activity like '%budget owner%'  UNION select count(DISTINCT idcase), 'director' as grupo from event_log WHERE activity like '%director%' ",budget owner,string,True
187_2,187,"select count(DISTINCT idcase), 'employee' as grupo from event_log WHERE activity like '%employee%'  UNION select count(DISTINCT idcase), 'supervisor' as grupo from event_log WHERE activity like '%supervisor%'  UNION select count(DISTINCT idcase), 'administration' as grupo from event_log WHERE activity like '%administration%'  UNION select count(DISTINCT idcase), 'pre-approver' as grupo from event_log WHERE activity like '%pre-approver%'  UNION select count(DISTINCT idcase), 'budget owner' as grupo from event_log WHERE activity like '%budget owner%'  UNION select count(DISTINCT idcase), 'director' as grupo from event_log WHERE activity like '%director%' ",%budget owner%,string,False
187_2,187,"select count(DISTINCT idcase), 'employee' as grupo from event_log WHERE activity like '%employee%'  UNION select count(DISTINCT idcase), 'supervisor' as grupo from event_log WHERE activity like '%supervisor%'  UNION select count(DISTINCT idcase), 'administration' as grupo from event_log WHERE activity like '%administration%'  UNION select count(DISTINCT idcase), 'pre-approver' as grupo from event_log WHERE activity like '%pre-approver%'  UNION select count(DISTINCT idcase), 'budget owner' as grupo from event_log WHERE activity like '%budget owner%'  UNION select count(DISTINCT idcase), 'director' as grupo from event_log WHERE activity like '%director%' ",director,string,True
187_2,187,"select count(DISTINCT idcase), 'employee' as grupo from event_log WHERE activity like '%employee%'  UNION select count(DISTINCT idcase), 'supervisor' as grupo from event_log WHERE activity like '%supervisor%'  UNION select count(DISTINCT idcase), 'administration' as grupo from event_log WHERE activity like '%administration%'  UNION select count(DISTINCT idcase), 'pre-approver' as grupo from event_log WHERE activity like '%pre-approver%'  UNION select count(DISTINCT idcase), 'budget owner' as grupo from event_log WHERE activity like '%budget owner%'  UNION select count(DISTINCT idcase), 'director' as grupo from event_log WHERE activity like '%director%' ",%director%,string,False
187_3,187,"select count(DISTINCT idcase), 'employee' as grupo from event_log WHERE activity like '%employee%'  UNION select count(DISTINCT idcase), 'supervisor' as grupo from event_log WHERE activity like '%supervisor%'  UNION select count(DISTINCT idcase), 'administration' as grupo from event_log WHERE activity like '%administration%'  UNION select count(DISTINCT idcase), 'pre-approver' as grupo from event_log WHERE activity like '%pre-approver%'  UNION select count(DISTINCT idcase), 'budget owner' as grupo from event_log WHERE activity like '%budget owner%'  UNION select count(DISTINCT idcase), 'director' as grupo from event_log WHERE activity like '%director%' ",employee,string,True
187_3,187,"select count(DISTINCT idcase), 'employee' as grupo from event_log WHERE activity like '%employee%'  UNION select count(DISTINCT idcase), 'supervisor' as grupo from event_log WHERE activity like '%supervisor%'  UNION select count(DISTINCT idcase), 'administration' as grupo from event_log WHERE activity like '%administration%'  UNION select count(DISTINCT idcase), 'pre-approver' as grupo from event_log WHERE activity like '%pre-approver%'  UNION select count(DISTINCT idcase), 'budget owner' as grupo from event_log WHERE activity like '%budget owner%'  UNION select count(DISTINCT idcase), 'director' as grupo from event_log WHERE activity like '%director%' ",%employee%,string,False
187_3,187,"select count(DISTINCT idcase), 'employee' as grupo from event_log WHERE activity like '%employee%'  UNION select count(DISTINCT idcase), 'supervisor' as grupo from event_log WHERE activity like '%supervisor%'  UNION select count(DISTINCT idcase), 'administration' as grupo from event_log WHERE activity like '%administration%'  UNION select count(DISTINCT idcase), 'pre-approver' as grupo from event_log WHERE activity like '%pre-approver%'  UNION select count(DISTINCT idcase), 'budget owner' as grupo from event_log WHERE activity like '%budget owner%'  UNION select count(DISTINCT idcase), 'director' as grupo from event_log WHERE activity like '%director%' ",supervisor,string,True
187_3,187,"select count(DISTINCT idcase), 'employee' as grupo from event_log WHERE activity like '%employee%'  UNION select count(DISTINCT idcase), 'supervisor' as grupo from event_log WHERE activity like '%supervisor%'  UNION select count(DISTINCT idcase), 'administration' as grupo from event_log WHERE activity like '%administration%'  UNION select count(DISTINCT idcase), 'pre-approver' as grupo from event_log WHERE activity like '%pre-approver%'  UNION select count(DISTINCT idcase), 'budget owner' as grupo from event_log WHERE activity like '%budget owner%'  UNION select count(DISTINCT idcase), 'director' as grupo from event_log WHERE activity like '%director%' ",%supervisor%,string,False
187_3,187,"select count(DISTINCT idcase), 'employee' as grupo from event_log WHERE activity like '%employee%'  UNION select count(DISTINCT idcase), 'supervisor' as grupo from event_log WHERE activity like '%supervisor%'  UNION select count(DISTINCT idcase), 'administration' as grupo from event_log WHERE activity like '%administration%'  UNION select count(DISTINCT idcase), 'pre-approver' as grupo from event_log WHERE activity like '%pre-approver%'  UNION select count(DISTINCT idcase), 'budget owner' as grupo from event_log WHERE activity like '%budget owner%'  UNION select count(DISTINCT idcase), 'director' as grupo from event_log WHERE activity like '%director%' ",administration,string,True
187_3,187,"select count(DISTINCT idcase), 'employee' as grupo from event_log WHERE activity like '%employee%'  UNION select count(DISTINCT idcase), 'supervisor' as grupo from event_log WHERE activity like '%supervisor%'  UNION select count(DISTINCT idcase), 'administration' as grupo from event_log WHERE activity like '%administration%'  UNION select count(DISTINCT idcase), 'pre-approver' as grupo from event_log WHERE activity like '%pre-approver%'  UNION select count(DISTINCT idcase), 'budget owner' as grupo from event_log WHERE activity like '%budget owner%'  UNION select count(DISTINCT idcase), 'director' as grupo from event_log WHERE activity like '%director%' ",%administration%,string,False
187_3,187,"select count(DISTINCT idcase), 'employee' as grupo from event_log WHERE activity like '%employee%'  UNION select count(DISTINCT idcase), 'supervisor' as grupo from event_log WHERE activity like '%supervisor%'  UNION select count(DISTINCT idcase), 'administration' as grupo from event_log WHERE activity like '%administration%'  UNION select count(DISTINCT idcase), 'pre-approver' as grupo from event_log WHERE activity like '%pre-approver%'  UNION select count(DISTINCT idcase), 'budget owner' as grupo from event_log WHERE activity like '%budget owner%'  UNION select count(DISTINCT idcase), 'director' as grupo from event_log WHERE activity like '%director%' ",pre-approver,string,True
187_3,187,"select count(DISTINCT idcase), 'employee' as grupo from event_log WHERE activity like '%employee%'  UNION select count(DISTINCT idcase), 'supervisor' as grupo from event_log WHERE activity like '%supervisor%'  UNION select count(DISTINCT idcase), 'administration' as grupo from event_log WHERE activity like '%administration%'  UNION select count(DISTINCT idcase), 'pre-approver' as grupo from event_log WHERE activity like '%pre-approver%'  UNION select count(DISTINCT idcase), 'budget owner' as grupo from event_log WHERE activity like '%budget owner%'  UNION select count(DISTINCT idcase), 'director' as grupo from event_log WHERE activity like '%director%' ",%pre-approver%,string,False
187_3,187,"select count(DISTINCT idcase), 'employee' as grupo from event_log WHERE activity like '%employee%'  UNION select count(DISTINCT idcase), 'supervisor' as grupo from event_log WHERE activity like '%supervisor%'  UNION select count(DISTINCT idcase), 'administration' as grupo from event_log WHERE activity like '%administration%'  UNION select count(DISTINCT idcase), 'pre-approver' as grupo from event_log WHERE activity like '%pre-approver%'  UNION select count(DISTINCT idcase), 'budget owner' as grupo from event_log WHERE activity like '%budget owner%'  UNION select count(DISTINCT idcase), 'director' as grupo from event_log WHERE activity like '%director%' ",budget owner,string,True
187_3,187,"select count(DISTINCT idcase), 'employee' as grupo from event_log WHERE activity like '%employee%'  UNION select count(DISTINCT idcase), 'supervisor' as grupo from event_log WHERE activity like '%supervisor%'  UNION select count(DISTINCT idcase), 'administration' as grupo from event_log WHERE activity like '%administration%'  UNION select count(DISTINCT idcase), 'pre-approver' as grupo from event_log WHERE activity like '%pre-approver%'  UNION select count(DISTINCT idcase), 'budget owner' as grupo from event_log WHERE activity like '%budget owner%'  UNION select count(DISTINCT idcase), 'director' as grupo from event_log WHERE activity like '%director%' ",%budget owner%,string,False
187_3,187,"select count(DISTINCT idcase), 'employee' as grupo from event_log WHERE activity like '%employee%'  UNION select count(DISTINCT idcase), 'supervisor' as grupo from event_log WHERE activity like '%supervisor%'  UNION select count(DISTINCT idcase), 'administration' as grupo from event_log WHERE activity like '%administration%'  UNION select count(DISTINCT idcase), 'pre-approver' as grupo from event_log WHERE activity like '%pre-approver%'  UNION select count(DISTINCT idcase), 'budget owner' as grupo from event_log WHERE activity like '%budget owner%'  UNION select count(DISTINCT idcase), 'director' as grupo from event_log WHERE activity like '%director%' ",director,string,True
187_3,187,"select count(DISTINCT idcase), 'employee' as grupo from event_log WHERE activity like '%employee%'  UNION select count(DISTINCT idcase), 'supervisor' as grupo from event_log WHERE activity like '%supervisor%'  UNION select count(DISTINCT idcase), 'administration' as grupo from event_log WHERE activity like '%administration%'  UNION select count(DISTINCT idcase), 'pre-approver' as grupo from event_log WHERE activity like '%pre-approver%'  UNION select count(DISTINCT idcase), 'budget owner' as grupo from event_log WHERE activity like '%budget owner%'  UNION select count(DISTINCT idcase), 'director' as grupo from event_log WHERE activity like '%director%' ",%director%,string,False
187_4,187,"select count(DISTINCT idcase), 'employee' as grupo from event_log WHERE activity like '%employee%'  UNION select count(DISTINCT idcase), 'supervisor' as grupo from event_log WHERE activity like '%supervisor%'  UNION select count(DISTINCT idcase), 'administration' as grupo from event_log WHERE activity like '%administration%'  UNION select count(DISTINCT idcase), 'pre-approver' as grupo from event_log WHERE activity like '%pre-approver%'  UNION select count(DISTINCT idcase), 'budget owner' as grupo from event_log WHERE activity like '%budget owner%'  UNION select count(DISTINCT idcase), 'director' as grupo from event_log WHERE activity like '%director%' ",employee,string,True
187_4,187,"select count(DISTINCT idcase), 'employee' as grupo from event_log WHERE activity like '%employee%'  UNION select count(DISTINCT idcase), 'supervisor' as grupo from event_log WHERE activity like '%supervisor%'  UNION select count(DISTINCT idcase), 'administration' as grupo from event_log WHERE activity like '%administration%'  UNION select count(DISTINCT idcase), 'pre-approver' as grupo from event_log WHERE activity like '%pre-approver%'  UNION select count(DISTINCT idcase), 'budget owner' as grupo from event_log WHERE activity like '%budget owner%'  UNION select count(DISTINCT idcase), 'director' as grupo from event_log WHERE activity like '%director%' ",%employee%,string,False
187_4,187,"select count(DISTINCT idcase), 'employee' as grupo from event_log WHERE activity like '%employee%'  UNION select count(DISTINCT idcase), 'supervisor' as grupo from event_log WHERE activity like '%supervisor%'  UNION select count(DISTINCT idcase), 'administration' as grupo from event_log WHERE activity like '%administration%'  UNION select count(DISTINCT idcase), 'pre-approver' as grupo from event_log WHERE activity like '%pre-approver%'  UNION select count(DISTINCT idcase), 'budget owner' as grupo from event_log WHERE activity like '%budget owner%'  UNION select count(DISTINCT idcase), 'director' as grupo from event_log WHERE activity like '%director%' ",supervisor,string,True
187_4,187,"select count(DISTINCT idcase), 'employee' as grupo from event_log WHERE activity like '%employee%'  UNION select count(DISTINCT idcase), 'supervisor' as grupo from event_log WHERE activity like '%supervisor%'  UNION select count(DISTINCT idcase), 'administration' as grupo from event_log WHERE activity like '%administration%'  UNION select count(DISTINCT idcase), 'pre-approver' as grupo from event_log WHERE activity like '%pre-approver%'  UNION select count(DISTINCT idcase), 'budget owner' as grupo from event_log WHERE activity like '%budget owner%'  UNION select count(DISTINCT idcase), 'director' as grupo from event_log WHERE activity like '%director%' ",%supervisor%,string,False
187_4,187,"select count(DISTINCT idcase), 'employee' as grupo from event_log WHERE activity like '%employee%'  UNION select count(DISTINCT idcase), 'supervisor' as grupo from event_log WHERE activity like '%supervisor%'  UNION select count(DISTINCT idcase), 'administration' as grupo from event_log WHERE activity like '%administration%'  UNION select count(DISTINCT idcase), 'pre-approver' as grupo from event_log WHERE activity like '%pre-approver%'  UNION select count(DISTINCT idcase), 'budget owner' as grupo from event_log WHERE activity like '%budget owner%'  UNION select count(DISTINCT idcase), 'director' as grupo from event_log WHERE activity like '%director%' ",administration,string,True
187_4,187,"select count(DISTINCT idcase), 'employee' as grupo from event_log WHERE activity like '%employee%'  UNION select count(DISTINCT idcase), 'supervisor' as grupo from event_log WHERE activity like '%supervisor%'  UNION select count(DISTINCT idcase), 'administration' as grupo from event_log WHERE activity like '%administration%'  UNION select count(DISTINCT idcase), 'pre-approver' as grupo from event_log WHERE activity like '%pre-approver%'  UNION select count(DISTINCT idcase), 'budget owner' as grupo from event_log WHERE activity like '%budget owner%'  UNION select count(DISTINCT idcase), 'director' as grupo from event_log WHERE activity like '%director%' ",%administration%,string,False
187_4,187,"select count(DISTINCT idcase), 'employee' as grupo from event_log WHERE activity like '%employee%'  UNION select count(DISTINCT idcase), 'supervisor' as grupo from event_log WHERE activity like '%supervisor%'  UNION select count(DISTINCT idcase), 'administration' as grupo from event_log WHERE activity like '%administration%'  UNION select count(DISTINCT idcase), 'pre-approver' as grupo from event_log WHERE activity like '%pre-approver%'  UNION select count(DISTINCT idcase), 'budget owner' as grupo from event_log WHERE activity like '%budget owner%'  UNION select count(DISTINCT idcase), 'director' as grupo from event_log WHERE activity like '%director%' ",pre-approver,string,True
187_4,187,"select count(DISTINCT idcase), 'employee' as grupo from event_log WHERE activity like '%employee%'  UNION select count(DISTINCT idcase), 'supervisor' as grupo from event_log WHERE activity like '%supervisor%'  UNION select count(DISTINCT idcase), 'administration' as grupo from event_log WHERE activity like '%administration%'  UNION select count(DISTINCT idcase), 'pre-approver' as grupo from event_log WHERE activity like '%pre-approver%'  UNION select count(DISTINCT idcase), 'budget owner' as grupo from event_log WHERE activity like '%budget owner%'  UNION select count(DISTINCT idcase), 'director' as grupo from event_log WHERE activity like '%director%' ",%pre-approver%,string,False
187_4,187,"select count(DISTINCT idcase), 'employee' as grupo from event_log WHERE activity like '%employee%'  UNION select count(DISTINCT idcase), 'supervisor' as grupo from event_log WHERE activity like '%supervisor%'  UNION select count(DISTINCT idcase), 'administration' as grupo from event_log WHERE activity like '%administration%'  UNION select count(DISTINCT idcase), 'pre-approver' as grupo from event_log WHERE activity like '%pre-approver%'  UNION select count(DISTINCT idcase), 'budget owner' as grupo from event_log WHERE activity like '%budget owner%'  UNION select count(DISTINCT idcase), 'director' as grupo from event_log WHERE activity like '%director%' ",budget owner,string,True
187_4,187,"select count(DISTINCT idcase), 'employee' as grupo from event_log WHERE activity like '%employee%'  UNION select count(DISTINCT idcase), 'supervisor' as grupo from event_log WHERE activity like '%supervisor%'  UNION select count(DISTINCT idcase), 'administration' as grupo from event_log WHERE activity like '%administration%'  UNION select count(DISTINCT idcase), 'pre-approver' as grupo from event_log WHERE activity like '%pre-approver%'  UNION select count(DISTINCT idcase), 'budget owner' as grupo from event_log WHERE activity like '%budget owner%'  UNION select count(DISTINCT idcase), 'director' as grupo from event_log WHERE activity like '%director%' ",%budget owner%,string,False
187_4,187,"select count(DISTINCT idcase), 'employee' as grupo from event_log WHERE activity like '%employee%'  UNION select count(DISTINCT idcase), 'supervisor' as grupo from event_log WHERE activity like '%supervisor%'  UNION select count(DISTINCT idcase), 'administration' as grupo from event_log WHERE activity like '%administration%'  UNION select count(DISTINCT idcase), 'pre-approver' as grupo from event_log WHERE activity like '%pre-approver%'  UNION select count(DISTINCT idcase), 'budget owner' as grupo from event_log WHERE activity like '%budget owner%'  UNION select count(DISTINCT idcase), 'director' as grupo from event_log WHERE activity like '%director%' ",director,string,True
187_4,187,"select count(DISTINCT idcase), 'employee' as grupo from event_log WHERE activity like '%employee%'  UNION select count(DISTINCT idcase), 'supervisor' as grupo from event_log WHERE activity like '%supervisor%'  UNION select count(DISTINCT idcase), 'administration' as grupo from event_log WHERE activity like '%administration%'  UNION select count(DISTINCT idcase), 'pre-approver' as grupo from event_log WHERE activity like '%pre-approver%'  UNION select count(DISTINCT idcase), 'budget owner' as grupo from event_log WHERE activity like '%budget owner%'  UNION select count(DISTINCT idcase), 'director' as grupo from event_log WHERE activity like '%director%' ",%director%,string,False
188_0,188,"select count(*), 'employee' as grupo from event_log WHERE activity like '%employee%'  UNION select count(*), 'supervisor' as grupo from event_log WHERE activity like '%supervisor%'  UNION select count(*), 'administration' as grupo from event_log WHERE activity like '%administration%'  UNION select count(*), 'pre-approver' as grupo from event_log WHERE activity like '%pre-approver%'  UNION select count(*), 'budget owner' as grupo from event_log WHERE activity like '%budget owner%'  UNION select count(*), 'director' as grupo from event_log WHERE activity like '%director%'  order by count(*)  ",employee,string,True
188_0,188,"select count(*), 'employee' as grupo from event_log WHERE activity like '%employee%'  UNION select count(*), 'supervisor' as grupo from event_log WHERE activity like '%supervisor%'  UNION select count(*), 'administration' as grupo from event_log WHERE activity like '%administration%'  UNION select count(*), 'pre-approver' as grupo from event_log WHERE activity like '%pre-approver%'  UNION select count(*), 'budget owner' as grupo from event_log WHERE activity like '%budget owner%'  UNION select count(*), 'director' as grupo from event_log WHERE activity like '%director%'  order by count(*)  ",%employee%,string,False
188_0,188,"select count(*), 'employee' as grupo from event_log WHERE activity like '%employee%'  UNION select count(*), 'supervisor' as grupo from event_log WHERE activity like '%supervisor%'  UNION select count(*), 'administration' as grupo from event_log WHERE activity like '%administration%'  UNION select count(*), 'pre-approver' as grupo from event_log WHERE activity like '%pre-approver%'  UNION select count(*), 'budget owner' as grupo from event_log WHERE activity like '%budget owner%'  UNION select count(*), 'director' as grupo from event_log WHERE activity like '%director%'  order by count(*)  ",supervisor,string,True
188_0,188,"select count(*), 'employee' as grupo from event_log WHERE activity like '%employee%'  UNION select count(*), 'supervisor' as grupo from event_log WHERE activity like '%supervisor%'  UNION select count(*), 'administration' as grupo from event_log WHERE activity like '%administration%'  UNION select count(*), 'pre-approver' as grupo from event_log WHERE activity like '%pre-approver%'  UNION select count(*), 'budget owner' as grupo from event_log WHERE activity like '%budget owner%'  UNION select count(*), 'director' as grupo from event_log WHERE activity like '%director%'  order by count(*)  ",%supervisor%,string,False
188_0,188,"select count(*), 'employee' as grupo from event_log WHERE activity like '%employee%'  UNION select count(*), 'supervisor' as grupo from event_log WHERE activity like '%supervisor%'  UNION select count(*), 'administration' as grupo from event_log WHERE activity like '%administration%'  UNION select count(*), 'pre-approver' as grupo from event_log WHERE activity like '%pre-approver%'  UNION select count(*), 'budget owner' as grupo from event_log WHERE activity like '%budget owner%'  UNION select count(*), 'director' as grupo from event_log WHERE activity like '%director%'  order by count(*)  ",administration,string,True
188_0,188,"select count(*), 'employee' as grupo from event_log WHERE activity like '%employee%'  UNION select count(*), 'supervisor' as grupo from event_log WHERE activity like '%supervisor%'  UNION select count(*), 'administration' as grupo from event_log WHERE activity like '%administration%'  UNION select count(*), 'pre-approver' as grupo from event_log WHERE activity like '%pre-approver%'  UNION select count(*), 'budget owner' as grupo from event_log WHERE activity like '%budget owner%'  UNION select count(*), 'director' as grupo from event_log WHERE activity like '%director%'  order by count(*)  ",%administration%,string,False
188_0,188,"select count(*), 'employee' as grupo from event_log WHERE activity like '%employee%'  UNION select count(*), 'supervisor' as grupo from event_log WHERE activity like '%supervisor%'  UNION select count(*), 'administration' as grupo from event_log WHERE activity like '%administration%'  UNION select count(*), 'pre-approver' as grupo from event_log WHERE activity like '%pre-approver%'  UNION select count(*), 'budget owner' as grupo from event_log WHERE activity like '%budget owner%'  UNION select count(*), 'director' as grupo from event_log WHERE activity like '%director%'  order by count(*)  ",pre-approver,string,True
188_0,188,"select count(*), 'employee' as grupo from event_log WHERE activity like '%employee%'  UNION select count(*), 'supervisor' as grupo from event_log WHERE activity like '%supervisor%'  UNION select count(*), 'administration' as grupo from event_log WHERE activity like '%administration%'  UNION select count(*), 'pre-approver' as grupo from event_log WHERE activity like '%pre-approver%'  UNION select count(*), 'budget owner' as grupo from event_log WHERE activity like '%budget owner%'  UNION select count(*), 'director' as grupo from event_log WHERE activity like '%director%'  order by count(*)  ",%pre-approver%,string,False
188_0,188,"select count(*), 'employee' as grupo from event_log WHERE activity like '%employee%'  UNION select count(*), 'supervisor' as grupo from event_log WHERE activity like '%supervisor%'  UNION select count(*), 'administration' as grupo from event_log WHERE activity like '%administration%'  UNION select count(*), 'pre-approver' as grupo from event_log WHERE activity like '%pre-approver%'  UNION select count(*), 'budget owner' as grupo from event_log WHERE activity like '%budget owner%'  UNION select count(*), 'director' as grupo from event_log WHERE activity like '%director%'  order by count(*)  ",budget owner,string,True
188_0,188,"select count(*), 'employee' as grupo from event_log WHERE activity like '%employee%'  UNION select count(*), 'supervisor' as grupo from event_log WHERE activity like '%supervisor%'  UNION select count(*), 'administration' as grupo from event_log WHERE activity like '%administration%'  UNION select count(*), 'pre-approver' as grupo from event_log WHERE activity like '%pre-approver%'  UNION select count(*), 'budget owner' as grupo from event_log WHERE activity like '%budget owner%'  UNION select count(*), 'director' as grupo from event_log WHERE activity like '%director%'  order by count(*)  ",%budget owner%,string,False
188_0,188,"select count(*), 'employee' as grupo from event_log WHERE activity like '%employee%'  UNION select count(*), 'supervisor' as grupo from event_log WHERE activity like '%supervisor%'  UNION select count(*), 'administration' as grupo from event_log WHERE activity like '%administration%'  UNION select count(*), 'pre-approver' as grupo from event_log WHERE activity like '%pre-approver%'  UNION select count(*), 'budget owner' as grupo from event_log WHERE activity like '%budget owner%'  UNION select count(*), 'director' as grupo from event_log WHERE activity like '%director%'  order by count(*)  ",director,string,True
188_0,188,"select count(*), 'employee' as grupo from event_log WHERE activity like '%employee%'  UNION select count(*), 'supervisor' as grupo from event_log WHERE activity like '%supervisor%'  UNION select count(*), 'administration' as grupo from event_log WHERE activity like '%administration%'  UNION select count(*), 'pre-approver' as grupo from event_log WHERE activity like '%pre-approver%'  UNION select count(*), 'budget owner' as grupo from event_log WHERE activity like '%budget owner%'  UNION select count(*), 'director' as grupo from event_log WHERE activity like '%director%'  order by count(*)  ",%director%,string,False
188_1,188,"select count(*), 'employee' as grupo from event_log WHERE activity like '%employee%'  UNION select count(*), 'supervisor' as grupo from event_log WHERE activity like '%supervisor%'  UNION select count(*), 'administration' as grupo from event_log WHERE activity like '%administration%'  UNION select count(*), 'pre-approver' as grupo from event_log WHERE activity like '%pre-approver%'  UNION select count(*), 'budget owner' as grupo from event_log WHERE activity like '%budget owner%'  UNION select count(*), 'director' as grupo from event_log WHERE activity like '%director%'  order by count(*)  ",employee,string,True
188_1,188,"select count(*), 'employee' as grupo from event_log WHERE activity like '%employee%'  UNION select count(*), 'supervisor' as grupo from event_log WHERE activity like '%supervisor%'  UNION select count(*), 'administration' as grupo from event_log WHERE activity like '%administration%'  UNION select count(*), 'pre-approver' as grupo from event_log WHERE activity like '%pre-approver%'  UNION select count(*), 'budget owner' as grupo from event_log WHERE activity like '%budget owner%'  UNION select count(*), 'director' as grupo from event_log WHERE activity like '%director%'  order by count(*)  ",%employee%,string,False
188_1,188,"select count(*), 'employee' as grupo from event_log WHERE activity like '%employee%'  UNION select count(*), 'supervisor' as grupo from event_log WHERE activity like '%supervisor%'  UNION select count(*), 'administration' as grupo from event_log WHERE activity like '%administration%'  UNION select count(*), 'pre-approver' as grupo from event_log WHERE activity like '%pre-approver%'  UNION select count(*), 'budget owner' as grupo from event_log WHERE activity like '%budget owner%'  UNION select count(*), 'director' as grupo from event_log WHERE activity like '%director%'  order by count(*)  ",supervisor,string,True
188_1,188,"select count(*), 'employee' as grupo from event_log WHERE activity like '%employee%'  UNION select count(*), 'supervisor' as grupo from event_log WHERE activity like '%supervisor%'  UNION select count(*), 'administration' as grupo from event_log WHERE activity like '%administration%'  UNION select count(*), 'pre-approver' as grupo from event_log WHERE activity like '%pre-approver%'  UNION select count(*), 'budget owner' as grupo from event_log WHERE activity like '%budget owner%'  UNION select count(*), 'director' as grupo from event_log WHERE activity like '%director%'  order by count(*)  ",%supervisor%,string,False
188_1,188,"select count(*), 'employee' as grupo from event_log WHERE activity like '%employee%'  UNION select count(*), 'supervisor' as grupo from event_log WHERE activity like '%supervisor%'  UNION select count(*), 'administration' as grupo from event_log WHERE activity like '%administration%'  UNION select count(*), 'pre-approver' as grupo from event_log WHERE activity like '%pre-approver%'  UNION select count(*), 'budget owner' as grupo from event_log WHERE activity like '%budget owner%'  UNION select count(*), 'director' as grupo from event_log WHERE activity like '%director%'  order by count(*)  ",administration,string,True
188_1,188,"select count(*), 'employee' as grupo from event_log WHERE activity like '%employee%'  UNION select count(*), 'supervisor' as grupo from event_log WHERE activity like '%supervisor%'  UNION select count(*), 'administration' as grupo from event_log WHERE activity like '%administration%'  UNION select count(*), 'pre-approver' as grupo from event_log WHERE activity like '%pre-approver%'  UNION select count(*), 'budget owner' as grupo from event_log WHERE activity like '%budget owner%'  UNION select count(*), 'director' as grupo from event_log WHERE activity like '%director%'  order by count(*)  ",%administration%,string,False
188_1,188,"select count(*), 'employee' as grupo from event_log WHERE activity like '%employee%'  UNION select count(*), 'supervisor' as grupo from event_log WHERE activity like '%supervisor%'  UNION select count(*), 'administration' as grupo from event_log WHERE activity like '%administration%'  UNION select count(*), 'pre-approver' as grupo from event_log WHERE activity like '%pre-approver%'  UNION select count(*), 'budget owner' as grupo from event_log WHERE activity like '%budget owner%'  UNION select count(*), 'director' as grupo from event_log WHERE activity like '%director%'  order by count(*)  ",pre-approver,string,True
188_1,188,"select count(*), 'employee' as grupo from event_log WHERE activity like '%employee%'  UNION select count(*), 'supervisor' as grupo from event_log WHERE activity like '%supervisor%'  UNION select count(*), 'administration' as grupo from event_log WHERE activity like '%administration%'  UNION select count(*), 'pre-approver' as grupo from event_log WHERE activity like '%pre-approver%'  UNION select count(*), 'budget owner' as grupo from event_log WHERE activity like '%budget owner%'  UNION select count(*), 'director' as grupo from event_log WHERE activity like '%director%'  order by count(*)  ",%pre-approver%,string,False
188_1,188,"select count(*), 'employee' as grupo from event_log WHERE activity like '%employee%'  UNION select count(*), 'supervisor' as grupo from event_log WHERE activity like '%supervisor%'  UNION select count(*), 'administration' as grupo from event_log WHERE activity like '%administration%'  UNION select count(*), 'pre-approver' as grupo from event_log WHERE activity like '%pre-approver%'  UNION select count(*), 'budget owner' as grupo from event_log WHERE activity like '%budget owner%'  UNION select count(*), 'director' as grupo from event_log WHERE activity like '%director%'  order by count(*)  ",budget owner,string,True
188_1,188,"select count(*), 'employee' as grupo from event_log WHERE activity like '%employee%'  UNION select count(*), 'supervisor' as grupo from event_log WHERE activity like '%supervisor%'  UNION select count(*), 'administration' as grupo from event_log WHERE activity like '%administration%'  UNION select count(*), 'pre-approver' as grupo from event_log WHERE activity like '%pre-approver%'  UNION select count(*), 'budget owner' as grupo from event_log WHERE activity like '%budget owner%'  UNION select count(*), 'director' as grupo from event_log WHERE activity like '%director%'  order by count(*)  ",%budget owner%,string,False
188_1,188,"select count(*), 'employee' as grupo from event_log WHERE activity like '%employee%'  UNION select count(*), 'supervisor' as grupo from event_log WHERE activity like '%supervisor%'  UNION select count(*), 'administration' as grupo from event_log WHERE activity like '%administration%'  UNION select count(*), 'pre-approver' as grupo from event_log WHERE activity like '%pre-approver%'  UNION select count(*), 'budget owner' as grupo from event_log WHERE activity like '%budget owner%'  UNION select count(*), 'director' as grupo from event_log WHERE activity like '%director%'  order by count(*)  ",director,string,True
188_1,188,"select count(*), 'employee' as grupo from event_log WHERE activity like '%employee%'  UNION select count(*), 'supervisor' as grupo from event_log WHERE activity like '%supervisor%'  UNION select count(*), 'administration' as grupo from event_log WHERE activity like '%administration%'  UNION select count(*), 'pre-approver' as grupo from event_log WHERE activity like '%pre-approver%'  UNION select count(*), 'budget owner' as grupo from event_log WHERE activity like '%budget owner%'  UNION select count(*), 'director' as grupo from event_log WHERE activity like '%director%'  order by count(*)  ",%director%,string,False
188_2,188,"select count(*), 'employee' as grupo from event_log WHERE activity like '%employee%'  UNION select count(*), 'supervisor' as grupo from event_log WHERE activity like '%supervisor%'  UNION select count(*), 'administration' as grupo from event_log WHERE activity like '%administration%'  UNION select count(*), 'pre-approver' as grupo from event_log WHERE activity like '%pre-approver%'  UNION select count(*), 'budget owner' as grupo from event_log WHERE activity like '%budget owner%'  UNION select count(*), 'director' as grupo from event_log WHERE activity like '%director%'  order by count(*)  ",employee,string,True
188_2,188,"select count(*), 'employee' as grupo from event_log WHERE activity like '%employee%'  UNION select count(*), 'supervisor' as grupo from event_log WHERE activity like '%supervisor%'  UNION select count(*), 'administration' as grupo from event_log WHERE activity like '%administration%'  UNION select count(*), 'pre-approver' as grupo from event_log WHERE activity like '%pre-approver%'  UNION select count(*), 'budget owner' as grupo from event_log WHERE activity like '%budget owner%'  UNION select count(*), 'director' as grupo from event_log WHERE activity like '%director%'  order by count(*)  ",%employee%,string,False
188_2,188,"select count(*), 'employee' as grupo from event_log WHERE activity like '%employee%'  UNION select count(*), 'supervisor' as grupo from event_log WHERE activity like '%supervisor%'  UNION select count(*), 'administration' as grupo from event_log WHERE activity like '%administration%'  UNION select count(*), 'pre-approver' as grupo from event_log WHERE activity like '%pre-approver%'  UNION select count(*), 'budget owner' as grupo from event_log WHERE activity like '%budget owner%'  UNION select count(*), 'director' as grupo from event_log WHERE activity like '%director%'  order by count(*)  ",supervisor,string,False
188_2,188,"select count(*), 'employee' as grupo from event_log WHERE activity like '%employee%'  UNION select count(*), 'supervisor' as grupo from event_log WHERE activity like '%supervisor%'  UNION select count(*), 'administration' as grupo from event_log WHERE activity like '%administration%'  UNION select count(*), 'pre-approver' as grupo from event_log WHERE activity like '%pre-approver%'  UNION select count(*), 'budget owner' as grupo from event_log WHERE activity like '%budget owner%'  UNION select count(*), 'director' as grupo from event_log WHERE activity like '%director%'  order by count(*)  ",%supervisor%,string,False
188_2,188,"select count(*), 'employee' as grupo from event_log WHERE activity like '%employee%'  UNION select count(*), 'supervisor' as grupo from event_log WHERE activity like '%supervisor%'  UNION select count(*), 'administration' as grupo from event_log WHERE activity like '%administration%'  UNION select count(*), 'pre-approver' as grupo from event_log WHERE activity like '%pre-approver%'  UNION select count(*), 'budget owner' as grupo from event_log WHERE activity like '%budget owner%'  UNION select count(*), 'director' as grupo from event_log WHERE activity like '%director%'  order by count(*)  ",administration,string,False
188_2,188,"select count(*), 'employee' as grupo from event_log WHERE activity like '%employee%'  UNION select count(*), 'supervisor' as grupo from event_log WHERE activity like '%supervisor%'  UNION select count(*), 'administration' as grupo from event_log WHERE activity like '%administration%'  UNION select count(*), 'pre-approver' as grupo from event_log WHERE activity like '%pre-approver%'  UNION select count(*), 'budget owner' as grupo from event_log WHERE activity like '%budget owner%'  UNION select count(*), 'director' as grupo from event_log WHERE activity like '%director%'  order by count(*)  ",%administration%,string,False
188_2,188,"select count(*), 'employee' as grupo from event_log WHERE activity like '%employee%'  UNION select count(*), 'supervisor' as grupo from event_log WHERE activity like '%supervisor%'  UNION select count(*), 'administration' as grupo from event_log WHERE activity like '%administration%'  UNION select count(*), 'pre-approver' as grupo from event_log WHERE activity like '%pre-approver%'  UNION select count(*), 'budget owner' as grupo from event_log WHERE activity like '%budget owner%'  UNION select count(*), 'director' as grupo from event_log WHERE activity like '%director%'  order by count(*)  ",pre-approver,string,False
188_2,188,"select count(*), 'employee' as grupo from event_log WHERE activity like '%employee%'  UNION select count(*), 'supervisor' as grupo from event_log WHERE activity like '%supervisor%'  UNION select count(*), 'administration' as grupo from event_log WHERE activity like '%administration%'  UNION select count(*), 'pre-approver' as grupo from event_log WHERE activity like '%pre-approver%'  UNION select count(*), 'budget owner' as grupo from event_log WHERE activity like '%budget owner%'  UNION select count(*), 'director' as grupo from event_log WHERE activity like '%director%'  order by count(*)  ",%pre-approver%,string,False
188_2,188,"select count(*), 'employee' as grupo from event_log WHERE activity like '%employee%'  UNION select count(*), 'supervisor' as grupo from event_log WHERE activity like '%supervisor%'  UNION select count(*), 'administration' as grupo from event_log WHERE activity like '%administration%'  UNION select count(*), 'pre-approver' as grupo from event_log WHERE activity like '%pre-approver%'  UNION select count(*), 'budget owner' as grupo from event_log WHERE activity like '%budget owner%'  UNION select count(*), 'director' as grupo from event_log WHERE activity like '%director%'  order by count(*)  ",budget owner,string,False
188_2,188,"select count(*), 'employee' as grupo from event_log WHERE activity like '%employee%'  UNION select count(*), 'supervisor' as grupo from event_log WHERE activity like '%supervisor%'  UNION select count(*), 'administration' as grupo from event_log WHERE activity like '%administration%'  UNION select count(*), 'pre-approver' as grupo from event_log WHERE activity like '%pre-approver%'  UNION select count(*), 'budget owner' as grupo from event_log WHERE activity like '%budget owner%'  UNION select count(*), 'director' as grupo from event_log WHERE activity like '%director%'  order by count(*)  ",%budget owner%,string,False
188_2,188,"select count(*), 'employee' as grupo from event_log WHERE activity like '%employee%'  UNION select count(*), 'supervisor' as grupo from event_log WHERE activity like '%supervisor%'  UNION select count(*), 'administration' as grupo from event_log WHERE activity like '%administration%'  UNION select count(*), 'pre-approver' as grupo from event_log WHERE activity like '%pre-approver%'  UNION select count(*), 'budget owner' as grupo from event_log WHERE activity like '%budget owner%'  UNION select count(*), 'director' as grupo from event_log WHERE activity like '%director%'  order by count(*)  ",director,string,False
188_2,188,"select count(*), 'employee' as grupo from event_log WHERE activity like '%employee%'  UNION select count(*), 'supervisor' as grupo from event_log WHERE activity like '%supervisor%'  UNION select count(*), 'administration' as grupo from event_log WHERE activity like '%administration%'  UNION select count(*), 'pre-approver' as grupo from event_log WHERE activity like '%pre-approver%'  UNION select count(*), 'budget owner' as grupo from event_log WHERE activity like '%budget owner%'  UNION select count(*), 'director' as grupo from event_log WHERE activity like '%director%'  order by count(*)  ",%director%,string,False
189_0,189,select e1.idcase from event_log AS e1 inner join event_log AS e2 on e1.idcase = e2.idcase  WHERE e2.activity = 'End trip' and e1.timestamp > e2.timestamp group by e1.idcase,End trip,string,False
189_1,189,select e1.idcase from event_log AS e1 inner join event_log AS e2 on e1.idcase = e2.idcase  WHERE e2.activity = 'End trip' and e1.timestamp > e2.timestamp group by e1.idcase,End trip,string,False
189_2,189,select e1.idcase from event_log AS e1 inner join event_log AS e2 on e1.idcase = e2.idcase  WHERE e2.activity = 'End trip' and e1.timestamp > e2.timestamp group by e1.idcase,End trip,string,False
189_3,189,select e1.idcase from event_log AS e1 inner join event_log AS e2 on e1.idcase = e2.idcase  WHERE e2.activity = 'End trip' and e1.timestamp > e2.timestamp group by e1.idcase,End trip,string,False
189_4,189,select e1.idcase from event_log AS e1 inner join event_log AS e2 on e1.idcase = e2.idcase  WHERE e2.activity = 'End trip' and e1.timestamp > e2.timestamp group by e1.idcase,End trip,string,False
189_5,189,select e1.idcase from event_log AS e1 inner join event_log AS e2 on e1.idcase = e2.idcase  WHERE e2.activity = 'End trip' and e1.timestamp > e2.timestamp group by e1.idcase,End trip,string,False
190_0,190,"SELECT COUNT(*) FROM (SELECT idcase, activity, max(timestamp) from event_log group by idcase)  WHERE activity='Send reminder'  ",Send reminder,string,True
190_1,190,"SELECT COUNT(*) FROM (SELECT idcase, activity, max(timestamp) from event_log group by idcase)  WHERE activity='Send reminder'  ",Send reminder,string,True
190_2,190,"SELECT COUNT(*) FROM (SELECT idcase, activity, max(timestamp) from event_log group by idcase)  WHERE activity='Send reminder'  ",Send reminder,string,True
190_3,190,"SELECT COUNT(*) FROM (SELECT idcase, activity, max(timestamp) from event_log group by idcase)  WHERE activity='Send reminder'  ",Send reminder,string,True
190_4,190,"SELECT COUNT(*) FROM (SELECT idcase, activity, max(timestamp) from event_log group by idcase)  WHERE activity='Send reminder'  ",Send reminder,string,True
190_5,190,"SELECT COUNT(*) FROM (SELECT idcase, activity, max(timestamp) from event_log group by idcase)  WHERE activity='Send reminder'  ",Send reminder,string,True
191_0,191,"SELECT distinct resource FROM event_log EXCEPT SELECT distinct resource FROM event_log where strftime('%Y-%m-%d', timestamp) =  '2018-03-31'",%Y-%m-%d,string,False
191_0,191,"SELECT distinct resource FROM event_log EXCEPT SELECT distinct resource FROM event_log where strftime('%Y-%m-%d', timestamp) =  '2018-03-31'",2018-03-31,date_string,True
191_1,191,"SELECT distinct resource FROM event_log EXCEPT SELECT distinct resource FROM event_log where strftime('%Y-%m-%d', timestamp) =  '2018-03-31'",%Y-%m-%d,string,False
191_1,191,"SELECT distinct resource FROM event_log EXCEPT SELECT distinct resource FROM event_log where strftime('%Y-%m-%d', timestamp) =  '2018-03-31'",2018-03-31,date_string,True
191_2,191,"SELECT distinct resource FROM event_log EXCEPT SELECT distinct resource FROM event_log where strftime('%Y-%m-%d', timestamp) =  '2018-03-31'",%Y-%m-%d,string,False
191_2,191,"SELECT distinct resource FROM event_log EXCEPT SELECT distinct resource FROM event_log where strftime('%Y-%m-%d', timestamp) =  '2018-03-31'",2018-03-31,date_string,True
191_3,191,"SELECT distinct resource FROM event_log EXCEPT SELECT distinct resource FROM event_log where strftime('%Y-%m-%d', timestamp) =  '2018-03-31'",%Y-%m-%d,string,False
191_3,191,"SELECT distinct resource FROM event_log EXCEPT SELECT distinct resource FROM event_log where strftime('%Y-%m-%d', timestamp) =  '2018-03-31'",2018-03-31,date_string,True
191_4,191,"SELECT distinct resource FROM event_log EXCEPT SELECT distinct resource FROM event_log where strftime('%Y-%m-%d', timestamp) =  '2018-03-31'",%Y-%m-%d,string,False
191_4,191,"SELECT distinct resource FROM event_log EXCEPT SELECT distinct resource FROM event_log where strftime('%Y-%m-%d', timestamp) =  '2018-03-31'",2018-03-31,date_string,True
191_5,191,"SELECT distinct resource FROM event_log EXCEPT SELECT distinct resource FROM event_log where strftime('%Y-%m-%d', timestamp) =  '2018-03-31'",%Y-%m-%d,string,False
191_5,191,"SELECT distinct resource FROM event_log EXCEPT SELECT distinct resource FROM event_log where strftime('%Y-%m-%d', timestamp) =  '2018-03-31'",2018-03-31,date_string,True
192_0,192,"SELECT activity, COUNT(*) FROM event_log WHERE idcase IN (select idcase FROM event_log GROUP BY idcase HAVING MAX(strftime('%Y-%m-%d', timestamp)) BETWEEN '2018-12-01'  AND '2018-12-05') GROUP BY activity",%Y-%m-%d,string,False
192_0,192,"SELECT activity, COUNT(*) FROM event_log WHERE idcase IN (select idcase FROM event_log GROUP BY idcase HAVING MAX(strftime('%Y-%m-%d', timestamp)) BETWEEN '2018-12-01'  AND '2018-12-05') GROUP BY activity",2018-12-01,date_string,True
192_0,192,"SELECT activity, COUNT(*) FROM event_log WHERE idcase IN (select idcase FROM event_log GROUP BY idcase HAVING MAX(strftime('%Y-%m-%d', timestamp)) BETWEEN '2018-12-01'  AND '2018-12-05') GROUP BY activity",2018-12-05,date_string,True
192_1,192,"SELECT activity, COUNT(*) FROM event_log WHERE idcase IN (select idcase FROM event_log GROUP BY idcase HAVING MAX(strftime('%Y-%m-%d', timestamp)) BETWEEN '2018-12-01'  AND '2018-12-05') GROUP BY activity",%Y-%m-%d,string,False
192_1,192,"SELECT activity, COUNT(*) FROM event_log WHERE idcase IN (select idcase FROM event_log GROUP BY idcase HAVING MAX(strftime('%Y-%m-%d', timestamp)) BETWEEN '2018-12-01'  AND '2018-12-05') GROUP BY activity",2018-12-01,date_string,True
192_1,192,"SELECT activity, COUNT(*) FROM event_log WHERE idcase IN (select idcase FROM event_log GROUP BY idcase HAVING MAX(strftime('%Y-%m-%d', timestamp)) BETWEEN '2018-12-01'  AND '2018-12-05') GROUP BY activity",2018-12-05,date_string,True
192_2,192,"SELECT activity, COUNT(*) FROM event_log WHERE idcase IN (select idcase FROM event_log GROUP BY idcase HAVING MAX(strftime('%Y-%m-%d', timestamp)) BETWEEN '2018-12-01'  AND '2018-12-05') GROUP BY activity",%Y-%m-%d,string,False
192_2,192,"SELECT activity, COUNT(*) FROM event_log WHERE idcase IN (select idcase FROM event_log GROUP BY idcase HAVING MAX(strftime('%Y-%m-%d', timestamp)) BETWEEN '2018-12-01'  AND '2018-12-05') GROUP BY activity",2018-12-01,date_string,True
192_2,192,"SELECT activity, COUNT(*) FROM event_log WHERE idcase IN (select idcase FROM event_log GROUP BY idcase HAVING MAX(strftime('%Y-%m-%d', timestamp)) BETWEEN '2018-12-01'  AND '2018-12-05') GROUP BY activity",2018-12-05,date_string,True
192_3,192,"SELECT activity, COUNT(*) FROM event_log WHERE idcase IN (select idcase FROM event_log GROUP BY idcase HAVING MAX(strftime('%Y-%m-%d', timestamp)) BETWEEN '2018-12-01'  AND '2018-12-05') GROUP BY activity",%Y-%m-%d,string,False
192_3,192,"SELECT activity, COUNT(*) FROM event_log WHERE idcase IN (select idcase FROM event_log GROUP BY idcase HAVING MAX(strftime('%Y-%m-%d', timestamp)) BETWEEN '2018-12-01'  AND '2018-12-05') GROUP BY activity",2018-12-01,date_string,True
192_3,192,"SELECT activity, COUNT(*) FROM event_log WHERE idcase IN (select idcase FROM event_log GROUP BY idcase HAVING MAX(strftime('%Y-%m-%d', timestamp)) BETWEEN '2018-12-01'  AND '2018-12-05') GROUP BY activity",2018-12-05,date_string,True
192_4,192,"SELECT activity, COUNT(*) FROM event_log WHERE idcase IN (select idcase FROM event_log GROUP BY idcase HAVING MAX(strftime('%Y-%m-%d', timestamp)) BETWEEN '2018-12-01'  AND '2018-12-05') GROUP BY activity",%Y-%m-%d,string,False
192_4,192,"SELECT activity, COUNT(*) FROM event_log WHERE idcase IN (select idcase FROM event_log GROUP BY idcase HAVING MAX(strftime('%Y-%m-%d', timestamp)) BETWEEN '2018-12-01'  AND '2018-12-05') GROUP BY activity",2018-12-01,date_string,True
192_4,192,"SELECT activity, COUNT(*) FROM event_log WHERE idcase IN (select idcase FROM event_log GROUP BY idcase HAVING MAX(strftime('%Y-%m-%d', timestamp)) BETWEEN '2018-12-01'  AND '2018-12-05') GROUP BY activity",2018-12-05,date_string,True
192_5,192,"SELECT activity, COUNT(*) FROM event_log WHERE idcase IN (select idcase FROM event_log GROUP BY idcase HAVING MAX(strftime('%Y-%m-%d', timestamp)) BETWEEN '2018-12-01'  AND '2018-12-05') GROUP BY activity",%Y-%m-%d,string,False
192_5,192,"SELECT activity, COUNT(*) FROM event_log WHERE idcase IN (select idcase FROM event_log GROUP BY idcase HAVING MAX(strftime('%Y-%m-%d', timestamp)) BETWEEN '2018-12-01'  AND '2018-12-05') GROUP BY activity",2018-12-01,date_string,True
192_5,192,"SELECT activity, COUNT(*) FROM event_log WHERE idcase IN (select idcase FROM event_log GROUP BY idcase HAVING MAX(strftime('%Y-%m-%d', timestamp)) BETWEEN '2018-12-01'  AND '2018-12-05') GROUP BY activity",2018-12-05,date_string,True
193_0,193,SELECT COUNT(DISTINCT idcase) FROM event_log WHERE idcase NOT IN (SELECT DISTINCT idcase FROM event_log where activity = 'Payment handled') ,Payment handled,string,True
193_1,193,SELECT COUNT(DISTINCT idcase) FROM event_log WHERE idcase NOT IN (SELECT DISTINCT idcase FROM event_log where activity = 'Payment handled') ,Payment handled,string,True
193_2,193,SELECT COUNT(DISTINCT idcase) FROM event_log WHERE idcase NOT IN (SELECT DISTINCT idcase FROM event_log where activity = 'Payment handled') ,Payment handled,string,True
193_3,193,SELECT COUNT(DISTINCT idcase) FROM event_log WHERE idcase NOT IN (SELECT DISTINCT idcase FROM event_log where activity = 'Payment handled') ,Payment handled,string,True
193_4,193,SELECT COUNT(DISTINCT idcase) FROM event_log WHERE idcase NOT IN (SELECT DISTINCT idcase FROM event_log where activity = 'Payment handled') ,Payment handled,string,True
193_5,193,SELECT COUNT(DISTINCT idcase) FROM event_log WHERE idcase NOT IN (SELECT DISTINCT idcase FROM event_log where activity = 'Payment handled') ,Payment handled,string,False
193_6,193,SELECT COUNT(DISTINCT idcase) FROM event_log WHERE idcase NOT IN (SELECT DISTINCT idcase FROM event_log where activity = 'Payment handled') ,Payment handled,string,False
193_7,193,SELECT COUNT(DISTINCT idcase) FROM event_log WHERE idcase NOT IN (SELECT DISTINCT idcase FROM event_log where activity = 'Payment handled') ,Payment handled,string,False
195_0,195,"select distinct(e1.activity) from event_log AS e1 inner join event_log AS e2 on e1.idcase = e2.idcase WHERE e2.activity = 'Send reminder' and e1.timestamp < e2.timestamp group by e1.idcase, e1.activity ",Send reminder,string,True
195_1,195,"select distinct(e1.activity) from event_log AS e1 inner join event_log AS e2 on e1.idcase = e2.idcase WHERE e2.activity = 'Send reminder' and e1.timestamp < e2.timestamp group by e1.idcase, e1.activity ",Send reminder,string,True
195_2,195,"select distinct(e1.activity) from event_log AS e1 inner join event_log AS e2 on e1.idcase = e2.idcase WHERE e2.activity = 'Send reminder' and e1.timestamp < e2.timestamp group by e1.idcase, e1.activity ",Send reminder,string,False
199_0,199,SELECT resource FROM event_log GROUP BY resource HAVING COUNT(*) IN (SELECT COUNT(*) FROM event_log GROUP BY resource ORDER BY COUNT(*) DESC LIMIT 10),10,numeric,True
199_1,199,SELECT resource FROM event_log GROUP BY resource HAVING COUNT(*) IN (SELECT COUNT(*) FROM event_log GROUP BY resource ORDER BY COUNT(*) DESC LIMIT 10),10,numeric,True
199_2,199,SELECT resource FROM event_log GROUP BY resource HAVING COUNT(*) IN (SELECT COUNT(*) FROM event_log GROUP BY resource ORDER BY COUNT(*) DESC LIMIT 10),10,numeric,True
199_3,199,SELECT resource FROM event_log GROUP BY resource HAVING COUNT(*) IN (SELECT COUNT(*) FROM event_log GROUP BY resource ORDER BY COUNT(*) DESC LIMIT 10),10,numeric,True
199_4,199,SELECT resource FROM event_log GROUP BY resource HAVING COUNT(*) IN (SELECT COUNT(*) FROM event_log GROUP BY resource ORDER BY COUNT(*) DESC LIMIT 10),10,numeric,True
199_5,199,SELECT resource FROM event_log GROUP BY resource HAVING COUNT(*) IN (SELECT COUNT(*) FROM event_log GROUP BY resource ORDER BY COUNT(*) DESC LIMIT 10),10,numeric,True
200_0,200,"SELECT strftime('%Y-%m-%d', timestamp) AS event_day, COUNT(*) FROM event_log GROUP BY event_day",%Y-%m-%d,string,False
200_1,200,"SELECT strftime('%Y-%m-%d', timestamp) AS event_day, COUNT(*) FROM event_log GROUP BY event_day",%Y-%m-%d,string,False
200_2,200,"SELECT strftime('%Y-%m-%d', timestamp) AS event_day, COUNT(*) FROM event_log GROUP BY event_day",%Y-%m-%d,string,False
202_0,202,"SELECT e.idcase, COUNT(*) FROM event_log e INNER JOIN (SELECT idcase, MIN(timestamp) as timestamp FROM event_log where activity='Declaration final approved by director' GROUP BY idcase order by idcase) e1 on e.idcase = e1.idcase and e.timestamp < e1.timestamp GROUP BY e.idcase  ",Declaration final approved by director,string,True
202_1,202,"SELECT e.idcase, COUNT(*) FROM event_log e INNER JOIN (SELECT idcase, MIN(timestamp) as timestamp FROM event_log where activity='Declaration final approved by director' GROUP BY idcase order by idcase) e1 on e.idcase = e1.idcase and e.timestamp < e1.timestamp GROUP BY e.idcase  ",Declaration final approved by director,string,True
202_2,202,"SELECT e.idcase, COUNT(*) FROM event_log e INNER JOIN (SELECT idcase, MIN(timestamp) as timestamp FROM event_log where activity='Declaration final approved by director' GROUP BY idcase order by idcase) e1 on e.idcase = e1.idcase and e.timestamp < e1.timestamp GROUP BY e.idcase  ",Declaration final approved by director,string,False
203_0,203,"select  e.idcase, (strftime('%s',e1.timestamp) - strftime('%s', e. timestamp)) from event_log e inner join event_log e1 on e1.idcase = e.idcase and e1.timestamp > e.timestamp where e.activity = 'Permit submitted by employee' and e1.activity = 'Permit approved by administration' ",%s,string,False
203_0,203,"select  e.idcase, (strftime('%s',e1.timestamp) - strftime('%s', e. timestamp)) from event_log e inner join event_log e1 on e1.idcase = e.idcase and e1.timestamp > e.timestamp where e.activity = 'Permit submitted by employee' and e1.activity = 'Permit approved by administration' ",%s,string,False
203_0,203,"select  e.idcase, (strftime('%s',e1.timestamp) - strftime('%s', e. timestamp)) from event_log e inner join event_log e1 on e1.idcase = e.idcase and e1.timestamp > e.timestamp where e.activity = 'Permit submitted by employee' and e1.activity = 'Permit approved by administration' ",Permit submitted by employee,string,True
203_0,203,"select  e.idcase, (strftime('%s',e1.timestamp) - strftime('%s', e. timestamp)) from event_log e inner join event_log e1 on e1.idcase = e.idcase and e1.timestamp > e.timestamp where e.activity = 'Permit submitted by employee' and e1.activity = 'Permit approved by administration' ",Permit approved by administration,string,True
203_1,203,"select  e.idcase, (strftime('%s',e1.timestamp) - strftime('%s', e. timestamp)) from event_log e inner join event_log e1 on e1.idcase = e.idcase and e1.timestamp > e.timestamp where e.activity = 'Permit submitted by employee' and e1.activity = 'Permit approved by administration' ",%s,string,False
203_1,203,"select  e.idcase, (strftime('%s',e1.timestamp) - strftime('%s', e. timestamp)) from event_log e inner join event_log e1 on e1.idcase = e.idcase and e1.timestamp > e.timestamp where e.activity = 'Permit submitted by employee' and e1.activity = 'Permit approved by administration' ",%s,string,False
203_1,203,"select  e.idcase, (strftime('%s',e1.timestamp) - strftime('%s', e. timestamp)) from event_log e inner join event_log e1 on e1.idcase = e.idcase and e1.timestamp > e.timestamp where e.activity = 'Permit submitted by employee' and e1.activity = 'Permit approved by administration' ",Permit submitted by employee,string,True
203_1,203,"select  e.idcase, (strftime('%s',e1.timestamp) - strftime('%s', e. timestamp)) from event_log e inner join event_log e1 on e1.idcase = e.idcase and e1.timestamp > e.timestamp where e.activity = 'Permit submitted by employee' and e1.activity = 'Permit approved by administration' ",Permit approved by administration,string,True
203_2,203,"select  e.idcase, (strftime('%s',e1.timestamp) - strftime('%s', e. timestamp)) from event_log e inner join event_log e1 on e1.idcase = e.idcase and e1.timestamp > e.timestamp where e.activity = 'Permit submitted by employee' and e1.activity = 'Permit approved by administration' ",%s,string,False
203_2,203,"select  e.idcase, (strftime('%s',e1.timestamp) - strftime('%s', e. timestamp)) from event_log e inner join event_log e1 on e1.idcase = e.idcase and e1.timestamp > e.timestamp where e.activity = 'Permit submitted by employee' and e1.activity = 'Permit approved by administration' ",%s,string,False
203_2,203,"select  e.idcase, (strftime('%s',e1.timestamp) - strftime('%s', e. timestamp)) from event_log e inner join event_log e1 on e1.idcase = e.idcase and e1.timestamp > e.timestamp where e.activity = 'Permit submitted by employee' and e1.activity = 'Permit approved by administration' ",Permit submitted by employee,string,False
203_2,203,"select  e.idcase, (strftime('%s',e1.timestamp) - strftime('%s', e. timestamp)) from event_log e inner join event_log e1 on e1.idcase = e.idcase and e1.timestamp > e.timestamp where e.activity = 'Permit submitted by employee' and e1.activity = 'Permit approved by administration' ",Permit approved by administration,string,False
206_0,206,select DISTINCT(resource) from event_log where activity like '%supervisor%',%supervisor%,string,False
206_1,206,select DISTINCT(resource) from event_log where activity like '%supervisor%',%supervisor%,string,False
207_0,207,select DISTINCT(resource) from event_log where activity like '%budget owner%',%budget owner%,string,False
207_1,207,select DISTINCT(resource) from event_log where activity like '%budget owner%',%budget owner%,string,False
