1_0	SELECT COUNT(*) FROM event_log WHERE activity = 'end trip';	SELECT count(*) FROM event_log WHERE activity = 'End trip'	easy	1
1_1	SELECT COUNT(*) FROM event_log WHERE activity = 'end trip';	SELECT count(*) FROM event_log WHERE activity = 'End trip'	easy	1
1_2	SELECT COUNT(*) FROM event_log WHERE activity = 'end trip';	SELECT count(*) FROM event_log WHERE activity = 'End trip'	easy	1
1_3	SELECT COUNT(*) FROM event_log WHERE activity = 'end trip';	SELECT count(*) FROM event_log WHERE activity = 'End trip'	easy	1
1_4	SELECT COUNT(*) FROM event_log WHERE activity = 'end trip';	SELECT count(*) FROM event_log WHERE activity = 'End trip'	easy	1
1_5	SELECT COUNT(*) FROM event_log WHERE activity = 'end trip';	SELECT count(*) FROM event_log WHERE activity = 'End trip'	easy	1
1_6	SELECT COUNT(*) FROM event_log WHERE activity = 'end trip';	SELECT count(*) FROM event_log WHERE activity = 'End trip'	easy	1
1_7	SELECT COUNT(*) FROM event_log WHERE activity = 'end trip';	SELECT count(*) FROM event_log WHERE activity = 'End trip'	easy	1
1_8	SELECT COUNT(*) FROM event_log WHERE activity = 'end trip';	SELECT count(*) FROM event_log WHERE activity = 'End trip'	easy	1
1_9	SELECT COUNT(*) FROM event_log WHERE activity = 'end trip';	SELECT count(*) FROM event_log WHERE activity = 'End trip'	easy	1
1_10	SELECT COUNT(*) FROM event_log WHERE activity = 'End trip';	SELECT count(*) FROM event_log WHERE activity = 'End trip'	easy	1
2_0	SELECT COUNT(*) FROM event_log WHERE activity = 'end trip' AND resource = 'James';	SELECT count(*) FROM event_log WHERE activity = 'End trip' AND resource = 'James'	medium	1
2_1	SELECT COUNT(*) FROM event_log WHERE resource = 'James' AND activity = 'end trip';	SELECT count(*) FROM event_log WHERE activity = 'End trip' AND resource = 'James'	medium	1
2_2	SELECT COUNT(*) FROM event_log WHERE resource = 'James' AND activity = 'end trip';	SELECT count(*) FROM event_log WHERE activity = 'End trip' AND resource = 'James'	medium	1
2_3	SELECT COUNT(*) FROM event_log WHERE activity = 'end trip' AND resource = 'James';	SELECT count(*) FROM event_log WHERE activity = 'End trip' AND resource = 'James'	medium	1
2_4	SELECT COUNT(*) FROM event_log WHERE activity = 'end trip' AND resource = 'James';	SELECT count(*) FROM event_log WHERE activity = 'End trip' AND resource = 'James'	medium	1
2_5	SELECT COUNT(*) FROM event_log WHERE activity = 'end trip' AND resource = 'James';	SELECT count(*) FROM event_log WHERE activity = 'End trip' AND resource = 'James'	medium	1
2_6	SELECT COUNT(*) FROM event_log WHERE activity = 'end trip' AND resource = 'James';	SELECT count(*) FROM event_log WHERE activity = 'End trip' AND resource = 'James'	medium	1
2_7	SELECT COUNT(*) FROM event_log WHERE activity = 'end trip' AND resource = 'James';	SELECT count(*) FROM event_log WHERE activity = 'End trip' AND resource = 'James'	medium	1
2_8	SELECT COUNT(*) FROM event_log WHERE activity = 'end trip' AND resource = 'James';	SELECT count(*) FROM event_log WHERE activity = 'End trip' AND resource = 'James'	medium	1
2_9	SELECT COUNT(*) FROM event_log WHERE resource = 'James' AND activity = 'Finalization';	SELECT count(*) FROM event_log WHERE activity = 'End trip' AND resource = 'James'	medium	0
2_10		SELECT count(*) FROM event_log WHERE activity = 'End trip' AND resource = 'James'	medium	0
3_0	SELECT resource, COUNT(*) AS event_count FROM event_log GROUP BY resource;	SELECT resource,COUNT(*) FROM event_log GROUP BY resource	medium	1
3_1	SELECT resource, COUNT(*) AS event_count FROM event_log GROUP BY resource;	SELECT resource,COUNT(*) FROM event_log GROUP BY resource	medium	1
3_2	SELECT resource, COUNT(*) AS event_count FROM event_log GROUP BY resource;	SELECT resource,COUNT(*) FROM event_log GROUP BY resource	medium	1
3_3	SELECT resource, COUNT(*) AS event_count FROM event_log GROUP BY resource;	SELECT resource,COUNT(*) FROM event_log GROUP BY resource	medium	1
3_4	SELECT resource, COUNT(*) AS event_count FROM event_log GROUP BY resource;	SELECT resource,COUNT(*) FROM event_log GROUP BY resource	medium	1
3_5	SELECT resource, COUNT(*) AS occurrence_count FROM event_log GROUP BY resource;	SELECT resource,COUNT(*) FROM event_log GROUP BY resource	medium	1
3_6	SELECT resource, COUNT(*) AS occurrence_count FROM event_log GROUP BY resource;	SELECT resource,COUNT(*) FROM event_log GROUP BY resource	medium	1
3_7	SELECT resource, COUNT(*) AS event_count FROM event_log GROUP BY resource;	SELECT resource,COUNT(*) FROM event_log GROUP BY resource	medium	1
3_8	SELECT resource, COUNT(*) AS activity_performances FROM event_log GROUP BY resource;	SELECT resource,COUNT(*) FROM event_log GROUP BY resource	medium	1
3_9	SELECT resource, COUNT(*) AS activity_count FROM event_log GROUP BY resource;	SELECT resource,COUNT(*) FROM event_log GROUP BY resource	medium	1
3_10		SELECT resource,COUNT(*) FROM event_log GROUP BY resource	medium	0
4_0	SELECT COUNT(*) FROM event_log WHERE resource = 'Peter';	SELECT count(*) FROM event_log WHERE resource = 'Peter'	easy	1
4_1	SELECT COUNT(*) FROM event_log WHERE resource = 'Peter';	SELECT count(*) FROM event_log WHERE resource = 'Peter'	easy	1
4_2	SELECT COUNT(*) FROM event_log WHERE resource = 'Peter';	SELECT count(*) FROM event_log WHERE resource = 'Peter'	easy	1
4_3	SELECT COUNT(*) FROM event_log WHERE resource = 'Peter';	SELECT count(*) FROM event_log WHERE resource = 'Peter'	easy	1
4_4	SELECT COUNT(*) FROM event_log WHERE resource = 'Peter';	SELECT count(*) FROM event_log WHERE resource = 'Peter'	easy	1
4_5	SELECT COUNT(*) FROM event_log WHERE resource = 'Peter';	SELECT count(*) FROM event_log WHERE resource = 'Peter'	easy	1
4_6	SELECT activity, COUNT(*) as action_count FROM event_log WHERE resource = 'Peter' GROUP BY activity ORDER BY action_count DESC;	SELECT count(*) FROM event_log WHERE resource = 'Peter'	easy	0
5_0	SELECT idcase FROM event_log GROUP BY idcase HAVING MAX(timestamp) >= '2018-03-01 00:00:00' AND MAX(timestamp) < '2018-04-01 00:00:00';	SELECT idcase FROM event_log GROUP BY idcase HAVING strftime('%Y-%m', MAX(timestamp)) = '2018-03'	no_hardness	1
5_1	SELECT idcase FROM event_log GROUP BY idcase HAVING MAX(timestamp) >= '2018-03-01 00:00:00' AND MAX(timestamp) < '2018-04-01 00:00:00';	SELECT idcase FROM event_log GROUP BY idcase HAVING strftime('%Y-%m', MAX(timestamp)) = '2018-03'	no_hardness	1
5_2	SELECT DISTINCT idcase FROM event_log WHERE activity = 'Terminated' AND timestamp >= '2018-03-01 00:00:00' AND timestamp < '2018-04-01 00:00:00';	SELECT idcase FROM event_log GROUP BY idcase HAVING strftime('%Y-%m', MAX(timestamp)) = '2018-03'	no_hardness	0
5_3	SELECT idcase FROM ( SELECT idcase, MAX(timestamp) as last_timestamp FROM event_log GROUP BY idcase ) t WHERE last_timestamp >= '2018-03-01 00:00:00' AND last_timestamp < '2018-04-01 00:00:00';	SELECT idcase FROM event_log GROUP BY idcase HAVING strftime('%Y-%m', MAX(timestamp)) = '2018-03'	no_hardness	1
5_4	SELECT idcase FROM event_log GROUP BY idcase HAVING MAX(timestamp) >= '2018-03-01 00:00:00' AND MAX(timestamp) < '2018-04-01 00:00:00';	SELECT idcase FROM event_log GROUP BY idcase HAVING strftime('%Y-%m', MAX(timestamp)) = '2018-03'	no_hardness	1
5_5	SELECT DISTINCT idcase FROM event_log WHERE timestamp >= '2018-03-01 00:00:00' AND timestamp < '2018-04-01 00:00:00' AND activity = 'Terminate';	SELECT idcase FROM event_log GROUP BY idcase HAVING strftime('%Y-%m', MAX(timestamp)) = '2018-03'	no_hardness	0
5_6	SELECT idcase, MAX(timestamp) AS last_timestamp FROM event_log GROUP BY idcase HAVING MAX(timestamp) >= '2018-03-01 00:00:00' AND MAX(timestamp) < '2018-04-01 00:00:00';	SELECT idcase FROM event_log GROUP BY idcase HAVING strftime('%Y-%m', MAX(timestamp)) = '2018-03'	no_hardness	0
5_7	SELECT idcase FROM ( SELECT idcase, MAX(timestamp) AS last_ts FROM event_log GROUP BY idcase ) AS t WHERE last_ts >= '2018-03-01 00:00:00' AND last_ts < '2018-04-01 00:00:00';	SELECT idcase FROM event_log GROUP BY idcase HAVING strftime('%Y-%m', MAX(timestamp)) = '2018-03'	no_hardness	1
6_0	SELECT idcase FROM event_log WHERE activity = 'declaration rejected by pre-approver' AND resource != 'Douglas';	SELECT DISTINCT idcase FROM event_log WHERE activity = 'Declaration rejected by pre-approver' AND resource != 'Douglas'	medium	0
6_1	SELECT DISTINCT idcase FROM event_log WHERE activity = 'declaration rejected by pre-approver' AND resource != 'Douglas';	SELECT DISTINCT idcase FROM event_log WHERE activity = 'Declaration rejected by pre-approver' AND resource != 'Douglas'	medium	1
6_2	SELECT idcase FROM event_log WHERE activity = 'declaration rejected by pre-approver' AND resource != 'Douglas';	SELECT DISTINCT idcase FROM event_log WHERE activity = 'Declaration rejected by pre-approver' AND resource != 'Douglas'	medium	0
6_3	SELECT DISTINCT idcase FROM event_log WHERE activity = 'declaration rejected by pre-approver' AND resource != 'Douglas';	SELECT DISTINCT idcase FROM event_log WHERE activity = 'Declaration rejected by pre-approver' AND resource != 'Douglas'	medium	1
6_4	SELECT DISTINCT idcase FROM event_log WHERE activity = 'declaration rejected by pre-approver' AND resource != 'Douglas';	SELECT DISTINCT idcase FROM event_log WHERE activity = 'Declaration rejected by pre-approver' AND resource != 'Douglas'	medium	1
6_5	SELECT DISTINCT idcase FROM event_log WHERE activity = 'declaration rejected by pre-approver' AND resource != 'Douglas';	SELECT DISTINCT idcase FROM event_log WHERE activity = 'Declaration rejected by pre-approver' AND resource != 'Douglas'	medium	1
6_6	SELECT DISTINCT idcase FROM event_log WHERE activity = 'declaration rejected by pre-approver' AND resource != 'Douglas';	SELECT DISTINCT idcase FROM event_log WHERE activity = 'Declaration rejected by pre-approver' AND resource != 'Douglas'	medium	1
6_7	SELECT DISTINCT idcase FROM event_log WHERE activity = 'declaration rejected by pre-approver' AND resource != 'Douglas';	SELECT DISTINCT idcase FROM event_log WHERE activity = 'Declaration rejected by pre-approver' AND resource != 'Douglas'	medium	1
6_8	SELECT DISTINCT idcase FROM event_log WHERE activity = 'declaration rejected by pre-approver' AND resource != 'Douglas';	SELECT DISTINCT idcase FROM event_log WHERE activity = 'Declaration rejected by pre-approver' AND resource != 'Douglas'	medium	1
6_9	SELECT DISTINCT idcase FROM event_log WHERE activity = 'declaration rejected by pre-approver' AND resource != 'Douglas';	SELECT DISTINCT idcase FROM event_log WHERE activity = 'Declaration rejected by pre-approver' AND resource != 'Douglas'	medium	1
6_10		SELECT DISTINCT idcase FROM event_log WHERE activity = 'Declaration rejected by pre-approver' AND resource != 'Douglas'	medium	0
6_11		SELECT DISTINCT idcase FROM event_log WHERE activity = 'Declaration rejected by pre-approver' AND resource != 'Douglas'	medium	0
6_12	SELECT * FROM event_log WHERE resource != 'Douglas' AND activity LIKE '%rejected%';	SELECT DISTINCT idcase FROM event_log WHERE activity = 'Declaration rejected by pre-approver' AND resource != 'Douglas'	medium	0
7_0	SELECT COUNT(DISTINCT resource) FROM event_log;	SELECT COUNT(DISTINCT resource) FROM event_log	easy	1
7_1	SELECT COUNT(DISTINCT resource) FROM event_log;	SELECT COUNT(DISTINCT resource) FROM event_log	easy	1
7_2	SELECT COUNT(DISTINCT resource) FROM event_log;	SELECT COUNT(DISTINCT resource) FROM event_log	easy	1
7_3	SELECT COUNT(DISTINCT resource) FROM event_log;	SELECT COUNT(DISTINCT resource) FROM event_log	easy	1
7_4	SELECT COUNT(DISTINCT resource) FROM event_log;	SELECT COUNT(DISTINCT resource) FROM event_log	easy	1
7_5	SELECT COUNT(DISTINCT resource) FROM event_log;	SELECT COUNT(DISTINCT resource) FROM event_log	easy	1
7_6	SELECT COUNT(DISTINCT resource) FROM event_log;	SELECT COUNT(DISTINCT resource) FROM event_log	easy	1
7_7	SELECT COUNT(DISTINCT resource) FROM event_log;	SELECT COUNT(DISTINCT resource) FROM event_log	easy	1
7_8	SELECT COUNT(DISTINCT resource) FROM event_log;	SELECT COUNT(DISTINCT resource) FROM event_log	easy	1
7_9	SELECT COUNT(DISTINCT resource) FROM event_log;	SELECT COUNT(DISTINCT resource) FROM event_log	easy	1
7_10	SELECT COUNT(DISTINCT resource) FROM event_log;	SELECT COUNT(DISTINCT resource) FROM event_log	easy	1
7_11	SELECT COUNT(DISTINCT resource) AS employee_count FROM event_log;	SELECT COUNT(DISTINCT resource) FROM event_log	easy	1
7_12	SELECT COUNT(DISTINCT resource) FROM event_log;	SELECT COUNT(DISTINCT resource) FROM event_log	easy	1
8_0	SELECT resource, COUNT(*) AS total_events FROM event_log GROUP BY resource;	SELECT COUNT(*), resource FROM event_log GROUP BY resource	medium	0
8_1	SELECT resource, COUNT(*) AS total_events FROM event_log GROUP BY resource;	SELECT COUNT(*), resource FROM event_log GROUP BY resource	medium	0
8_2	SELECT resource, COUNT(*) AS total_events FROM event_log GROUP BY resource;	SELECT COUNT(*), resource FROM event_log GROUP BY resource	medium	0
8_3	SELECT resource, COUNT(*) as total_actions FROM event_log GROUP BY resource ORDER BY total_actions DESC;	SELECT COUNT(*), resource FROM event_log GROUP BY resource	medium	0
9_0	SELECT DISTINCT idcase FROM event_log WHERE cost > 2225;	SELECT DISTINCT idcase FROM event_log WHERE cost > 2225	easy	1
9_1	SELECT DISTINCT idcase FROM event_log WHERE cost > 2225;	SELECT DISTINCT idcase FROM event_log WHERE cost > 2225	easy	1
9_2	SELECT DISTINCT idcase FROM event_log WHERE cost > 2225;	SELECT DISTINCT idcase FROM event_log WHERE cost > 2225	easy	1
9_3	SELECT DISTINCT idcase FROM event_log WHERE cost > 2225;	SELECT DISTINCT idcase FROM event_log WHERE cost > 2225	easy	1
9_4	SELECT DISTINCT idcase FROM event_log WHERE cost > 2225;	SELECT DISTINCT idcase FROM event_log WHERE cost > 2225	easy	1
10_0	SELECT resource, COUNT(*) AS event_count FROM event_log GROUP BY resource ORDER BY event_count DESC;	SELECT resource FROM event_log GROUP BY resource HAVING COUNT(*) = (SELECT COUNT(*) FROM event_log GROUP BY resource ORDER BY COUNT(*) DESC LIMIT 1) 	hard	0
10_1	SELECT resource, COUNT(*) AS event_count FROM event_log GROUP BY resource ORDER BY event_count DESC;	SELECT resource FROM event_log GROUP BY resource HAVING COUNT(*) = (SELECT COUNT(*) FROM event_log GROUP BY resource ORDER BY COUNT(*) DESC LIMIT 1) 	hard	0
10_2	SELECT resource, COUNT(*) AS event_count FROM event_log GROUP BY resource ORDER BY event_count DESC;	SELECT resource FROM event_log GROUP BY resource HAVING COUNT(*) = (SELECT COUNT(*) FROM event_log GROUP BY resource ORDER BY COUNT(*) DESC LIMIT 1) 	hard	0
10_3	SELECT resource, COUNT(*) AS event_count FROM event_log GROUP BY resource ORDER BY event_count DESC;	SELECT resource FROM event_log GROUP BY resource HAVING COUNT(*) = (SELECT COUNT(*) FROM event_log GROUP BY resource ORDER BY COUNT(*) DESC LIMIT 1) 	hard	0
10_4	SELECT resource, event_count FROM ( SELECT resource, COUNT(*) AS event_count, RANK() OVER (ORDER BY COUNT(*) DESC) AS rn FROM event_log GROUP BY resource ) sub WHERE rn = 1;	SELECT resource FROM event_log GROUP BY resource HAVING COUNT(*) = (SELECT COUNT(*) FROM event_log GROUP BY resource ORDER BY COUNT(*) DESC LIMIT 1) 	hard	0
10_5	SELECT resource, COUNT(*) AS event_count FROM event_log GROUP BY resource ORDER BY event_count DESC;	SELECT resource FROM event_log GROUP BY resource HAVING COUNT(*) = (SELECT COUNT(*) FROM event_log GROUP BY resource ORDER BY COUNT(*) DESC LIMIT 1) 	hard	0
10_6	SELECT resource, COUNT(*) AS event_count FROM event_log GROUP BY resource ORDER BY event_count DESC;	SELECT resource FROM event_log GROUP BY resource HAVING COUNT(*) = (SELECT COUNT(*) FROM event_log GROUP BY resource ORDER BY COUNT(*) DESC LIMIT 1) 	hard	0
10_7	WITH resource_counts AS ( SELECT resource, COUNT(*) AS event_count FROM event_log GROUP BY resource ), max_count AS ( SELECT MAX(event_count) AS max_count FROM resource_counts ) SELECT rc.resource, rc.event_count FROM resource_counts rc JOIN max_count mc ON rc.event_count = mc.max_count ORDER BY rc.resource;	SELECT resource FROM event_log GROUP BY resource HAVING COUNT(*) = (SELECT COUNT(*) FROM event_log GROUP BY resource ORDER BY COUNT(*) DESC LIMIT 1) 	hard	0
10_8	SELECT resource, COUNT(*) AS event_count FROM event_log GROUP BY resource ORDER BY event_count DESC;	SELECT resource FROM event_log GROUP BY resource HAVING COUNT(*) = (SELECT COUNT(*) FROM event_log GROUP BY resource ORDER BY COUNT(*) DESC LIMIT 1) 	hard	0
10_9	SELECT resource, COUNT(*) AS event_count FROM event_log GROUP BY resource ORDER BY event_count DESC;	SELECT resource FROM event_log GROUP BY resource HAVING COUNT(*) = (SELECT COUNT(*) FROM event_log GROUP BY resource ORDER BY COUNT(*) DESC LIMIT 1) 	hard	0
10_10	SELECT resource, COUNT(*) AS activity_count FROM event_log GROUP BY resource ORDER BY activity_count DESC LIMIT 10;	SELECT resource FROM event_log GROUP BY resource HAVING COUNT(*) = (SELECT COUNT(*) FROM event_log GROUP BY resource ORDER BY COUNT(*) DESC LIMIT 1) 	hard	0
11_0	SELECT resource, COUNT(*) AS event_count FROM event_log GROUP BY resource ORDER BY event_count DESC;	SELECT resource, COUNT(*) FROM event_log GROUP BY resource HAVING COUNT(*) = (SELECT COUNT(*) FROM event_log GROUP BY resource ORDER BY COUNT(*) DESC LIMIT 1) 	extra	0
11_1	SELECT resource, COUNT(*) AS event_count FROM event_log GROUP BY resource ORDER BY event_count DESC;	SELECT resource, COUNT(*) FROM event_log GROUP BY resource HAVING COUNT(*) = (SELECT COUNT(*) FROM event_log GROUP BY resource ORDER BY COUNT(*) DESC LIMIT 1) 	extra	0
11_2	SELECT resource, COUNT(*) AS event_count FROM event_log GROUP BY resource ORDER BY event_count DESC;	SELECT resource, COUNT(*) FROM event_log GROUP BY resource HAVING COUNT(*) = (SELECT COUNT(*) FROM event_log GROUP BY resource ORDER BY COUNT(*) DESC LIMIT 1) 	extra	0
11_3	SELECT resource, COUNT(*) AS event_count FROM event_log GROUP BY resource ORDER BY event_count DESC LIMIT 10;	SELECT resource, COUNT(*) FROM event_log GROUP BY resource HAVING COUNT(*) = (SELECT COUNT(*) FROM event_log GROUP BY resource ORDER BY COUNT(*) DESC LIMIT 1) 	extra	0
11_4	SELECT resource, COUNT(*) AS event_count FROM event_log GROUP BY resource ORDER BY event_count DESC;	SELECT resource, COUNT(*) FROM event_log GROUP BY resource HAVING COUNT(*) = (SELECT COUNT(*) FROM event_log GROUP BY resource ORDER BY COUNT(*) DESC LIMIT 1) 	extra	0
11_5	SELECT resource, COUNT(*) AS event_count FROM event_log GROUP BY resource ORDER BY event_count DESC;	SELECT resource, COUNT(*) FROM event_log GROUP BY resource HAVING COUNT(*) = (SELECT COUNT(*) FROM event_log GROUP BY resource ORDER BY COUNT(*) DESC LIMIT 1) 	extra	0
11_6	SELECT resource, COUNT(*) AS event_count FROM event_log GROUP BY resource ORDER BY event_count DESC;	SELECT resource, COUNT(*) FROM event_log GROUP BY resource HAVING COUNT(*) = (SELECT COUNT(*) FROM event_log GROUP BY resource ORDER BY COUNT(*) DESC LIMIT 1) 	extra	0
11_7	SELECT resource, COUNT(*) AS times_acted FROM event_log GROUP BY resource ORDER BY times_acted DESC;	SELECT resource, COUNT(*) FROM event_log GROUP BY resource HAVING COUNT(*) = (SELECT COUNT(*) FROM event_log GROUP BY resource ORDER BY COUNT(*) DESC LIMIT 1) 	extra	0
12_0	SELECT resource, COUNT(*) AS event_count FROM event_log GROUP BY resource ORDER BY event_count DESC;	SELECT resource, COUNT(*) FROM event_log GROUP BY resource ORDER BY COUNT(*) DESC	extra	1
12_1	SELECT resource, COUNT(*) AS event_count FROM event_log GROUP BY resource ORDER BY event_count DESC;	SELECT resource, COUNT(*) FROM event_log GROUP BY resource ORDER BY COUNT(*) DESC	extra	1
12_2	SELECT resource, COUNT(*) AS event_count FROM event_log GROUP BY resource ORDER BY event_count DESC;	SELECT resource, COUNT(*) FROM event_log GROUP BY resource ORDER BY COUNT(*) DESC	extra	1
12_3	SELECT resource, COUNT(*) AS event_count FROM event_log GROUP BY resource ORDER BY event_count DESC;	SELECT resource, COUNT(*) FROM event_log GROUP BY resource ORDER BY COUNT(*) DESC	extra	1
12_4	SELECT resource, COUNT(*) AS activity_count FROM event_log GROUP BY resource ORDER BY activity_count DESC;	SELECT resource, COUNT(*) FROM event_log GROUP BY resource ORDER BY COUNT(*) DESC	extra	1
12_5	SELECT resource, COUNT(*) as times_involved FROM event_log WHERE activity LIKE '%process declaration%' GROUP BY resource ORDER BY times_involved DESC;	SELECT resource, COUNT(*) FROM event_log GROUP BY resource ORDER BY COUNT(*) DESC	extra	0
13_0	SELECT * FROM event_log WHERE cost IS NOT NULL;	SELECT * FROM event_log WHERE cost IS NOT NULL	no_hardness	1
13_1	SELECT * FROM event_log WHERE cost IS NOT NULL;	SELECT * FROM event_log WHERE cost IS NOT NULL	no_hardness	1
13_2	SELECT * FROM event_log WHERE cost IS NOT NULL;	SELECT * FROM event_log WHERE cost IS NOT NULL	no_hardness	1
13_3	SELECT * FROM event_log WHERE cost IS NOT NULL;	SELECT * FROM event_log WHERE cost IS NOT NULL	no_hardness	1
13_4	SELECT * FROM event_log WHERE cost IS NOT NULL;	SELECT * FROM event_log WHERE cost IS NOT NULL	no_hardness	1
13_5	SELECT id, activity, timestamp, resource, cost FROM event_log WHERE cost IS NOT NULL;	SELECT * FROM event_log WHERE cost IS NOT NULL	no_hardness	0
13_6	SELECT * FROM event_log WHERE cost IS NOT NULL;	SELECT * FROM event_log WHERE cost IS NOT NULL	no_hardness	1
13_7	SELECT id, activity, timestamp, resource, cost, idcase FROM event_log WHERE cost IS NOT NULL;	SELECT * FROM event_log WHERE cost IS NOT NULL	no_hardness	1
13_8	SELECT * FROM event_log WHERE cost > 0;	SELECT * FROM event_log WHERE cost IS NOT NULL	no_hardness	1
13_9	SELECT * FROM event_log WHERE cost > 0;	SELECT * FROM event_log WHERE cost IS NOT NULL	no_hardness	1
14_0	SELECT * FROM event_log WHERE activity IN ('start trip', 'request payment');	SELECT * FROM event_log WHERE activity = 'Start trip' OR activity = 'Request payment'	medium	1
14_1	SELECT * FROM event_log WHERE activity IN ('start trip', 'request payment');	SELECT * FROM event_log WHERE activity = 'Start trip' OR activity = 'Request payment'	medium	1
14_2	SELECT * FROM event_log WHERE activity IN ('start trip', 'request payment');	SELECT * FROM event_log WHERE activity = 'Start trip' OR activity = 'Request payment'	medium	1
14_3	SELECT * FROM event_log WHERE activity IN ('start trip', 'request payment');	SELECT * FROM event_log WHERE activity = 'Start trip' OR activity = 'Request payment'	medium	1
14_4	SELECT * FROM event_log WHERE activity LIKE '%start%' OR activity LIKE '%trip%' OR activity LIKE '%departure%' OR activity LIKE '%check-in%' OR activity LIKE '%booking%' OR activity LIKE '%payment%' OR activity LIKE '%request%' OR activity LIKE '%claim%' OR activity LIKE '%expense%';	SELECT * FROM event_log WHERE activity = 'Start trip' OR activity = 'Request payment'	medium	0
15_0	SELECT activity, COUNT(*) as frequency FROM event_log GROUP BY activity ORDER BY frequency DESC LIMIT 10;	SELECT activity FROM event_log GROUP BY activity HAVING COUNT(*) = (SELECT COUNT(*) FROM event_log GROUP BY activity ORDER BY COUNT(*) DESC LIMIT 1) 	hard	0
15_1	SELECT activity, COUNT(*) AS frequency FROM event_log GROUP BY activity ORDER BY frequency DESC LIMIT 10;	SELECT activity FROM event_log GROUP BY activity HAVING COUNT(*) = (SELECT COUNT(*) FROM event_log GROUP BY activity ORDER BY COUNT(*) DESC LIMIT 1) 	hard	0
15_2	SELECT activity, COUNT(*) AS frequency FROM event_log GROUP BY activity ORDER BY frequency DESC;	SELECT activity FROM event_log GROUP BY activity HAVING COUNT(*) = (SELECT COUNT(*) FROM event_log GROUP BY activity ORDER BY COUNT(*) DESC LIMIT 1) 	hard	0
15_3	SELECT activity, COUNT(*) as frequency FROM event_log GROUP BY activity ORDER BY frequency DESC LIMIT 10;	SELECT activity FROM event_log GROUP BY activity HAVING COUNT(*) = (SELECT COUNT(*) FROM event_log GROUP BY activity ORDER BY COUNT(*) DESC LIMIT 1) 	hard	0
15_4	SELECT activity, COUNT(*) AS freq FROM event_log GROUP BY activity ORDER BY freq DESC LIMIT 10;	SELECT activity FROM event_log GROUP BY activity HAVING COUNT(*) = (SELECT COUNT(*) FROM event_log GROUP BY activity ORDER BY COUNT(*) DESC LIMIT 1) 	hard	0
16_0	SELECT activity, COUNT(*) AS occurrence_count FROM event_log GROUP BY activity ORDER BY occurrence_count DESC;	SELECT activity, COUNT(*) FROM event_log GROUP BY activity  ORDER BY COUNT (*) DESC	extra	1
16_1	SELECT activity, COUNT(*) AS frequency FROM event_log GROUP BY activity ORDER BY frequency DESC;	SELECT activity, COUNT(*) FROM event_log GROUP BY activity  ORDER BY COUNT (*) DESC	extra	1
16_2	SELECT activity, COUNT(*) as frequency FROM event_log GROUP BY activity ORDER BY frequency DESC;	SELECT activity, COUNT(*) FROM event_log GROUP BY activity  ORDER BY COUNT (*) DESC	extra	1
16_3	SELECT activity, COUNT(*) AS times_performed FROM event_log GROUP BY activity ORDER BY times_performed DESC;	SELECT activity, COUNT(*) FROM event_log GROUP BY activity  ORDER BY COUNT (*) DESC	extra	1
17_0	SELECT * FROM event_log WHERE YEAR(timestamp) = 2017;	SELECT * FROM event_log WHERE timestamp BETWEEN '2017-01-01' AND '2018-01-01'	easy	0
17_1	SELECT * FROM event_log WHERE timestamp >= '2017-01-01 00:00:00' AND timestamp < '2018-01-01 00:00:00';	SELECT * FROM event_log WHERE timestamp BETWEEN '2017-01-01' AND '2018-01-01'	easy	1
17_2	SELECT id, activity, timestamp, resource, cost, idcase FROM event_log WHERE timestamp >= '2017-01-01' AND timestamp < '2018-01-01';	SELECT * FROM event_log WHERE timestamp BETWEEN '2017-01-01' AND '2018-01-01'	easy	1
17_3	SELECT * FROM event_log WHERE YEAR(timestamp) = 2017;	SELECT * FROM event_log WHERE timestamp BETWEEN '2017-01-01' AND '2018-01-01'	easy	0
17_4	SELECT * FROM event_log WHERE timestamp >= '2017-01-01' AND timestamp < '2018-01-01';	SELECT * FROM event_log WHERE timestamp BETWEEN '2017-01-01' AND '2018-01-01'	easy	1
17_5	SELECT * FROM event_log WHERE timestamp >= '2017-01-01' AND timestamp < '2018-01-01';	SELECT * FROM event_log WHERE timestamp BETWEEN '2017-01-01' AND '2018-01-01'	easy	1
17_6	SELECT * FROM event_log WHERE timestamp >= '2017-01-01' AND timestamp < '2018-01-01';	SELECT * FROM event_log WHERE timestamp BETWEEN '2017-01-01' AND '2018-01-01'	easy	1
17_7	SELECT * FROM event_log WHERE timestamp >= '2017-01-01' AND timestamp < '2018-01-01';	SELECT * FROM event_log WHERE timestamp BETWEEN '2017-01-01' AND '2018-01-01'	easy	1
17_8	SELECT * FROM event_log WHERE timestamp >= '2017-01-01' AND timestamp < '2018-01-01';	SELECT * FROM event_log WHERE timestamp BETWEEN '2017-01-01' AND '2018-01-01'	easy	1
17_9	SELECT * FROM event_log WHERE timestamp >= '2017-01-01 00:00:00' AND timestamp < '2018-01-01 00:00:00';	SELECT * FROM event_log WHERE timestamp BETWEEN '2017-01-01' AND '2018-01-01'	easy	1
17_10	SELECT * FROM event_log WHERE timestamp >= '2017-01-01 00:00:00' AND timestamp < '2018-01-01 00:00:00';	SELECT * FROM event_log WHERE timestamp BETWEEN '2017-01-01' AND '2018-01-01'	easy	1
17_11	SELECT id, activity, timestamp, resource, cost, idcase FROM event_log WHERE timestamp >= '2017-01-01 00:00:00' AND timestamp < '2018-01-01 00:00:00' ORDER BY timestamp;	SELECT * FROM event_log WHERE timestamp BETWEEN '2017-01-01' AND '2018-01-01'	easy	1
17_12	SELECT * FROM event_log WHERE timestamp >= '2017-01-01 00:00:00' AND timestamp < '2018-01-01 00:00:00';	SELECT * FROM event_log WHERE timestamp BETWEEN '2017-01-01' AND '2018-01-01'	easy	1
17_13		SELECT * FROM event_log WHERE timestamp BETWEEN '2017-01-01' AND '2018-01-01'	easy	0
17_14	SELECT DISTINCT activity FROM event_log WHERE timestamp >= '2017-01-01' AND timestamp < '2018-01-01';	SELECT * FROM event_log WHERE timestamp BETWEEN '2017-01-01' AND '2018-01-01'	easy	0
18_0	SELECT idcase, COUNT(*) AS event_count FROM event_log GROUP BY idcase HAVING COUNT(*) <= 20;	SELECT idcase FROM event_log GROUP BY idcase HAVING count(*) <= 20	easy	0
18_1	SELECT idcase FROM event_log GROUP BY idcase HAVING COUNT(*) <= 20;	SELECT idcase FROM event_log GROUP BY idcase HAVING count(*) <= 20	easy	1
18_2	SELECT idcase FROM event_log GROUP BY idcase HAVING COUNT(*) <= 20;	SELECT idcase FROM event_log GROUP BY idcase HAVING count(*) <= 20	easy	1
18_3	SELECT idcase FROM event_log GROUP BY idcase HAVING COUNT(*) <= 20;	SELECT idcase FROM event_log GROUP BY idcase HAVING count(*) <= 20	easy	1
18_4	SELECT idcase, COUNT(*) AS event_count FROM event_log GROUP BY idcase HAVING COUNT(*) <= 20 ORDER BY idcase;	SELECT idcase FROM event_log GROUP BY idcase HAVING count(*) <= 20	easy	0
18_5	SELECT idcase, COUNT(*) as event_count FROM event_log GROUP BY idcase HAVING COUNT(*) <= 20 ORDER BY idcase;	SELECT idcase FROM event_log GROUP BY idcase HAVING count(*) <= 20	easy	0
18_6	SELECT idcase FROM event_log GROUP BY idcase HAVING COUNT(*) <= 20;	SELECT idcase FROM event_log GROUP BY idcase HAVING count(*) <= 20	easy	1
19_0	SELECT resource, COUNT(DISTINCT idcase) AS case_count FROM event_log GROUP BY resource ORDER BY case_count DESC LIMIT 5;	SELECT resource from event_log GROUP BY resource HAVING  COUNT(DISTINCT idcase) IN (SELECT COUNT(DISTINCT idcase) FROM event_log  GROUP BY resource ORDER BY COUNT(DISTINCT idcase)  desc LIMIT 5)	hard	0
19_1	SELECT resource FROM event_log GROUP BY resource ORDER BY COUNT(DISTINCT idcase) DESC LIMIT 5;	SELECT resource from event_log GROUP BY resource HAVING  COUNT(DISTINCT idcase) IN (SELECT COUNT(DISTINCT idcase) FROM event_log  GROUP BY resource ORDER BY COUNT(DISTINCT idcase)  desc LIMIT 5)	hard	0
19_2	SELECT resource, COUNT(*) as case_count FROM event_log GROUP BY resource ORDER BY case_count DESC LIMIT 5;	SELECT resource from event_log GROUP BY resource HAVING  COUNT(DISTINCT idcase) IN (SELECT COUNT(DISTINCT idcase) FROM event_log  GROUP BY resource ORDER BY COUNT(DISTINCT idcase)  desc LIMIT 5)	hard	0
19_3	SELECT resource, COUNT(DISTINCT idcase) AS case_count FROM event_log GROUP BY resource ORDER BY case_count DESC LIMIT 5;	SELECT resource from event_log GROUP BY resource HAVING  COUNT(DISTINCT idcase) IN (SELECT COUNT(DISTINCT idcase) FROM event_log  GROUP BY resource ORDER BY COUNT(DISTINCT idcase)  desc LIMIT 5)	hard	0
19_4	SELECT resource, COUNT(*) AS declarations FROM event_log GROUP BY resource ORDER BY declarations DESC LIMIT 5;	SELECT resource from event_log GROUP BY resource HAVING  COUNT(DISTINCT idcase) IN (SELECT COUNT(DISTINCT idcase) FROM event_log  GROUP BY resource ORDER BY COUNT(DISTINCT idcase)  desc LIMIT 5)	hard	0
20_0	SELECT resource, COUNT(*) AS event_count FROM event_log GROUP BY resource ORDER BY event_count DESC LIMIT 5;	SELECT resource from event_log GROUP BY resource HAVING  COUNT(*) IN (SELECT COUNT(*) FROM event_log  GROUP BY resource ORDER BY COUNT(*)  desc LIMIT 5)	hard	0
20_1	SELECT resource FROM event_log GROUP BY resource ORDER BY COUNT(*) DESC LIMIT 5;	SELECT resource from event_log GROUP BY resource HAVING  COUNT(*) IN (SELECT COUNT(*) FROM event_log  GROUP BY resource ORDER BY COUNT(*)  desc LIMIT 5)	hard	0
20_2	SELECT resource, COUNT(*) AS event_count FROM event_log GROUP BY resource ORDER BY event_count DESC LIMIT 5;	SELECT resource from event_log GROUP BY resource HAVING  COUNT(*) IN (SELECT COUNT(*) FROM event_log  GROUP BY resource ORDER BY COUNT(*)  desc LIMIT 5)	hard	0
20_3	SELECT resource, COUNT(*) AS event_count FROM event_log GROUP BY resource ORDER BY event_count DESC LIMIT 5;	SELECT resource from event_log GROUP BY resource HAVING  COUNT(*) IN (SELECT COUNT(*) FROM event_log  GROUP BY resource ORDER BY COUNT(*)  desc LIMIT 5)	hard	0
20_4	SELECT resource, COUNT(*) as events_count FROM event_log GROUP BY resource ORDER BY events_count DESC LIMIT 5;	SELECT resource from event_log GROUP BY resource HAVING  COUNT(*) IN (SELECT COUNT(*) FROM event_log  GROUP BY resource ORDER BY COUNT(*)  desc LIMIT 5)	hard	0
21_0	SELECT resource, COUNT(*) AS occurrence_count FROM event_log WHERE activity = 'start trip' AND YEAR(timestamp) = 2016 GROUP BY resource;	SELECT count(*), resource FROM event_log WHERE activity = 'Start trip' AND timestamp LIKE '2016%' GROUP BY resource	hard	0
21_1	SELECT resource, COUNT(*) as occurrences FROM event_log WHERE activity = 'start trip' AND YEAR(timestamp) = 2016 GROUP BY resource;	SELECT count(*), resource FROM event_log WHERE activity = 'Start trip' AND timestamp LIKE '2016%' GROUP BY resource	hard	0
21_2	SELECT resource, COUNT(*) AS performance_count FROM event_log WHERE activity = 'start trip' AND timestamp >= '2016-01-01' AND timestamp < '2017-01-01' GROUP BY resource;	SELECT count(*), resource FROM event_log WHERE activity = 'Start trip' AND timestamp LIKE '2016%' GROUP BY resource	hard	0
21_3	SELECT resource, COUNT(*) AS occurrences FROM event_log WHERE activity = 'start trip' AND YEAR(timestamp) = 2016 GROUP BY resource;	SELECT count(*), resource FROM event_log WHERE activity = 'Start trip' AND timestamp LIKE '2016%' GROUP BY resource	hard	0
21_4	SELECT resource, COUNT(*) as count FROM event_log WHERE activity = 'start trip' AND timestamp >= '2016-01-01 00:00:00' AND timestamp < '2017-01-01 00:00:00' GROUP BY resource;	SELECT count(*), resource FROM event_log WHERE activity = 'Start trip' AND timestamp LIKE '2016%' GROUP BY resource	hard	0
21_5	SELECT resource, COUNT(*) AS occurrences FROM event_log WHERE activity = 'start trip' AND YEAR(timestamp) = 2016 GROUP BY resource;	SELECT count(*), resource FROM event_log WHERE activity = 'Start trip' AND timestamp LIKE '2016%' GROUP BY resource	hard	0
21_6	SELECT resource, COUNT(*) AS total_occurrences FROM event_log WHERE activity = 'start trip' AND YEAR(timestamp) = 2016 GROUP BY resource;	SELECT count(*), resource FROM event_log WHERE activity = 'Start trip' AND timestamp LIKE '2016%' GROUP BY resource	hard	0
21_7	SELECT resource, COUNT(*) AS action_count FROM event_log WHERE activity LIKE '%Start Trip%' AND timestamp >= '2016-01-01 00:00:00' AND timestamp < '2017-01-01 00:00:00' GROUP BY resource;	SELECT count(*), resource FROM event_log WHERE activity = 'Start trip' AND timestamp LIKE '2016%' GROUP BY resource	hard	0
21_8	SELECT resource, COUNT(*) as activity_count FROM event_log WHERE YEAR(timestamp) = 2016 AND (activity LIKE '%start%' OR activity LIKE '%departure%' OR activity LIKE '%trip%' OR activity LIKE '%booking%') GROUP BY resource ORDER BY resource;	SELECT count(*), resource FROM event_log WHERE activity = 'Start trip' AND timestamp LIKE '2016%' GROUP BY resource	hard	0
22_0	SELECT resource, COUNT(*) AS count FROM event_log WHERE activity = 'declaration rejected by supervisor' GROUP BY resource;	SELECT  count(*), resource FROM event_log WHERE activity = 'Declaration rejected by supervisor' GROUP BY resource	medium	0
22_1	SELECT resource, COUNT(*) as occurrence_count FROM event_log WHERE activity = 'declaration rejected by supervisor' GROUP BY resource;	SELECT  count(*), resource FROM event_log WHERE activity = 'Declaration rejected by supervisor' GROUP BY resource	medium	0
22_2	SELECT resource, COUNT(*) AS performance_count FROM event_log WHERE activity = 'declaration rejected by supervisor' GROUP BY resource;	SELECT  count(*), resource FROM event_log WHERE activity = 'Declaration rejected by supervisor' GROUP BY resource	medium	0
22_3	SELECT resource, COUNT(*) AS occurrence_count FROM event_log WHERE activity = 'declaration rejected by supervisor' GROUP BY resource;	SELECT  count(*), resource FROM event_log WHERE activity = 'Declaration rejected by supervisor' GROUP BY resource	medium	0
22_4	SELECT resource, COUNT(*) AS performance_count FROM event_log WHERE activity = 'declaration rejected by supervisor' GROUP BY resource;	SELECT  count(*), resource FROM event_log WHERE activity = 'Declaration rejected by supervisor' GROUP BY resource	medium	0
22_5	SELECT resource, COUNT(*) AS occurrence_count FROM event_log WHERE activity = 'declaration rejected by supervisor' GROUP BY resource;	SELECT  count(*), resource FROM event_log WHERE activity = 'Declaration rejected by supervisor' GROUP BY resource	medium	0
22_6	SELECT resource, COUNT(*) AS performance_count FROM event_log WHERE activity = 'declaration rejected by supervisor' GROUP BY resource;	SELECT  count(*), resource FROM event_log WHERE activity = 'Declaration rejected by supervisor' GROUP BY resource	medium	0
22_7	SELECT resource, COUNT(*) as occurrences FROM event_log WHERE activity = 'declaration rejected by supervisor' GROUP BY resource;	SELECT  count(*), resource FROM event_log WHERE activity = 'Declaration rejected by supervisor' GROUP BY resource	medium	0
22_8	SELECT resource, COUNT(*) AS occurrence_count FROM event_log WHERE activity = 'declaration rejected by supervisor' GROUP BY resource;	SELECT  count(*), resource FROM event_log WHERE activity = 'Declaration rejected by supervisor' GROUP BY resource	medium	0
22_9	SELECT resource, COUNT(*) AS occurrence_count FROM event_log WHERE activity = 'declaration rejected by supervisor' GROUP BY resource;	SELECT  count(*), resource FROM event_log WHERE activity = 'Declaration rejected by supervisor' GROUP BY resource	medium	0
22_10		SELECT  count(*), resource FROM event_log WHERE activity = 'Declaration rejected by supervisor' GROUP BY resource	medium	0
23_0	SELECT idcase FROM event_log GROUP BY idcase HAVING COUNT(*) > 20;	SELECT idcase FROM event_log GROUP BY idcase HAVING count(*) > 20	easy	1
23_1	SELECT idcase, COUNT(*) AS activity_count FROM event_log GROUP BY idcase HAVING COUNT(*) > 20;	SELECT idcase FROM event_log GROUP BY idcase HAVING count(*) > 20	easy	0
23_2	SELECT idcase, COUNT(*) AS occurrences FROM event_log GROUP BY idcase HAVING COUNT(*) > 20;	SELECT idcase FROM event_log GROUP BY idcase HAVING count(*) > 20	easy	0
23_3	SELECT idcase FROM event_log GROUP BY idcase HAVING COUNT(*) > 20;	SELECT idcase FROM event_log GROUP BY idcase HAVING count(*) > 20	easy	1
23_4	SELECT idcase, COUNT(*) AS activity_count FROM event_log GROUP BY idcase HAVING COUNT(*) > 20;	SELECT idcase FROM event_log GROUP BY idcase HAVING count(*) > 20	easy	0
23_5	SELECT idcase, COUNT(*) AS occurrences FROM event_log GROUP BY idcase HAVING COUNT(*) > 20;	SELECT idcase FROM event_log GROUP BY idcase HAVING count(*) > 20	easy	0
23_6	SELECT idcase, COUNT(*) AS occurrences FROM event_log GROUP BY idcase HAVING COUNT(*) > 20 ORDER BY occurrences DESC;	SELECT idcase FROM event_log GROUP BY idcase HAVING count(*) > 20	easy	0
23_7	SELECT idcase FROM event_log GROUP BY idcase HAVING COUNT(*) > 20;	SELECT idcase FROM event_log GROUP BY idcase HAVING count(*) > 20	easy	1
23_8	SELECT idcase, COUNT(*) AS intervention_count FROM event_log GROUP BY idcase HAVING COUNT(*) > 20;	SELECT idcase FROM event_log GROUP BY idcase HAVING count(*) > 20	easy	0
24_0	SELECT idcase, COUNT(*) AS event_count FROM event_log GROUP BY idcase ORDER BY event_count DESC LIMIT 10;	SELECT idcase FROM event_log GROUP BY idcase HAVING COUNT(*) = (SELECT  COUNT(*) FROM event_log GROUP BY idcase ORDER BY count(*) DESC LIMIT 1)	hard	0
24_1	SELECT idcase, COUNT(*) AS activity_count FROM event_log GROUP BY idcase ORDER BY activity_count DESC LIMIT 10;	SELECT idcase FROM event_log GROUP BY idcase HAVING COUNT(*) = (SELECT  COUNT(*) FROM event_log GROUP BY idcase ORDER BY count(*) DESC LIMIT 1)	hard	0
24_2		SELECT idcase FROM event_log GROUP BY idcase HAVING COUNT(*) = (SELECT  COUNT(*) FROM event_log GROUP BY idcase ORDER BY count(*) DESC LIMIT 1)	hard	0
24_3	SELECT idcase FROM event_log GROUP BY idcase ORDER BY COUNT(*) DESC;	SELECT idcase FROM event_log GROUP BY idcase HAVING COUNT(*) = (SELECT  COUNT(*) FROM event_log GROUP BY idcase ORDER BY count(*) DESC LIMIT 1)	hard	0
24_4	SELECT idcase FROM event_log GROUP BY idcase HAVING COUNT(*) = ( SELECT MAX(cnt) FROM ( SELECT COUNT(*) AS cnt FROM event_log GROUP BY idcase ) AS sub );	SELECT idcase FROM event_log GROUP BY idcase HAVING COUNT(*) = (SELECT  COUNT(*) FROM event_log GROUP BY idcase ORDER BY count(*) DESC LIMIT 1)	hard	1
24_5	SELECT idcase FROM ( SELECT idcase, COUNT(*) AS cnt, RANK() OVER (ORDER BY COUNT(*) DESC) AS rnk FROM event_log GROUP BY idcase ) AS t WHERE rnk = 1;	SELECT idcase FROM event_log GROUP BY idcase HAVING COUNT(*) = (SELECT  COUNT(*) FROM event_log GROUP BY idcase ORDER BY count(*) DESC LIMIT 1)	hard	0
24_6	SELECT idcase FROM ( SELECT idcase, COUNT(*) AS cnt FROM event_log GROUP BY idcase ) AS t WHERE cnt = ( SELECT MAX(cnt) FROM ( SELECT COUNT(*) AS cnt FROM event_log GROUP BY idcase ) AS sub );	SELECT idcase FROM event_log GROUP BY idcase HAVING COUNT(*) = (SELECT  COUNT(*) FROM event_log GROUP BY idcase ORDER BY count(*) DESC LIMIT 1)	hard	1
25_0	SELECT DISTINCT idcase FROM event_log AS e WHERE resource = 'Sara' AND NOT EXISTS ( SELECT 1 FROM event_log AS e2 WHERE e2.activity = 'request payment' AND e2.idcase = e.idcase );	SELECT DISTINCT idcase FROM event_log WHERE resource = 'Sara'  AND idcase NOT IN (SELECT idcase FROM event_log WHERE activity = 'Request payment')	extra	0
25_1	SELECT DISTINCT idcase FROM event_log WHERE resource = 'Sara' AND idcase NOT IN ( SELECT idcase FROM event_log WHERE activity = 'request payment' );	SELECT DISTINCT idcase FROM event_log WHERE resource = 'Sara'  AND idcase NOT IN (SELECT idcase FROM event_log WHERE activity = 'Request payment')	extra	1
25_2	SELECT DISTINCT idcase FROM event_log WHERE resource = 'Sara' AND NOT EXISTS ( SELECT 1 FROM event_log WHERE idcase = event_log.idcase AND activity = 'request payment' );	SELECT DISTINCT idcase FROM event_log WHERE resource = 'Sara'  AND idcase NOT IN (SELECT idcase FROM event_log WHERE activity = 'Request payment')	extra	0
25_3	SELECT DISTINCT idcase FROM event_log WHERE resource = 'Sara' AND idcase NOT IN ( SELECT DISTINCT idcase FROM event_log WHERE activity = 'request payment' );	SELECT DISTINCT idcase FROM event_log WHERE resource = 'Sara'  AND idcase NOT IN (SELECT idcase FROM event_log WHERE activity = 'Request payment')	extra	1
25_4	SELECT DISTINCT idcase FROM event_log WHERE resource = 'Sara' AND idcase NOT IN ( SELECT idcase FROM event_log WHERE activity = 'request payment' );	SELECT DISTINCT idcase FROM event_log WHERE resource = 'Sara'  AND idcase NOT IN (SELECT idcase FROM event_log WHERE activity = 'Request payment')	extra	1
25_5		SELECT DISTINCT idcase FROM event_log WHERE resource = 'Sara'  AND idcase NOT IN (SELECT idcase FROM event_log WHERE activity = 'Request payment')	extra	0
26_0	SELECT * FROM event_log WHERE timestamp BETWEEN '2017-01-10' AND '2017-02-01' AND idcase = 'declaration 143598';	SELECT * FROM event_log WHERE idcase = 'declaration 143598' AND timestamp BETWEEN '2017-01-10' AND '2017-02-01'	medium	1
26_1	SELECT * FROM event_log WHERE idcase = 'declaration 143598' AND timestamp BETWEEN '2017-01-10' AND '2017-02-01';	SELECT * FROM event_log WHERE idcase = 'declaration 143598' AND timestamp BETWEEN '2017-01-10' AND '2017-02-01'	medium	1
26_2	SELECT * FROM event_log WHERE idcase = 'declaration 143598' AND timestamp BETWEEN '2017-01-10' AND '2017-02-01';	SELECT * FROM event_log WHERE idcase = 'declaration 143598' AND timestamp BETWEEN '2017-01-10' AND '2017-02-01'	medium	1
26_3	SELECT * FROM event_log WHERE timestamp BETWEEN '2017-01-10' AND '2017-02-01' AND idcase = 'declaration 143598';	SELECT * FROM event_log WHERE idcase = 'declaration 143598' AND timestamp BETWEEN '2017-01-10' AND '2017-02-01'	medium	1
26_4	SELECT * FROM event_log WHERE idcase = '143598' AND timestamp BETWEEN '2017-01-10' AND '2017-02-01';	SELECT * FROM event_log WHERE idcase = 'declaration 143598' AND timestamp BETWEEN '2017-01-10' AND '2017-02-01'	medium	0
27_0	SELECT resource, COUNT(DISTINCT idcase) AS case_count FROM event_log WHERE timestamp BETWEEN '2017-01-01' AND '2017-05-31' GROUP BY resource;	SELECT resource, count(DISTINCT idcase) FROM event_log WHERE timestamp BETWEEN '2017-01-01' AND '2017-05-31' GROUP BY resource	medium	1
27_1	SELECT resource, COUNT(DISTINCT idcase) AS case_count FROM event_log WHERE timestamp BETWEEN '2017-01-01' AND '2017-05-31' GROUP BY resource;	SELECT resource, count(DISTINCT idcase) FROM event_log WHERE timestamp BETWEEN '2017-01-01' AND '2017-05-31' GROUP BY resource	medium	1
27_2	SELECT resource, COUNT(DISTINCT idcase) AS cases_worked FROM event_log WHERE timestamp >= '2017-01-01' AND timestamp <= '2017-05-31' GROUP BY resource;	SELECT resource, count(DISTINCT idcase) FROM event_log WHERE timestamp BETWEEN '2017-01-01' AND '2017-05-31' GROUP BY resource	medium	1
27_3	SELECT resource, COUNT(DISTINCT idcase) AS case_count FROM event_log WHERE timestamp BETWEEN '2017-01-01' AND '2017-05-31' GROUP BY resource ORDER BY resource;	SELECT resource, count(DISTINCT idcase) FROM event_log WHERE timestamp BETWEEN '2017-01-01' AND '2017-05-31' GROUP BY resource	medium	1
27_4	SELECT resource, COUNT(DISTINCT idcase) as case_count FROM event_log WHERE timestamp BETWEEN '2017-01-01' AND '2017-05-31' GROUP BY resource;	SELECT resource, count(DISTINCT idcase) FROM event_log WHERE timestamp BETWEEN '2017-01-01' AND '2017-05-31' GROUP BY resource	medium	1
27_5	SELECT resource, COUNT(DISTINCT idcase) AS cases_count FROM event_log WHERE timestamp BETWEEN '2017-01-01' AND '2017-05-31' GROUP BY resource;	SELECT resource, count(DISTINCT idcase) FROM event_log WHERE timestamp BETWEEN '2017-01-01' AND '2017-05-31' GROUP BY resource	medium	1
27_6	SELECT resource, COUNT(DISTINCT idcase) AS case_count FROM event_log WHERE timestamp >= '2017-01-01' AND timestamp <= '2017-05-31' GROUP BY resource ORDER BY resource;	SELECT resource, count(DISTINCT idcase) FROM event_log WHERE timestamp BETWEEN '2017-01-01' AND '2017-05-31' GROUP BY resource	medium	1
27_7	SELECT resource, COUNT(DISTINCT idcase) AS case_count FROM event_log WHERE timestamp BETWEEN '2017-01-01' AND '2017-05-31' GROUP BY resource ORDER BY resource;	SELECT resource, count(DISTINCT idcase) FROM event_log WHERE timestamp BETWEEN '2017-01-01' AND '2017-05-31' GROUP BY resource	medium	1
27_8	SELECT resource, COUNT(DISTINCT idcase) AS case_count FROM event_log WHERE timestamp BETWEEN '2017-01-01' AND '2017-05-31' GROUP BY resource;	SELECT resource, count(DISTINCT idcase) FROM event_log WHERE timestamp BETWEEN '2017-01-01' AND '2017-05-31' GROUP BY resource	medium	1
27_9	SELECT resource, COUNT(DISTINCT idcase) AS number_of_cases FROM event_log WHERE timestamp >= '2017-01-01' AND timestamp <= '2017-05-31' GROUP BY resource ORDER BY resource;	SELECT resource, count(DISTINCT idcase) FROM event_log WHERE timestamp BETWEEN '2017-01-01' AND '2017-05-31' GROUP BY resource	medium	1
27_10	SELECT resource, COUNT(*) AS declarations_count FROM event_log WHERE timestamp BETWEEN '2017-01-01' AND '2017-05-31' GROUP BY resource ORDER BY resource;	SELECT resource, count(DISTINCT idcase) FROM event_log WHERE timestamp BETWEEN '2017-01-01' AND '2017-05-31' GROUP BY resource	medium	0
28_0	SELECT idcase, COUNT(*) AS activity_count FROM event_log GROUP BY idcase ORDER BY activity_count DESC LIMIT 10;	SELECT idcase FROM event_log GROUP BY idcase HAVING COUNT(*) IN (SELECT Count(*) FROM event_log GROUP BY idcase ORDER BY Count(*) Desc LIMIT 10) order by idcase DESC	extra	0
28_1	SELECT idcase, COUNT(*) AS activity_count FROM event_log GROUP BY idcase ORDER BY activity_count DESC LIMIT 10;	SELECT idcase FROM event_log GROUP BY idcase HAVING COUNT(*) IN (SELECT Count(*) FROM event_log GROUP BY idcase ORDER BY Count(*) Desc LIMIT 10) order by idcase DESC	extra	0
28_2	SELECT idcase, COUNT(*) AS activity_count FROM event_log GROUP BY idcase ORDER BY activity_count DESC LIMIT 10;	SELECT idcase FROM event_log GROUP BY idcase HAVING COUNT(*) IN (SELECT Count(*) FROM event_log GROUP BY idcase ORDER BY Count(*) Desc LIMIT 10) order by idcase DESC	extra	0
28_3	SELECT idcase, COUNT(*) AS activity_count FROM event_log GROUP BY idcase ORDER BY activity_count DESC LIMIT 10;	SELECT idcase FROM event_log GROUP BY idcase HAVING COUNT(*) IN (SELECT Count(*) FROM event_log GROUP BY idcase ORDER BY Count(*) Desc LIMIT 10) order by idcase DESC	extra	0
28_4	SELECT idcase, COUNT(*) AS activity_count FROM event_log GROUP BY idcase ORDER BY activity_count DESC LIMIT 10;	SELECT idcase FROM event_log GROUP BY idcase HAVING COUNT(*) IN (SELECT Count(*) FROM event_log GROUP BY idcase ORDER BY Count(*) Desc LIMIT 10) order by idcase DESC	extra	0
28_5	SELECT idcase, COUNT(*) AS activity_count FROM event_log GROUP BY idcase ORDER BY activity_count DESC LIMIT 10;	SELECT idcase FROM event_log GROUP BY idcase HAVING COUNT(*) IN (SELECT Count(*) FROM event_log GROUP BY idcase ORDER BY Count(*) Desc LIMIT 10) order by idcase DESC	extra	0
28_6	SELECT idcase, COUNT(*) AS activity_performances FROM event_log GROUP BY idcase ORDER BY activity_performances DESC LIMIT 10;	SELECT idcase FROM event_log GROUP BY idcase HAVING COUNT(*) IN (SELECT Count(*) FROM event_log GROUP BY idcase ORDER BY Count(*) Desc LIMIT 10) order by idcase DESC	extra	0
28_7	SELECT idcase, COUNT(*) AS activity_count FROM event_log GROUP BY idcase ORDER BY activity_count DESC LIMIT 10;	SELECT idcase FROM event_log GROUP BY idcase HAVING COUNT(*) IN (SELECT Count(*) FROM event_log GROUP BY idcase ORDER BY Count(*) Desc LIMIT 10) order by idcase DESC	extra	0
28_8	SELECT idcase, COUNT(*) AS activity_count FROM event_log GROUP BY idcase ORDER BY activity_count DESC LIMIT 10;	SELECT idcase FROM event_log GROUP BY idcase HAVING COUNT(*) IN (SELECT Count(*) FROM event_log GROUP BY idcase ORDER BY Count(*) Desc LIMIT 10) order by idcase DESC	extra	0
28_9	SELECT idcase, COUNT(*) AS action_count FROM event_log GROUP BY idcase ORDER BY action_count DESC, idcase DESC LIMIT 10;	SELECT idcase FROM event_log GROUP BY idcase HAVING COUNT(*) IN (SELECT Count(*) FROM event_log GROUP BY idcase ORDER BY Count(*) Desc LIMIT 10) order by idcase DESC	extra	0
28_10	SELECT idcase, COUNT(*) AS actions FROM event_log GROUP BY idcase ORDER BY actions DESC, idcase DESC LIMIT 10;	SELECT idcase FROM event_log GROUP BY idcase HAVING COUNT(*) IN (SELECT Count(*) FROM event_log GROUP BY idcase ORDER BY Count(*) Desc LIMIT 10) order by idcase DESC	extra	0
29_0	SELECT idcase, COUNT(*) AS event_count FROM event_log GROUP BY idcase ORDER BY event_count DESC LIMIT 10;	SELECT idcase from event_log GROUP BY idcase HAVING COUNT(*) IN (SELECT COUNT(*) FROM event_log  GROUP BY idcase ORDER BY COUNT(*) Desc LIMIT 10) ORDER BY idcase DESC	extra	0
29_1	SELECT idcase, COUNT(*) AS event_count FROM event_log GROUP BY idcase ORDER BY event_count DESC LIMIT 10;	SELECT idcase from event_log GROUP BY idcase HAVING COUNT(*) IN (SELECT COUNT(*) FROM event_log  GROUP BY idcase ORDER BY COUNT(*) Desc LIMIT 10) ORDER BY idcase DESC	extra	0
29_2	SELECT idcase, COUNT(*) AS event_count FROM event_log GROUP BY idcase ORDER BY event_count DESC LIMIT 10;	SELECT idcase from event_log GROUP BY idcase HAVING COUNT(*) IN (SELECT COUNT(*) FROM event_log  GROUP BY idcase ORDER BY COUNT(*) Desc LIMIT 10) ORDER BY idcase DESC	extra	0
29_3	SELECT idcase, COUNT(*) AS event_count FROM event_log GROUP BY idcase ORDER BY event_count DESC LIMIT 10;	SELECT idcase from event_log GROUP BY idcase HAVING COUNT(*) IN (SELECT COUNT(*) FROM event_log  GROUP BY idcase ORDER BY COUNT(*) Desc LIMIT 10) ORDER BY idcase DESC	extra	0
29_4	SELECT idcase, COUNT(*) AS event_count FROM event_log GROUP BY idcase ORDER BY event_count DESC LIMIT 10;	SELECT idcase from event_log GROUP BY idcase HAVING COUNT(*) IN (SELECT COUNT(*) FROM event_log  GROUP BY idcase ORDER BY COUNT(*) Desc LIMIT 10) ORDER BY idcase DESC	extra	0
29_5	SELECT idcase, COUNT(*) AS event_count FROM event_log GROUP BY idcase ORDER BY event_count DESC LIMIT 10;	SELECT idcase from event_log GROUP BY idcase HAVING COUNT(*) IN (SELECT COUNT(*) FROM event_log  GROUP BY idcase ORDER BY COUNT(*) Desc LIMIT 10) ORDER BY idcase DESC	extra	0
29_6	SELECT idcase, COUNT(*) AS action_count FROM event_log GROUP BY idcase ORDER BY action_count DESC LIMIT 10;	SELECT idcase from event_log GROUP BY idcase HAVING COUNT(*) IN (SELECT COUNT(*) FROM event_log  GROUP BY idcase ORDER BY COUNT(*) Desc LIMIT 10) ORDER BY idcase DESC	extra	0
30_0	SELECT idcase, SUM(cost) AS total_cost FROM event_log GROUP BY idcase;	SELECT idcase, SUM(cost) FROM event_log group by idcase	medium	1
30_1	SELECT idcase, SUM(cost) AS total_cost FROM event_log GROUP BY idcase;	SELECT idcase, SUM(cost) FROM event_log group by idcase	medium	1
30_2	SELECT idcase, SUM(cost) AS total_cost FROM event_log GROUP BY idcase;	SELECT idcase, SUM(cost) FROM event_log group by idcase	medium	1
30_3	SELECT idcase, SUM(cost) AS total_cost FROM event_log GROUP BY idcase;	SELECT idcase, SUM(cost) FROM event_log group by idcase	medium	1
30_4	SELECT idcase, SUM(cost) AS total_cost FROM event_log GROUP BY idcase;	SELECT idcase, SUM(cost) FROM event_log group by idcase	medium	1
30_5	SELECT idcase, SUM(cost) AS total_cost FROM event_log GROUP BY idcase;	SELECT idcase, SUM(cost) FROM event_log group by idcase	medium	1
30_6	SELECT idcase, SUM(cost) AS total_cost FROM event_log GROUP BY idcase;	SELECT idcase, SUM(cost) FROM event_log group by idcase	medium	1
30_7	SELECT idcase, SUM(cost) AS total_cost FROM event_log GROUP BY idcase;	SELECT idcase, SUM(cost) FROM event_log group by idcase	medium	1
30_8	SELECT idcase, AVG(cost) AS avg_cost FROM event_log GROUP BY idcase;	SELECT idcase, SUM(cost) FROM event_log group by idcase	medium	0
31_0	SELECT resource, COUNT(*) AS num_events FROM event_log GROUP BY resource HAVING COUNT(*) >= 100 ORDER BY num_events DESC;	SELECT resource FROM event_log GROUP BY resource HAVING count(*) >= 100 ORDER BY count(*) DESC	medium	0
31_1	SELECT resource, COUNT(*) AS event_count FROM event_log GROUP BY resource HAVING COUNT(*) >= 100 ORDER BY event_count DESC;	SELECT resource FROM event_log GROUP BY resource HAVING count(*) >= 100 ORDER BY count(*) DESC	medium	0
31_2	SELECT resource, COUNT(*) AS action_count FROM event_log GROUP BY resource HAVING COUNT(*) >= 100 ORDER BY action_count DESC;	SELECT resource FROM event_log GROUP BY resource HAVING count(*) >= 100 ORDER BY count(*) DESC	medium	0
32_0	SELECT * FROM event_log ORDER BY idcase, timestamp;	SELECT * FROM event_log ORDER BY idcase, timestamp	easy	1
32_1	SELECT idcase, activity, timestamp, resource, cost FROM event_log ORDER BY idcase, timestamp;	SELECT * FROM event_log ORDER BY idcase, timestamp	easy	0
32_2	SELECT idcase, id FROM event_log ORDER BY idcase, timestamp;	SELECT * FROM event_log ORDER BY idcase, timestamp	easy	0
32_3	SELECT idcase, id FROM event_log ORDER BY idcase, timestamp;	SELECT * FROM event_log ORDER BY idcase, timestamp	easy	0
32_4	SELECT id, idcase, activity, timestamp FROM event_log ORDER BY idcase, timestamp;	SELECT * FROM event_log ORDER BY idcase, timestamp	easy	0
32_5	SELECT id, activity, timestamp, resource, cost, idcase FROM event_log ORDER BY idcase, timestamp;	SELECT * FROM event_log ORDER BY idcase, timestamp	easy	1
33_0	SELECT resource, COUNT(*) as count FROM event_log WHERE activity = 'declaration approved by administration' GROUP BY resource;	SELECT count(*), resource FROM event_log WHERE activity = 'Declaration approved by administration' GROUP BY resource	medium	0
33_1	SELECT resource, COUNT(*) as total_count FROM event_log WHERE activity = 'declaration approved by administration' GROUP BY resource;	SELECT count(*), resource FROM event_log WHERE activity = 'Declaration approved by administration' GROUP BY resource	medium	0
33_2	SELECT resource, COUNT(*) AS total_count FROM event_log WHERE activity = 'declaration approved by administration' GROUP BY resource;	SELECT count(*), resource FROM event_log WHERE activity = 'Declaration approved by administration' GROUP BY resource	medium	0
33_3	SELECT resource, COUNT(*) AS occurrence_count FROM event_log WHERE activity = 'declaration approved by administration' GROUP BY resource;	SELECT count(*), resource FROM event_log WHERE activity = 'Declaration approved by administration' GROUP BY resource	medium	0
33_4	SELECT resource, COUNT(*) AS approval_count FROM event_log WHERE activity LIKE '%admin%approve%' OR activity LIKE '%administrator%approve%' GROUP BY resource ORDER BY approval_count DESC;	SELECT count(*), resource FROM event_log WHERE activity = 'Declaration approved by administration' GROUP BY resource	medium	0
34_0	SELECT resource, COUNT(*) AS event_count FROM event_log WHERE activity = 'declaration approved by administration' GROUP BY resource;	SELECT count(*), resource FROM event_log WHERE activity = 'Declaration approved by administration' GROUP BY resource	medium	0
34_1	SELECT resource, COUNT(*) AS quantity FROM event_log WHERE activity = 'declaration approved by administration' GROUP BY resource;	SELECT count(*), resource FROM event_log WHERE activity = 'Declaration approved by administration' GROUP BY resource	medium	0
34_2	SELECT resource, COUNT(*) as approval_count FROM event_log WHERE activity LIKE '%approve%' GROUP BY resource ORDER BY approval_count DESC;	SELECT count(*), resource FROM event_log WHERE activity = 'Declaration approved by administration' GROUP BY resource	medium	0
35_0	SELECT activity, COUNT(*) AS instance_count FROM event_log WHERE resource = 'Thomas' AND YEAR(timestamp) = 2017 GROUP BY activity ORDER BY activity;	SELECT count(*), activity FROM event_log WHERE  resource = 'Thomas' AND timestamp BETWEEN '2017-01-01' AND '2018-01-01' GROUP BY activity	extra	0
35_1	SELECT activity, COUNT(*) as frequency FROM event_log WHERE resource = 'Thomas' AND YEAR(timestamp) = 2017 GROUP BY activity ORDER BY frequency DESC;	SELECT count(*), activity FROM event_log WHERE  resource = 'Thomas' AND timestamp BETWEEN '2017-01-01' AND '2018-01-01' GROUP BY activity	extra	0
35_2	SELECT activity, COUNT(*) AS occurrences FROM event_log WHERE resource = 'Thomas' AND timestamp >= '2017-01-01 00:00:00' AND timestamp < '2018-01-01 00:00:00' GROUP BY activity ORDER BY occurrences DESC;	SELECT count(*), activity FROM event_log WHERE  resource = 'Thomas' AND timestamp BETWEEN '2017-01-01' AND '2018-01-01' GROUP BY activity	extra	0
35_3	SELECT activity, COUNT(*) as action_count FROM event_log WHERE resource = 'Thomas' AND timestamp >= '2017-01-01 00:00:00' AND timestamp < '2018-01-01 00:00:00' GROUP BY activity ORDER BY action_count DESC;	SELECT count(*), activity FROM event_log WHERE  resource = 'Thomas' AND timestamp BETWEEN '2017-01-01' AND '2018-01-01' GROUP BY activity	extra	0
36_0	SELECT COUNT(*) FROM event_log WHERE resource = 'Thomas' AND YEAR(timestamp) = 2017;	SELECT count(*) FROM event_log WHERE  resource = 'Thomas' AND timestamp BETWEEN '2017-01-01' AND '2018-01-01'	medium	0
36_1	SELECT COUNT(*) FROM event_log WHERE resource = 'Thomas' AND YEAR(timestamp) = 2017;	SELECT count(*) FROM event_log WHERE  resource = 'Thomas' AND timestamp BETWEEN '2017-01-01' AND '2018-01-01'	medium	0
36_2	SELECT COUNT(*) FROM event_log WHERE resource = 'Thomas' AND YEAR(timestamp) = 2017;	SELECT count(*) FROM event_log WHERE  resource = 'Thomas' AND timestamp BETWEEN '2017-01-01' AND '2018-01-01'	medium	0
36_3	SELECT COUNT(*) FROM event_log WHERE resource = 'Thomas' AND timestamp >= '2017-01-01' AND timestamp < '2018-01-01';	SELECT count(*) FROM event_log WHERE  resource = 'Thomas' AND timestamp BETWEEN '2017-01-01' AND '2018-01-01'	medium	1
36_4	SELECT COUNT(*) FROM event_log WHERE resource = 'Thomas' AND timestamp >= '2017-01-01 00:00:00' AND timestamp < '2018-01-01 00:00:00';	SELECT count(*) FROM event_log WHERE  resource = 'Thomas' AND timestamp BETWEEN '2017-01-01' AND '2018-01-01'	medium	1
36_5	SELECT COUNT(*) as workload FROM event_log WHERE resource = 'Thomas' AND timestamp >= '2017-01-01 00:00:00' AND timestamp < '2018-01-01 00:00:00';	SELECT count(*) FROM event_log WHERE  resource = 'Thomas' AND timestamp BETWEEN '2017-01-01' AND '2018-01-01'	medium	1
37_0	SELECT activity, MAX(timestamp) as most_recent_date FROM event_log GROUP BY activity;	SELECT max(timestamp), activity FROM event_log GROUP BY activity	medium	0
37_1	SELECT activity, DATE(timestamp) AS event_date FROM ( SELECT activity, timestamp, ROW_NUMBER() OVER (PARTITION BY activity ORDER BY timestamp DESC) AS rn FROM event_log ) t WHERE rn = 1 ORDER BY event_date DESC;	SELECT max(timestamp), activity FROM event_log GROUP BY activity	medium	0
37_2	SELECT activity, MAX(timestamp) AS most_recent_date FROM event_log GROUP BY activity;	SELECT max(timestamp), activity FROM event_log GROUP BY activity	medium	0
37_3	SELECT activity, MAX(timestamp) AS last_timestamp FROM event_log GROUP BY activity;	SELECT max(timestamp), activity FROM event_log GROUP BY activity	medium	0
37_4	SELECT activity, MAX(timestamp) AS latest_timestamp FROM event_log GROUP BY activity;	SELECT max(timestamp), activity FROM event_log GROUP BY activity	medium	0
37_5	SELECT activity, DATE(MAX(timestamp)) AS last_occurrence_date FROM event_log GROUP BY activity;	SELECT max(timestamp), activity FROM event_log GROUP BY activity	medium	0
37_6	SELECT activity, MAX(timestamp) as most_recent_date FROM event_log GROUP BY activity;	SELECT max(timestamp), activity FROM event_log GROUP BY activity	medium	0
37_7	SELECT activity, DATE(MAX(timestamp)) AS last_date FROM event_log GROUP BY activity;	SELECT max(timestamp), activity FROM event_log GROUP BY activity	medium	0
38_0	SELECT SUM(CASE WHEN activity = 'declaration approved by supervisor' AND YEAR(timestamp) = 2017 THEN 1 ELSE 0 END) AS declaration_approved_2017, SUM(CASE WHEN activity = 'permit rejected by employee' AND YEAR(timestamp) = 2018 THEN 1 ELSE 0 END) AS permit_rejected_2018 FROM event_log;	SELECT activity, count(*) FROM event_log WHERE activity = 'Declaration approved by supervisor' AND timestamp BETWEEN '2017-01-01' AND '2018-01-01' GROUP BY activity  UNION SELECT activity, count(*) FROM event_log WHERE activity = 'Permit rejected by employee'  AND timestamp  BETWEEN '2018-01-01' AND '2019-01-01' GROUP BY activity	extra	0
38_1	SELECT COUNT(*) as count, 'declaration approved by supervisor (2017)' as activity FROM event_log WHERE activity = 'declaration approved by supervisor' AND YEAR(timestamp) = 2017 UNION ALL SELECT COUNT(*) as count, 'permit rejected by employee (2018)' as activity FROM event_log WHERE activity = 'permit rejected by employee' AND YEAR(timestamp) = 2018;	SELECT activity, count(*) FROM event_log WHERE activity = 'Declaration approved by supervisor' AND timestamp BETWEEN '2017-01-01' AND '2018-01-01' GROUP BY activity  UNION SELECT activity, count(*) FROM event_log WHERE activity = 'Permit rejected by employee'  AND timestamp  BETWEEN '2018-01-01' AND '2019-01-01' GROUP BY activity	extra	0
38_2	SELECT 'declaration approved by supervisor' as activity, 2017 as year, COUNT(*) as event_count FROM event_log WHERE activity = 'declaration approved by supervisor' AND YEAR(timestamp) = 2017 UNION ALL SELECT 'permit rejected by employee' as activity, 2018 as year, COUNT(*) as event_count FROM event_log WHERE activity = 'permit rejected by employee' AND YEAR(timestamp) = 2018;	SELECT activity, count(*) FROM event_log WHERE activity = 'Declaration approved by supervisor' AND timestamp BETWEEN '2017-01-01' AND '2018-01-01' GROUP BY activity  UNION SELECT activity, count(*) FROM event_log WHERE activity = 'Permit rejected by employee'  AND timestamp  BETWEEN '2018-01-01' AND '2019-01-01' GROUP BY activity	extra	0
38_3	SELECT COUNT(*) as declaration_approved_2017 FROM event_log WHERE activity = 'declaration approved by supervisor' AND YEAR(timestamp) = 2017 UNION ALL SELECT COUNT(*) as permit_rejected_2018 FROM event_log WHERE activity = 'permit rejected by employee' AND YEAR(timestamp) = 2018;	SELECT activity, count(*) FROM event_log WHERE activity = 'Declaration approved by supervisor' AND timestamp BETWEEN '2017-01-01' AND '2018-01-01' GROUP BY activity  UNION SELECT activity, count(*) FROM event_log WHERE activity = 'Permit rejected by employee'  AND timestamp  BETWEEN '2018-01-01' AND '2019-01-01' GROUP BY activity	extra	0
38_4	SELECT COUNT(*) AS count FROM event_log WHERE activity = 'declaration approved by supervisor' AND YEAR(timestamp) = 2017 UNION ALL SELECT COUNT(*) AS count FROM event_log WHERE activity = 'permit rejected by employee' AND YEAR(timestamp) = 2018;	SELECT activity, count(*) FROM event_log WHERE activity = 'Declaration approved by supervisor' AND timestamp BETWEEN '2017-01-01' AND '2018-01-01' GROUP BY activity  UNION SELECT activity, count(*) FROM event_log WHERE activity = 'Permit rejected by employee'  AND timestamp  BETWEEN '2018-01-01' AND '2019-01-01' GROUP BY activity	extra	0
38_5		SELECT activity, count(*) FROM event_log WHERE activity = 'Declaration approved by supervisor' AND timestamp BETWEEN '2017-01-01' AND '2018-01-01' GROUP BY activity  UNION SELECT activity, count(*) FROM event_log WHERE activity = 'Permit rejected by employee'  AND timestamp  BETWEEN '2018-01-01' AND '2019-01-01' GROUP BY activity	extra	0
39_0	SELECT activity, timestamp, id FROM event_log ORDER BY timestamp;	SELECT activity, timestamp, id FROM event_log ORDER BY timestamp	medium	1
39_1	SELECT activity, timestamp, id FROM event_log ORDER BY timestamp;	SELECT activity, timestamp, id FROM event_log ORDER BY timestamp	medium	1
39_2	SELECT activity, timestamp, id FROM event_log ORDER BY timestamp;	SELECT activity, timestamp, id FROM event_log ORDER BY timestamp	medium	1
40_0	SELECT COUNT(*) FROM event_log WHERE activity = 'declaration submitted by employee' AND resource = 'Thomas';	SELECT count(*) FROM event_log WHERE resource = 'Thomas' AND activity = 'Declaration submitted by employee'	medium	1
40_1	SELECT COUNT(*) FROM event_log WHERE activity = 'declaration submitted by employee' AND resource = 'Thomas';	SELECT count(*) FROM event_log WHERE resource = 'Thomas' AND activity = 'Declaration submitted by employee'	medium	1
40_2	SELECT COUNT(*) FROM event_log WHERE activity = 'declaration submitted by employee' AND resource = 'Thomas';	SELECT count(*) FROM event_log WHERE resource = 'Thomas' AND activity = 'Declaration submitted by employee'	medium	1
40_3	SELECT COUNT(*) FROM event_log WHERE activity = 'declaration submitted by employee' AND resource = 'Thomas';	SELECT count(*) FROM event_log WHERE resource = 'Thomas' AND activity = 'Declaration submitted by employee'	medium	1
40_4	SELECT COUNT(*) FROM event_log WHERE resource = 'Thomas' AND activity = 'declaration submitted by employee';	SELECT count(*) FROM event_log WHERE resource = 'Thomas' AND activity = 'Declaration submitted by employee'	medium	1
40_5	SELECT COUNT(*) FROM event_log WHERE resource = 'Thomas';	SELECT count(*) FROM event_log WHERE resource = 'Thomas' AND activity = 'Declaration submitted by employee'	medium	0
41_0	SELECT COUNT(*) FROM event_log WHERE resource = 'Diana' AND cost IS NOT NULL;	SELECT count(*) FROM event_log WHERE resource = 'Diana' AND cost IS NOT NULL	no_hardness	1
41_1		SELECT count(*) FROM event_log WHERE resource = 'Diana' AND cost IS NOT NULL	no_hardness	0
41_2	SELECT COUNT(*) FROM event_log WHERE resource = 'Diana' AND cost > 0;	SELECT count(*) FROM event_log WHERE resource = 'Diana' AND cost IS NOT NULL	no_hardness	1
41_3	SELECT activity, timestamp, cost, idcase FROM event_log WHERE resource = 'Diana' AND cost IS NOT NULL;	SELECT count(*) FROM event_log WHERE resource = 'Diana' AND cost IS NOT NULL	no_hardness	0
42_0	SELECT activity, COUNT(*) AS event_count FROM event_log WHERE resource = 'Diana' AND cost IS NOT NULL GROUP BY activity;	SELECT activity, count(*) FROM event_log WHERE resource = 'Diana'  AND cost IS NOT NULL GROUP BY activity	no_hardness	1
42_1	SELECT activity, COUNT(*) AS event_count FROM event_log WHERE resource = 'Diana' AND cost IS NOT NULL GROUP BY activity;	SELECT activity, count(*) FROM event_log WHERE resource = 'Diana'  AND cost IS NOT NULL GROUP BY activity	no_hardness	1
42_2	SELECT DISTINCT activity FROM event_log WHERE resource = 'Diana' AND activity LIKE '%processing%' AND cost > 0;	SELECT activity, count(*) FROM event_log WHERE resource = 'Diana'  AND cost IS NOT NULL GROUP BY activity	no_hardness	0
43_0	SELECT COUNT(DISTINCT resource) FROM event_log WHERE idcase IN ( SELECT idcase FROM event_log GROUP BY idcase HAVING COUNT(*) > 3 );	SELECT COUNT (DISTINCT resource) FROM event_log WHERE idcase IN (SELECT idcase FROM event_log GROUP BY idcase HAVING COUNT(*) > 3)	hard	1
43_1	SELECT COUNT(DISTINCT resource) FROM event_log WHERE idcase IN ( SELECT idcase FROM event_log GROUP BY idcase HAVING COUNT(*) > 3 );	SELECT COUNT (DISTINCT resource) FROM event_log WHERE idcase IN (SELECT idcase FROM event_log GROUP BY idcase HAVING COUNT(*) > 3)	hard	1
43_2	SELECT COUNT(DISTINCT resource) AS resource_count FROM event_log WHERE idcase IN ( SELECT idcase FROM event_log GROUP BY idcase HAVING COUNT(*) > 3 );	SELECT COUNT (DISTINCT resource) FROM event_log WHERE idcase IN (SELECT idcase FROM event_log GROUP BY idcase HAVING COUNT(*) > 3)	hard	1
43_3	SELECT idcase, COUNT(DISTINCT resource) AS num_resources FROM event_log GROUP BY idcase HAVING COUNT(*) > 3 ORDER BY num_resources DESC;	SELECT COUNT (DISTINCT resource) FROM event_log WHERE idcase IN (SELECT idcase FROM event_log GROUP BY idcase HAVING COUNT(*) > 3)	hard	0
43_4	SELECT COUNT(DISTINCT resource) FROM event_log WHERE idcase IN ( SELECT idcase FROM event_log GROUP BY idcase HAVING COUNT(*) > 3 );	SELECT COUNT (DISTINCT resource) FROM event_log WHERE idcase IN (SELECT idcase FROM event_log GROUP BY idcase HAVING COUNT(*) > 3)	hard	1
44_0	SELECT DISTINCT resource FROM event_log WHERE activity = 'declaration rejected by pre-approver';	select DISTINCT resource from event_log where activity = 'Declaration rejected by pre-approver'	easy	1
44_1	SELECT DISTINCT resource FROM event_log WHERE activity = 'declaration rejected by pre-approver';	select DISTINCT resource from event_log where activity = 'Declaration rejected by pre-approver'	easy	1
44_2	SELECT DISTINCT resource FROM event_log WHERE activity = 'declaration rejected by pre-approver';	select DISTINCT resource from event_log where activity = 'Declaration rejected by pre-approver'	easy	1
44_3	SELECT resource FROM event_log WHERE activity = 'declaration rejected by pre-approver';	select DISTINCT resource from event_log where activity = 'Declaration rejected by pre-approver'	easy	0
44_4	SELECT DISTINCT resource FROM event_log WHERE activity = 'declaration rejected by pre-approver';	select DISTINCT resource from event_log where activity = 'Declaration rejected by pre-approver'	easy	1
44_5	SELECT resource FROM event_log WHERE activity = 'declaration rejected by pre-approver';	select DISTINCT resource from event_log where activity = 'Declaration rejected by pre-approver'	easy	0
44_6	SELECT DISTINCT resource FROM event_log WHERE activity LIKE '%pre-approval%' AND activity LIKE '%reject%';	select DISTINCT resource from event_log where activity = 'Declaration rejected by pre-approver'	easy	0
45_0	SELECT COUNT(DISTINCT idcase) FROM event_log WHERE activity = 'declaration final approved by director' AND timestamp BETWEEN '2017-01-01' AND '2017-05-31';	select count(DISTINCT idcase) from event_log where timestamp between '2017-01-01' and '2017-06-01' and activity = 'Declaration final approved by director'	medium	1
45_1	SELECT COUNT(DISTINCT idcase) FROM event_log WHERE activity = 'declaration final approved by director' AND timestamp BETWEEN '2017-01-01' AND '2017-05-31';	select count(DISTINCT idcase) from event_log where timestamp between '2017-01-01' and '2017-06-01' and activity = 'Declaration final approved by director'	medium	1
45_2	SELECT COUNT(DISTINCT idcase) FROM event_log WHERE activity = 'declaration final approved by director' AND timestamp BETWEEN '2017-01-01 00:00:00' AND '2017-05-31 23:59:59';	select count(DISTINCT idcase) from event_log where timestamp between '2017-01-01' and '2017-06-01' and activity = 'Declaration final approved by director'	medium	1
45_3	SELECT COUNT(DISTINCT idcase) FROM event_log WHERE activity = 'declaration final approved by a director' AND timestamp BETWEEN '2017-01-01 00:00:00' AND '2017-05-31 23:59:59';	select count(DISTINCT idcase) from event_log where timestamp between '2017-01-01' and '2017-06-01' and activity = 'Declaration final approved by director'	medium	0
46_0	SELECT DISTINCT idcase FROM event_log WHERE resource = 'Charles' AND idcase NOT IN ( SELECT idcase FROM event_log WHERE timestamp >= '2018-01-01 00:00:00' AND timestamp < '2018-02-01 00:00:00' );	select  idcase from event_log where resource = 'Charles' except select idcase from event_log where timestamp between '2018-01-01' and '2018-02-01'	hard	1
46_1	SELECT DISTINCT idcase FROM event_log el WHERE resource = 'Charles' AND NOT EXISTS ( SELECT 1 FROM event_log el2 WHERE el2.idcase = el.idcase AND el2.timestamp >= '2018-01-01' AND el2.timestamp < '2018-02-01' );	select  idcase from event_log where resource = 'Charles' except select idcase from event_log where timestamp between '2018-01-01' and '2018-02-01'	hard	0
46_2	SELECT DISTINCT el.idcase FROM event_log el WHERE el.resource = 'Charles' AND NOT EXISTS ( SELECT 1 FROM event_log e WHERE e.idcase = el.idcase AND e.timestamp >= '2018-01-01 00:00:00' AND e.timestamp < '2018-02-01 00:00:00' );	select  idcase from event_log where resource = 'Charles' except select idcase from event_log where timestamp between '2018-01-01' and '2018-02-01'	hard	0
46_3	SELECT DISTINCT el.idcase FROM event_log el LEFT JOIN event_log jan ON el.idcase = jan.idcase AND MONTH(jan.timestamp) = 1 AND YEAR(jan.timestamp) = 2018 WHERE el.resource = 'Charles' AND jan.idcase IS NULL;	select  idcase from event_log where resource = 'Charles' except select idcase from event_log where timestamp between '2018-01-01' and '2018-02-01'	hard	0
46_4		select  idcase from event_log where resource = 'Charles' except select idcase from event_log where timestamp between '2018-01-01' and '2018-02-01'	hard	0
47_0	SELECT idcase FROM event_log GROUP BY idcase HAVING COUNT(DISTINCT activity) > 3;	select idcase from event_log GROUP BY idcase HAVING COUNT(DISTINCT activity) > 3	easy	1
47_1	SELECT idcase FROM event_log GROUP BY idcase HAVING COUNT(DISTINCT activity) > 3;	select idcase from event_log GROUP BY idcase HAVING COUNT(DISTINCT activity) > 3	easy	1
47_2	SELECT idcase FROM event_log GROUP BY idcase HAVING COUNT(DISTINCT activity) > 3;	select idcase from event_log GROUP BY idcase HAVING COUNT(DISTINCT activity) > 3	easy	1
47_3	SELECT idcase FROM event_log GROUP BY idcase HAVING COUNT(DISTINCT activity) > 3;	select idcase from event_log GROUP BY idcase HAVING COUNT(DISTINCT activity) > 3	easy	1
47_4	SELECT idcase FROM event_log GROUP BY idcase HAVING COUNT(DISTINCT activity) > 3;	select idcase from event_log GROUP BY idcase HAVING COUNT(DISTINCT activity) > 3	easy	1
47_5	SELECT idcase FROM event_log GROUP BY idcase HAVING COUNT(DISTINCT activity) > 3;	select idcase from event_log GROUP BY idcase HAVING COUNT(DISTINCT activity) > 3	easy	1
47_6	SELECT idcase FROM event_log GROUP BY idcase HAVING COUNT(DISTINCT activity) > 3;	select idcase from event_log GROUP BY idcase HAVING COUNT(DISTINCT activity) > 3	easy	1
47_7	SELECT idcase FROM event_log GROUP BY idcase HAVING COUNT(DISTINCT activity) > 3;	select idcase from event_log GROUP BY idcase HAVING COUNT(DISTINCT activity) > 3	easy	1
47_8	SELECT idcase, COUNT(DISTINCT activity) as intervention_count FROM event_log GROUP BY idcase HAVING COUNT(DISTINCT activity) > 3;	select idcase from event_log GROUP BY idcase HAVING COUNT(DISTINCT activity) > 3	easy	0
48_0	SELECT idcase FROM event_log GROUP BY idcase HAVING COUNT(*) > 3;	select idcase from event_log GROUP BY idcase HAVING COUNT(*) > 3	easy	1
48_1	SELECT idcase FROM event_log GROUP BY idcase HAVING COUNT(*) > 3;	select idcase from event_log GROUP BY idcase HAVING COUNT(*) > 3	easy	1
48_2	SELECT idcase, COUNT(*) AS event_count FROM event_log GROUP BY idcase HAVING COUNT(*) > 3;	select idcase from event_log GROUP BY idcase HAVING COUNT(*) > 3	easy	0
48_3	SELECT idcase, COUNT(*) AS event_count FROM event_log GROUP BY idcase HAVING COUNT(*) > 3;	select idcase from event_log GROUP BY idcase HAVING COUNT(*) > 3	easy	0
48_4	SELECT idcase FROM event_log GROUP BY idcase HAVING COUNT(*) > 3;	select idcase from event_log GROUP BY idcase HAVING COUNT(*) > 3	easy	1
48_5	SELECT idcase FROM event_log GROUP BY idcase HAVING COUNT(*) > 3;	select idcase from event_log GROUP BY idcase HAVING COUNT(*) > 3	easy	1
48_6	SELECT idcase, COUNT(*) AS event_count FROM event_log GROUP BY idcase HAVING COUNT(*) > 3;	select idcase from event_log GROUP BY idcase HAVING COUNT(*) > 3	easy	0
48_7	SELECT idcase, COUNT(*) AS event_count FROM event_log GROUP BY idcase HAVING COUNT(*) > 3;	select idcase from event_log GROUP BY idcase HAVING COUNT(*) > 3	easy	0
48_8	SELECT idcase, COUNT(*) as intervention_count FROM event_log GROUP BY idcase HAVING COUNT(*) > 3;	select idcase from event_log GROUP BY idcase HAVING COUNT(*) > 3	easy	0
49_0	SELECT idcase, TIMESTAMPDIFF(SECOND, MIN(timestamp), MAX(timestamp)) AS duration_seconds FROM event_log GROUP BY idcase;	SELECT  idcase, MAX(strftime('%s', timestamp)) - MIN(strftime('%s', timestamp)) FROM  event_log GROUP BY  idcase	no_hardness	0
49_1	SELECT idcase, TIMESTAMPDIFF(SECOND, MIN(timestamp), MAX(timestamp)) AS total_time_seconds FROM event_log GROUP BY idcase;	SELECT  idcase, MAX(strftime('%s', timestamp)) - MIN(strftime('%s', timestamp)) FROM  event_log GROUP BY  idcase	no_hardness	0
49_2	SELECT idcase, TIMESTAMPDIFF(SECOND, MIN(timestamp), MAX(timestamp)) as duration_seconds FROM event_log GROUP BY idcase;	SELECT  idcase, MAX(strftime('%s', timestamp)) - MIN(strftime('%s', timestamp)) FROM  event_log GROUP BY  idcase	no_hardness	0
49_3	SELECT idcase, TIMESTAMPDIFF(SECOND, MIN(timestamp), MAX(timestamp)) AS duration_seconds FROM event_log GROUP BY idcase;	SELECT  idcase, MAX(strftime('%s', timestamp)) - MIN(strftime('%s', timestamp)) FROM  event_log GROUP BY  idcase	no_hardness	0
49_4	SELECT idcase, TIMESTAMPDIFF(SECOND, MIN(timestamp), MAX(timestamp)) AS duration_seconds FROM event_log GROUP BY idcase;	SELECT  idcase, MAX(strftime('%s', timestamp)) - MIN(strftime('%s', timestamp)) FROM  event_log GROUP BY  idcase	no_hardness	0
49_5	SELECT idcase, (MAX(timestamp) - MIN(timestamp)) AS duration FROM event_log GROUP BY idcase;	SELECT  idcase, MAX(strftime('%s', timestamp)) - MIN(strftime('%s', timestamp)) FROM  event_log GROUP BY  idcase	no_hardness	0
50_0		SELECT idcase, resource from event_log group by idcase HAVING COUNT(DISTINCT resource)  = 1	medium	0
50_1		SELECT idcase, resource from event_log group by idcase HAVING COUNT(DISTINCT resource)  = 1	medium	0
50_2		SELECT idcase, resource from event_log group by idcase HAVING COUNT(DISTINCT resource)  = 1	medium	0
50_3		SELECT idcase, resource from event_log group by idcase HAVING COUNT(DISTINCT resource)  = 1	medium	0
50_4		SELECT idcase, resource from event_log group by idcase HAVING COUNT(DISTINCT resource)  = 1	medium	0
50_5	SELECT DISTINCT idcase, resource FROM event_log WHERE idcase NOT IN ( SELECT idcase FROM event_log GROUP BY idcase HAVING COUNT(DISTINCT resource) > 1 ) ORDER BY idcase, resource;	SELECT idcase, resource from event_log group by idcase HAVING COUNT(DISTINCT resource)  = 1	medium	1
50_6		SELECT idcase, resource from event_log group by idcase HAVING COUNT(DISTINCT resource)  = 1	medium	0
50_7	SELECT idcase, MIN(resource) as resource FROM event_log GROUP BY idcase HAVING COUNT(DISTINCT resource) = 1;	SELECT idcase, resource from event_log group by idcase HAVING COUNT(DISTINCT resource)  = 1	medium	1
50_8		SELECT idcase, resource from event_log group by idcase HAVING COUNT(DISTINCT resource)  = 1	medium	0
50_9		SELECT idcase, resource from event_log group by idcase HAVING COUNT(DISTINCT resource)  = 1	medium	0
51_0	SELECT DISTINCT idcase FROM event_log WHERE activity = 'end trip' AND timestamp >= '2016-01-01' AND timestamp <= '2017-12-31';	SELECT DISTINCT idcase FROM event_log WHERE activity = 'End trip' AND timestamp BETWEEN '2016-01-01' AND '2018-01-01'	medium	1
51_1	SELECT DISTINCT idcase FROM event_log WHERE activity = 'end trip' AND timestamp >= '2016-01-01' AND timestamp <= '2017-12-31';	SELECT DISTINCT idcase FROM event_log WHERE activity = 'End trip' AND timestamp BETWEEN '2016-01-01' AND '2018-01-01'	medium	1
51_2	SELECT DISTINCT idcase FROM event_log WHERE activity = 'end trip' AND YEAR(timestamp) BETWEEN 2016 AND 2017;	SELECT DISTINCT idcase FROM event_log WHERE activity = 'End trip' AND timestamp BETWEEN '2016-01-01' AND '2018-01-01'	medium	0
51_3	SELECT DISTINCT idcase FROM event_log WHERE activity = 'end trip' AND timestamp >= '2016-01-01 00:00:00' AND timestamp <= '2017-12-31 23:59:59';	SELECT DISTINCT idcase FROM event_log WHERE activity = 'End trip' AND timestamp BETWEEN '2016-01-01' AND '2018-01-01'	medium	1
51_4	SELECT idcase FROM event_log WHERE activity = 'end trip' AND timestamp >= '2016-01-01' AND timestamp < '2018-01-01' ORDER BY idcase;	SELECT DISTINCT idcase FROM event_log WHERE activity = 'End trip' AND timestamp BETWEEN '2016-01-01' AND '2018-01-01'	medium	1
51_5	SELECT DISTINCT idcase FROM event_log WHERE activity = 'end trip' AND timestamp BETWEEN '2016-01-01' AND '2017-12-31';	SELECT DISTINCT idcase FROM event_log WHERE activity = 'End trip' AND timestamp BETWEEN '2016-01-01' AND '2018-01-01'	medium	1
51_6	SELECT DISTINCT idcase FROM event_log WHERE activity = 'end trip' AND timestamp BETWEEN '2016-01-01' AND '2017-12-31';	SELECT DISTINCT idcase FROM event_log WHERE activity = 'End trip' AND timestamp BETWEEN '2016-01-01' AND '2018-01-01'	medium	1
51_7	SELECT DISTINCT idcase FROM event_log WHERE activity = 'end trip' AND timestamp >= '2016-01-01' AND timestamp <= '2017-12-31';	SELECT DISTINCT idcase FROM event_log WHERE activity = 'End trip' AND timestamp BETWEEN '2016-01-01' AND '2018-01-01'	medium	1
51_8	SELECT DISTINCT idcase FROM event_log WHERE activity = 'end trip' AND timestamp BETWEEN '2016-01-01' AND '2017-12-31';	SELECT DISTINCT idcase FROM event_log WHERE activity = 'End trip' AND timestamp BETWEEN '2016-01-01' AND '2018-01-01'	medium	1
51_9	SELECT DISTINCT idcase FROM event_log WHERE activity = 'end trip' AND timestamp BETWEEN '2016-01-01' AND '2017-12-31';	SELECT DISTINCT idcase FROM event_log WHERE activity = 'End trip' AND timestamp BETWEEN '2016-01-01' AND '2018-01-01'	medium	1
51_10		SELECT DISTINCT idcase FROM event_log WHERE activity = 'End trip' AND timestamp BETWEEN '2016-01-01' AND '2018-01-01'	medium	0
52_0	SELECT * FROM event_log WHERE activity LIKE '%rejected%';	SELECT * FROM event_log WHERE activity LIKE '%rejected%' 	medium	1
52_1	SELECT * FROM event_log WHERE activity LIKE '%rejected%';	SELECT * FROM event_log WHERE activity LIKE '%rejected%' 	medium	1
52_2	SELECT * FROM event_log WHERE activity LIKE '%rejected%';	SELECT * FROM event_log WHERE activity LIKE '%rejected%' 	medium	1
52_3	SELECT * FROM event_log WHERE activity LIKE '%rejected%';	SELECT * FROM event_log WHERE activity LIKE '%rejected%' 	medium	1
52_4	SELECT * FROM event_log WHERE activity LIKE '%rejected%';	SELECT * FROM event_log WHERE activity LIKE '%rejected%' 	medium	1
52_5	SELECT * FROM event_log WHERE activity LIKE '%rejected%';	SELECT * FROM event_log WHERE activity LIKE '%rejected%' 	medium	1
52_6	SELECT id, activity, timestamp, resource, cost, idcase FROM event_log WHERE activity = 'Rejection';	SELECT * FROM event_log WHERE activity LIKE '%rejected%' 	medium	0
52_7	SELECT id, activity, timestamp, resource, cost, idcase FROM event_log WHERE LOWER(activity) LIKE '%reject%' OR LOWER(activity) LIKE '%rejection%';	SELECT * FROM event_log WHERE activity LIKE '%rejected%' 	medium	1
53_0	SELECT idcase, MIN(cost) as min_cost, MAX(cost) as max_cost FROM event_log GROUP BY idcase HAVING MAX(cost) > 0;	SELECT idcase, MIN(cost), MAX(cost) FROM event_log GROUP BY idcase HAVING MAX(cost) > 0	medium	1
53_1	SELECT idcase, MIN(cost) AS min_cost, MAX(cost) AS max_cost FROM event_log GROUP BY idcase HAVING MAX(cost) > 0;	SELECT idcase, MIN(cost), MAX(cost) FROM event_log GROUP BY idcase HAVING MAX(cost) > 0	medium	1
53_2	SELECT idcase, MIN(cost) AS min_cost, MAX(cost) AS max_cost FROM event_log GROUP BY idcase HAVING MAX(cost) > 0;	SELECT idcase, MIN(cost), MAX(cost) FROM event_log GROUP BY idcase HAVING MAX(cost) > 0	medium	1
53_3	SELECT idcase, MIN(cost) AS min_cost, MAX(cost) AS max_cost FROM event_log GROUP BY idcase HAVING MAX(cost) > 0;	SELECT idcase, MIN(cost), MAX(cost) FROM event_log GROUP BY idcase HAVING MAX(cost) > 0	medium	1
53_4	SELECT idcase, MIN(cost) AS min_cost, MAX(cost) AS max_cost FROM event_log GROUP BY idcase HAVING MAX(cost) > 0;	SELECT idcase, MIN(cost), MAX(cost) FROM event_log GROUP BY idcase HAVING MAX(cost) > 0	medium	1
53_5	SELECT idcase, MIN(cost) AS min_cost, MAX(cost) AS max_cost FROM event_log GROUP BY idcase HAVING MAX(cost) > 0;	SELECT idcase, MIN(cost), MAX(cost) FROM event_log GROUP BY idcase HAVING MAX(cost) > 0	medium	1
53_6	SELECT idcase, MIN(cost) AS min_cost, MAX(cost) AS max_cost FROM event_log GROUP BY idcase HAVING MAX(cost) > 0;	SELECT idcase, MIN(cost), MAX(cost) FROM event_log GROUP BY idcase HAVING MAX(cost) > 0	medium	1
53_7	SELECT idcase, MIN(cost) AS min_cost, MAX(cost) AS max_cost FROM event_log GROUP BY idcase HAVING MAX(cost) > 0;	SELECT idcase, MIN(cost), MAX(cost) FROM event_log GROUP BY idcase HAVING MAX(cost) > 0	medium	1
53_8	SELECT idcase, MIN(cost) AS min_cost, MAX(cost) AS max_cost FROM event_log GROUP BY idcase HAVING MAX(cost) > 0;	SELECT idcase, MIN(cost), MAX(cost) FROM event_log GROUP BY idcase HAVING MAX(cost) > 0	medium	1
53_9	SELECT idcase, MIN(cost) AS min_cost, MAX(cost) AS max_cost FROM event_log GROUP BY idcase HAVING MAX(cost) > 0;	SELECT idcase, MIN(cost), MAX(cost) FROM event_log GROUP BY idcase HAVING MAX(cost) > 0	medium	1
53_10	SELECT idcase, MIN(cost) AS min_cost, MAX(cost) AS max_cost FROM event_log GROUP BY idcase HAVING MAX(cost) > 0;	SELECT idcase, MIN(cost), MAX(cost) FROM event_log GROUP BY idcase HAVING MAX(cost) > 0	medium	1
53_11	SELECT idcase, MIN(cost) AS min_cost, MAX(cost) AS max_cost FROM event_log GROUP BY idcase HAVING MAX(cost) > 0;	SELECT idcase, MIN(cost), MAX(cost) FROM event_log GROUP BY idcase HAVING MAX(cost) > 0	medium	1
53_12	SELECT idcase, MIN(cost) as min_intervention, MAX(cost) as max_intervention FROM event_log GROUP BY idcase HAVING MAX(cost) > 0;	SELECT idcase, MIN(cost), MAX(cost) FROM event_log GROUP BY idcase HAVING MAX(cost) > 0	medium	1
53_13	SELECT idcase, MIN(cost) as min_cost, MAX(cost) as max_cost FROM event_log GROUP BY idcase HAVING MAX(cost) > 0;	SELECT idcase, MIN(cost), MAX(cost) FROM event_log GROUP BY idcase HAVING MAX(cost) > 0	medium	1
54_0	WITH first_event AS ( SELECT idcase, MIN(timestamp) AS first_timestamp FROM event_log GROUP BY idcase ), target_events AS ( SELECT idcase, MIN(timestamp) AS target_timestamp FROM event_log WHERE activity IN ('end trip', 'declaration rejected by employee', 'payment handled') GROUP BY idcase ) SELECT te.idcase, te.target_timestamp - fe.first_timestamp AS duration FROM target_events te JOIN first_event fe;	select p.idcase, strftime('%s', p.timestamp) - strftime('%s', e.start_time) as 'End trip', strftime('%s', x.timestamp) - strftime('%s', e.start_time) as 'Declaration rejected by employee', strftime('%s', y.timestamp) - strftime('%s', e.start_time) as 'Payment handled' from event_log p inner join (select MIN(timestamp) as start_time, idcase FROM event_log GROUP by idcase) e on e.idcase = p.idcase and p.activity = 'End trip' left join event_log x on x.idcase=e.idcase and x.activity = 'Declaration rejected by employee'  left join event_log y on y.idcase=e.idcase and y.activity = 'Payment handled' 	no_hardness	0
54_1		select p.idcase, strftime('%s', p.timestamp) - strftime('%s', e.start_time) as 'End trip', strftime('%s', x.timestamp) - strftime('%s', e.start_time) as 'Declaration rejected by employee', strftime('%s', y.timestamp) - strftime('%s', e.start_time) as 'Payment handled' from event_log p inner join (select MIN(timestamp) as start_time, idcase FROM event_log GROUP by idcase) e on e.idcase = p.idcase and p.activity = 'End trip' left join event_log x on x.idcase=e.idcase and x.activity = 'Declaration rejected by employee'  left join event_log y on y.idcase=e.idcase and y.activity = 'Payment handled' 	no_hardness	0
54_2	SELECT idcase, (event_of_interest_timestamp - first_event_timestamp) AS time_elapsed FROM ( SELECT idcase, MIN(timestamp) AS first_event_timestamp, MIN(CASE WHEN activity IN ('end trip', 'declaration rejected by employee', 'payment handled') THEN timestamp END) AS event_of_interest_timestamp FROM event_log GROUP BY idcase ) WHERE event_of_interest_timestamp IS NOT NULL;	select p.idcase, strftime('%s', p.timestamp) - strftime('%s', e.start_time) as 'End trip', strftime('%s', x.timestamp) - strftime('%s', e.start_time) as 'Declaration rejected by employee', strftime('%s', y.timestamp) - strftime('%s', e.start_time) as 'Payment handled' from event_log p inner join (select MIN(timestamp) as start_time, idcase FROM event_log GROUP by idcase) e on e.idcase = p.idcase and p.activity = 'End trip' left join event_log x on x.idcase=e.idcase and x.activity = 'Declaration rejected by employee'  left join event_log y on y.idcase=e.idcase and y.activity = 'Payment handled' 	no_hardness	0
54_3		select p.idcase, strftime('%s', p.timestamp) - strftime('%s', e.start_time) as 'End trip', strftime('%s', x.timestamp) - strftime('%s', e.start_time) as 'Declaration rejected by employee', strftime('%s', y.timestamp) - strftime('%s', e.start_time) as 'Payment handled' from event_log p inner join (select MIN(timestamp) as start_time, idcase FROM event_log GROUP by idcase) e on e.idcase = p.idcase and p.activity = 'End trip' left join event_log x on x.idcase=e.idcase and x.activity = 'Declaration rejected by employee'  left join event_log y on y.idcase=e.idcase and y.activity = 'Payment handled' 	no_hardness	0
54_4		select p.idcase, strftime('%s', p.timestamp) - strftime('%s', e.start_time) as 'End trip', strftime('%s', x.timestamp) - strftime('%s', e.start_time) as 'Declaration rejected by employee', strftime('%s', y.timestamp) - strftime('%s', e.start_time) as 'Payment handled' from event_log p inner join (select MIN(timestamp) as start_time, idcase FROM event_log GROUP by idcase) e on e.idcase = p.idcase and p.activity = 'End trip' left join event_log x on x.idcase=e.idcase and x.activity = 'Declaration rejected by employee'  left join event_log y on y.idcase=e.idcase and y.activity = 'Payment handled' 	no_hardness	0
55_0		select p.idcase, strftime('%s', p.timestamp) - strftime('%s', e.start_time) as 'End trip', strftime('%s', x.timestamp) - strftime('%s', e.start_time) as 'Declaration rejected by employee', strftime('%s', y.timestamp) - strftime('%s', e.start_time) as 'Payment handled', f.activity from event_log p inner join (select MIN(timestamp) as start_time, idcase FROM event_log GROUP by idcase) e on e.idcase = p.idcase and p.activity = 'End trip' left join event_log x on x.idcase=e.idcase and x.activity = 'Declaration rejected by employee'  left join event_log y on y.idcase=e.idcase and y.activity = 'Payment handled' inner join (select MAX(timestamp) as end_time, activity, idcase FROM event_log WHERE activity='End trip' or activity= 'Declaration rejected by employee' or activity='Payment handled' GROUP by idcase) f on f.idcase=e.idcase 	no_hardness	0
55_1	SELECT fe.idcase, TIMESTAMPDIFF(SECOND, fe.first_timestamp, le.last_timestamp) AS duration_seconds, le.activity FROM ( SELECT idcase, MIN(timestamp) AS first_timestamp FROM event_log GROUP BY idcase ) fe JOIN ( SELECT idcase, MAX(timestamp) AS last_timestamp, activity FROM event_log WHERE activity IN ('end trip', 'declaration rejected by employee', 'payment handled') GROUP BY idcase ) le ON fe.idcase = le.idcase ORDER BY fe.idcase;	select p.idcase, strftime('%s', p.timestamp) - strftime('%s', e.start_time) as 'End trip', strftime('%s', x.timestamp) - strftime('%s', e.start_time) as 'Declaration rejected by employee', strftime('%s', y.timestamp) - strftime('%s', e.start_time) as 'Payment handled', f.activity from event_log p inner join (select MIN(timestamp) as start_time, idcase FROM event_log GROUP by idcase) e on e.idcase = p.idcase and p.activity = 'End trip' left join event_log x on x.idcase=e.idcase and x.activity = 'Declaration rejected by employee'  left join event_log y on y.idcase=e.idcase and y.activity = 'Payment handled' inner join (select MAX(timestamp) as end_time, activity, idcase FROM event_log WHERE activity='End trip' or activity= 'Declaration rejected by employee' or activity='Payment handled' GROUP by idcase) f on f.idcase=e.idcase 	no_hardness	0
55_2	WITH first_event AS ( SELECT idcase, MIN(timestamp) AS first_timestamp FROM event_log GROUP BY idcase ) SELECT el.idcase, el.activity, TIMESTAMPDIFF(SECOND, fe.first_timestamp, el.timestamp) AS time_difference_seconds FROM event_log el JOIN first_event fe ON el.idcase = fe.idcase WHERE el.activity IN ('end trip', 'declaration rejected by employee', 'payment handled') ORDER BY time_difference_seconds;	select p.idcase, strftime('%s', p.timestamp) - strftime('%s', e.start_time) as 'End trip', strftime('%s', x.timestamp) - strftime('%s', e.start_time) as 'Declaration rejected by employee', strftime('%s', y.timestamp) - strftime('%s', e.start_time) as 'Payment handled', f.activity from event_log p inner join (select MIN(timestamp) as start_time, idcase FROM event_log GROUP by idcase) e on e.idcase = p.idcase and p.activity = 'End trip' left join event_log x on x.idcase=e.idcase and x.activity = 'Declaration rejected by employee'  left join event_log y on y.idcase=e.idcase and y.activity = 'Payment handled' inner join (select MAX(timestamp) as end_time, activity, idcase FROM event_log WHERE activity='End trip' or activity= 'Declaration rejected by employee' or activity='Payment handled' GROUP by idcase) f on f.idcase=e.idcase 	no_hardness	0
55_3	SELECT el.idcase, el.activity, TIMESTAMPDIFF(SECOND, fe.first_timestamp, el.timestamp) AS elapsed_time FROM event_log el JOIN ( SELECT idcase, MIN(timestamp) AS first_timestamp FROM event_log GROUP BY idcase ) fe ON el.idcase = fe.idcase WHERE el.activity IN ('end trip', 'declaration rejected by employee', 'payment handled') ORDER BY el.idcase, elapsed_time;	select p.idcase, strftime('%s', p.timestamp) - strftime('%s', e.start_time) as 'End trip', strftime('%s', x.timestamp) - strftime('%s', e.start_time) as 'Declaration rejected by employee', strftime('%s', y.timestamp) - strftime('%s', e.start_time) as 'Payment handled', f.activity from event_log p inner join (select MIN(timestamp) as start_time, idcase FROM event_log GROUP by idcase) e on e.idcase = p.idcase and p.activity = 'End trip' left join event_log x on x.idcase=e.idcase and x.activity = 'Declaration rejected by employee'  left join event_log y on y.idcase=e.idcase and y.activity = 'Payment handled' inner join (select MAX(timestamp) as end_time, activity, idcase FROM event_log WHERE activity='End trip' or activity= 'Declaration rejected by employee' or activity='Payment handled' GROUP by idcase) f on f.idcase=e.idcase 	no_hardness	0
55_4		select p.idcase, strftime('%s', p.timestamp) - strftime('%s', e.start_time) as 'End trip', strftime('%s', x.timestamp) - strftime('%s', e.start_time) as 'Declaration rejected by employee', strftime('%s', y.timestamp) - strftime('%s', e.start_time) as 'Payment handled', f.activity from event_log p inner join (select MIN(timestamp) as start_time, idcase FROM event_log GROUP by idcase) e on e.idcase = p.idcase and p.activity = 'End trip' left join event_log x on x.idcase=e.idcase and x.activity = 'Declaration rejected by employee'  left join event_log y on y.idcase=e.idcase and y.activity = 'Payment handled' inner join (select MAX(timestamp) as end_time, activity, idcase FROM event_log WHERE activity='End trip' or activity= 'Declaration rejected by employee' or activity='Payment handled' GROUP by idcase) f on f.idcase=e.idcase 	no_hardness	0
56_0	SELECT * FROM event_log WHERE activity = 'request payment';	SELECT * FROM event_log WHERE activity = 'Request payment'	easy	1
56_1	SELECT * FROM event_log WHERE activity = 'request payment';	SELECT * FROM event_log WHERE activity = 'Request payment'	easy	1
56_2		SELECT * FROM event_log WHERE activity = 'Request payment'	easy	0
56_3		SELECT * FROM event_log WHERE activity = 'Request payment'	easy	0
57_0		WITH RankedEvents AS (SELECT id, activity, timestamp, LEAD(timestamp) OVER (PARTITION BY idcase ORDER BY timestamp) AS next_timestamp, idcase FROM event_log), DurationEvents AS (SELECT activity, (strftime('%s', next_timestamp) - strftime('%s', timestamp)) as duration FROM RankedEvents WHERE next_timestamp IS NOT NULL) SELECT activity, AVG(duration) AS average_duration FROM DurationEvents GROUP BY activity	no_hardness	0
57_1		WITH RankedEvents AS (SELECT id, activity, timestamp, LEAD(timestamp) OVER (PARTITION BY idcase ORDER BY timestamp) AS next_timestamp, idcase FROM event_log), DurationEvents AS (SELECT activity, (strftime('%s', next_timestamp) - strftime('%s', timestamp)) as duration FROM RankedEvents WHERE next_timestamp IS NOT NULL) SELECT activity, AVG(duration) AS average_duration FROM DurationEvents GROUP BY activity	no_hardness	0
57_2		WITH RankedEvents AS (SELECT id, activity, timestamp, LEAD(timestamp) OVER (PARTITION BY idcase ORDER BY timestamp) AS next_timestamp, idcase FROM event_log), DurationEvents AS (SELECT activity, (strftime('%s', next_timestamp) - strftime('%s', timestamp)) as duration FROM RankedEvents WHERE next_timestamp IS NOT NULL) SELECT activity, AVG(duration) AS average_duration FROM DurationEvents GROUP BY activity	no_hardness	0
57_3		WITH RankedEvents AS (SELECT id, activity, timestamp, LEAD(timestamp) OVER (PARTITION BY idcase ORDER BY timestamp) AS next_timestamp, idcase FROM event_log), DurationEvents AS (SELECT activity, (strftime('%s', next_timestamp) - strftime('%s', timestamp)) as duration FROM RankedEvents WHERE next_timestamp IS NOT NULL) SELECT activity, AVG(duration) AS average_duration FROM DurationEvents GROUP BY activity	no_hardness	0
57_4	SELECT activity, AVG(duration) AS mean_duration FROM ( SELECT idcase, activity, MAX(timestamp) - MIN(timestamp) AS duration FROM event_log GROUP BY idcase, activity ) AS case_activity_durations GROUP BY activity;	WITH RankedEvents AS (SELECT id, activity, timestamp, LEAD(timestamp) OVER (PARTITION BY idcase ORDER BY timestamp) AS next_timestamp, idcase FROM event_log), DurationEvents AS (SELECT activity, (strftime('%s', next_timestamp) - strftime('%s', timestamp)) as duration FROM RankedEvents WHERE next_timestamp IS NOT NULL) SELECT activity, AVG(duration) AS average_duration FROM DurationEvents GROUP BY activity	no_hardness	0
57_5	SELECT activity, AVG(duration) AS mean_duration FROM ( SELECT activity, TIMESTAMPDIFF(SECOND, LAG(timestamp) OVER (PARTITION BY activity ORDER BY timestamp), timestamp) AS duration FROM event_log ) AS subquery WHERE duration IS NOT NULL GROUP BY activity;	WITH RankedEvents AS (SELECT id, activity, timestamp, LEAD(timestamp) OVER (PARTITION BY idcase ORDER BY timestamp) AS next_timestamp, idcase FROM event_log), DurationEvents AS (SELECT activity, (strftime('%s', next_timestamp) - strftime('%s', timestamp)) as duration FROM RankedEvents WHERE next_timestamp IS NOT NULL) SELECT activity, AVG(duration) AS average_duration FROM DurationEvents GROUP BY activity	no_hardness	0
57_6	SELECT activity, AVG(last_timestamp - first_timestamp) AS avg_duration FROM ( SELECT activity, idcase, MIN(timestamp) AS first_timestamp, MAX(timestamp) AS last_timestamp FROM event_log GROUP BY activity, idcase ) AS activity_instances GROUP BY activity;	WITH RankedEvents AS (SELECT id, activity, timestamp, LEAD(timestamp) OVER (PARTITION BY idcase ORDER BY timestamp) AS next_timestamp, idcase FROM event_log), DurationEvents AS (SELECT activity, (strftime('%s', next_timestamp) - strftime('%s', timestamp)) as duration FROM RankedEvents WHERE next_timestamp IS NOT NULL) SELECT activity, AVG(duration) AS average_duration FROM DurationEvents GROUP BY activity	no_hardness	0
57_7		WITH RankedEvents AS (SELECT id, activity, timestamp, LEAD(timestamp) OVER (PARTITION BY idcase ORDER BY timestamp) AS next_timestamp, idcase FROM event_log), DurationEvents AS (SELECT activity, (strftime('%s', next_timestamp) - strftime('%s', timestamp)) as duration FROM RankedEvents WHERE next_timestamp IS NOT NULL) SELECT activity, AVG(duration) AS average_duration FROM DurationEvents GROUP BY activity	no_hardness	0
57_8	WITH event_durations AS ( SELECT activity, timestamp, timestamp - LAG(timestamp) OVER (PARTITION BY activity ORDER BY timestamp) AS duration FROM event_log ) SELECT activity, AVG(duration) AS avg_duration FROM event_durations WHERE duration > 0 GROUP BY activity ORDER BY avg_duration DESC;	WITH RankedEvents AS (SELECT id, activity, timestamp, LEAD(timestamp) OVER (PARTITION BY idcase ORDER BY timestamp) AS next_timestamp, idcase FROM event_log), DurationEvents AS (SELECT activity, (strftime('%s', next_timestamp) - strftime('%s', timestamp)) as duration FROM RankedEvents WHERE next_timestamp IS NOT NULL) SELECT activity, AVG(duration) AS average_duration FROM DurationEvents GROUP BY activity	no_hardness	0
57_9		WITH RankedEvents AS (SELECT id, activity, timestamp, LEAD(timestamp) OVER (PARTITION BY idcase ORDER BY timestamp) AS next_timestamp, idcase FROM event_log), DurationEvents AS (SELECT activity, (strftime('%s', next_timestamp) - strftime('%s', timestamp)) as duration FROM RankedEvents WHERE next_timestamp IS NOT NULL) SELECT activity, AVG(duration) AS average_duration FROM DurationEvents GROUP BY activity	no_hardness	0
57_10		WITH RankedEvents AS (SELECT id, activity, timestamp, LEAD(timestamp) OVER (PARTITION BY idcase ORDER BY timestamp) AS next_timestamp, idcase FROM event_log), DurationEvents AS (SELECT activity, (strftime('%s', next_timestamp) - strftime('%s', timestamp)) as duration FROM RankedEvents WHERE next_timestamp IS NOT NULL) SELECT activity, AVG(duration) AS average_duration FROM DurationEvents GROUP BY activity	no_hardness	0
57_11		WITH RankedEvents AS (SELECT id, activity, timestamp, LEAD(timestamp) OVER (PARTITION BY idcase ORDER BY timestamp) AS next_timestamp, idcase FROM event_log), DurationEvents AS (SELECT activity, (strftime('%s', next_timestamp) - strftime('%s', timestamp)) as duration FROM RankedEvents WHERE next_timestamp IS NOT NULL) SELECT activity, AVG(duration) AS average_duration FROM DurationEvents GROUP BY activity	no_hardness	0
57_12	SELECT activity, AVG(TIMESTAMPDIFF(SECOND, LAG(timestamp) OVER (PARTITION BY idcase, activity ORDER BY timestamp), timestamp)) AS mean_duration_seconds FROM event_log GROUP BY activity;	WITH RankedEvents AS (SELECT id, activity, timestamp, LEAD(timestamp) OVER (PARTITION BY idcase ORDER BY timestamp) AS next_timestamp, idcase FROM event_log), DurationEvents AS (SELECT activity, (strftime('%s', next_timestamp) - strftime('%s', timestamp)) as duration FROM RankedEvents WHERE next_timestamp IS NOT NULL) SELECT activity, AVG(duration) AS average_duration FROM DurationEvents GROUP BY activity	no_hardness	0
57_13	SELECT activity, AVG(TIMESTAMPDIFF(SECOND, LAG(timestamp) OVER (PARTITION BY idcase ORDER BY timestamp), timestamp)) AS mean_duration_seconds FROM event_log WHERE LAG(timestamp) OVER (PARTITION BY idcase ORDER BY timestamp) IS NOT NULL GROUP BY activity;	WITH RankedEvents AS (SELECT id, activity, timestamp, LEAD(timestamp) OVER (PARTITION BY idcase ORDER BY timestamp) AS next_timestamp, idcase FROM event_log), DurationEvents AS (SELECT activity, (strftime('%s', next_timestamp) - strftime('%s', timestamp)) as duration FROM RankedEvents WHERE next_timestamp IS NOT NULL) SELECT activity, AVG(duration) AS average_duration FROM DurationEvents GROUP BY activity	no_hardness	0
57_14		WITH RankedEvents AS (SELECT id, activity, timestamp, LEAD(timestamp) OVER (PARTITION BY idcase ORDER BY timestamp) AS next_timestamp, idcase FROM event_log), DurationEvents AS (SELECT activity, (strftime('%s', next_timestamp) - strftime('%s', timestamp)) as duration FROM RankedEvents WHERE next_timestamp IS NOT NULL) SELECT activity, AVG(duration) AS average_duration FROM DurationEvents GROUP BY activity	no_hardness	0
57_15	SELECT activity, ROUND(AVG(TIMESTAMPDIFF(SECOND, L;	WITH RankedEvents AS (SELECT id, activity, timestamp, LEAD(timestamp) OVER (PARTITION BY idcase ORDER BY timestamp) AS next_timestamp, idcase FROM event_log), DurationEvents AS (SELECT activity, (strftime('%s', next_timestamp) - strftime('%s', timestamp)) as duration FROM RankedEvents WHERE next_timestamp IS NOT NULL) SELECT activity, AVG(duration) AS average_duration FROM DurationEvents GROUP BY activity	no_hardness	0
57_16	SELECT activity, AVG(TIMESTAMPDIFF(SECOND, LAG(timestamp) OVER (PARTITION BY activity ORDER BY timestamp), timestamp)) AS mean_duration FROM event_log GROUP BY activity;	WITH RankedEvents AS (SELECT id, activity, timestamp, LEAD(timestamp) OVER (PARTITION BY idcase ORDER BY timestamp) AS next_timestamp, idcase FROM event_log), DurationEvents AS (SELECT activity, (strftime('%s', next_timestamp) - strftime('%s', timestamp)) as duration FROM RankedEvents WHERE next_timestamp IS NOT NULL) SELECT activity, AVG(duration) AS average_duration FROM DurationEvents GROUP BY activity	no_hardness	0
57_17		WITH RankedEvents AS (SELECT id, activity, timestamp, LEAD(timestamp) OVER (PARTITION BY idcase ORDER BY timestamp) AS next_timestamp, idcase FROM event_log), DurationEvents AS (SELECT activity, (strftime('%s', next_timestamp) - strftime('%s', timestamp)) as duration FROM RankedEvents WHERE next_timestamp IS NOT NULL) SELECT activity, AVG(duration) AS average_duration FROM DurationEvents GROUP BY activity	no_hardness	0
57_18		WITH RankedEvents AS (SELECT id, activity, timestamp, LEAD(timestamp) OVER (PARTITION BY idcase ORDER BY timestamp) AS next_timestamp, idcase FROM event_log), DurationEvents AS (SELECT activity, (strftime('%s', next_timestamp) - strftime('%s', timestamp)) as duration FROM RankedEvents WHERE next_timestamp IS NOT NULL) SELECT activity, AVG(duration) AS average_duration FROM DurationEvents GROUP BY activity	no_hardness	0
57_19		WITH RankedEvents AS (SELECT id, activity, timestamp, LEAD(timestamp) OVER (PARTITION BY idcase ORDER BY timestamp) AS next_timestamp, idcase FROM event_log), DurationEvents AS (SELECT activity, (strftime('%s', next_timestamp) - strftime('%s', timestamp)) as duration FROM RankedEvents WHERE next_timestamp IS NOT NULL) SELECT activity, AVG(duration) AS average_duration FROM DurationEvents GROUP BY activity	no_hardness	0
57_20		WITH RankedEvents AS (SELECT id, activity, timestamp, LEAD(timestamp) OVER (PARTITION BY idcase ORDER BY timestamp) AS next_timestamp, idcase FROM event_log), DurationEvents AS (SELECT activity, (strftime('%s', next_timestamp) - strftime('%s', timestamp)) as duration FROM RankedEvents WHERE next_timestamp IS NOT NULL) SELECT activity, AVG(duration) AS average_duration FROM DurationEvents GROUP BY activity	no_hardness	0
57_21		WITH RankedEvents AS (SELECT id, activity, timestamp, LEAD(timestamp) OVER (PARTITION BY idcase ORDER BY timestamp) AS next_timestamp, idcase FROM event_log), DurationEvents AS (SELECT activity, (strftime('%s', next_timestamp) - strftime('%s', timestamp)) as duration FROM RankedEvents WHERE next_timestamp IS NOT NULL) SELECT activity, AVG(duration) AS average_duration FROM DurationEvents GROUP BY activity	no_hardness	0
57_22	SELECT activity, ROUND(AVG(TIMESTAMPDIFF(SECOND, LAG(timestamp) OVER (PARTITION BY activity ORDER BY timestamp), timestamp)) / 3600.0, 2) AS avg_duration_hours FROM event_log GROUP BY activity;	WITH RankedEvents AS (SELECT id, activity, timestamp, LEAD(timestamp) OVER (PARTITION BY idcase ORDER BY timestamp) AS next_timestamp, idcase FROM event_log), DurationEvents AS (SELECT activity, (strftime('%s', next_timestamp) - strftime('%s', timestamp)) as duration FROM RankedEvents WHERE next_timestamp IS NOT NULL) SELECT activity, AVG(duration) AS average_duration FROM DurationEvents GROUP BY activity	no_hardness	0
57_23	WITH event_durations AS ( SELECT id, activity, timestamp, idcase, LAG(timestamp) OVER (PARTITION BY idcase ORDER BY timestamp) AS prev_timestamp FROM event_log ) SELECT activity, AVG(TIMESTAMPDIFF(SECOND, prev_timestamp, timestamp)) AS avg_duration_seconds FROM event_durations WHERE prev_timestamp IS NOT NULL GROUP BY activity ORDER BY avg_duration_seconds DESC;	WITH RankedEvents AS (SELECT id, activity, timestamp, LEAD(timestamp) OVER (PARTITION BY idcase ORDER BY timestamp) AS next_timestamp, idcase FROM event_log), DurationEvents AS (SELECT activity, (strftime('%s', next_timestamp) - strftime('%s', timestamp)) as duration FROM RankedEvents WHERE next_timestamp IS NOT NULL) SELECT activity, AVG(duration) AS average_duration FROM DurationEvents GROUP BY activity	no_hardness	0
57_24	WITH event_durations AS ( SELECT idcase, activity, timestamp, LAG(timestamp) OVER (PARTITION BY idcase, activity ORDER BY timestamp) AS prev_timestamp FROM event_log ), valid_durations AS ( SELECT idcase, activity, timestamp - prev_timestamp AS duration FROM event_durations WHERE prev_timestamp IS NOT NULL ) SELECT activity, ROUND(AVG(duration), 2) AS avg_duration FROM valid_durations GROUP BY activity ORDER BY avg_duration DESC;	WITH RankedEvents AS (SELECT id, activity, timestamp, LEAD(timestamp) OVER (PARTITION BY idcase ORDER BY timestamp) AS next_timestamp, idcase FROM event_log), DurationEvents AS (SELECT activity, (strftime('%s', next_timestamp) - strftime('%s', timestamp)) as duration FROM RankedEvents WHERE next_timestamp IS NOT NULL) SELECT activity, AVG(duration) AS average_duration FROM DurationEvents GROUP BY activity	no_hardness	0
57_25		WITH RankedEvents AS (SELECT id, activity, timestamp, LEAD(timestamp) OVER (PARTITION BY idcase ORDER BY timestamp) AS next_timestamp, idcase FROM event_log), DurationEvents AS (SELECT activity, (strftime('%s', next_timestamp) - strftime('%s', timestamp)) as duration FROM RankedEvents WHERE next_timestamp IS NOT NULL) SELECT activity, AVG(duration) AS average_duration FROM DurationEvents GROUP BY activity	no_hardness	0
58_0	SELECT idcase, SUM(cost) AS total_cost FROM event_log GROUP BY idcase ORDER BY total_cost DESC LIMIT 10;	SELECT idcase FROM event_log GROUP BY idcase HAVING SUM(cost) = (SELECT SUM(cost) FROM event_log  GROUP BY idcase ORDER BY SUM(cost) DESC LIMIT 1) 	hard	0
58_1	SELECT idcase, SUM(cost) as total_cost FROM event_log GROUP BY idcase ORDER BY total_cost DESC LIMIT 10;	SELECT idcase FROM event_log GROUP BY idcase HAVING SUM(cost) = (SELECT SUM(cost) FROM event_log  GROUP BY idcase ORDER BY SUM(cost) DESC LIMIT 1) 	hard	0
58_2	SELECT DISTINCT idcase FROM event_log WHERE cost = (SELECT MAX(cost) FROM event_log);	SELECT idcase FROM event_log GROUP BY idcase HAVING SUM(cost) = (SELECT SUM(cost) FROM event_log  GROUP BY idcase ORDER BY SUM(cost) DESC LIMIT 1) 	hard	0
58_3	SELECT DISTINCT idcase FROM event_log WHERE cost = (SELECT MAX(cost) FROM event_log);	SELECT idcase FROM event_log GROUP BY idcase HAVING SUM(cost) = (SELECT SUM(cost) FROM event_log  GROUP BY idcase ORDER BY SUM(cost) DESC LIMIT 1) 	hard	0
58_4		SELECT idcase FROM event_log GROUP BY idcase HAVING SUM(cost) = (SELECT SUM(cost) FROM event_log  GROUP BY idcase ORDER BY SUM(cost) DESC LIMIT 1) 	hard	0
58_5	SELECT idcase, SUM(cost) AS total_cost FROM event_log GROUP BY idcase ORDER BY total_cost DESC LIMIT 5;	SELECT idcase FROM event_log GROUP BY idcase HAVING SUM(cost) = (SELECT SUM(cost) FROM event_log  GROUP BY idcase ORDER BY SUM(cost) DESC LIMIT 1) 	hard	0
58_6	SELECT idcase, SUM(cost) AS total_cost FROM event_log GROUP BY idcase ORDER BY total_cost DESC LIMIT 10;	SELECT idcase FROM event_log GROUP BY idcase HAVING SUM(cost) = (SELECT SUM(cost) FROM event_log  GROUP BY idcase ORDER BY SUM(cost) DESC LIMIT 1) 	hard	0
59_0	SELECT id, activity, timestamp, resource, cost, idcase FROM event_log ORDER BY cost DESC;	SELECT * FROM event_log WHERE cost = (SELECT MAX(cost) FROM event_log)	hard	0
59_1		SELECT * FROM event_log WHERE cost = (SELECT MAX(cost) FROM event_log)	hard	0
59_2	SELECT * FROM event_log WHERE cost = (SELECT MAX(cost) FROM event_log);	SELECT * FROM event_log WHERE cost = (SELECT MAX(cost) FROM event_log)	hard	1
59_3	SELECT * FROM event_log WHERE cost = (SELECT MAX(cost) FROM event_log);	SELECT * FROM event_log WHERE cost = (SELECT MAX(cost) FROM event_log)	hard	1
59_4	SELECT * FROM event_log WHERE cost = (SELECT MAX(cost) FROM event_log);	SELECT * FROM event_log WHERE cost = (SELECT MAX(cost) FROM event_log)	hard	1
59_5	SELECT * FROM event_log WHERE cost = (SELECT MAX(cost) FROM event_log);	SELECT * FROM event_log WHERE cost = (SELECT MAX(cost) FROM event_log)	hard	1
59_6	SELECT * FROM event_log ORDER BY cost DESC;	SELECT * FROM event_log WHERE cost = (SELECT MAX(cost) FROM event_log)	hard	0
59_7	SELECT * FROM event_log ORDER BY cost DESC;	SELECT * FROM event_log WHERE cost = (SELECT MAX(cost) FROM event_log)	hard	0
59_8	SELECT * FROM event_log WHERE cost = (SELECT MAX(cost) FROM event_log);	SELECT * FROM event_log WHERE cost = (SELECT MAX(cost) FROM event_log)	hard	1
59_9	SELECT id, activity, timestamp, resource, cost, idcase FROM event_log ORDER BY cost DESC;	SELECT * FROM event_log WHERE cost = (SELECT MAX(cost) FROM event_log)	hard	0
59_10	SELECT * FROM event_log ORDER BY cost DESC LIMIT 10;	SELECT * FROM event_log WHERE cost = (SELECT MAX(cost) FROM event_log)	hard	0
59_11	SELECT * FROM event_log WHERE cost = (SELECT MAX(cost) FROM event_log);	SELECT * FROM event_log WHERE cost = (SELECT MAX(cost) FROM event_log)	hard	1
59_12	SELECT * FROM event_log ORDER BY cost DESC LIMIT 10;	SELECT * FROM event_log WHERE cost = (SELECT MAX(cost) FROM event_log)	hard	0
59_13	SELECT * FROM event_log WHERE cost = (SELECT MAX(cost) FROM event_log);	SELECT * FROM event_log WHERE cost = (SELECT MAX(cost) FROM event_log)	hard	1
59_14	SELECT * FROM event_log WHERE cost = (SELECT MAX(cost) FROM event_log);	SELECT * FROM event_log WHERE cost = (SELECT MAX(cost) FROM event_log)	hard	1
59_15	SELECT * FROM event_log WHERE cost = (SELECT MAX(cost) FROM event_log);	SELECT * FROM event_log WHERE cost = (SELECT MAX(cost) FROM event_log)	hard	1
59_16	SELECT DISTINCT activity FROM event_log WHERE cost = (SELECT MAX(cost) FROM event_log);	SELECT * FROM event_log WHERE cost = (SELECT MAX(cost) FROM event_log)	hard	0
60_0	SELECT * FROM event_log WHERE activity = 'start trip';	select * from event_log where activity = 'Start trip'	easy	1
60_1	SELECT id, activity, timestamp, resource, cost, idcase FROM event_log WHERE activity = 'start trip';	select * from event_log where activity = 'Start trip'	easy	1
60_2	SELECT * FROM event_log WHERE activity = 'start trip';	select * from event_log where activity = 'Start trip'	easy	1
60_3	SELECT id, activity, timestamp, resource, cost, idcase FROM event_log WHERE activity = 'start trip';	select * from event_log where activity = 'Start trip'	easy	1
60_4	SELECT * FROM event_log WHERE activity = 'start trip';	select * from event_log where activity = 'Start trip'	easy	1
60_5	SELECT * FROM event_log WHERE activity = 'start trip';	select * from event_log where activity = 'Start trip'	easy	1
60_6	SELECT * FROM event_log WHERE activity = 'start trip';	select * from event_log where activity = 'Start trip'	easy	1
60_7	SELECT * FROM event_log WHERE activity = 'start trip';	select * from event_log where activity = 'Start trip'	easy	1
60_8	SELECT * FROM event_log WHERE activity = 'start trip';	select * from event_log where activity = 'Start trip'	easy	1
60_9	SELECT * FROM event_log WHERE activity = 'start trip';	select * from event_log where activity = 'Start trip'	easy	1
60_10	SELECT id, activity, timestamp, resource, cost, idcase FROM event_log WHERE activity = 'start trip';	select * from event_log where activity = 'Start trip'	easy	1
60_11	SELECT * FROM event_log WHERE activity = 'start trip';	select * from event_log where activity = 'Start trip'	easy	1
60_12	SELECT * FROM event_log WHERE activity = 'start trip';	select * from event_log where activity = 'Start trip'	easy	1
60_13	SELECT * FROM event_log WHERE activity = 'start trip';	select * from event_log where activity = 'Start trip'	easy	1
60_14	SELECT * FROM event_log WHERE activity = 'start trip';	select * from event_log where activity = 'Start trip'	easy	1
60_15	SELECT id, activity, timestamp, resource, cost, idcase FROM event_log WHERE activity = 'start trip';	select * from event_log where activity = 'Start trip'	easy	1
60_16	SELECT * FROM event_log WHERE LOWER(activity) LIKE '%start%' AND LOWER(activity) LIKE '%trip%';	select * from event_log where activity = 'Start trip'	easy	1
60_17		select * from event_log where activity = 'Start trip'	easy	0
61_0	SELECT activity, COUNT(*) AS total_records FROM event_log GROUP BY activity;	select activity, count(*) from event_log group by activity	medium	1
61_1	SELECT activity, COUNT(*) AS total_performances FROM event_log GROUP BY activity;	select activity, count(*) from event_log group by activity	medium	1
61_2	SELECT activity, COUNT(*) AS total_performances FROM event_log GROUP BY activity;	select activity, count(*) from event_log group by activity	medium	1
61_3	SELECT activity, COUNT(*) AS event_count FROM event_log GROUP BY activity;	select activity, count(*) from event_log group by activity	medium	1
61_4	SELECT activity, COUNT(*) AS frequency FROM event_log GROUP BY activity ORDER BY frequency DESC;	select activity, count(*) from event_log group by activity	medium	1
61_5	SELECT activity, COUNT(*) AS performances FROM event_log GROUP BY activity;	select activity, count(*) from event_log group by activity	medium	1
61_6	SELECT activity, COUNT(*) AS event_count FROM event_log GROUP BY activity;	select activity, count(*) from event_log group by activity	medium	1
61_7	SELECT activity, COUNT(*) AS event_count FROM event_log GROUP BY activity;	select activity, count(*) from event_log group by activity	medium	1
61_8	SELECT activity, COUNT(*) AS event_count FROM event_log GROUP BY activity;	select activity, count(*) from event_log group by activity	medium	1
61_9	SELECT activity, COUNT(*) AS event_count FROM event_log GROUP BY activity;	select activity, count(*) from event_log group by activity	medium	1
61_10	SELECT activity, COUNT(*) AS event_count FROM event_log GROUP BY activity;	select activity, count(*) from event_log group by activity	medium	1
61_11	SELECT activity, COUNT(*) AS event_count FROM event_log GROUP BY activity;	select activity, count(*) from event_log group by activity	medium	1
61_12	SELECT activity, COUNT(*) AS total_performances FROM event_log GROUP BY activity;	select activity, count(*) from event_log group by activity	medium	1
61_13	SELECT activity, COUNT(*) AS total_performances FROM event_log GROUP BY activity;	select activity, count(*) from event_log group by activity	medium	1
61_14	SELECT activity, COUNT(*) AS event_count FROM event_log GROUP BY activity;	select activity, count(*) from event_log group by activity	medium	1
61_15	SELECT activity, COUNT(*) as frequency FROM event_log GROUP BY activity;	select activity, count(*) from event_log group by activity	medium	1
61_16	SELECT activity, COUNT(*) AS performance_count FROM event_log GROUP BY activity ORDER BY performance_count DESC;	select activity, count(*) from event_log group by activity	medium	1
61_17	SELECT activity, COUNT(*) AS intervention_count FROM event_log GROUP BY activity ORDER BY intervention_count DESC;	select activity, count(*) from event_log group by activity	medium	1
61_18	SELECT activity, COUNT(*) AS times_performed FROM event_log GROUP BY activity ORDER BY times_performed DESC;	select activity, count(*) from event_log group by activity	medium	1
61_19	SELECT activity, COUNT(*) AS intervention_count FROM event_log GROUP BY activity ORDER BY intervention_count DESC;	select activity, count(*) from event_log group by activity	medium	1
61_20	SELECT activity, COUNT(*) AS intervention_count FROM event_log GROUP BY activity ORDER BY intervention_count DESC;	select activity, count(*) from event_log group by activity	medium	1
61_21	SELECT activity, COUNT(*) AS intervention_count FROM event_log GROUP BY activity ORDER BY intervention_count DESC;	select activity, count(*) from event_log group by activity	medium	1
61_22	SELECT activity, COUNT(*) AS intervention_count FROM event_log GROUP BY activity ORDER BY intervention_count DESC;	select activity, count(*) from event_log group by activity	medium	1
61_23		select activity, count(*) from event_log group by activity	medium	0
62_0	SELECT cost, activity FROM event_log ORDER BY cost;	select cost, activity from event_log order by cost	medium	1
62_1	SELECT cost, activity FROM event_log ORDER BY cost;	select cost, activity from event_log order by cost	medium	1
62_2	SELECT cost, activity FROM event_log ORDER BY cost;	select cost, activity from event_log order by cost	medium	1
62_3	SELECT cost, activity FROM event_log ORDER BY cost;	select cost, activity from event_log order by cost	medium	1
62_4	SELECT cost, activity FROM event_log ORDER BY cost;	select cost, activity from event_log order by cost	medium	1
62_5	SELECT cost, activity FROM event_log ORDER BY cost;	select cost, activity from event_log order by cost	medium	1
62_6	SELECT activity, SUM(cost) AS total_cost FROM event_log GROUP BY activity ORDER BY total_cost DESC;	select cost, activity from event_log order by cost	medium	0
62_7	SELECT activity, SUM(cost) AS total_cost, COUNT(*) AS task_count FROM event_log WHERE LOWER(activity) LIKE '%declaration%' GROUP BY activity ORDER BY total_cost DESC;	select cost, activity from event_log order by cost	medium	0
63_0	SELECT * FROM event_log WHERE activity = 'permit';	SELECT * FROM event_log WHERE activity LIKE '%Permit%'	medium	0
63_1	SELECT * FROM event_log WHERE activity = 'permit';	SELECT * FROM event_log WHERE activity LIKE '%Permit%'	medium	0
63_2	SELECT * FROM event_log WHERE activity = 'permit';	SELECT * FROM event_log WHERE activity LIKE '%Permit%'	medium	0
63_3	SELECT id, activity, timestamp, resource, cost, idcase FROM event_log WHERE activity = 'permit';	SELECT * FROM event_log WHERE activity LIKE '%Permit%'	medium	0
63_4	SELECT * FROM event_log WHERE activity = 'permit';	SELECT * FROM event_log WHERE activity LIKE '%Permit%'	medium	0
63_5	SELECT * FROM event_log WHERE activity = 'permit';	SELECT * FROM event_log WHERE activity LIKE '%Permit%'	medium	0
63_6	SELECT id, activity, timestamp, resource, cost, idcase FROM event_log WHERE activity = 'permit';	SELECT * FROM event_log WHERE activity LIKE '%Permit%'	medium	0
63_7	SELECT COUNT(*) AS event_count, AVG(cost) AS avg_cost, MIN(timestamp) AS earliest_timestamp, MAX(timestamp) AS latest_timestamp, GROUP_CONCAT(DISTINCT resource) AS resources, GROUP_CONCAT(DISTINCT idcase) AS cases FROM event_log WHERE activity = 'permit';	SELECT * FROM event_log WHERE activity LIKE '%Permit%'	medium	0
63_8	SELECT * FROM event_log WHERE activity = 'permit';	SELECT * FROM event_log WHERE activity LIKE '%Permit%'	medium	0
63_9	SELECT * FROM event_log WHERE activity = 'permit';	SELECT * FROM event_log WHERE activity LIKE '%Permit%'	medium	0
63_10		SELECT * FROM event_log WHERE activity LIKE '%Permit%'	medium	0
63_11	SELECT activity, timestamp, resource, cost, idcase FROM event_log WHERE LOWER(activity) LIKE '%permit%' OR LOWER(activity) LIKE '%intervention%';	SELECT * FROM event_log WHERE activity LIKE '%Permit%'	medium	0
64_0	SELECT MAX(cost) FROM event_log;	SELECT MAX(cost) FROM event_log	easy	1
64_1	SELECT MAX(cost) FROM event_log;	SELECT MAX(cost) FROM event_log	easy	1
64_2	SELECT MAX(cost) FROM event_log;	SELECT MAX(cost) FROM event_log	easy	1
64_3	SELECT MAX(cost) FROM event_log;	SELECT MAX(cost) FROM event_log	easy	1
64_4	SELECT MAX(cost) FROM event_log;	SELECT MAX(cost) FROM event_log	easy	1
64_5	SELECT MAX(cost) FROM event_log;	SELECT MAX(cost) FROM event_log	easy	1
65_0	SELECT idcase FROM ( SELECT idcase, resource FROM event_log WHERE resource IN ('Sara', 'Thomas') ) t GROUP BY idcase HAVING COUNT(DISTINCT resource) = 2;	SELECT idcase FROM event_log WHERE resource = 'Sara' INTERSECT SELECT idcase FROM event_log WHERE resource = 'Thomas'	hard	1
65_1	SELECT idcase FROM event_log WHERE resource IN ('Sara', 'Thomas') GROUP BY idcase HAVING COUNT(DISTINCT resource) = 2;	SELECT idcase FROM event_log WHERE resource = 'Sara' INTERSECT SELECT idcase FROM event_log WHERE resource = 'Thomas'	hard	1
65_2	SELECT DISTINCT idcase FROM event_log WHERE resource IN ('Sara', 'Thomas');	SELECT idcase FROM event_log WHERE resource = 'Sara' INTERSECT SELECT idcase FROM event_log WHERE resource = 'Thomas'	hard	0
65_3	SELECT idcase FROM event_log WHERE resource = 'Sara' INTERSECT SELECT idcase FROM event_log WHERE resource = 'Thomas';	SELECT idcase FROM event_log WHERE resource = 'Sara' INTERSECT SELECT idcase FROM event_log WHERE resource = 'Thomas'	hard	1
65_4	SELECT idcase FROM event_log WHERE resource = 'Sara' INTERSECT SELECT idcase FROM event_log WHERE resource = 'Thomas';	SELECT idcase FROM event_log WHERE resource = 'Sara' INTERSECT SELECT idcase FROM event_log WHERE resource = 'Thomas'	hard	1
65_5	SELECT idcase FROM event_log WHERE resource IN ('Sara','Thomas') GROUP BY idcase HAVING COUNT(DISTINCT resource) = 2;	SELECT idcase FROM event_log WHERE resource = 'Sara' INTERSECT SELECT idcase FROM event_log WHERE resource = 'Thomas'	hard	1
66_0	SELECT resource, COUNT(*) AS activity_count FROM event_log WHERE activity = 'declaration rejected by administration' GROUP BY resource;	SELECT COUNT(*), resource FROM event_log WHERE activity = 'Declaration rejected by administration' GROUP BY resource	medium	0
66_1	SELECT resource, COUNT(*) AS activity_count FROM event_log WHERE activity = 'declaration rejected by administration' GROUP BY resource;	SELECT COUNT(*), resource FROM event_log WHERE activity = 'Declaration rejected by administration' GROUP BY resource	medium	0
66_2	SELECT resource, COUNT(*) AS activity_count FROM event_log WHERE activity = 'declaration rejected by administration' GROUP BY resource;	SELECT COUNT(*), resource FROM event_log WHERE activity = 'Declaration rejected by administration' GROUP BY resource	medium	0
66_3	SELECT resource, COUNT(*) AS activity_count FROM event_log WHERE activity = 'declaration rejected by administration' GROUP BY resource;	SELECT COUNT(*), resource FROM event_log WHERE activity = 'Declaration rejected by administration' GROUP BY resource	medium	0
66_4	SELECT resource, COUNT(*) AS instance_count FROM event_log WHERE activity = 'declaration rejected by administration' GROUP BY resource ORDER BY resource;	SELECT COUNT(*), resource FROM event_log WHERE activity = 'Declaration rejected by administration' GROUP BY resource	medium	0
66_5	SELECT resource, COUNT(*) AS occurrence_count FROM event_log WHERE activity = 'declaration rejected by administration' GROUP BY resource;	SELECT COUNT(*), resource FROM event_log WHERE activity = 'Declaration rejected by administration' GROUP BY resource	medium	0
66_6	SELECT resource, COUNT(*) AS occurrence_count FROM event_log WHERE activity = 'declaration rejected by administration' GROUP BY resource;	SELECT COUNT(*), resource FROM event_log WHERE activity = 'Declaration rejected by administration' GROUP BY resource	medium	0
66_7	SELECT resource, COUNT(*) AS instance_count FROM event_log WHERE activity = 'declaration rejected by administration' GROUP BY resource;	SELECT COUNT(*), resource FROM event_log WHERE activity = 'Declaration rejected by administration' GROUP BY resource	medium	0
66_8	SELECT resource, COUNT(*) AS occurrence_count FROM event_log WHERE activity = 'declaration rejected by administration' GROUP BY resource;	SELECT COUNT(*), resource FROM event_log WHERE activity = 'Declaration rejected by administration' GROUP BY resource	medium	0
66_9	SELECT resource, COUNT(*) AS event_count FROM event_log WHERE activity = 'declaration rejected by administration' GROUP BY resource;	SELECT COUNT(*), resource FROM event_log WHERE activity = 'Declaration rejected by administration' GROUP BY resource	medium	0
66_10		SELECT COUNT(*), resource FROM event_log WHERE activity = 'Declaration rejected by administration' GROUP BY resource	medium	0
67_0	SELECT resource, idcase, COUNT(*) AS activity_count FROM event_log WHERE activity = 'declaration rejected by administration' GROUP BY resource, idcase;	SELECT COUNT(*), resource, idcase FROM event_log WHERE activity = 'Declaration rejected by administration'  GROUP BY idcase, resource	extra	0
67_1	SELECT resource, idcase, COUNT(*) as activity_count FROM event_log WHERE activity = 'declaration rejected by administration' GROUP BY resource, idcase;	SELECT COUNT(*), resource, idcase FROM event_log WHERE activity = 'Declaration rejected by administration'  GROUP BY idcase, resource	extra	0
67_2	SELECT resource, idcase, COUNT(*) AS activity_count FROM event_log WHERE activity = 'declaration rejected by administration' GROUP BY resource, idcase;	SELECT COUNT(*), resource, idcase FROM event_log WHERE activity = 'Declaration rejected by administration'  GROUP BY idcase, resource	extra	0
67_3	SELECT resource, idcase, COUNT(*) AS instance_count FROM event_log WHERE activity = 'declaration rejected by administration' GROUP BY resource, idcase;	SELECT COUNT(*), resource, idcase FROM event_log WHERE activity = 'Declaration rejected by administration'  GROUP BY idcase, resource	extra	0
67_4	SELECT resource, idcase, COUNT(*) as occurrence_count FROM event_log WHERE activity = 'declaration rejected by administration' GROUP BY resource, idcase;	SELECT COUNT(*), resource, idcase FROM event_log WHERE activity = 'Declaration rejected by administration'  GROUP BY idcase, resource	extra	0
67_5	SELECT resource, idcase, COUNT(*) as occurrence_count FROM event_log WHERE activity = 'declaration rejected by administration' GROUP BY resource, idcase;	SELECT COUNT(*), resource, idcase FROM event_log WHERE activity = 'Declaration rejected by administration'  GROUP BY idcase, resource	extra	0
67_6	SELECT resource, idcase, COUNT(*) AS instance_count FROM event_log WHERE activity = 'declaration rejected by administration' GROUP BY resource, idcase;	SELECT COUNT(*), resource, idcase FROM event_log WHERE activity = 'Declaration rejected by administration'  GROUP BY idcase, resource	extra	0
67_7	SELECT resource, idcase, COUNT(*) as occurrence_count FROM event_log WHERE activity = 'declaration rejected by administration' GROUP BY resource, idcase ORDER BY resource, idcase;	SELECT COUNT(*), resource, idcase FROM event_log WHERE activity = 'Declaration rejected by administration'  GROUP BY idcase, resource	extra	0
67_8	SELECT resource, idcase, COUNT(*) AS event_count FROM event_log WHERE activity = 'declaration rejected by administration' GROUP BY resource, idcase;	SELECT COUNT(*), resource, idcase FROM event_log WHERE activity = 'Declaration rejected by administration'  GROUP BY idcase, resource	extra	0
67_9		SELECT COUNT(*), resource, idcase FROM event_log WHERE activity = 'Declaration rejected by administration'  GROUP BY idcase, resource	extra	0
68_0	SELECT AVG(cost) AS average_cost FROM event_log WHERE activity NOT IN ('start trip', 'end trip');	SELECT AVG(cost) FROM event_log WHERE activity != 'Start trip' AND activity != 'End trip'	medium	1
68_1	SELECT AVG(cost) AS average_cost FROM event_log WHERE activity NOT IN ('start trip', 'end trip');	SELECT AVG(cost) FROM event_log WHERE activity != 'Start trip' AND activity != 'End trip'	medium	1
68_2	SELECT AVG(cost) AS mean_cost FROM event_log WHERE activity != 'start trip' AND activity != 'end trip';	SELECT AVG(cost) FROM event_log WHERE activity != 'Start trip' AND activity != 'End trip'	medium	1
68_3	SELECT AVG(cost) AS average_cost FROM event_log WHERE activity NOT IN ('start trip', 'end trip');	SELECT AVG(cost) FROM event_log WHERE activity != 'Start trip' AND activity != 'End trip'	medium	1
68_4	SELECT AVG(cost) AS mean_cost FROM event_log WHERE activity NOT IN ('start trip', 'end trip');	SELECT AVG(cost) FROM event_log WHERE activity != 'Start trip' AND activity != 'End trip'	medium	1
68_5	SELECT AVG(cost) AS average_cost FROM event_log WHERE activity NOT IN ('start trip', 'end trip');	SELECT AVG(cost) FROM event_log WHERE activity != 'Start trip' AND activity != 'End trip'	medium	1
68_6	SELECT AVG(cost) AS mean_cost FROM event_log WHERE activity != 'start trip' AND activity != 'end trip';	SELECT AVG(cost) FROM event_log WHERE activity != 'Start trip' AND activity != 'End trip'	medium	1
68_7	SELECT AVG(cost) AS average_cost FROM event_log WHERE activity NOT IN ('start trip', 'end trip');	SELECT AVG(cost) FROM event_log WHERE activity != 'Start trip' AND activity != 'End trip'	medium	1
68_8	SELECT AVG(cost) AS average_cost FROM event_log WHERE activity NOT IN ('start trip', 'end trip');	SELECT AVG(cost) FROM event_log WHERE activity != 'Start trip' AND activity != 'End trip'	medium	1
68_9	SELECT AVG(cost) FROM event_log WHERE activity NOT IN ('beginning', 'end');	SELECT AVG(cost) FROM event_log WHERE activity != 'Start trip' AND activity != 'End trip'	medium	0
69_0	SELECT id, activity, timestamp, resource, cost, idcase FROM event_log ORDER BY cost DESC LIMIT 5;	SELECT * FROM event_log WHERE cost IN (SELECT DISTINCT cost FROM event_log ORDER BY cost DESC LIMIT 5)	hard	0
69_1	SELECT * FROM event_log ORDER BY cost DESC LIMIT 5;	SELECT * FROM event_log WHERE cost IN (SELECT DISTINCT cost FROM event_log ORDER BY cost DESC LIMIT 5)	hard	0
69_2	SELECT id, activity, timestamp, resource, cost, idcase FROM event_log ORDER BY cost DESC LIMIT 5;	SELECT * FROM event_log WHERE cost IN (SELECT DISTINCT cost FROM event_log ORDER BY cost DESC LIMIT 5)	hard	0
69_3	SELECT * FROM event_log ORDER BY cost DESC LIMIT 5;	SELECT * FROM event_log WHERE cost IN (SELECT DISTINCT cost FROM event_log ORDER BY cost DESC LIMIT 5)	hard	0
69_4	SELECT * FROM event_log ORDER BY cost DESC LIMIT 5;	SELECT * FROM event_log WHERE cost IN (SELECT DISTINCT cost FROM event_log ORDER BY cost DESC LIMIT 5)	hard	0
69_5	SELECT id, activity, timestamp, resource, cost, idcase FROM event_log ORDER BY cost DESC LIMIT 5;	SELECT * FROM event_log WHERE cost IN (SELECT DISTINCT cost FROM event_log ORDER BY cost DESC LIMIT 5)	hard	0
69_6	SELECT * FROM event_log ORDER BY cost DESC LIMIT 5;	SELECT * FROM event_log WHERE cost IN (SELECT DISTINCT cost FROM event_log ORDER BY cost DESC LIMIT 5)	hard	0
69_7	SELECT activity, SUM(cost) AS total_cost, COUNT(*) AS event_count FROM event_log GROUP BY activity ORDER BY total_cost DESC LIMIT 5;	SELECT * FROM event_log WHERE cost IN (SELECT DISTINCT cost FROM event_log ORDER BY cost DESC LIMIT 5)	hard	0
69_8	SELECT * FROM event_log ORDER BY cost DESC LIMIT 5;	SELECT * FROM event_log WHERE cost IN (SELECT DISTINCT cost FROM event_log ORDER BY cost DESC LIMIT 5)	hard	0
69_9	SELECT id, activity, timestamp, resource, cost, idcase FROM event_log ORDER BY cost DESC LIMIT 5;	SELECT * FROM event_log WHERE cost IN (SELECT DISTINCT cost FROM event_log ORDER BY cost DESC LIMIT 5)	hard	0
69_10	SELECT * FROM event_log ORDER BY cost DESC LIMIT 5;	SELECT * FROM event_log WHERE cost IN (SELECT DISTINCT cost FROM event_log ORDER BY cost DESC LIMIT 5)	hard	0
69_11	SELECT id, activity, cost, timestamp, resource FROM event_log ORDER BY cost DESC LIMIT 5;	SELECT * FROM event_log WHERE cost IN (SELECT DISTINCT cost FROM event_log ORDER BY cost DESC LIMIT 5)	hard	0
69_12	SELECT id, activity, timestamp, resource, cost, idcase FROM event_log ORDER BY cost DESC LIMIT 5;	SELECT * FROM event_log WHERE cost IN (SELECT DISTINCT cost FROM event_log ORDER BY cost DESC LIMIT 5)	hard	0
69_13	SELECT * FROM event_log ORDER BY cost DESC LIMIT 5;	SELECT * FROM event_log WHERE cost IN (SELECT DISTINCT cost FROM event_log ORDER BY cost DESC LIMIT 5)	hard	0
69_14	SELECT id, activity, timestamp, resource, cost, idcase FROM event_log ORDER BY cost DESC LIMIT 5;	SELECT * FROM event_log WHERE cost IN (SELECT DISTINCT cost FROM event_log ORDER BY cost DESC LIMIT 5)	hard	0
69_15	SELECT activity, SUM(cost) AS total_cost FROM event_log GROUP BY activity ORDER BY total_cost DESC LIMIT 5;	SELECT * FROM event_log WHERE cost IN (SELECT DISTINCT cost FROM event_log ORDER BY cost DESC LIMIT 5)	hard	0
71_0	SELECT idcase FROM event_log GROUP BY idcase HAVING COUNT(*) > 1;	SELECT idcase FROM event_log GROUP BY idcase HAVING COUNT(*) > 1	easy	1
71_1	SELECT idcase FROM event_log GROUP BY idcase HAVING COUNT(*) > 1;	SELECT idcase FROM event_log GROUP BY idcase HAVING COUNT(*) > 1	easy	1
71_2	SELECT idcase, COUNT(*) as event_count FROM event_log GROUP BY idcase HAVING COUNT(*) > 1;	SELECT idcase FROM event_log GROUP BY idcase HAVING COUNT(*) > 1	easy	0
71_3	SELECT idcase FROM event_log GROUP BY idcase HAVING COUNT(*) > 1;	SELECT idcase FROM event_log GROUP BY idcase HAVING COUNT(*) > 1	easy	1
71_4	SELECT idcase, COUNT(*) AS event_count FROM event_log GROUP BY idcase HAVING COUNT(*) > 1;	SELECT idcase FROM event_log GROUP BY idcase HAVING COUNT(*) > 1	easy	0
71_5	SELECT idcase FROM event_log GROUP BY idcase HAVING COUNT(*) > 1;	SELECT idcase FROM event_log GROUP BY idcase HAVING COUNT(*) > 1	easy	1
72_0	SELECT idcase, activity, COUNT(*) AS occurrence_count FROM event_log GROUP BY idcase, activity HAVING COUNT(*) > 1;	SELECT DISTINCT idcase FROM event_log GROUP BY idcase, activity HAVING COUNT(*) > 1	medium	0
72_1	SELECT idcase FROM event_log GROUP BY idcase HAVING COUNT(*) > 1;	SELECT DISTINCT idcase FROM event_log GROUP BY idcase, activity HAVING COUNT(*) > 1	medium	0
72_2	SELECT idcase, activity, COUNT(*) AS occurrence_count FROM event_log GROUP BY idcase, activity HAVING COUNT(*) > 1;	SELECT DISTINCT idcase FROM event_log GROUP BY idcase, activity HAVING COUNT(*) > 1	medium	0
72_3		SELECT DISTINCT idcase FROM event_log GROUP BY idcase, activity HAVING COUNT(*) > 1	medium	0
72_4		SELECT DISTINCT idcase FROM event_log GROUP BY idcase, activity HAVING COUNT(*) > 1	medium	0
73_0	SELECT * FROM event_log WHERE timestamp >= '2018-10-01 00:00:00' AND timestamp < '2018-10-03 00:00:00';	SELECT * FROM event_log WHERE timestamp BETWEEN '2018-10-01' AND '2018-10-03'	easy	1
73_1		SELECT * FROM event_log WHERE timestamp BETWEEN '2018-10-01' AND '2018-10-03'	easy	0
73_2	SELECT * FROM event_log WHERE DATE(timestamp) IN ('2018-10-01', '2018-10-02');	SELECT * FROM event_log WHERE timestamp BETWEEN '2018-10-01' AND '2018-10-03'	easy	1
73_3	SELECT * FROM event_log WHERE DATE(timestamp) IN ('2018-10-01','2018-10-02');	SELECT * FROM event_log WHERE timestamp BETWEEN '2018-10-01' AND '2018-10-03'	easy	1
73_4	SELECT * FROM event_log WHERE DATE(timestamp) IN ('2018-10-01', '2018-10-02');	SELECT * FROM event_log WHERE timestamp BETWEEN '2018-10-01' AND '2018-10-03'	easy	1
73_5	SELECT * FROM event_log WHERE DATE(timestamp) IN ('2018-10-01', '2018-10-02');	SELECT * FROM event_log WHERE timestamp BETWEEN '2018-10-01' AND '2018-10-03'	easy	1
73_6	SELECT id, activity, timestamp, resource, cost, idcase FROM event_log WHERE timestamp >= '2018-10-01 00:00:00' AND timestamp < '2018-10-03 00:00:00';	SELECT * FROM event_log WHERE timestamp BETWEEN '2018-10-01' AND '2018-10-03'	easy	1
73_7	SELECT * FROM event_log WHERE DATE(timestamp) IN ('2018-10-01', '2018-10-02');	SELECT * FROM event_log WHERE timestamp BETWEEN '2018-10-01' AND '2018-10-03'	easy	1
73_8	SELECT id, activity, timestamp, resource, cost, idcase FROM event_log WHERE timestamp BETWEEN '2018-10-01' AND '2018-10-02';	SELECT * FROM event_log WHERE timestamp BETWEEN '2018-10-01' AND '2018-10-03'	easy	0
73_9	SELECT * FROM event_log WHERE timestamp >= '2018-10-01 00:00:00' AND timestamp < '2018-10-03 00:00:00';	SELECT * FROM event_log WHERE timestamp BETWEEN '2018-10-01' AND '2018-10-03'	easy	1
73_10	SELECT * FROM event_log WHERE DATE(timestamp) IN ('2018-10-01', '2018-10-02');	SELECT * FROM event_log WHERE timestamp BETWEEN '2018-10-01' AND '2018-10-03'	easy	1
73_11	SELECT id, activity, timestamp, resource, cost, idcase FROM event_log WHERE DATE(timestamp) IN ('2018-10-01', '2018-10-02');	SELECT * FROM event_log WHERE timestamp BETWEEN '2018-10-01' AND '2018-10-03'	easy	1
73_12	SELECT * FROM event_log WHERE DATE(timestamp) IN ('2018-10-01', '2018-10-02');	SELECT * FROM event_log WHERE timestamp BETWEEN '2018-10-01' AND '2018-10-03'	easy	1
73_13	SELECT * FROM event_log WHERE timestamp >= '2018-10-01 00:00:00' AND timestamp < '2018-10-03 00:00:00';	SELECT * FROM event_log WHERE timestamp BETWEEN '2018-10-01' AND '2018-10-03'	easy	1
73_14	SELECT * FROM event_log WHERE timestamp >= '2018-10-01 00:00:00' AND timestamp < '2018-10-03 00:00:00';	SELECT * FROM event_log WHERE timestamp BETWEEN '2018-10-01' AND '2018-10-03'	easy	1
73_15	SELECT * FROM event_log WHERE DATE(timestamp) IN ('2018-10-01', '2018-10-02');	SELECT * FROM event_log WHERE timestamp BETWEEN '2018-10-01' AND '2018-10-03'	easy	1
73_16	SELECT activity, timestamp, resource, cost, idcase FROM event_log WHERE timestamp BETWEEN '2018-10-01 00:00:00' AND '2018-10-02 23:59:59';	SELECT * FROM event_log WHERE timestamp BETWEEN '2018-10-01' AND '2018-10-03'	easy	0
73_17	SELECT activity FROM event_log WHERE timestamp >= '2018-10-01 00:00:00' AND timestamp < '2018-10-03 00:00:00';	SELECT * FROM event_log WHERE timestamp BETWEEN '2018-10-01' AND '2018-10-03'	easy	0
73_18	SELECT activity FROM event_log WHERE timestamp BETWEEN '2018-10-01 00:00:00' AND '2018-10-02 23:59:59';	SELECT * FROM event_log WHERE timestamp BETWEEN '2018-10-01' AND '2018-10-03'	easy	0
75_0	SELECT * FROM event_log WHERE resource LIKE 'M%';	SELECT * FROM event_log WHERE resource LIKE 'M%'	medium	1
75_1	SELECT * FROM event_log WHERE resource LIKE 'M%';	SELECT * FROM event_log WHERE resource LIKE 'M%'	medium	1
75_2	SELECT * FROM event_log WHERE resource LIKE 'M%';	SELECT * FROM event_log WHERE resource LIKE 'M%'	medium	1
75_3	SELECT * FROM event_log WHERE resource LIKE 'M%';	SELECT * FROM event_log WHERE resource LIKE 'M%'	medium	1
75_4	SELECT * FROM event_log WHERE resource LIKE 'M%';	SELECT * FROM event_log WHERE resource LIKE 'M%'	medium	1
75_5		SELECT * FROM event_log WHERE resource LIKE 'M%'	medium	0
75_6		SELECT * FROM event_log WHERE resource LIKE 'M%'	medium	0
75_7	SELECT * FROM event_log WHERE resource LIKE 'M%';	SELECT * FROM event_log WHERE resource LIKE 'M%'	medium	1
76_0	SELECT activity, COUNT(*) AS occurrence_count FROM event_log GROUP BY activity HAVING COUNT(*) > 5 ORDER BY occurrence_count DESC;	SELECT activity FROM event_log GROUP BY activity HAVING COUNT(*) > 5	easy	0
76_1	SELECT activity, COUNT(*) as record_count FROM event_log GROUP BY activity HAVING COUNT(*) > 5 ORDER BY record_count DESC;	SELECT activity FROM event_log GROUP BY activity HAVING COUNT(*) > 5	easy	0
76_2	SELECT activity, COUNT(*) AS occurrence_count FROM event_log GROUP BY activity HAVING COUNT(*) > 5;	SELECT activity FROM event_log GROUP BY activity HAVING COUNT(*) > 5	easy	0
76_3	SELECT activity, COUNT(*) AS occurrence_count FROM event_log GROUP BY activity HAVING COUNT(*) > 5;	SELECT activity FROM event_log GROUP BY activity HAVING COUNT(*) > 5	easy	0
76_4	SELECT activity FROM event_log GROUP BY activity HAVING COUNT(*) > 5;	SELECT activity FROM event_log GROUP BY activity HAVING COUNT(*) > 5	easy	1
76_5	SELECT activity FROM event_log GROUP BY activity HAVING COUNT(*) > 5;	SELECT activity FROM event_log GROUP BY activity HAVING COUNT(*) > 5	easy	1
76_6	SELECT activity FROM event_log GROUP BY activity HAVING COUNT(*) > 5;	SELECT activity FROM event_log GROUP BY activity HAVING COUNT(*) > 5	easy	1
76_7	SELECT activity FROM event_log GROUP BY activity HAVING COUNT(*) > 5;	SELECT activity FROM event_log GROUP BY activity HAVING COUNT(*) > 5	easy	1
76_8	SELECT activity, COUNT(*) as occurrences FROM event_log GROUP BY activity HAVING COUNT(*) > 5;	SELECT activity FROM event_log GROUP BY activity HAVING COUNT(*) > 5	easy	0
76_9	SELECT activity, COUNT(*) as event_count FROM event_log GROUP BY activity HAVING COUNT(*) > 5;	SELECT activity FROM event_log GROUP BY activity HAVING COUNT(*) > 5	easy	0
76_10	SELECT activity, COUNT(*) as occurrence_count FROM event_log GROUP BY activity HAVING COUNT(*) > 5;	SELECT activity FROM event_log GROUP BY activity HAVING COUNT(*) > 5	easy	0
76_11	SELECT activity, COUNT(*) AS cnt FROM event_log GROUP BY activity HAVING COUNT(*) > 5 ORDER BY cnt DESC;	SELECT activity FROM event_log GROUP BY activity HAVING COUNT(*) > 5	easy	0
77_0	SELECT activity, idcase, COUNT(*) AS occurrences FROM event_log GROUP BY activity, idcase HAVING COUNT(*) > 3;	SELECT DISTINCT activity FROM event_log GROUP BY activity, idcase HAVING count(activity) > 3	medium	0
77_1	SELECT activity, idcase, COUNT(*) AS occurrence_count FROM event_log GROUP BY activity, idcase HAVING COUNT(*) > 3 ORDER BY activity, idcase;	SELECT DISTINCT activity FROM event_log GROUP BY activity, idcase HAVING count(activity) > 3	medium	0
77_2		SELECT DISTINCT activity FROM event_log GROUP BY activity, idcase HAVING count(activity) > 3	medium	0
77_3	SELECT DISTINCT activity FROM event_log GROUP BY activity, idcase HAVING COUNT(*) > 3;	SELECT DISTINCT activity FROM event_log GROUP BY activity, idcase HAVING count(activity) > 3	medium	1
77_4	SELECT activity FROM event_log GROUP BY activity, idcase HAVING COUNT(*) > 3;	SELECT DISTINCT activity FROM event_log GROUP BY activity, idcase HAVING count(activity) > 3	medium	0
77_5	SELECT activity FROM event_log GROUP BY activity, idcase HAVING COUNT(id) > 3;	SELECT DISTINCT activity FROM event_log GROUP BY activity, idcase HAVING count(activity) > 3	medium	0
77_6	SELECT DISTINCT activity FROM event_log GROUP BY activity, idcase HAVING COUNT(*) > 3;	SELECT DISTINCT activity FROM event_log GROUP BY activity, idcase HAVING count(activity) > 3	medium	1
77_7	SELECT activity, idcase, COUNT(*) as occurrence_count FROM event_log GROUP BY activity, idcase HAVING COUNT(*) > 3 ORDER BY activity, idcase;	SELECT DISTINCT activity FROM event_log GROUP BY activity, idcase HAVING count(activity) > 3	medium	0
77_8	SELECT activity, idcase, COUNT(*) as event_count FROM event_log GROUP BY activity, idcase HAVING COUNT(*) > 3 ORDER BY activity, idcase;	SELECT DISTINCT activity FROM event_log GROUP BY activity, idcase HAVING count(activity) > 3	medium	0
77_9	SELECT activity, idcase, COUNT(*) as frequency FROM event_log GROUP BY activity, idcase HAVING COUNT(*) > 3 ORDER BY idcase, frequency DESC;	SELECT DISTINCT activity FROM event_log GROUP BY activity, idcase HAVING count(activity) > 3	medium	0
77_10		SELECT DISTINCT activity FROM event_log GROUP BY activity, idcase HAVING count(activity) > 3	medium	0
78_0	SELECT COUNT(*) FROM event_log WHERE idcase = 'declaration 56300';	SELECT count(*) FROM event_log WHERE idcase = 'declaration 56300'	easy	1
78_1	SELECT COUNT(*) AS trace_size FROM event_log WHERE idcase = 'declaration 56300';	SELECT count(*) FROM event_log WHERE idcase = 'declaration 56300'	easy	1
78_2	SELECT COUNT(*) FROM event_log WHERE idcase = 'declaration 56300';	SELECT count(*) FROM event_log WHERE idcase = 'declaration 56300'	easy	1
78_3	SELECT COUNT(*) FROM event_log WHERE idcase = 'declaration 56300';	SELECT count(*) FROM event_log WHERE idcase = 'declaration 56300'	easy	1
78_4	SELECT COUNT(*) FROM event_log WHERE idcase = 'declaration 56300';	SELECT count(*) FROM event_log WHERE idcase = 'declaration 56300'	easy	1
78_5	SELECT COUNT(*) FROM event_log WHERE idcase = 'declaration 56300';	SELECT count(*) FROM event_log WHERE idcase = 'declaration 56300'	easy	1
78_6	SELECT COUNT(*) FROM event_log WHERE idcase = '56300';	SELECT count(*) FROM event_log WHERE idcase = 'declaration 56300'	easy	0
79_0	SELECT activity, COUNT(*) AS times_performed FROM event_log WHERE timestamp < '2017-01-10' GROUP BY activity HAVING COUNT(*) > 1;	SELECT COUNT(*), activity FROM event_log WHERE timestamp < '2017-01-10' GROUP BY activity HAVING COUNT(*) > 1	medium	0
79_1	SELECT activity, COUNT(*) as frequency FROM event_log WHERE timestamp < '2017-10-01' GROUP BY activity HAVING COUNT(*) > 1 ORDER BY frequency DESC;	SELECT COUNT(*), activity FROM event_log WHERE timestamp < '2017-01-10' GROUP BY activity HAVING COUNT(*) > 1	medium	0
79_2	SELECT activity, COUNT(*) AS times_performed FROM event_log WHERE timestamp < '2017-01-10' GROUP BY activity HAVING COUNT(*) > 1;	SELECT COUNT(*), activity FROM event_log WHERE timestamp < '2017-01-10' GROUP BY activity HAVING COUNT(*) > 1	medium	0
79_3	SELECT activity, COUNT(*) as frequency FROM event_log WHERE timestamp < '2017-01-10' GROUP BY activity HAVING COUNT(*) > 1 ORDER BY frequency DESC;	SELECT COUNT(*), activity FROM event_log WHERE timestamp < '2017-01-10' GROUP BY activity HAVING COUNT(*) > 1	medium	0
79_4	SELECT activity, COUNT(*) AS times_performed FROM event_log WHERE timestamp < '2017-01-10' GROUP BY activity HAVING COUNT(*) > 1;	SELECT COUNT(*), activity FROM event_log WHERE timestamp < '2017-01-10' GROUP BY activity HAVING COUNT(*) > 1	medium	0
79_5	SELECT activity, COUNT(*) as times_performed FROM event_log WHERE timestamp < '2017-01-10' GROUP BY activity HAVING COUNT(*) > 1;	SELECT COUNT(*), activity FROM event_log WHERE timestamp < '2017-01-10' GROUP BY activity HAVING COUNT(*) > 1	medium	0
79_6	SELECT activity, COUNT(*) AS times_performed FROM event_log WHERE timestamp < '2017-01-10' GROUP BY activity HAVING COUNT(*) > 1;	SELECT COUNT(*), activity FROM event_log WHERE timestamp < '2017-01-10' GROUP BY activity HAVING COUNT(*) > 1	medium	0
79_7	SELECT activity, COUNT(*) AS times_performed FROM event_log WHERE timestamp < '2017-10-01 00:00:00' GROUP BY activity HAVING COUNT(*) > 1 ORDER BY times_performed DESC;	SELECT COUNT(*), activity FROM event_log WHERE timestamp < '2017-01-10' GROUP BY activity HAVING COUNT(*) > 1	medium	0
79_8	SELECT activity, COUNT(*) AS times_performed FROM event_log WHERE timestamp < '2017-01-10' GROUP BY activity HAVING COUNT(*) > 1 ORDER BY times_performed DESC;	SELECT COUNT(*), activity FROM event_log WHERE timestamp < '2017-01-10' GROUP BY activity HAVING COUNT(*) > 1	medium	0
79_9	SELECT activity, COUNT(*) AS times_performed FROM event_log WHERE timestamp < '2017-10-01 00:00:00' GROUP BY activity ORDER BY times_performed DESC;	SELECT COUNT(*), activity FROM event_log WHERE timestamp < '2017-01-10' GROUP BY activity HAVING COUNT(*) > 1	medium	0
79_10		SELECT COUNT(*), activity FROM event_log WHERE timestamp < '2017-01-10' GROUP BY activity HAVING COUNT(*) > 1	medium	0
80_0	SELECT resource, COUNT(DISTINCT idcase) AS cases FROM event_log GROUP BY resource;	SELECT COUNT(DISTINCT idcase), resource FROM event_log GROUP BY resource	medium	0
80_1	SELECT resource, COUNT(DISTINCT idcase) AS process_instances FROM event_log GROUP BY resource;	SELECT COUNT(DISTINCT idcase), resource FROM event_log GROUP BY resource	medium	0
80_2	SELECT resource, COUNT(DISTINCT idcase) AS num_cases FROM event_log GROUP BY resource;	SELECT COUNT(DISTINCT idcase), resource FROM event_log GROUP BY resource	medium	0
80_3	SELECT resource, COUNT(DISTINCT idcase) AS num_cases FROM event_log GROUP BY resource;	SELECT COUNT(DISTINCT idcase), resource FROM event_log GROUP BY resource	medium	0
80_4	SELECT resource, COUNT(DISTINCT idcase) AS case_count FROM event_log GROUP BY resource;	SELECT COUNT(DISTINCT idcase), resource FROM event_log GROUP BY resource	medium	0
80_5	SELECT resource, COUNT(DISTINCT idcase) AS num_cases FROM event_log GROUP BY resource;	SELECT COUNT(DISTINCT idcase), resource FROM event_log GROUP BY resource	medium	0
80_6	SELECT resource, COUNT(DISTINCT idcase) AS cases FROM event_log GROUP BY resource;	SELECT COUNT(DISTINCT idcase), resource FROM event_log GROUP BY resource	medium	0
80_7	SELECT resource, COUNT(DISTINCT idcase) AS cases_per_resource FROM event_log GROUP BY resource;	SELECT COUNT(DISTINCT idcase), resource FROM event_log GROUP BY resource	medium	0
80_8	SELECT resource, COUNT(DISTINCT idcase) AS process_instances FROM event_log GROUP BY resource;	SELECT COUNT(DISTINCT idcase), resource FROM event_log GROUP BY resource	medium	0
80_9	SELECT resource, COUNT(DISTINCT idcase) AS process_instances FROM event_log GROUP BY resource;	SELECT COUNT(DISTINCT idcase), resource FROM event_log GROUP BY resource	medium	0
80_10	SELECT resource, COUNT(DISTINCT idcase) AS declarations_count FROM event_log GROUP BY resource;	SELECT COUNT(DISTINCT idcase), resource FROM event_log GROUP BY resource	medium	0
81_0	SELECT resource, COUNT(*) AS event_count FROM event_log GROUP BY resource;	SELECT COUNT(*), resource FROM event_log GROUP BY resource	medium	0
81_1	SELECT resource, COUNT(*) AS times_allocated FROM event_log GROUP BY resource;	SELECT COUNT(*), resource FROM event_log GROUP BY resource	medium	0
81_2	SELECT COUNT(*) FROM event_log;	SELECT COUNT(*), resource FROM event_log GROUP BY resource	medium	0
81_3	SELECT resource, COUNT(*) AS event_count FROM event_log GROUP BY resource;	SELECT COUNT(*), resource FROM event_log GROUP BY resource	medium	0
81_4	SELECT resource, COUNT(*) AS occurrences FROM event_log GROUP BY resource;	SELECT COUNT(*), resource FROM event_log GROUP BY resource	medium	0
81_5	SELECT resource, COUNT(*) as activity_count FROM event_log GROUP BY resource ORDER BY activity_count DESC;	SELECT COUNT(*), resource FROM event_log GROUP BY resource	medium	0
81_6	SELECT resource, COUNT(*) AS occurrences FROM event_log GROUP BY resource;	SELECT COUNT(*), resource FROM event_log GROUP BY resource	medium	0
81_7	SELECT resource, COUNT(*) AS interventions FROM event_log GROUP BY resource;	SELECT COUNT(*), resource FROM event_log GROUP BY resource	medium	0
82_0	SELECT DISTINCT idcase FROM event_log WHERE resource IN ('Thomas', 'Diana', 'Sara');	SELECT DISTINCT idcase FROM event_log where resource = 'Thomas' OR resource = 'Diana' OR resource = 'Sara'	hard	1
82_1	SELECT DISTINCT idcase FROM event_log WHERE resource IN ('Thomas', 'Diana', 'Sara');	SELECT DISTINCT idcase FROM event_log where resource = 'Thomas' OR resource = 'Diana' OR resource = 'Sara'	hard	1
82_2	SELECT DISTINCT idcase FROM event_log WHERE resource IN ('Thomas', 'Diana', 'Sara');	SELECT DISTINCT idcase FROM event_log where resource = 'Thomas' OR resource = 'Diana' OR resource = 'Sara'	hard	1
82_3	SELECT DISTINCT idcase FROM event_log WHERE resource IN ('Thomas', 'Diana', 'Sara');	SELECT DISTINCT idcase FROM event_log where resource = 'Thomas' OR resource = 'Diana' OR resource = 'Sara'	hard	1
82_4	SELECT id, activity, timestamp, resource, cost, idcase FROM event_log WHERE resource IN ('Thomas', 'Diana', 'Sara');	SELECT DISTINCT idcase FROM event_log where resource = 'Thomas' OR resource = 'Diana' OR resource = 'Sara'	hard	0
83_0	SELECT resource, COUNT(DISTINCT idcase) AS case_count FROM event_log WHERE timestamp >= '2017-05-01 00:00:00' AND timestamp < '2017-06-02 00:00:00' GROUP BY resource ORDER BY case_count DESC;	SELECT COUNT(DISTINCT idcase), resource FROM event_log WHERE timestamp between '2017-05-01' and '2017-06-01' GROUP BY resource	medium	0
83_1	SELECT resource, COUNT(DISTINCT idcase) AS number_of_cases FROM event_log WHERE timestamp >= '2017-05-01' AND timestamp <= '2017-06-01' GROUP BY resource ORDER BY resource;	SELECT COUNT(DISTINCT idcase), resource FROM event_log WHERE timestamp between '2017-05-01' and '2017-06-01' GROUP BY resource	medium	0
83_2	SELECT resource, COUNT(DISTINCT idcase) AS number_of_cases FROM event_log WHERE timestamp BETWEEN '2017-05-01' AND '2017-06-01' GROUP BY resource ORDER BY resource;	SELECT COUNT(DISTINCT idcase), resource FROM event_log WHERE timestamp between '2017-05-01' and '2017-06-01' GROUP BY resource	medium	0
83_3	SELECT resource, COUNT(idcase) as case_count FROM event_log WHERE timestamp BETWEEN '2017-05-01' AND '2017-06-01' GROUP BY resource;	SELECT COUNT(DISTINCT idcase), resource FROM event_log WHERE timestamp between '2017-05-01' and '2017-06-01' GROUP BY resource	medium	0
83_4	SELECT resource, COUNT(DISTINCT idcase) as case_count FROM event_log WHERE timestamp BETWEEN '2017-05-01' AND '2017-06-01' GROUP BY resource ORDER BY resource;	SELECT COUNT(DISTINCT idcase), resource FROM event_log WHERE timestamp between '2017-05-01' and '2017-06-01' GROUP BY resource	medium	0
83_5	SELECT resource, COUNT(DISTINCT idcase) AS process_instances FROM event_log WHERE timestamp >= '2017-05-01' AND timestamp < '2017-06-01' GROUP BY resource;	SELECT COUNT(DISTINCT idcase), resource FROM event_log WHERE timestamp between '2017-05-01' and '2017-06-01' GROUP BY resource	medium	0
83_6	SELECT resource, COUNT(DISTINCT idcase) AS process_instances FROM event_log WHERE timestamp >= '2017-05-01 00:00:00' AND timestamp < '2017-06-01 00:00:00' GROUP BY resource ORDER BY resource;	SELECT COUNT(DISTINCT idcase), resource FROM event_log WHERE timestamp between '2017-05-01' and '2017-06-01' GROUP BY resource	medium	0
83_7	SELECT resource, COUNT(DISTINCT idcase) AS case_count FROM event_log WHERE timestamp BETWEEN '2017-05-01 00:00:00' AND '2017-06-01 00:00:00' GROUP BY resource ORDER BY case_count DESC;	SELECT COUNT(DISTINCT idcase), resource FROM event_log WHERE timestamp between '2017-05-01' and '2017-06-01' GROUP BY resource	medium	0
83_8	SELECT resource, COUNT(*) AS declarations FROM event_log WHERE timestamp BETWEEN '2017-05-01' AND '2017-06-01' GROUP BY resource ORDER BY declarations DESC;	SELECT COUNT(DISTINCT idcase), resource FROM event_log WHERE timestamp between '2017-05-01' and '2017-06-01' GROUP BY resource	medium	0
84_0	SELECT resource, COUNT(DISTINCT idcase) AS case_count FROM event_log WHERE timestamp BETWEEN '2017-05-01' AND '2017-06-01' GROUP BY resource;	SELECT COUNT(DISTINCT idcase), resource FROM event_log WHERE timestamp between '2017-05-01' and '2017-06-01' GROUP BY resource	medium	0
84_1	SELECT resource, COUNT(DISTINCT idcase) AS case_count FROM event_log WHERE timestamp >= '2017-05-01' AND timestamp < '2017-06-01' GROUP BY resource ORDER BY case_count DESC;	SELECT COUNT(DISTINCT idcase), resource FROM event_log WHERE timestamp between '2017-05-01' and '2017-06-01' GROUP BY resource	medium	0
84_2	SELECT resource, COUNT(DISTINCT idcase) AS declarations_count FROM event_log WHERE activity LIKE '%Intervention%' AND timestamp >= '2017-05-01' AND timestamp <= '2017-06-01' GROUP BY resource ORDER BY declarations_count DESC;	SELECT COUNT(DISTINCT idcase), resource FROM event_log WHERE timestamp between '2017-05-01' and '2017-06-01' GROUP BY resource	medium	0
85_0	SELECT DISTINCT activity, resource FROM event_log WHERE resource NOT IN ('Joshua', 'Teresa');	SELECT activity, resource FROM event_log WHERE resource != 'Joshua' AND resource != 'Teresa'	medium	0
85_1	SELECT DISTINCT activity, resource FROM event_log WHERE resource NOT IN ('Joshua', 'Teresa');	SELECT activity, resource FROM event_log WHERE resource != 'Joshua' AND resource != 'Teresa'	medium	0
85_2	SELECT activity, resource FROM event_log WHERE resource != 'Joshua' AND resource != 'Teresa';	SELECT activity, resource FROM event_log WHERE resource != 'Joshua' AND resource != 'Teresa'	medium	1
85_3	SELECT DISTINCT activity, resource FROM event_log WHERE resource != 'Joshua' AND resource != 'Teresa';	SELECT activity, resource FROM event_log WHERE resource != 'Joshua' AND resource != 'Teresa'	medium	0
85_4		SELECT activity, resource FROM event_log WHERE resource != 'Joshua' AND resource != 'Teresa'	medium	0
86_0	SELECT idcase FROM event_log GROUP BY idcase HAVING SUM(CASE WHEN activity IN ('start trip', 'end trip') THEN 1 ELSE 0 END) > 0 AND SUM(CASE WHEN activity = 'request payment' THEN 1 ELSE 0 END) = 0 AND SUM(CASE WHEN activity = 'payment handled' THEN 1 ELSE 0 END) = 0;	SELECT DISTINCT idcase from event_log WHERE (activity = 'Start trip' OR activity = 'End trip') and idcase NOT IN (SELECT idcase from event_log WHERE activity = 'Request payment' INTERSECT SELECT idcase from event_log WHERE activity = 'Payment handled') 	no_hardness	0
86_1	SELECT DISTINCT idcase FROM event_log WHERE activity IN ('start trip', 'end trip') AND NOT EXISTS ( SELECT 1 FROM event_log e2 WHERE e2.idcase = event_log.idcase AND e2.activity IN ('request payment', 'payment handled') );	SELECT DISTINCT idcase from event_log WHERE (activity = 'Start trip' OR activity = 'End trip') and idcase NOT IN (SELECT idcase from event_log WHERE activity = 'Request payment' INTERSECT SELECT idcase from event_log WHERE activity = 'Payment handled') 	no_hardness	0
86_2	SELECT DISTINCT idcase FROM event_log WHERE activity IN ('start trip', 'end trip') AND NOT EXISTS ( SELECT 1 FROM event_log e2 WHERE e2.idcase = event_log.idcase AND e2.activity = 'request payment' ) AND NOT EXISTS ( SELECT 1 FROM event_log e3 WHERE e3.idcase = event_log.idcase AND e3.activity = 'payment handled' );	SELECT DISTINCT idcase from event_log WHERE (activity = 'Start trip' OR activity = 'End trip') and idcase NOT IN (SELECT idcase from event_log WHERE activity = 'Request payment' INTERSECT SELECT idcase from event_log WHERE activity = 'Payment handled') 	no_hardness	0
86_3	SELECT idcase FROM event_log GROUP BY idcase HAVING SUM(CASE WHEN activity IN ('start trip','trip end') THEN 1 ELSE 0 END) > 0 AND SUM(CASE WHEN activity = 'request payment' THEN 1 ELSE 0 END) = 0 AND SUM(CASE WHEN activity = 'payment handled' THEN 1 ELSE 0 END) = 0;	SELECT DISTINCT idcase from event_log WHERE (activity = 'Start trip' OR activity = 'End trip') and idcase NOT IN (SELECT idcase from event_log WHERE activity = 'Request payment' INTERSECT SELECT idcase from event_log WHERE activity = 'Payment handled') 	no_hardness	0
86_4	SELECT DISTINCT idcase FROM event_log WHERE activity IN ('start trip', 'end trip') AND idcase NOT IN ( SELECT idcase FROM event_log WHERE activity = 'request payment' ) AND idcase NOT IN ( SELECT idcase FROM event_log WHERE activity = 'payment handled' );	SELECT DISTINCT idcase from event_log WHERE (activity = 'Start trip' OR activity = 'End trip') and idcase NOT IN (SELECT idcase from event_log WHERE activity = 'Request payment' INTERSECT SELECT idcase from event_log WHERE activity = 'Payment handled') 	no_hardness	0
86_5		SELECT DISTINCT idcase from event_log WHERE (activity = 'Start trip' OR activity = 'End trip') and idcase NOT IN (SELECT idcase from event_log WHERE activity = 'Request payment' INTERSECT SELECT idcase from event_log WHERE activity = 'Payment handled') 	no_hardness	0
86_6		SELECT DISTINCT idcase from event_log WHERE (activity = 'Start trip' OR activity = 'End trip') and idcase NOT IN (SELECT idcase from event_log WHERE activity = 'Request payment' INTERSECT SELECT idcase from event_log WHERE activity = 'Payment handled') 	no_hardness	0
86_7	SELECT DISTINCT idcase FROM event_log WHERE activity IN ('Trip starts', 'Trip ends') AND idcase NOT IN ( SELECT DISTINCT idcase FROM event_log WHERE activity IN ('Payment request', 'Payment executed') );	SELECT DISTINCT idcase from event_log WHERE (activity = 'Start trip' OR activity = 'End trip') and idcase NOT IN (SELECT idcase from event_log WHERE activity = 'Request payment' INTERSECT SELECT idcase from event_log WHERE activity = 'Payment handled') 	no_hardness	0
86_8		SELECT DISTINCT idcase from event_log WHERE (activity = 'Start trip' OR activity = 'End trip') and idcase NOT IN (SELECT idcase from event_log WHERE activity = 'Request payment' INTERSECT SELECT idcase from event_log WHERE activity = 'Payment handled') 	no_hardness	0
86_9	SELECT idcase FROM ( SELECT idcase FROM event_log WHERE activity IN ('Trip started', 'Trip ended') GROUP BY idcase HAVING COUNT(*) > 0 ) AS started_ended EXCEPT SELECT idcase FROM event_log WHERE activity IN ('Payment requested', 'Payment made') GROUP BY idcase;	SELECT DISTINCT idcase from event_log WHERE (activity = 'Start trip' OR activity = 'End trip') and idcase NOT IN (SELECT idcase from event_log WHERE activity = 'Request payment' INTERSECT SELECT idcase from event_log WHERE activity = 'Payment handled') 	no_hardness	0
87_0	SELECT * FROM event_log WHERE resource IS NULL;	SELECT * FROM event_log WHERE resource IS NULL	no_hardness	1
87_1		SELECT * FROM event_log WHERE resource IS NULL	no_hardness	0
87_2	SELECT * FROM event_log WHERE resource IS NULL;	SELECT * FROM event_log WHERE resource IS NULL	no_hardness	1
87_3	SELECT * FROM event_log WHERE resource IS NULL;	SELECT * FROM event_log WHERE resource IS NULL	no_hardness	1
87_4	SELECT * FROM event_log WHERE resource IS NULL;	SELECT * FROM event_log WHERE resource IS NULL	no_hardness	1
87_5	SELECT * FROM event_log WHERE resource IS NULL;	SELECT * FROM event_log WHERE resource IS NULL	no_hardness	1
87_6	SELECT * FROM event_log WHERE resource IS NULL;	SELECT * FROM event_log WHERE resource IS NULL	no_hardness	1
87_7	SELECT id, activity, timestamp, resource, cost, idcase FROM event_log WHERE resource IS NULL OR resource = '';	SELECT * FROM event_log WHERE resource IS NULL	no_hardness	1
88_0	SELECT idcase FROM ( SELECT idcase, MIN(timestamp) AS first_ts FROM event_log GROUP BY idcase ) AS first_records WHERE first_ts < '2017-03-01';	select idcase from event_log GROUP BY idcase HAVING min(timestamp) < '2017-03-01'	easy	1
88_1	SELECT idcase FROM event_log GROUP BY idcase HAVING MIN(timestamp) < '2017-03-01';	select idcase from event_log GROUP BY idcase HAVING min(timestamp) < '2017-03-01'	easy	1
88_2	SELECT idcase FROM event_log GROUP BY idcase HAVING MIN(timestamp) < '2017-03-01';	select idcase from event_log GROUP BY idcase HAVING min(timestamp) < '2017-03-01'	easy	1
88_3	SELECT idcase, MIN(timestamp) AS start_date FROM event_log GROUP BY idcase HAVING MIN(timestamp) < '2017-03-01 00:00:00' ORDER BY start_date;	select idcase from event_log GROUP BY idcase HAVING min(timestamp) < '2017-03-01'	easy	0
88_4	SELECT idcase FROM ( SELECT idcase, MIN(timestamp) AS first_ts FROM event_log GROUP BY idcase ) AS first WHERE first_ts < '2017-03-01 00:00:00';	select idcase from event_log GROUP BY idcase HAVING min(timestamp) < '2017-03-01'	easy	1
88_5	SELECT idcase FROM ( SELECT idcase, MIN(timestamp) AS first_ts FROM event_log GROUP BY idcase ) AS first_events WHERE first_ts < '2017-03-01';	select idcase from event_log GROUP BY idcase HAVING min(timestamp) < '2017-03-01'	easy	1
88_6	SELECT idcase FROM event_log GROUP BY idcase HAVING MIN(timestamp) < '2017-03-01';	select idcase from event_log GROUP BY idcase HAVING min(timestamp) < '2017-03-01'	easy	1
88_7	SELECT idcase FROM event_log WHERE timestamp < '2017-03-01' GROUP BY idcase;	select idcase from event_log GROUP BY idcase HAVING min(timestamp) < '2017-03-01'	easy	1
88_8	SELECT DISTINCT idcase FROM event_log WHERE activity = 'Intervention' AND timestamp < '2017-03-01 00:00:00';	select idcase from event_log GROUP BY idcase HAVING min(timestamp) < '2017-03-01'	easy	0
88_9	SELECT idcase FROM event_log GROUP BY idcase HAVING MIN(timestamp) < '2017-03-01';	select idcase from event_log GROUP BY idcase HAVING min(timestamp) < '2017-03-01'	easy	1
89_0	SELECT DISTINCT idcase FROM event_log WHERE activity = 'start trip' AND timestamp LIKE '2017-03%';	select DISTINCT idcase FROM (select idcase, timestamp, activity FROM event_log GROUP BY idcase HAVING strftime('%Y-%m', MIN(timestamp)) = '2017-03') where activity = 'Start trip'	no_hardness	0
89_1		select DISTINCT idcase FROM (select idcase, timestamp, activity FROM event_log GROUP BY idcase HAVING strftime('%Y-%m', MIN(timestamp)) = '2017-03') where activity = 'Start trip'	no_hardness	0
89_2	SELECT DISTINCT idcase FROM event_log WHERE activity = 'start trip' AND timestamp >= '2017-03-01 00:00:00' AND timestamp < '2017-04-01 00:00:00';	select DISTINCT idcase FROM (select idcase, timestamp, activity FROM event_log GROUP BY idcase HAVING strftime('%Y-%m', MIN(timestamp)) = '2017-03') where activity = 'Start trip'	no_hardness	0
89_3		select DISTINCT idcase FROM (select idcase, timestamp, activity FROM event_log GROUP BY idcase HAVING strftime('%Y-%m', MIN(timestamp)) = '2017-03') where activity = 'Start trip'	no_hardness	0
89_4		select DISTINCT idcase FROM (select idcase, timestamp, activity FROM event_log GROUP BY idcase HAVING strftime('%Y-%m', MIN(timestamp)) = '2017-03') where activity = 'Start trip'	no_hardness	0
89_5	SELECT idcase FROM event_log WHERE (idcase, timestamp) IN ( SELECT idcase, MIN(timestamp) FROM event_log GROUP BY idcase ) AND activity = 'start trip' AND timestamp >= '2017-03-01' AND timestamp <= '2017-03-31';	select DISTINCT idcase FROM (select idcase, timestamp, activity FROM event_log GROUP BY idcase HAVING strftime('%Y-%m', MIN(timestamp)) = '2017-03') where activity = 'Start trip'	no_hardness	1
89_6	SELECT DISTINCT idcase FROM event_log WHERE activity LIKE '%start of the trip%' AND timestamp >= '2017-03-01 00:00:00' AND timestamp < '2017-04-01 00:00:00';	select DISTINCT idcase FROM (select idcase, timestamp, activity FROM event_log GROUP BY idcase HAVING strftime('%Y-%m', MIN(timestamp)) = '2017-03') where activity = 'Start trip'	no_hardness	0
90_0		SELECT DISTINCT resource FROM event_log GROUP BY resource, idcase HAVING COUNT(*) > 5	medium	0
90_1	SELECT resource, idcase, COUNT(*) as times_acted FROM event_log GROUP BY resource, idcase HAVING COUNT(*) > 5 ORDER BY resource, idcase;	SELECT DISTINCT resource FROM event_log GROUP BY resource, idcase HAVING COUNT(*) > 5	medium	0
90_2		SELECT DISTINCT resource FROM event_log GROUP BY resource, idcase HAVING COUNT(*) > 5	medium	0
90_3	SELECT resource FROM event_log GROUP BY resource, idcase HAVING COUNT(*) > 5;	SELECT DISTINCT resource FROM event_log GROUP BY resource, idcase HAVING COUNT(*) > 5	medium	0
90_4	SELECT resource FROM event_log GROUP BY resource, idcase HAVING COUNT(*) > 5;	SELECT DISTINCT resource FROM event_log GROUP BY resource, idcase HAVING COUNT(*) > 5	medium	0
90_5	SELECT resource, idcase, COUNT(*) as event_count FROM event_log GROUP BY resource, idcase HAVING COUNT(*) > 5 ORDER BY resource, idcase;	SELECT DISTINCT resource FROM event_log GROUP BY resource, idcase HAVING COUNT(*) > 5	medium	0
90_6	SELECT resource, idcase FROM event_log GROUP BY resource, idcase HAVING COUNT(*) > 5;	SELECT DISTINCT resource FROM event_log GROUP BY resource, idcase HAVING COUNT(*) > 5	medium	0
90_7	SELECT resource, COUNT(*) AS cnt FROM event_log WHERE activity = 'declaration' GROUP BY resource HAVING COUNT(*) > 5;	SELECT DISTINCT resource FROM event_log GROUP BY resource, idcase HAVING COUNT(*) > 5	medium	0
90_8	SELECT resource, idcase, COUNT(*) AS cnt FROM event_log GROUP BY resource, idcase HAVING COUNT(*) > 5;	SELECT DISTINCT resource FROM event_log GROUP BY resource, idcase HAVING COUNT(*) > 5	medium	0
90_9		SELECT DISTINCT resource FROM event_log GROUP BY resource, idcase HAVING COUNT(*) > 5	medium	0
90_10	SELECT DISTINCT resource FROM event_log GROUP BY resource, idcase HAVING COUNT(*) > 5;	SELECT DISTINCT resource FROM event_log GROUP BY resource, idcase HAVING COUNT(*) > 5	medium	1
91_0	SELECT activity, COUNT(*) AS frequency FROM event_log GROUP BY activity ORDER BY frequency DESC;	SELECT activity from event_log GROUP BY activity HAVING  COUNT(*) = (SELECT COUNT(*) FROM event_log  GROUP BY activity ORDER BY COUNT(*)  desc LIMIT 1) 	hard	0
91_1	SELECT activity, COUNT(*) AS occurrences FROM event_log GROUP BY activity ORDER BY occurrences DESC;	SELECT activity from event_log GROUP BY activity HAVING  COUNT(*) = (SELECT COUNT(*) FROM event_log  GROUP BY activity ORDER BY COUNT(*)  desc LIMIT 1) 	hard	0
91_2	SELECT activity FROM event_log GROUP BY activity ORDER BY COUNT(*) DESC;	SELECT activity from event_log GROUP BY activity HAVING  COUNT(*) = (SELECT COUNT(*) FROM event_log  GROUP BY activity ORDER BY COUNT(*)  desc LIMIT 1) 	hard	0
91_3	SELECT activity FROM event_log GROUP BY activity ORDER BY COUNT(*) DESC LIMIT 1;	SELECT activity from event_log GROUP BY activity HAVING  COUNT(*) = (SELECT COUNT(*) FROM event_log  GROUP BY activity ORDER BY COUNT(*)  desc LIMIT 1) 	hard	1
91_4	SELECT activity, COUNT(*) AS occurrences FROM event_log GROUP BY activity ORDER BY occurrences DESC LIMIT 10;	SELECT activity from event_log GROUP BY activity HAVING  COUNT(*) = (SELECT COUNT(*) FROM event_log  GROUP BY activity ORDER BY COUNT(*)  desc LIMIT 1) 	hard	0
92_0	SELECT resource, COUNT(*) AS cnt FROM event_log WHERE activity = 'declaration final approved by supervisor' GROUP BY resource ORDER BY cnt DESC LIMIT 10;	select resource FROM event_log where activity = 'Declaration final approved by supervisor' group by resource HAVING COUNT(*) IN (select COUNT(*) from event_log where activity = 'Declaration final approved by supervisor' group by resource order by count(*) DESC limit 10) ORDER BY COUNT(*) DESC 	extra	0
92_1	SELECT resource, COUNT(*) AS usage_count FROM event_log WHERE activity = 'declaration final approved by supervisor' GROUP BY resource ORDER BY usage_count DESC LIMIT 10;	select resource FROM event_log where activity = 'Declaration final approved by supervisor' group by resource HAVING COUNT(*) IN (select COUNT(*) from event_log where activity = 'Declaration final approved by supervisor' group by resource order by count(*) DESC limit 10) ORDER BY COUNT(*) DESC 	extra	0
92_2		select resource FROM event_log where activity = 'Declaration final approved by supervisor' group by resource HAVING COUNT(*) IN (select COUNT(*) from event_log where activity = 'Declaration final approved by supervisor' group by resource order by count(*) DESC limit 10) ORDER BY COUNT(*) DESC 	extra	0
93_0	SELECT resource, COUNT(*) AS occurrence_count FROM event_log WHERE activity = 'declaration final approved by supervisor' GROUP BY resource ORDER BY occurrence_count DESC;	select resource from event_log where activity = 'Declaration final approved by supervisor' group by resource order by count(*) DESC	hard	0
93_1	SELECT resource, COUNT(*) as occurrence_count FROM event_log WHERE activity = 'declaration final approved by supervisor' GROUP BY resource ORDER BY occurrence_count DESC;	select resource from event_log where activity = 'Declaration final approved by supervisor' group by resource order by count(*) DESC	hard	0
93_2	SELECT resource, COUNT(*) AS occurrence_count FROM event_log WHERE activity = 'declaration final approved by supervisor' GROUP BY resource ORDER BY occurrence_count DESC;	select resource from event_log where activity = 'Declaration final approved by supervisor' group by resource order by count(*) DESC	hard	0
93_3	SELECT resource, COUNT(*) AS occurrences FROM event_log WHERE activity = 'declaration final approved by supervisor' GROUP BY resource ORDER BY occurrences DESC;	select resource from event_log where activity = 'Declaration final approved by supervisor' group by resource order by count(*) DESC	hard	0
93_4	SELECT resource, COUNT(*) AS approval_count FROM event_log WHERE activity = 'approved' GROUP BY resource ORDER BY approval_count DESC;	select resource from event_log where activity = 'Declaration final approved by supervisor' group by resource order by count(*) DESC	hard	0
94_0	SELECT COUNT(DISTINCT idcase) FROM event_log WHERE activity = 'declaration approved by budget owner' AND resource IN ('Eugene', 'Marie');	select count(distinct idcase) from event_log where activity = 'Declaration approved by budget owner' AND (resource = 'Marie' or resource = 'Eugene')	no_hardness	1
94_1	SELECT COUNT(DISTINCT idcase) FROM event_log WHERE (resource = 'Eugene' OR resource = 'Marie') AND activity = 'declaration approved by budget owner';	select count(distinct idcase) from event_log where activity = 'Declaration approved by budget owner' AND (resource = 'Marie' or resource = 'Eugene')	no_hardness	1
94_2	SELECT COUNT(DISTINCT idcase) FROM event_log WHERE activity = 'declaration approved by budget owner' AND resource IN ('Eugene', 'Marie');	select count(distinct idcase) from event_log where activity = 'Declaration approved by budget owner' AND (resource = 'Marie' or resource = 'Eugene')	no_hardness	1
94_3	SELECT COUNT(DISTINCT idcase) FROM event_log WHERE activity = 'declaration approved by budget owner' AND resource IN ('Eugene', 'Marie');	select count(distinct idcase) from event_log where activity = 'Declaration approved by budget owner' AND (resource = 'Marie' or resource = 'Eugene')	no_hardness	1
94_4	SELECT COUNT(DISTINCT idcase) FROM event_log WHERE activity = 'declaration approved by budget owner' AND resource IN ('Eugene', 'Marie');	select count(distinct idcase) from event_log where activity = 'Declaration approved by budget owner' AND (resource = 'Marie' or resource = 'Eugene')	no_hardness	1
94_5	SELECT COUNT(DISTINCT idcase) FROM event_log WHERE activity = 'declaration approved by budget owner' AND resource IN ('Eugine', 'Marie');	select count(distinct idcase) from event_log where activity = 'Declaration approved by budget owner' AND (resource = 'Marie' or resource = 'Eugene')	no_hardness	0
94_6	SELECT COUNT(DISTINCT idcase) FROM event_log WHERE activity = 'declaration approved by budget owner' AND resource IN ('Eugine', 'Marie');	select count(distinct idcase) from event_log where activity = 'Declaration approved by budget owner' AND (resource = 'Marie' or resource = 'Eugene')	no_hardness	0
94_7	SELECT COUNT(DISTINCT idcase) FROM event_log WHERE (resource LIKE '%Eugene%' OR resource LIKE '%Marie%') AND (activity LIKE '%approve%' OR activity LIKE '%budget%') AND (LOWER(activity) LIKE '%budget holder%');	select count(distinct idcase) from event_log where activity = 'Declaration approved by budget owner' AND (resource = 'Marie' or resource = 'Eugene')	no_hardness	0
94_8	SELECT COUNT(DISTINCT idcase) FROM event_log WHERE resource IN ('Eugene', 'Marie') AND activity LIKE '%approve%';	select count(distinct idcase) from event_log where activity = 'Declaration approved by budget owner' AND (resource = 'Marie' or resource = 'Eugene')	no_hardness	0
95_0	SELECT DISTINCT activity FROM event_log WHERE idcase = 'declaration 49464' EXCEPT SELECT activity FROM event_log WHERE idcase = 'declaration 76667';	select activity from event_log where idcase = 'declaration 49464' except select activity from event_log where idcase = 'declaration 76667'	hard	1
95_1	SELECT DISTINCT activity FROM event_log WHERE idcase = 'declaration 49464' AND activity NOT IN ( SELECT activity FROM event_log WHERE idcase = 'declaration 76667' );	select activity from event_log where idcase = 'declaration 49464' except select activity from event_log where idcase = 'declaration 76667'	hard	1
95_2	SELECT DISTINCT activity FROM event_log WHERE idcase = 'declaration 49464' EXCEPT SELECT DISTINCT activity FROM event_log WHERE idcase = 'declaration 76667';	select activity from event_log where idcase = 'declaration 49464' except select activity from event_log where idcase = 'declaration 76667'	hard	1
95_3	SELECT DISTINCT activity FROM event_log WHERE idcase = '49464' AND activity NOT IN ( SELECT DISTINCT activity FROM event_log WHERE idcase = '76667' );	select activity from event_log where idcase = 'declaration 49464' except select activity from event_log where idcase = 'declaration 76667'	hard	0
96_0	SELECT resource, COUNT(*) AS occurrence_count FROM event_log WHERE activity = 'declaration submitted by employee' GROUP BY resource HAVING COUNT(*) > 2;	select resource, count(*) from event_log where activity = 'Declaration submitted by employee' group by resource having count(*) > 2	medium	1
96_1	SELECT resource, COUNT(*) AS performance_count FROM event_log WHERE activity = 'declaration submitted by employee' GROUP BY resource HAVING COUNT(*) > 2;	select resource, count(*) from event_log where activity = 'Declaration submitted by employee' group by resource having count(*) > 2	medium	1
96_2	SELECT resource, COUNT(*) AS performance_count FROM event_log WHERE activity = 'declaration submitted by employee' GROUP BY resource HAVING COUNT(*) > 2;	select resource, count(*) from event_log where activity = 'Declaration submitted by employee' group by resource having count(*) > 2	medium	1
96_3	SELECT resource, COUNT(*) as occurrences FROM event_log WHERE activity = 'declaration submitted by employee' GROUP BY resource HAVING COUNT(*) > 2;	select resource, count(*) from event_log where activity = 'Declaration submitted by employee' group by resource having count(*) > 2	medium	1
96_4	SELECT resource, COUNT(*) AS action_count FROM event_log WHERE activity = 'declaration submitted by employee' GROUP BY resource HAVING COUNT(*) > 2;	select resource, count(*) from event_log where activity = 'Declaration submitted by employee' group by resource having count(*) > 2	medium	1
96_5	SELECT resource, COUNT(*) AS event_count FROM event_log WHERE activity = 'declaration submitted by employee' GROUP BY resource HAVING COUNT(*) > 2;	select resource, count(*) from event_log where activity = 'Declaration submitted by employee' group by resource having count(*) > 2	medium	1
96_6	SELECT resource, COUNT(*) AS declaration_count FROM event_log WHERE activity LIKE '%Declaration%' GROUP BY resource HAVING COUNT(*) > 2 ORDER BY declaration_count DESC;	select resource, count(*) from event_log where activity = 'Declaration submitted by employee' group by resource having count(*) > 2	medium	0
97_0	SELECT DISTINCT idcase FROM event_log WHERE activity = 'request payment' AND timestamp BETWEEN '2017-05-01' AND '2017-05-10';	SELECT DISTINCT idcase FROM event_log WHERE activity = 'Request payment' AND timestamp BETWEEN '2017-05-01' AND '2017-05-10'	medium	1
97_1	SELECT DISTINCT idcase FROM event_log WHERE activity = 'request payment' AND timestamp >= '2017-05-01 00:00:00' AND timestamp < '2017-05-11 00:00:00';	SELECT DISTINCT idcase FROM event_log WHERE activity = 'Request payment' AND timestamp BETWEEN '2017-05-01' AND '2017-05-10'	medium	0
97_2	SELECT DISTINCT idcase FROM event_log WHERE activity = 'request payment' AND timestamp >= '2017-05-01 00:00:00' AND timestamp < '2017-05-11 00:00:00';	SELECT DISTINCT idcase FROM event_log WHERE activity = 'Request payment' AND timestamp BETWEEN '2017-05-01' AND '2017-05-10'	medium	0
97_3	SELECT DISTINCT idcase FROM event_log WHERE activity = 'request payment' AND timestamp BETWEEN '2017-05-01' AND '2017-05-10';	SELECT DISTINCT idcase FROM event_log WHERE activity = 'Request payment' AND timestamp BETWEEN '2017-05-01' AND '2017-05-10'	medium	1
97_4	SELECT DISTINCT idcase FROM event_log WHERE activity = 'request payment' AND timestamp BETWEEN '2017-05-01 00:00:00' AND '2017-05-10 23:59:59';	SELECT DISTINCT idcase FROM event_log WHERE activity = 'Request payment' AND timestamp BETWEEN '2017-05-01' AND '2017-05-10'	medium	0
97_5	SELECT DISTINCT idcase FROM event_log WHERE activity = 'request payment' AND timestamp BETWEEN '2017-05-01' AND '2017-05-10';	SELECT DISTINCT idcase FROM event_log WHERE activity = 'Request payment' AND timestamp BETWEEN '2017-05-01' AND '2017-05-10'	medium	1
97_6	SELECT DISTINCT idcase FROM event_log WHERE timestamp BETWEEN '2017-05-01' AND '2017-05-10';	SELECT DISTINCT idcase FROM event_log WHERE activity = 'Request payment' AND timestamp BETWEEN '2017-05-01' AND '2017-05-10'	medium	0
97_7	SELECT DISTINCT idcase FROM event_log WHERE activity = 'payment request' AND timestamp >= '2017-05-01 00:00:00' AND timestamp <= '2017-05-10 23:59:59';	SELECT DISTINCT idcase FROM event_log WHERE activity = 'Request payment' AND timestamp BETWEEN '2017-05-01' AND '2017-05-10'	medium	0
98_0	SELECT idcase, COUNT(DISTINCT resource) AS resource_count FROM event_log GROUP BY idcase;	SELECT idcase, count(distinct resource) FROM event_log group by idcase	medium	1
98_1	SELECT idcase, COUNT(DISTINCT resource) AS resource_count FROM event_log GROUP BY idcase;	SELECT idcase, count(distinct resource) FROM event_log group by idcase	medium	1
98_2	SELECT idcase, COUNT(DISTINCT resource) AS resource_count FROM event_log GROUP BY idcase;	SELECT idcase, count(distinct resource) FROM event_log group by idcase	medium	1
98_3	SELECT idcase, COUNT(DISTINCT resource) as resource_count FROM event_log GROUP BY idcase;	SELECT idcase, count(distinct resource) FROM event_log group by idcase	medium	1
98_4	SELECT idcase, COUNT(DISTINCT resource) AS resources_worked FROM event_log GROUP BY idcase;	SELECT idcase, count(distinct resource) FROM event_log group by idcase	medium	1
98_5	SELECT idcase, COUNT(DISTINCT resource) AS resource_count FROM event_log GROUP BY idcase ORDER BY resource_count DESC;	SELECT idcase, count(distinct resource) FROM event_log group by idcase	medium	1
98_6	SELECT idcase, COUNT(DISTINCT resource) as resource_count FROM event_log GROUP BY idcase ORDER BY resource_count DESC;	SELECT idcase, count(distinct resource) FROM event_log group by idcase	medium	1
98_7	SELECT idcase, COUNT(DISTINCT resource) AS employees_needed FROM event_log GROUP BY idcase;	SELECT idcase, count(distinct resource) FROM event_log group by idcase	medium	1
99_0	SELECT idcase FROM event_log WHERE resource = 'Christopher' GROUP BY idcase HAVING COUNT(DISTINCT resource) = 1;	SELECT idcase from event_log group by idcase HAVING COUNT(DISTINCT resource) = 1 AND resource = 'Christopher'	easy	0
99_1		SELECT idcase from event_log group by idcase HAVING COUNT(DISTINCT resource) = 1 AND resource = 'Christopher'	easy	0
99_2	SELECT idcase FROM ( SELECT idcase, COUNT(*) as total_events, SUM(CASE WHEN resource = 'Christopher' THEN 1 ELSE 0 END) as christopher_events FROM event_log GROUP BY idcase ) t WHERE total_events = christopher_events;	SELECT idcase from event_log group by idcase HAVING COUNT(DISTINCT resource) = 1 AND resource = 'Christopher'	easy	1
99_3	WITH case_counts AS ( SELECT idcase, COUNT(*) AS total_events FROM event_log GROUP BY idcase ), christopher_counts AS ( SELECT idcase, COUNT(*) AS christopher_events FROM event_log WHERE resource = 'Christopher' GROUP BY idcase ) SELECT cc.idcase FROM case_counts cc JOIN christopher_counts ch ON cc.idcase = ch.idcase WHERE cc.total_events = ch.christopher_events;	SELECT idcase from event_log group by idcase HAVING COUNT(DISTINCT resource) = 1 AND resource = 'Christopher'	easy	1
99_4	SELECT idcase FROM event_log WHERE resource = 'Christopher' GROUP BY idcase HAVING COUNT(DISTINCT resource) = 1;	SELECT idcase from event_log group by idcase HAVING COUNT(DISTINCT resource) = 1 AND resource = 'Christopher'	easy	0
99_5		SELECT idcase from event_log group by idcase HAVING COUNT(DISTINCT resource) = 1 AND resource = 'Christopher'	easy	0
99_6	SELECT idcase FROM event_log WHERE resource = 'Christopher' GROUP BY idcase HAVING COUNT(*) = ( SELECT COUNT(*) FROM event_log WHERE idcase = e.idcase );	SELECT idcase from event_log group by idcase HAVING COUNT(DISTINCT resource) = 1 AND resource = 'Christopher'	easy	0
99_7	SELECT idcase FROM event_log WHERE resource = 'Christopher' GROUP BY idcase HAVING COUNT(DISTINCT resource) = 1;	SELECT idcase from event_log group by idcase HAVING COUNT(DISTINCT resource) = 1 AND resource = 'Christopher'	easy	0
100_0	SELECT idcase FROM event_log GROUP BY idcase HAVING COUNT(DISTINCT resource) = 1;	SELECT idcase from event_log group by idcase HAVING COUNT(DISTINCT resource) = 1	easy	1
100_1		SELECT idcase from event_log group by idcase HAVING COUNT(DISTINCT resource) = 1	easy	0
100_2	SELECT idcase FROM event_log GROUP BY idcase HAVING COUNT(DISTINCT resource) = 1;	SELECT idcase from event_log group by idcase HAVING COUNT(DISTINCT resource) = 1	easy	1
100_3	SELECT idcase FROM event_log GROUP BY idcase HAVING COUNT(DISTINCT resource) = 1;	SELECT idcase from event_log group by idcase HAVING COUNT(DISTINCT resource) = 1	easy	1
100_4	SELECT idcase FROM event_log GROUP BY idcase HAVING COUNT(DISTINCT resource) = 1;	SELECT idcase from event_log group by idcase HAVING COUNT(DISTINCT resource) = 1	easy	1
100_5	SELECT idcase FROM event_log GROUP BY idcase HAVING COUNT(DISTINCT resource) = 1;	SELECT idcase from event_log group by idcase HAVING COUNT(DISTINCT resource) = 1	easy	1
100_6		SELECT idcase from event_log group by idcase HAVING COUNT(DISTINCT resource) = 1	easy	0
100_7	SELECT idcase FROM event_log GROUP BY idcase HAVING COUNT(DISTINCT resource) = 1;	SELECT idcase from event_log group by idcase HAVING COUNT(DISTINCT resource) = 1	easy	1
101_0	SELECT idcase, DATE(timestamp) as event_date, COUNT(*) as event_count FROM event_log GROUP BY idcase, DATE(timestamp) HAVING COUNT(*) > 1 ORDER BY event_date, idcase;	SELECT DISTINCT(idcase) FROM (SELECT idcase, strftime('%Y-%m-%d', timestamp) as event_date, COUNT(*) as event_count FROM event_log GROUP BY idcase, event_date HAVING event_count > 1)	no_hardness	0
101_1	SELECT idcase, DATE(timestamp) as event_date, COUNT(*) as event_count FROM event_log GROUP BY idcase, DATE(timestamp) HAVING COUNT(*) > 1 ORDER BY idcase, event_date;	SELECT DISTINCT(idcase) FROM (SELECT idcase, strftime('%Y-%m-%d', timestamp) as event_date, COUNT(*) as event_count FROM event_log GROUP BY idcase, event_date HAVING event_count > 1)	no_hardness	0
101_2	SELECT idcase, DATE(timestamp) as event_date, COUNT(*) as event_count FROM event_log GROUP BY idcase, DATE(timestamp) HAVING COUNT(*) > 1 ORDER BY idcase, event_date;	SELECT DISTINCT(idcase) FROM (SELECT idcase, strftime('%Y-%m-%d', timestamp) as event_date, COUNT(*) as event_count FROM event_log GROUP BY idcase, event_date HAVING event_count > 1)	no_hardness	0
101_3	SELECT idcase, DATE(timestamp) as event_date, COUNT(*) as event_count FROM event_log GROUP BY idcase, DATE(timestamp) HAVING COUNT(*) > 1 ORDER BY idcase, event_date;	SELECT DISTINCT(idcase) FROM (SELECT idcase, strftime('%Y-%m-%d', timestamp) as event_date, COUNT(*) as event_count FROM event_log GROUP BY idcase, event_date HAVING event_count > 1)	no_hardness	0
101_4	SELECT idcase, DATE(timestamp) AS event_date, COUNT(*) AS event_count FROM event_log GROUP BY idcase, DATE(timestamp) HAVING COUNT(*) > 1;	SELECT DISTINCT(idcase) FROM (SELECT idcase, strftime('%Y-%m-%d', timestamp) as event_date, COUNT(*) as event_count FROM event_log GROUP BY idcase, event_date HAVING event_count > 1)	no_hardness	0
101_5		SELECT DISTINCT(idcase) FROM (SELECT idcase, strftime('%Y-%m-%d', timestamp) as event_date, COUNT(*) as event_count FROM event_log GROUP BY idcase, event_date HAVING event_count > 1)	no_hardness	0
101_6	SELECT idcase, DATE(timestamp) AS day, COUNT(*) AS interventions FROM event_log GROUP BY idcase, DATE(timestamp) HAVING COUNT(*) > 1 ORDER BY idcase, day;	SELECT DISTINCT(idcase) FROM (SELECT idcase, strftime('%Y-%m-%d', timestamp) as event_date, COUNT(*) as event_count FROM event_log GROUP BY idcase, event_date HAVING event_count > 1)	no_hardness	0
102_0	SELECT resource, idcase, COUNT(*) as null_cost_count FROM event_log WHERE cost IS NULL GROUP BY resource, idcase ORDER BY resource, idcase;	select idcase, resource, count(*) FROM event_log WHERE cost IS NULL GROUP BY idcase, resource	no_hardness	0
102_1	SELECT idcase, resource, COUNT(*) AS null_cost_events FROM event_log WHERE cost IS NULL GROUP BY idcase, resource ORDER BY idcase, resource;	select idcase, resource, count(*) FROM event_log WHERE cost IS NULL GROUP BY idcase, resource	no_hardness	1
102_2	SELECT idcase, resource, COUNT(*) AS null_cost_count FROM event_log WHERE cost IS NULL GROUP BY idcase, resource;	select idcase, resource, count(*) FROM event_log WHERE cost IS NULL GROUP BY idcase, resource	no_hardness	1
102_3	SELECT idcase, resource, COUNT(*) AS null_cost_count FROM event_log WHERE cost IS NULL GROUP BY idcase, resource;	select idcase, resource, count(*) FROM event_log WHERE cost IS NULL GROUP BY idcase, resource	no_hardness	1
102_4	SELECT resource, idcase, COUNT(*) AS null_cost_count FROM event_log WHERE cost IS NULL GROUP BY resource, idcase ORDER BY resource, idcase;	select idcase, resource, count(*) FROM event_log WHERE cost IS NULL GROUP BY idcase, resource	no_hardness	0
102_5	SELECT resource, idcase, COUNT(*) AS null_cost_events FROM event_log WHERE cost IS NULL GROUP BY resource, idcase;	select idcase, resource, count(*) FROM event_log WHERE cost IS NULL GROUP BY idcase, resource	no_hardness	0
102_6	SELECT resource, COUNT(*) AS no_cost_interventions FROM event_log WHERE cost IS NULL OR cost = 0 GROUP BY resource ORDER BY no_cost_interventions DESC;	select idcase, resource, count(*) FROM event_log WHERE cost IS NULL GROUP BY idcase, resource	no_hardness	0
102_7	SELECT resource, COUNT(*) AS intervention_count FROM event_log WHERE activity = 'Intervention' AND cost IS NULL GROUP BY resource ORDER BY intervention_count DESC;	select idcase, resource, count(*) FROM event_log WHERE cost IS NULL GROUP BY idcase, resource	no_hardness	0
103_0	SELECT id, activity, timestamp, resource, cost, idcase FROM event_log WHERE activity = 'permit rejected by director';	select * from event_log where activity = 'Permit rejected by director'	easy	1
103_1	SELECT id, activity, timestamp, resource, cost, idcase FROM event_log WHERE activity = 'permit rejected by director';	select * from event_log where activity = 'Permit rejected by director'	easy	1
103_2	SELECT id, activity, timestamp, resource, cost, idcase FROM event_log WHERE activity = 'permit rejected by director';	select * from event_log where activity = 'Permit rejected by director'	easy	1
103_3	SELECT * FROM event_log WHERE activity = 'permit rejected by the director';	select * from event_log where activity = 'Permit rejected by director'	easy	0
103_4	SELECT * FROM event_log WHERE activity = 'permit rejected by director';	select * from event_log where activity = 'Permit rejected by director'	easy	1
103_5	SELECT * FROM event_log WHERE activity = 'permit rejected by director';	select * from event_log where activity = 'Permit rejected by director'	easy	1
103_6		select * from event_log where activity = 'Permit rejected by director'	easy	0
103_7	SELECT activity, timestamp, resource, idcase FROM event_log WHERE resource LIKE '%director%' AND activity LIKE '%reject%' ORDER BY timestamp DESC;	select * from event_log where activity = 'Permit rejected by director'	easy	0
104_0	SELECT DATE(timestamp) AS event_date, SUM(cost) AS total_cost FROM event_log GROUP BY DATE(timestamp) ORDER BY event_date;	select strftime('%Y-%m-%d', timestamp), sum(cost) from event_log group by strftime('%Y-%m-%d', timestamp)	no_hardness	1
104_1	SELECT DATE(timestamp) AS event_date, SUM(cost) AS total_cost FROM event_log GROUP BY DATE(timestamp) ORDER BY event_date;	select strftime('%Y-%m-%d', timestamp), sum(cost) from event_log group by strftime('%Y-%m-%d', timestamp)	no_hardness	1
104_2	SELECT DATE(timestamp) AS event_day, SUM(cost) AS total_cost FROM event_log GROUP BY DATE(timestamp) ORDER BY event_day;	select strftime('%Y-%m-%d', timestamp), sum(cost) from event_log group by strftime('%Y-%m-%d', timestamp)	no_hardness	1
104_3	SELECT DATE(timestamp) AS event_date, SUM(cost) AS total_cost FROM event_log GROUP BY DATE(timestamp) ORDER BY event_date;	select strftime('%Y-%m-%d', timestamp), sum(cost) from event_log group by strftime('%Y-%m-%d', timestamp)	no_hardness	1
104_4	SELECT DATE(timestamp) AS day, SUM(cost) AS total_cost FROM event_log GROUP BY DATE(timestamp) ORDER BY day;	select strftime('%Y-%m-%d', timestamp), sum(cost) from event_log group by strftime('%Y-%m-%d', timestamp)	no_hardness	1
104_5	SELECT DATE(timestamp) AS event_date, SUM(cost) AS total_cost FROM event_log GROUP BY DATE(timestamp) ORDER BY event_date;	select strftime('%Y-%m-%d', timestamp), sum(cost) from event_log group by strftime('%Y-%m-%d', timestamp)	no_hardness	1
104_6	SELECT DATE(timestamp) AS event_date, SUM(cost) AS total_cost FROM event_log GROUP BY DATE(timestamp) ORDER BY event_date;	select strftime('%Y-%m-%d', timestamp), sum(cost) from event_log group by strftime('%Y-%m-%d', timestamp)	no_hardness	1
104_7	SELECT DATE(timestamp) AS day, SUM(cost) AS total_cost FROM event_log WHERE activity = 'declaration handling' GROUP BY DATE(timestamp) ORDER BY day;	select strftime('%Y-%m-%d', timestamp), sum(cost) from event_log group by strftime('%Y-%m-%d', timestamp)	no_hardness	0
105_0	SELECT DISTINCT activity FROM event_log WHERE cost > 1000 AND resource IN ('supervisor', 'director');	SELECT DISTINCT activity FROM event_log WHERE (activity LIKE '%supervisor%' OR activity LIKE '%director%' ) AND cost > 1000	no_hardness	0
105_1		SELECT DISTINCT activity FROM event_log WHERE (activity LIKE '%supervisor%' OR activity LIKE '%director%' ) AND cost > 1000	no_hardness	0
105_2		SELECT DISTINCT activity FROM event_log WHERE (activity LIKE '%supervisor%' OR activity LIKE '%director%' ) AND cost > 1000	no_hardness	0
105_3	SELECT DISTINCT activity FROM event_log WHERE (resource LIKE '%supervisor%' OR resource LIKE '%director%') AND cost > 1000;	SELECT DISTINCT activity FROM event_log WHERE (activity LIKE '%supervisor%' OR activity LIKE '%director%' ) AND cost > 1000	no_hardness	0
105_4	SELECT DISTINCT activity FROM event_log WHERE cost > 1000 AND (resource LIKE '%supervisor%' OR resource LIKE '%director%');	SELECT DISTINCT activity FROM event_log WHERE (activity LIKE '%supervisor%' OR activity LIKE '%director%' ) AND cost > 1000	no_hardness	0
105_5		SELECT DISTINCT activity FROM event_log WHERE (activity LIKE '%supervisor%' OR activity LIKE '%director%' ) AND cost > 1000	no_hardness	0
106_0	SELECT idcase, COUNT(*) AS event_count FROM event_log GROUP BY idcase;	SELECT count (*), idcase FROM event_log group by idcase	medium	0
106_1	SELECT idcase, COUNT(*) AS event_count FROM event_log GROUP BY idcase;	SELECT count (*), idcase FROM event_log group by idcase	medium	0
106_2	SELECT idcase, COUNT(*) AS event_count FROM event_log GROUP BY idcase;	SELECT count (*), idcase FROM event_log group by idcase	medium	0
106_3	SELECT idcase, COUNT(*) AS event_count FROM event_log GROUP BY idcase ORDER BY event_count DESC;	SELECT count (*), idcase FROM event_log group by idcase	medium	0
106_4	SELECT idcase, COUNT(*) AS event_count FROM event_log GROUP BY idcase;	SELECT count (*), idcase FROM event_log group by idcase	medium	0
106_5	SELECT idcase, COUNT(*) AS event_count FROM event_log GROUP BY idcase;	SELECT count (*), idcase FROM event_log group by idcase	medium	0
106_6	SELECT idcase, COUNT(*) AS interventions FROM event_log GROUP BY idcase;	SELECT count (*), idcase FROM event_log group by idcase	medium	0
107_0	SELECT resource, COUNT(*) AS task_count FROM event_log GROUP BY resource;	SELECT COUNT(*), resource FROM event_log GROUP BY resource	medium	0
107_1	SELECT resource, COUNT(*) AS task_count FROM event_log GROUP BY resource;	SELECT COUNT(*), resource FROM event_log GROUP BY resource	medium	0
107_2	SELECT resource, COUNT(*) AS activity_count FROM event_log GROUP BY resource;	SELECT COUNT(*), resource FROM event_log GROUP BY resource	medium	0
107_3	SELECT resource, COUNT(*) AS activity_count FROM event_log GROUP BY resource;	SELECT COUNT(*), resource FROM event_log GROUP BY resource	medium	0
107_4	SELECT resource, COUNT(*) AS activity_count FROM event_log GROUP BY resource;	SELECT COUNT(*), resource FROM event_log GROUP BY resource	medium	0
107_5	SELECT resource, COUNT(*) AS task_count FROM event_log GROUP BY resource;	SELECT COUNT(*), resource FROM event_log GROUP BY resource	medium	0
107_6	SELECT resource, COUNT(*) AS action_count FROM event_log GROUP BY resource;	SELECT COUNT(*), resource FROM event_log GROUP BY resource	medium	0
108_0	SELECT idcase, COUNT(*) AS activity_count FROM event_log WHERE resource = 'Alexis' GROUP BY idcase ORDER BY activity_count DESC;	SELECT idcase, count(*) FROM event_log where resource = 'Alexis' GROUP by idcase	medium	1
108_1	SELECT idcase, COUNT(*) AS activity_count FROM event_log WHERE resource = 'Alexis' GROUP BY idcase;	SELECT idcase, count(*) FROM event_log where resource = 'Alexis' GROUP by idcase	medium	1
108_2	SELECT idcase, COUNT(*) AS activity_count FROM event_log WHERE resource = 'Alexis' GROUP BY idcase ORDER BY idcase;	SELECT idcase, count(*) FROM event_log where resource = 'Alexis' GROUP by idcase	medium	1
108_3	SELECT idcase, COUNT(*) AS activity_count FROM event_log WHERE resource = 'Alexis' GROUP BY idcase;	SELECT idcase, count(*) FROM event_log where resource = 'Alexis' GROUP by idcase	medium	1
108_4	SELECT idcase, COUNT(*) AS activity_count FROM event_log WHERE resource = 'Alexis' GROUP BY idcase;	SELECT idcase, count(*) FROM event_log where resource = 'Alexis' GROUP by idcase	medium	1
108_5	SELECT idcase, COUNT(*) AS activity_count FROM event_log WHERE resource = 'Alexis' GROUP BY idcase;	SELECT idcase, count(*) FROM event_log where resource = 'Alexis' GROUP by idcase	medium	1
108_6	SELECT DISTINCT idcase, activity FROM event_log WHERE resource = 'Alexis' ORDER BY idcase, activity;	SELECT idcase, count(*) FROM event_log where resource = 'Alexis' GROUP by idcase	medium	0
108_7		SELECT idcase, count(*) FROM event_log where resource = 'Alexis' GROUP by idcase	medium	0
109_0	SELECT COUNT(DISTINCT idcase) FROM event_log el1 WHERE el1.activity = 'permit final approved by supervisor' AND EXISTS ( SELECT 1 FROM event_log el2 WHERE el2.idcase = el1.idcase AND el2.activity = 'start trip' AND el2.timestamp > el1.timestamp );	SELECT count(DISTINCT e1.idcase) FROM event_log e1 INNER JOIN event_log e2 ON e1.idcase = e2.idcase WHERE e1.activity = 'Permit final approved by supervisor' AND e2.activity = 'Start trip' AND e1.timestamp < e2.timestamp	no_hardness	0
109_1	SELECT COUNT(DISTINCT t1.idcase) FROM event_log t1 JOIN event_log t2 ON t1.idcase = t2.idcase WHERE t1.activity = 'permit final approved by supervisor' AND t2.activity = 'start trip' AND t1.timestamp < t2.timestamp;	SELECT count(DISTINCT e1.idcase) FROM event_log e1 INNER JOIN event_log e2 ON e1.idcase = e2.idcase WHERE e1.activity = 'Permit final approved by supervisor' AND e2.activity = 'Start trip' AND e1.timestamp < e2.timestamp	no_hardness	1
109_2	SELECT COUNT(DISTINCT e2.idcase) FROM event_log e1 JOIN event_log e2 ON e1.idcase = e2.idcase WHERE e1.activity = 'permit final approved by supervisor' AND e2.activity = 'start trip' AND e1.timestamp < e2.timestamp;	SELECT count(DISTINCT e1.idcase) FROM event_log e1 INNER JOIN event_log e2 ON e1.idcase = e2.idcase WHERE e1.activity = 'Permit final approved by supervisor' AND e2.activity = 'Start trip' AND e1.timestamp < e2.timestamp	no_hardness	1
109_3	SELECT COUNT(DISTINCT e1.idcase) FROM event_log e1 JOIN event_log e2 ON e1.idcase = e2.idcase AND e1.activity = 'permit final approved by supervisor' AND e2.activity = 'start trip' AND e1.timestamp < e2.timestamp;	SELECT count(DISTINCT e1.idcase) FROM event_log e1 INNER JOIN event_log e2 ON e1.idcase = e2.idcase WHERE e1.activity = 'Permit final approved by supervisor' AND e2.activity = 'Start trip' AND e1.timestamp < e2.timestamp	no_hardness	1
109_4	SELECT COUNT(DISTINCT t1.idcase) FROM event_log t1 JOIN event_log t2 ON t1.idcase = t2.idcase WHERE t1.activity = 'start trip' AND t2.activity = 'permit final approved by supervisor' AND t1.timestamp > t2.timestamp;	SELECT count(DISTINCT e1.idcase) FROM event_log e1 INNER JOIN event_log e2 ON e1.idcase = e2.idcase WHERE e1.activity = 'Permit final approved by supervisor' AND e2.activity = 'Start trip' AND e1.timestamp < e2.timestamp	no_hardness	1
109_5	SELECT COUNT(DISTINCT t1.idcase) FROM event_log t1 INNER JOIN event_log t2 ON t1.idcase = t2.idcase WHERE t1.activity LIKE '%Start Trip%' AND t2.activity LIKE '%Permit Approval%' AND t1.timestamp > t2.timestamp AND t2.resource LIKE '%Supervisor%';	SELECT count(DISTINCT e1.idcase) FROM event_log e1 INNER JOIN event_log e2 ON e1.idcase = e2.idcase WHERE e1.activity = 'Permit final approved by supervisor' AND e2.activity = 'Start trip' AND e1.timestamp < e2.timestamp	no_hardness	0
109_6	SELECT COUNT(DISTINCT t1.idcase) FROM event_log t1 JOIN event_log t2 ON t1.idcase = t2.idcase WHERE t1.activity = 'permit with final approval from the supervisor' AND t2.activity = 'start of the trip' AND t1.timestamp < t2.timestamp;	SELECT count(DISTINCT e1.idcase) FROM event_log e1 INNER JOIN event_log e2 ON e1.idcase = e2.idcase WHERE e1.activity = 'Permit final approved by supervisor' AND e2.activity = 'Start trip' AND e1.timestamp < e2.timestamp	no_hardness	0
109_7		SELECT count(DISTINCT e1.idcase) FROM event_log e1 INNER JOIN event_log e2 ON e1.idcase = e2.idcase WHERE e1.activity = 'Permit final approved by supervisor' AND e2.activity = 'Start trip' AND e1.timestamp < e2.timestamp	no_hardness	0
110_0	SELECT id, activity, timestamp, resource, cost, idcase FROM event_log WHERE activity = 'end trip' AND DATE(timestamp) != '2017-12-12';	select * from event_log where activity = 'End trip' and strftime('%Y-%m-%d', timestamp) !=  '2017-12-12'	no_hardness	1
110_1		select * from event_log where activity = 'End trip' and strftime('%Y-%m-%d', timestamp) !=  '2017-12-12'	no_hardness	0
110_2	SELECT * FROM event_log WHERE activity = 'end trip' AND (timestamp < '2017-12-12' OR timestamp > '2017-12-12');	select * from event_log where activity = 'End trip' and strftime('%Y-%m-%d', timestamp) !=  '2017-12-12'	no_hardness	0
110_3	SELECT * FROM event_log WHERE activity = 'end trip' AND (timestamp < '2017-12-12 00:00:00' OR timestamp > '2017-12-12 23:59:59');	select * from event_log where activity = 'End trip' and strftime('%Y-%m-%d', timestamp) !=  '2017-12-12'	no_hardness	1
110_4	SELECT * FROM event_log WHERE activity = 'end trip' AND DATE(timestamp) != '2017-12-12';	select * from event_log where activity = 'End trip' and strftime('%Y-%m-%d', timestamp) !=  '2017-12-12'	no_hardness	1
110_5	SELECT * FROM event_log WHERE activity = 'end trip' AND DATE(timestamp) != '2017-12-12';	select * from event_log where activity = 'End trip' and strftime('%Y-%m-%d', timestamp) !=  '2017-12-12'	no_hardness	1
110_6		select * from event_log where activity = 'End trip' and strftime('%Y-%m-%d', timestamp) !=  '2017-12-12'	no_hardness	0
111_0	SELECT resource, COUNT(*) AS event_count FROM event_log GROUP BY resource;	SELECT count (*), resource FROM event_log group by resource	medium	0
111_1	SELECT resource, COUNT(*) AS event_count FROM event_log GROUP BY resource ORDER BY event_count DESC;	SELECT count (*), resource FROM event_log group by resource	medium	0
111_2	SELECT resource, COUNT(*) AS event_count FROM event_log GROUP BY resource;	SELECT count (*), resource FROM event_log group by resource	medium	0
111_3	SELECT resource, COUNT(*) AS activity_count FROM event_log GROUP BY resource;	SELECT count (*), resource FROM event_log group by resource	medium	0
111_4	SELECT resource, COUNT(*) AS events FROM event_log GROUP BY resource;	SELECT count (*), resource FROM event_log group by resource	medium	0
111_5	SELECT resource, COUNT(*) AS times_acted FROM event_log GROUP BY resource;	SELECT count (*), resource FROM event_log group by resource	medium	0
111_6	SELECT resource, COUNT(*) AS actions FROM event_log GROUP BY resource;	SELECT count (*), resource FROM event_log group by resource	medium	0
112_0	SELECT resource, COUNT(DISTINCT activity) AS activity_count FROM event_log GROUP BY resource ORDER BY activity_count DESC;	SELECT resource, COUNT(*) FROM event_log group by resource	medium	0
112_1	SELECT resource, COUNT(DISTINCT activity) AS activity_count FROM event_log GROUP BY resource;	SELECT resource, COUNT(*) FROM event_log group by resource	medium	0
112_2	SELECT resource, COUNT(*) AS activity_count FROM event_log GROUP BY resource;	SELECT resource, COUNT(*) FROM event_log group by resource	medium	1
112_3	SELECT resource, COUNT(DISTINCT activity) AS num_activities FROM event_log GROUP BY resource;	SELECT resource, COUNT(*) FROM event_log group by resource	medium	0
112_4	SELECT resource, COUNT(DISTINCT activity) AS activity_count FROM event_log GROUP BY resource;	SELECT resource, COUNT(*) FROM event_log group by resource	medium	0
112_5	SELECT resource, COUNT(*) AS action_count FROM event_log GROUP BY resource ORDER BY action_count DESC;	SELECT resource, COUNT(*) FROM event_log group by resource	medium	1
113_0	SELECT DISTINCT activity FROM event_log WHERE resource != 'Virginia';	SELECT activity FROM event_log EXCEPT SELECT activity FROM event_log where resource = 'Virginia'	hard	0
113_1	SELECT DISTINCT activity FROM event_log WHERE resource != 'Virginia';	SELECT activity FROM event_log EXCEPT SELECT activity FROM event_log where resource = 'Virginia'	hard	0
113_2	SELECT DISTINCT activity FROM event_log WHERE resource != 'Virginia';	SELECT activity FROM event_log EXCEPT SELECT activity FROM event_log where resource = 'Virginia'	hard	0
113_3		SELECT activity FROM event_log EXCEPT SELECT activity FROM event_log where resource = 'Virginia'	hard	0
113_4	SELECT DISTINCT activity FROM event_log WHERE activity NOT IN ( SELECT DISTINCT activity FROM event_log WHERE resource = 'Virginia' );	SELECT activity FROM event_log EXCEPT SELECT activity FROM event_log where resource = 'Virginia'	hard	1
113_5	SELECT DISTINCT activity FROM event_log EXCEPT SELECT DISTINCT activity FROM event_log WHERE resource = 'Virginia';	SELECT activity FROM event_log EXCEPT SELECT activity FROM event_log where resource = 'Virginia'	hard	1
114_0	SELECT AVG(cost) FROM event_log WHERE activity = 'rejected';	SELECT AVG(cost) FROM event_log WHERE idcase IN (SELECT DISTINCT idcase FROM event_log where activity LIKE '%rejected%') 	hard	0
114_1	SELECT AVG(cost) FROM event_log WHERE activity = 'rejected' GROUP BY idcase;	SELECT AVG(cost) FROM event_log WHERE idcase IN (SELECT DISTINCT idcase FROM event_log where activity LIKE '%rejected%') 	hard	0
114_2	SELECT AVG(cost) FROM event_log e INNER JOIN ( SELECT DISTINCT idcase FROM event_log WHERE activity = 'rejected' ) r ON e.idcase = r.idcase;	SELECT AVG(cost) FROM event_log WHERE idcase IN (SELECT DISTINCT idcase FROM event_log where activity LIKE '%rejected%') 	hard	0
114_3	SELECT AVG(cost) AS mean_cost FROM event_log WHERE idcase IN ( SELECT DISTINCT idcase FROM event_log WHERE activity = 'rejected' );	SELECT AVG(cost) FROM event_log WHERE idcase IN (SELECT DISTINCT idcase FROM event_log where activity LIKE '%rejected%') 	hard	0
114_4	SELECT AVG(cost) AS mean_cost FROM event_log WHERE activity = 'rejected';	SELECT AVG(cost) FROM event_log WHERE idcase IN (SELECT DISTINCT idcase FROM event_log where activity LIKE '%rejected%') 	hard	0
114_5		SELECT AVG(cost) FROM event_log WHERE idcase IN (SELECT DISTINCT idcase FROM event_log where activity LIKE '%rejected%') 	hard	0
114_6		SELECT AVG(cost) FROM event_log WHERE idcase IN (SELECT DISTINCT idcase FROM event_log where activity LIKE '%rejected%') 	hard	0
115_0	SELECT idcase, MAX(timestamp) - MIN(timestamp) AS duration FROM event_log WHERE activity = 'declaration approved by supervisor' GROUP BY idcase;	WITH RankedEvents AS (SELECT id, activity, timestamp, LEAD(timestamp) OVER (PARTITION BY idcase ORDER BY timestamp) AS next_timestamp, idcase FROM event_log) SELECT idcase, coalesce((strftime('%s', next_timestamp) - strftime('%s', timestamp)),0) as duration FROM RankedEvents WHERE activity='Declaration approved by supervisor'	no_hardness	0
115_1	SELECT idcase, MAX(timestamp) - MIN(timestamp) AS duration FROM event_log WHERE activity = 'declaration approved by supervisor' GROUP BY idcase;	WITH RankedEvents AS (SELECT id, activity, timestamp, LEAD(timestamp) OVER (PARTITION BY idcase ORDER BY timestamp) AS next_timestamp, idcase FROM event_log) SELECT idcase, coalesce((strftime('%s', next_timestamp) - strftime('%s', timestamp)),0) as duration FROM RankedEvents WHERE activity='Declaration approved by supervisor'	no_hardness	0
115_2	SELECT idcase, (MAX(timestamp) - MIN(timestamp)) AS duration FROM event_log WHERE activity = 'declaration approved by supervisor' GROUP BY idcase;	WITH RankedEvents AS (SELECT id, activity, timestamp, LEAD(timestamp) OVER (PARTITION BY idcase ORDER BY timestamp) AS next_timestamp, idcase FROM event_log) SELECT idcase, coalesce((strftime('%s', next_timestamp) - strftime('%s', timestamp)),0) as duration FROM RankedEvents WHERE activity='Declaration approved by supervisor'	no_hardness	0
115_3		WITH RankedEvents AS (SELECT id, activity, timestamp, LEAD(timestamp) OVER (PARTITION BY idcase ORDER BY timestamp) AS next_timestamp, idcase FROM event_log) SELECT idcase, coalesce((strftime('%s', next_timestamp) - strftime('%s', timestamp)),0) as duration FROM RankedEvents WHERE activity='Declaration approved by supervisor'	no_hardness	0
115_4		WITH RankedEvents AS (SELECT id, activity, timestamp, LEAD(timestamp) OVER (PARTITION BY idcase ORDER BY timestamp) AS next_timestamp, idcase FROM event_log) SELECT idcase, coalesce((strftime('%s', next_timestamp) - strftime('%s', timestamp)),0) as duration FROM RankedEvents WHERE activity='Declaration approved by supervisor'	no_hardness	0
115_5	SELECT AVG(cost) AS average_cost FROM event_log WHERE activity LIKE '%supervisor%' AND (activity LIKE '%approval%' OR activity LIKE '%approve%');	WITH RankedEvents AS (SELECT id, activity, timestamp, LEAD(timestamp) OVER (PARTITION BY idcase ORDER BY timestamp) AS next_timestamp, idcase FROM event_log) SELECT idcase, coalesce((strftime('%s', next_timestamp) - strftime('%s', timestamp)),0) as duration FROM RankedEvents WHERE activity='Declaration approved by supervisor'	no_hardness	0
115_6	SELECT AVG(TIMESTAMPDIFF(MINUTE, t1.timestamp, t2.timestamp)) AS avg_time_spent;	WITH RankedEvents AS (SELECT id, activity, timestamp, LEAD(timestamp) OVER (PARTITION BY idcase ORDER BY timestamp) AS next_timestamp, idcase FROM event_log) SELECT idcase, coalesce((strftime('%s', next_timestamp) - strftime('%s', timestamp)),0) as duration FROM RankedEvents WHERE activity='Declaration approved by supervisor'	no_hardness	0
116_0	SELECT COUNT(*) FROM event_log WHERE activity = 'declaration rejected by pre-approver';	SELECT count(*) FROM event_log WHERE activity = 'Declaration rejected by pre-approver'	easy	1
116_1	SELECT COUNT(*) FROM event_log WHERE activity = 'declaration rejected by pre-approver';	SELECT count(*) FROM event_log WHERE activity = 'Declaration rejected by pre-approver'	easy	1
116_2	SELECT COUNT(*) FROM event_log WHERE activity = 'declaration rejected by pre-approver';	SELECT count(*) FROM event_log WHERE activity = 'Declaration rejected by pre-approver'	easy	1
116_3	SELECT COUNT(*) FROM event_log WHERE activity = 'declaration rejected by pre-approver';	SELECT count(*) FROM event_log WHERE activity = 'Declaration rejected by pre-approver'	easy	1
116_4	SELECT COUNT(*) FROM event_log WHERE activity = 'declaration rejected by pre-approver';	SELECT count(*) FROM event_log WHERE activity = 'Declaration rejected by pre-approver'	easy	1
116_5	SELECT COUNT(*) FROM event_log WHERE activity = 'declaration rejected by pre-approver';	SELECT count(*) FROM event_log WHERE activity = 'Declaration rejected by pre-approver'	easy	1
116_6	SELECT COUNT(*) FROM event_log WHERE activity LIKE '%pre-approval%' AND activity LIKE '%rejected%';	SELECT count(*) FROM event_log WHERE activity = 'Declaration rejected by pre-approver'	easy	0
116_7		SELECT count(*) FROM event_log WHERE activity = 'Declaration rejected by pre-approver'	easy	0
117_0	SELECT idcase, timestamp FROM event_log WHERE activity = 'end trip' ORDER BY resource;	SELECT idcase, timestamp FROM event_log WHERE activity = 'End trip' ORDER BY resource	medium	1
117_1	SELECT idcase, DATE(timestamp) as activity_date FROM event_log WHERE activity = 'end trip' ORDER BY resource;	SELECT idcase, timestamp FROM event_log WHERE activity = 'End trip' ORDER BY resource	medium	0
117_2		SELECT idcase, timestamp FROM event_log WHERE activity = 'End trip' ORDER BY resource	medium	0
117_3	SELECT idcase, DATE(timestamp) AS event_date FROM event_log WHERE activity = 'end trip' ORDER BY resource;	SELECT idcase, timestamp FROM event_log WHERE activity = 'End trip' ORDER BY resource	medium	0
117_4		SELECT idcase, timestamp FROM event_log WHERE activity = 'End trip' ORDER BY resource	medium	0
117_5		SELECT idcase, timestamp FROM event_log WHERE activity = 'End trip' ORDER BY resource	medium	0
118_0	SELECT idcase, COUNT(*) AS event_count FROM event_log GROUP BY idcase;	SELECT count (*), idcase FROM event_log group by idcase	medium	0
118_1	SELECT idcase, COUNT(*) AS event_count FROM event_log GROUP BY idcase;	SELECT count (*), idcase FROM event_log group by idcase	medium	0
118_2	SELECT idcase, COUNT(*) AS event_count FROM event_log GROUP BY idcase;	SELECT count (*), idcase FROM event_log group by idcase	medium	0
118_3	SELECT idcase, COUNT(*) AS event_count FROM event_log GROUP BY idcase ORDER BY event_count DESC;	SELECT count (*), idcase FROM event_log group by idcase	medium	0
118_4	SELECT idcase, COUNT(*) AS event_count FROM event_log GROUP BY idcase;	SELECT count (*), idcase FROM event_log group by idcase	medium	0
118_5	SELECT idcase, COUNT(*) AS event_count FROM event_log GROUP BY idcase;	SELECT count (*), idcase FROM event_log group by idcase	medium	0
118_6	SELECT idcase, COUNT(*) AS actions FROM event_log GROUP BY idcase;	SELECT count (*), idcase FROM event_log group by idcase	medium	0
118_7	SELECT idcase, COUNT(*) AS interventions FROM event_log GROUP BY idcase;	SELECT count (*), idcase FROM event_log group by idcase	medium	0
119_0	SELECT COUNT(DISTINCT idcase) FROM event_log WHERE activity = 'end trip' AND timestamp BETWEEN '2017-05-02' AND '2017-05-12';	SELECT COUNT(DISTINCT idcase) FROM event_log WHERE activity = 'End trip' AND timestamp BETWEEN '2017-05-02' and '2017-05-12'	medium	1
119_1	SELECT COUNT(DISTINCT idcase) FROM event_log WHERE activity = 'end trip' AND timestamp BETWEEN '2017-05-02' AND '2017-05-12';	SELECT COUNT(DISTINCT idcase) FROM event_log WHERE activity = 'End trip' AND timestamp BETWEEN '2017-05-02' and '2017-05-12'	medium	1
119_2	SELECT COUNT(DISTINCT idcase) FROM event_log WHERE activity = 'end trip' AND timestamp BETWEEN '2017-05-02' AND '2017-05-12';	SELECT COUNT(DISTINCT idcase) FROM event_log WHERE activity = 'End trip' AND timestamp BETWEEN '2017-05-02' and '2017-05-12'	medium	1
119_3	SELECT COUNT(DISTINCT idcase) FROM event_log WHERE activity = 'end trip' AND timestamp BETWEEN '2017-05-02' AND '2017-05-12';	SELECT COUNT(DISTINCT idcase) FROM event_log WHERE activity = 'End trip' AND timestamp BETWEEN '2017-05-02' and '2017-05-12'	medium	1
119_4	SELECT COUNT(DISTINCT idcase) FROM event_log WHERE activity = 'end trip' AND timestamp BETWEEN '2017-05-02' AND '2017-05-12';	SELECT COUNT(DISTINCT idcase) FROM event_log WHERE activity = 'End trip' AND timestamp BETWEEN '2017-05-02' and '2017-05-12'	medium	1
119_5	SELECT COUNT(DISTINCT idcase) FROM event_log WHERE activity = 'end trip' AND timestamp BETWEEN '2017-05-02' AND '2017-05-12';	SELECT COUNT(DISTINCT idcase) FROM event_log WHERE activity = 'End trip' AND timestamp BETWEEN '2017-05-02' and '2017-05-12'	medium	1
119_6		SELECT COUNT(DISTINCT idcase) FROM event_log WHERE activity = 'End trip' AND timestamp BETWEEN '2017-05-02' and '2017-05-12'	medium	0
119_7		SELECT COUNT(DISTINCT idcase) FROM event_log WHERE activity = 'End trip' AND timestamp BETWEEN '2017-05-02' and '2017-05-12'	medium	0
120_0	SELECT idcase, resource, id, timestamp FROM event_log WHERE activity = 'send reminder' ORDER BY timestamp;	SELECT idcase, resource, id, timestamp FROM event_log WHERE activity = 'Send reminder' ORDER BY timestamp	medium	1
120_1	SELECT idcase, resource, id, timestamp FROM event_log WHERE activity = 'send reminder' ORDER BY timestamp;	SELECT idcase, resource, id, timestamp FROM event_log WHERE activity = 'Send reminder' ORDER BY timestamp	medium	1
120_2	SELECT idcase, resource, id, timestamp FROM event_log WHERE activity = 'send reminder' ORDER BY timestamp ASC;	SELECT idcase, resource, id, timestamp FROM event_log WHERE activity = 'Send reminder' ORDER BY timestamp	medium	1
120_3	SELECT idcase, resource, id, timestamp FROM event_log WHERE activity = 'send reminder' ORDER BY timestamp;	SELECT idcase, resource, id, timestamp FROM event_log WHERE activity = 'Send reminder' ORDER BY timestamp	medium	1
120_4	SELECT idcase, id, resource, timestamp FROM event_log WHERE activity = 'send reminder' ORDER BY timestamp ASC;	SELECT idcase, resource, id, timestamp FROM event_log WHERE activity = 'Send reminder' ORDER BY timestamp	medium	0
120_5	SELECT idcase, resource, id, timestamp FROM event_log WHERE activity = 'send reminder' ORDER BY timestamp;	SELECT idcase, resource, id, timestamp FROM event_log WHERE activity = 'Send reminder' ORDER BY timestamp	medium	1
120_6	SELECT activity, resource, id, timestamp FROM event_log ORDER BY timestamp;	SELECT idcase, resource, id, timestamp FROM event_log WHERE activity = 'Send reminder' ORDER BY timestamp	medium	0
121_0	SELECT DISTINCT resource FROM event_log ORDER BY resource;	SELECT DISTINCT resource FROM event_log ORDER BY resource	easy	1
121_1	SELECT DISTINCT resource FROM event_log ORDER BY resource;	SELECT DISTINCT resource FROM event_log ORDER BY resource	easy	1
121_2	SELECT DISTINCT resource FROM event_log ORDER BY resource;	SELECT DISTINCT resource FROM event_log ORDER BY resource	easy	1
121_3	SELECT DISTINCT resource FROM event_log ORDER BY resource;	SELECT DISTINCT resource FROM event_log ORDER BY resource	easy	1
121_4	SELECT DISTINCT resource FROM event_log ORDER BY resource;	SELECT DISTINCT resource FROM event_log ORDER BY resource	easy	1
121_5	SELECT DISTINCT resource FROM event_log ORDER BY resource;	SELECT DISTINCT resource FROM event_log ORDER BY resource	easy	1
121_6	SELECT DISTINCT resource FROM event_log WHERE activity LIKE '%declaration%' ORDER BY resource;	SELECT DISTINCT resource FROM event_log ORDER BY resource	easy	0
122_0	SELECT resource, COUNT(DISTINCT idcase) AS case_count FROM event_log GROUP BY resource HAVING COUNT(DISTINCT idcase) > 200;	SELECT resource FROM event_log GROUP BY resource HAVING COUNT(DISTINCT idcase) > 200	easy	0
122_1	SELECT resource FROM event_log GROUP BY resource HAVING COUNT(DISTINCT idcase) > 200;	SELECT resource FROM event_log GROUP BY resource HAVING COUNT(DISTINCT idcase) > 200	easy	1
122_2	SELECT resource, COUNT(*) AS declaration_count FROM event_log GROUP BY resource HAVING COUNT(*) > 200 ORDER BY declaration_count DESC;	SELECT resource FROM event_log GROUP BY resource HAVING COUNT(DISTINCT idcase) > 200	easy	0
122_3	SELECT resource FROM event_log GROUP BY resource HAVING COUNT(*) > 200;	SELECT resource FROM event_log GROUP BY resource HAVING COUNT(DISTINCT idcase) > 200	easy	1
122_4	SELECT resource FROM event_log GROUP BY resource HAVING COUNT(*) > 200;	SELECT resource FROM event_log GROUP BY resource HAVING COUNT(DISTINCT idcase) > 200	easy	1
122_5	SELECT resource FROM event_log GROUP BY resource HAVING COUNT(*) > 200;	SELECT resource FROM event_log GROUP BY resource HAVING COUNT(DISTINCT idcase) > 200	easy	1
122_6	SELECT resource, COUNT(*) AS declarations FROM event_log GROUP BY resource HAVING COUNT(*) > 200;	SELECT resource FROM event_log GROUP BY resource HAVING COUNT(DISTINCT idcase) > 200	easy	0
123_0	SELECT COUNT(DISTINCT resource) FROM event_log;	SELECT COUNT (DISTINCT resource) FROM event_log	easy	1
123_1	SELECT COUNT(DISTINCT resource) FROM event_log;	SELECT COUNT (DISTINCT resource) FROM event_log	easy	1
123_2	SELECT COUNT(DISTINCT resource) FROM event_log WHERE activity LIKE '%declaration%';	SELECT COUNT (DISTINCT resource) FROM event_log	easy	0
123_3	SELECT COUNT(DISTINCT resource) FROM event_log WHERE activity = 'declaration';	SELECT COUNT (DISTINCT resource) FROM event_log	easy	0
123_4	SELECT COUNT(DISTINCT resource) FROM event_log;	SELECT COUNT (DISTINCT resource) FROM event_log	easy	1
123_5	SELECT COUNT(DISTINCT resource) FROM event_log;	SELECT COUNT (DISTINCT resource) FROM event_log	easy	1
123_6		SELECT COUNT (DISTINCT resource) FROM event_log	easy	0
123_7	SELECT COUNT(DISTINCT resource) FROM event_log WHERE activity = 'declaration';	SELECT COUNT (DISTINCT resource) FROM event_log	easy	0
123_8	SELECT COUNT(DISTINCT resource) FROM event_log WHERE activity LIKE '%declaration%' OR activity LIKE '%handling%';	SELECT COUNT (DISTINCT resource) FROM event_log	easy	0
124_0	SELECT DISTINCT activity FROM event_log WHERE LOWER(activity) LIKE '%declaration%';	SELECT DISTINCT activity FROM event_log WHERE activity LIKE '%declaration%'	medium	1
124_1	SELECT DISTINCT activity FROM event_log WHERE LOWER(activity) LIKE '%declaration%';	SELECT DISTINCT activity FROM event_log WHERE activity LIKE '%declaration%'	medium	1
124_2	SELECT DISTINCT activity FROM event_log WHERE LOWER(activity) LIKE '%declaration%';	SELECT DISTINCT activity FROM event_log WHERE activity LIKE '%declaration%'	medium	1
124_3	SELECT activity FROM event_log WHERE activity LIKE '%declaration%';	SELECT DISTINCT activity FROM event_log WHERE activity LIKE '%declaration%'	medium	0
124_4	SELECT DISTINCT activity FROM event_log WHERE LOWER(activity) LIKE '%declaration%';	SELECT DISTINCT activity FROM event_log WHERE activity LIKE '%declaration%'	medium	1
124_5	SELECT DISTINCT activity FROM event_log WHERE activity LIKE '%declaration%';	SELECT DISTINCT activity FROM event_log WHERE activity LIKE '%declaration%'	medium	1
124_6	SELECT DISTINCT activity FROM event_log WHERE activity LIKE '%declaration%';	SELECT DISTINCT activity FROM event_log WHERE activity LIKE '%declaration%'	medium	1
124_7	SELECT DISTINCT activity FROM event_log WHERE activity LIKE '%declaration%';	SELECT DISTINCT activity FROM event_log WHERE activity LIKE '%declaration%'	medium	1
125_0	SELECT activity, AVG(cost) AS mean_cost FROM event_log GROUP BY activity;	SELECT AVG(cost), activity  FROM event_log GROUP BY activity	medium	0
125_1	SELECT activity, AVG(cost) FROM event_log GROUP BY activity;	SELECT AVG(cost), activity  FROM event_log GROUP BY activity	medium	0
125_2	SELECT activity, AVG(cost) AS avg_cost FROM event_log GROUP BY activity;	SELECT AVG(cost), activity  FROM event_log GROUP BY activity	medium	0
125_3	SELECT activity, AVG(cost) AS mean_cost FROM event_log GROUP BY activity;	SELECT AVG(cost), activity  FROM event_log GROUP BY activity	medium	0
125_4	SELECT AVG(cost) AS mean_cost, activity FROM event_log GROUP BY activity;	SELECT AVG(cost), activity  FROM event_log GROUP BY activity	medium	1
125_5	SELECT activity, AVG(cost) AS average_cost FROM event_log GROUP BY activity;	SELECT AVG(cost), activity  FROM event_log GROUP BY activity	medium	0
125_6	SELECT activity, AVG(cost) AS average_cost FROM event_log GROUP BY activity;	SELECT AVG(cost), activity  FROM event_log GROUP BY activity	medium	0
125_7	SELECT activity, AVG(cost) AS mean_cost FROM event_log GROUP BY activity;	SELECT AVG(cost), activity  FROM event_log GROUP BY activity	medium	0
125_8	SELECT activity, AVG(cost) AS mean_cost FROM event_log GROUP BY activity;	SELECT AVG(cost), activity  FROM event_log GROUP BY activity	medium	0
126_0	SELECT COUNT(DISTINCT idcase) FROM event_log WHERE cost = 0 OR cost IS NULL;	SELECT COUNT(*) FROM (SELECT DISTINCT idcase FROM event_log where cost IS NULL EXCEPT SELECT DISTINCT idcase FROM event_log where cost IS NOT NULL) 	no_hardness	0
126_1	SELECT COUNT(DISTINCT idcase) FROM event_log WHERE cost = 0 OR cost IS NULL;	SELECT COUNT(*) FROM (SELECT DISTINCT idcase FROM event_log where cost IS NULL EXCEPT SELECT DISTINCT idcase FROM event_log where cost IS NOT NULL) 	no_hardness	0
126_2	SELECT COUNT(DISTINCT idcase) FROM event_log WHERE cost = 0;	SELECT COUNT(*) FROM (SELECT DISTINCT idcase FROM event_log where cost IS NULL EXCEPT SELECT DISTINCT idcase FROM event_log where cost IS NOT NULL) 	no_hardness	0
126_3	SELECT COUNT(*) FROM (SELECT idcase FROM event_log GROUP BY idcase HAVING SUM(cost) = 0) AS sub;	SELECT COUNT(*) FROM (SELECT DISTINCT idcase FROM event_log where cost IS NULL EXCEPT SELECT DISTINCT idcase FROM event_log where cost IS NOT NULL) 	no_hardness	0
126_4	SELECT COUNT(DISTINCT idcase) FROM event_log WHERE cost = 0 OR cost IS NULL;	SELECT COUNT(*) FROM (SELECT DISTINCT idcase FROM event_log where cost IS NULL EXCEPT SELECT DISTINCT idcase FROM event_log where cost IS NOT NULL) 	no_hardness	0
126_5	SELECT COUNT(*) FROM ( SELECT idcase, SUM(CASE WHEN cost IS NOT NULL THEN 1 ELSE 0 END) as non_null_count FROM event_log GROUP BY idcase ) t WHERE non_null_count = 0;	SELECT COUNT(*) FROM (SELECT DISTINCT idcase FROM event_log where cost IS NULL EXCEPT SELECT DISTINCT idcase FROM event_log where cost IS NOT NULL) 	no_hardness	1
126_6		SELECT COUNT(*) FROM (SELECT DISTINCT idcase FROM event_log where cost IS NULL EXCEPT SELECT DISTINCT idcase FROM event_log where cost IS NOT NULL) 	no_hardness	0
126_7	SELECT COUNT(*) FROM event_log WHERE cost IS NULL;	SELECT COUNT(*) FROM (SELECT DISTINCT idcase FROM event_log where cost IS NULL EXCEPT SELECT DISTINCT idcase FROM event_log where cost IS NOT NULL) 	no_hardness	0
126_8	SELECT COUNT(*) FROM event_log WHERE activity = 'declaration' AND cost = 0;	SELECT COUNT(*) FROM (SELECT DISTINCT idcase FROM event_log where cost IS NULL EXCEPT SELECT DISTINCT idcase FROM event_log where cost IS NOT NULL) 	no_hardness	0
127_0	SELECT DISTINCT activity FROM event_log WHERE LOWER(activity) LIKE '%permit%' OR LOWER(activity) LIKE '%declaration%';	SELECT DISTINCT activity FROM event_log WHERE activity LIKE '%permit%' OR activity LIKE '%declaration%'	extra	1
127_1	SELECT DISTINCT activity FROM event_log WHERE LOWER(activity) LIKE '%permit%' OR LOWER(activity) LIKE '%declaration%';	SELECT DISTINCT activity FROM event_log WHERE activity LIKE '%permit%' OR activity LIKE '%declaration%'	extra	1
127_2	SELECT DISTINCT activity FROM event_log WHERE LOWER(activity) LIKE '%permit%' OR LOWER(activity) LIKE '%declaration%';	SELECT DISTINCT activity FROM event_log WHERE activity LIKE '%permit%' OR activity LIKE '%declaration%'	extra	1
127_3	SELECT DISTINCT activity FROM event_log WHERE LOWER(activity) LIKE '%permit%' OR LOWER(activity) LIKE '%declare%';	SELECT DISTINCT activity FROM event_log WHERE activity LIKE '%permit%' OR activity LIKE '%declaration%'	extra	0
127_4	SELECT DISTINCT activity FROM event_log WHERE activity LIKE '%permit%' OR activity LIKE '%declaration%';	SELECT DISTINCT activity FROM event_log WHERE activity LIKE '%permit%' OR activity LIKE '%declaration%'	extra	1
127_5	SELECT DISTINCT activity FROM event_log WHERE activity LIKE '%permit%' OR activity LIKE '%declaration%';	SELECT DISTINCT activity FROM event_log WHERE activity LIKE '%permit%' OR activity LIKE '%declaration%'	extra	1
127_6	SELECT DISTINCT activity FROM event_log WHERE activity LIKE '%permit%' OR activity LIKE '%declaration%';	SELECT DISTINCT activity FROM event_log WHERE activity LIKE '%permit%' OR activity LIKE '%declaration%'	extra	1
127_7	SELECT * FROM event_log WHERE activity LIKE '%permit%' OR activity LIKE '%declaration%';	SELECT DISTINCT activity FROM event_log WHERE activity LIKE '%permit%' OR activity LIKE '%declaration%'	extra	0
127_8	SELECT DISTINCT activity FROM event_log WHERE LOWER(activity) LIKE '%permit%' OR LOWER(activity) LIKE '%declaration%' OR LOWER(activity) LIKE '%explicit%';	SELECT DISTINCT activity FROM event_log WHERE activity LIKE '%permit%' OR activity LIKE '%declaration%'	extra	1
128_0	SELECT COUNT(*) FROM event_log WHERE activity = 'declaration rejected by director';	SELECT COUNT (*) FROM event_log WHERE activity = 'Declaration rejected by director'	easy	1
128_1	SELECT COUNT(*) FROM event_log WHERE activity = 'declaration rejected by director';	SELECT COUNT (*) FROM event_log WHERE activity = 'Declaration rejected by director'	easy	1
128_2	SELECT COUNT(*) AS occurrence_count FROM event_log WHERE activity = 'declaration rejected by director';	SELECT COUNT (*) FROM event_log WHERE activity = 'Declaration rejected by director'	easy	1
128_3	SELECT COUNT(*) FROM event_log WHERE activity = 'declaration rejected by director';	SELECT COUNT (*) FROM event_log WHERE activity = 'Declaration rejected by director'	easy	1
128_4	SELECT COUNT(*) FROM event_log WHERE activity = 'declaration rejected by director';	SELECT COUNT (*) FROM event_log WHERE activity = 'Declaration rejected by director'	easy	1
128_5	SELECT COUNT(*) AS instance_count FROM event_log WHERE activity = 'declaration rejected by director';	SELECT COUNT (*) FROM event_log WHERE activity = 'Declaration rejected by director'	easy	1
128_6	SELECT COUNT(*) FROM event_log WHERE activity = 'declaration of rejection of responsibility of the director';	SELECT COUNT (*) FROM event_log WHERE activity = 'Declaration rejected by director'	easy	0
129_0	SELECT AVG(cost) AS mean_cost FROM event_log;	SELECT AVG (cost) FROM event_log	easy	1
129_1	SELECT AVG(cost) FROM event_log;	SELECT AVG (cost) FROM event_log	easy	1
129_2	SELECT AVG(cost) FROM event_log;	SELECT AVG (cost) FROM event_log	easy	1
129_3	SELECT AVG(cost) FROM event_log;	SELECT AVG (cost) FROM event_log	easy	1
129_4	SELECT AVG(cost) FROM event_log;	SELECT AVG (cost) FROM event_log	easy	1
129_5	SELECT AVG(cost) AS mean_cost FROM event_log;	SELECT AVG (cost) FROM event_log	easy	1
129_6	SELECT activity, AVG(cost) AS mean_cost FROM event_log GROUP BY activity;	SELECT AVG (cost) FROM event_log	easy	0
129_7	SELECT AVG(cost) AS mean_cost FROM event_log;	SELECT AVG (cost) FROM event_log	easy	1
129_8	SELECT AVG(cost) FROM event_log;	SELECT AVG (cost) FROM event_log	easy	1
129_9	SELECT AVG(cost) FROM event_log;	SELECT AVG (cost) FROM event_log	easy	1
130_0	SELECT resource, COUNT(DISTINCT idcase) AS num_cases FROM event_log GROUP BY resource ORDER BY resource;	SELECT resource, COUNT(DISTINCT idcase) from event_log GROUP BY resource	medium	1
130_1	SELECT resource, COUNT(DISTINCT idcase) AS case_count FROM event_log GROUP BY resource;	SELECT resource, COUNT(DISTINCT idcase) from event_log GROUP BY resource	medium	1
130_2	SELECT resource, COUNT(DISTINCT idcase) AS cases_per_resource FROM event_log GROUP BY resource;	SELECT resource, COUNT(DISTINCT idcase) from event_log GROUP BY resource	medium	1
130_3	SELECT resource, COUNT(DISTINCT idcase) AS case_count FROM event_log GROUP BY resource;	SELECT resource, COUNT(DISTINCT idcase) from event_log GROUP BY resource	medium	1
130_4	SELECT resource, COUNT(DISTINCT idcase) AS num_cases FROM event_log GROUP BY resource;	SELECT resource, COUNT(DISTINCT idcase) from event_log GROUP BY resource	medium	1
130_5	SELECT resource, COUNT(DISTINCT idcase) AS case_count FROM event_log GROUP BY resource;	SELECT resource, COUNT(DISTINCT idcase) from event_log GROUP BY resource	medium	1
130_6	SELECT resource, COUNT(DISTINCT idcase) AS num_cases FROM event_log GROUP BY resource;	SELECT resource, COUNT(DISTINCT idcase) from event_log GROUP BY resource	medium	1
130_7	SELECT resource, COUNT(*) AS declarations_acted FROM event_log GROUP BY resource;	SELECT resource, COUNT(DISTINCT idcase) from event_log GROUP BY resource	medium	0
131_0	SELECT COUNT(*) FROM event_log WHERE resource = 'Peter';	SELECT count(*) FROM event_log WHERE resource = 'Peter'	easy	1
131_1	SELECT COUNT(*) FROM event_log WHERE resource = 'Peter';	SELECT count(*) FROM event_log WHERE resource = 'Peter'	easy	1
131_2	SELECT COUNT(*) FROM event_log WHERE resource = 'Peter';	SELECT count(*) FROM event_log WHERE resource = 'Peter'	easy	1
131_3	SELECT COUNT(*) AS action_count FROM event_log WHERE resource = 'Peter';	SELECT count(*) FROM event_log WHERE resource = 'Peter'	easy	1
132_0	SELECT resource, COUNT(DISTINCT idcase) AS declarations FROM event_log GROUP BY resource HAVING COUNT(DISTINCT idcase) > 3;	SELECT resource FROM event_log GROUP BY resource HAVING COUNT(DISTINCT idcase) > 3	easy	0
132_1	SELECT resource, COUNT(*) AS declarations FROM event_log GROUP BY resource HAVING COUNT(*) > 3;	SELECT resource FROM event_log GROUP BY resource HAVING COUNT(DISTINCT idcase) > 3	easy	0
132_2	SELECT resource FROM event_log GROUP BY resource HAVING COUNT(DISTINCT idcase) > 3;	SELECT resource FROM event_log GROUP BY resource HAVING COUNT(DISTINCT idcase) > 3	easy	1
132_3	SELECT resource, COUNT(DISTINCT idcase) AS case_count FROM event_log GROUP BY resource HAVING COUNT(DISTINCT idcase) > 3;	SELECT resource FROM event_log GROUP BY resource HAVING COUNT(DISTINCT idcase) > 3	easy	0
132_4	SELECT resource, COUNT(DISTINCT idcase) AS instance_count FROM event_log GROUP BY resource HAVING COUNT(DISTINCT idcase) > 3;	SELECT resource FROM event_log GROUP BY resource HAVING COUNT(DISTINCT idcase) > 3	easy	0
132_5	SELECT resource, COUNT(DISTINCT idcase) AS instances FROM event_log GROUP BY resource HAVING COUNT(DISTINCT idcase) > 3;	SELECT resource FROM event_log GROUP BY resource HAVING COUNT(DISTINCT idcase) > 3	easy	0
133_0	SELECT idcase FROM event_log WHERE activity = 'request payment' GROUP BY idcase ORDER BY COUNT(*) ASC;	SELECT idcase FROM event_log WHERE idcase IN (SELECT DISTINCT idcase FROM event_log WHERE activity = 'Request payment' ) GROUP BY idcase ORDER BY count(*)	extra	0
133_1	SELECT idcase FROM event_log WHERE activity = 'request payment' GROUP BY idcase ORDER BY COUNT(*) ASC;	SELECT idcase FROM event_log WHERE idcase IN (SELECT DISTINCT idcase FROM event_log WHERE activity = 'Request payment' ) GROUP BY idcase ORDER BY count(*)	extra	0
133_2	SELECT idcase FROM event_log WHERE activity LIKE '%request payment%' GROUP BY idcase ORDER BY COUNT(*) ASC;	SELECT idcase FROM event_log WHERE idcase IN (SELECT DISTINCT idcase FROM event_log WHERE activity = 'Request payment' ) GROUP BY idcase ORDER BY count(*)	extra	0
133_3	SELECT idcase FROM event_log WHERE activity = 'request payment' GROUP BY idcase ORDER BY COUNT(*) ASC;	SELECT idcase FROM event_log WHERE idcase IN (SELECT DISTINCT idcase FROM event_log WHERE activity = 'Request payment' ) GROUP BY idcase ORDER BY count(*)	extra	0
133_4	SELECT idcase, COUNT(*) AS event_count FROM event_log WHERE activity = 'request payment' GROUP BY idcase ORDER BY event_count ASC;	SELECT idcase FROM event_log WHERE idcase IN (SELECT DISTINCT idcase FROM event_log WHERE activity = 'Request payment' ) GROUP BY idcase ORDER BY count(*)	extra	0
133_5	SELECT idcase FROM event_log WHERE activity = 'request payment' GROUP BY idcase ORDER BY COUNT(*) ASC;	SELECT idcase FROM event_log WHERE idcase IN (SELECT DISTINCT idcase FROM event_log WHERE activity = 'Request payment' ) GROUP BY idcase ORDER BY count(*)	extra	0
133_6	SELECT idcase, COUNT(*) as activity_count FROM event_log WHERE idcase IN ( SELECT idcase FROM event_log WHERE activity = 'request_payment' ) GROUP BY idcase ORDER BY activity_count ASC;	SELECT idcase FROM event_log WHERE idcase IN (SELECT DISTINCT idcase FROM event_log WHERE activity = 'Request payment' ) GROUP BY idcase ORDER BY count(*)	extra	0
133_7		SELECT idcase FROM event_log WHERE idcase IN (SELECT DISTINCT idcase FROM event_log WHERE activity = 'Request payment' ) GROUP BY idcase ORDER BY count(*)	extra	0
134_0	SELECT timestamp FROM event_log WHERE activity IN ('end trip', 'declaration rejected by employee') ORDER BY timestamp ASC;	SELECT timestamp FROM event_log WHERE activity = 'End trip' OR activity = 'Declaration rejected by employee' ORDER BY timestamp	hard	1
134_1	SELECT DATE(timestamp) FROM event_log WHERE activity IN ('end trip', 'declaration rejected by employee') ORDER BY DATE(timestamp) ASC;	SELECT timestamp FROM event_log WHERE activity = 'End trip' OR activity = 'Declaration rejected by employee' ORDER BY timestamp	hard	0
134_2	SELECT timestamp FROM event_log WHERE activity IN ('end trip', 'declaration rejected by employee') ORDER BY timestamp ASC;	SELECT timestamp FROM event_log WHERE activity = 'End trip' OR activity = 'Declaration rejected by employee' ORDER BY timestamp	hard	1
134_3	SELECT timestamp FROM event_log WHERE activity IN ('end trip', 'declaration rejected by employee') ORDER BY timestamp ASC;	SELECT timestamp FROM event_log WHERE activity = 'End trip' OR activity = 'Declaration rejected by employee' ORDER BY timestamp	hard	1
134_4	SELECT timestamp FROM event_log WHERE activity IN ('end trip', 'closed') ORDER BY timestamp ASC;	SELECT timestamp FROM event_log WHERE activity = 'End trip' OR activity = 'Declaration rejected by employee' ORDER BY timestamp	hard	0
134_5	SELECT DATE(timestamp) FROM event_log WHERE activity IN ('end trip', 'declaration rejected by employee') ORDER BY timestamp ASC;	SELECT timestamp FROM event_log WHERE activity = 'End trip' OR activity = 'Declaration rejected by employee' ORDER BY timestamp	hard	0
134_6	SELECT timestamp FROM event_log WHERE activity LIKE '%End of trip%' OR activity LIKE '%rejection%' OR activity LIKE '%rejected%' ORDER BY timestamp ASC;	SELECT timestamp FROM event_log WHERE activity = 'End trip' OR activity = 'Declaration rejected by employee' ORDER BY timestamp	hard	0
134_7	SELECT DISTINCT timestamp FROM event_log WHERE activity LIKE '%end of trip%' OR activity LIKE '%rejection%' ORDER BY timestamp ASC;	SELECT timestamp FROM event_log WHERE activity = 'End trip' OR activity = 'Declaration rejected by employee' ORDER BY timestamp	hard	0
135_0	SELECT resource, COUNT(*) AS occurrences FROM event_log GROUP BY resource ORDER BY resource;	SELECT resource, COUNT(*) FROM event_log GROUP BY resource	medium	1
135_1	SELECT resource, COUNT(*) AS performance_count FROM event_log GROUP BY resource ORDER BY resource;	SELECT resource, COUNT(*) FROM event_log GROUP BY resource	medium	1
135_2	SELECT resource, COUNT(*) AS activity_count FROM event_log GROUP BY resource ORDER BY resource;	SELECT resource, COUNT(*) FROM event_log GROUP BY resource	medium	1
135_3	SELECT resource, COUNT(*) AS activity_count FROM event_log GROUP BY resource ORDER BY resource;	SELECT resource, COUNT(*) FROM event_log GROUP BY resource	medium	1
135_4	SELECT resource, COUNT(*) AS activity_count FROM event_log GROUP BY resource ORDER BY resource;	SELECT resource, COUNT(*) FROM event_log GROUP BY resource	medium	1
135_5	SELECT resource, COUNT(*) AS activity_count FROM event_log GROUP BY resource ORDER BY resource;	SELECT resource, COUNT(*) FROM event_log GROUP BY resource	medium	1
135_6	SELECT resource, COUNT(*) AS occurrences FROM event_log GROUP BY resource ORDER BY resource ASC;	SELECT resource, COUNT(*) FROM event_log GROUP BY resource	medium	1
135_7	SELECT resource, COUNT(*) AS occurrence_count FROM event_log GROUP BY resource ORDER BY resource;	SELECT resource, COUNT(*) FROM event_log GROUP BY resource	medium	1
135_8	SELECT resource, COUNT(*) AS activity_occurrences FROM event_log GROUP BY resource ORDER BY resource;	SELECT resource, COUNT(*) FROM event_log GROUP BY resource	medium	1
135_9	SELECT resource, activity, COUNT(*) AS times_processed FROM event_log GROUP BY resource, activity ORDER BY resource;	SELECT resource, COUNT(*) FROM event_log GROUP BY resource	medium	0
135_10		SELECT resource, COUNT(*) FROM event_log GROUP BY resource	medium	0
136_0	SELECT * FROM event_log WHERE activity LIKE 'E%';	SELECT * FROM event_log WHERE activity LIKE 'E%'	medium	1
136_1	SELECT * FROM event_log WHERE activity LIKE 'E%';	SELECT * FROM event_log WHERE activity LIKE 'E%'	medium	1
136_2	SELECT * FROM event_log WHERE LOWER(activity) LIKE 'e%';	SELECT * FROM event_log WHERE activity LIKE 'E%'	medium	1
136_3	SELECT * FROM event_log WHERE activity LIKE 'E%';	SELECT * FROM event_log WHERE activity LIKE 'E%'	medium	1
136_4	SELECT * FROM event_log WHERE activity LIKE 'E%';	SELECT * FROM event_log WHERE activity LIKE 'E%'	medium	1
136_5	SELECT * FROM event_log WHERE activity LIKE 'E%';	SELECT * FROM event_log WHERE activity LIKE 'E%'	medium	1
136_6	SELECT activity FROM event_log WHERE idcase LIKE 'E%' ORDER BY timestamp;	SELECT * FROM event_log WHERE activity LIKE 'E%'	medium	0
136_7	SELECT activity FROM event_log WHERE activity LIKE 'E%';	SELECT * FROM event_log WHERE activity LIKE 'E%'	medium	0
137_0	SELECT id, activity, resource, cost FROM event_log WHERE cost BETWEEN 50 AND 400;	SELECT id, activity, resource, cost FROM event_log WHERE cost BETWEEN 50 AND 400	medium	1
137_1	SELECT id, activity, resource, cost FROM event_log WHERE cost BETWEEN 50 AND 400;	SELECT id, activity, resource, cost FROM event_log WHERE cost BETWEEN 50 AND 400	medium	1
137_2	SELECT id, activity, resource, cost FROM event_log WHERE cost BETWEEN 50 AND 400;	SELECT id, activity, resource, cost FROM event_log WHERE cost BETWEEN 50 AND 400	medium	1
137_3	SELECT id, activity, resource, cost FROM event_log WHERE cost BETWEEN 50 AND 400;	SELECT id, activity, resource, cost FROM event_log WHERE cost BETWEEN 50 AND 400	medium	1
137_4	SELECT id, activity, resource, cost FROM event_log WHERE cost BETWEEN 50 AND 400;	SELECT id, activity, resource, cost FROM event_log WHERE cost BETWEEN 50 AND 400	medium	1
137_5	SELECT id, activity, resource, cost FROM event_log WHERE cost BETWEEN 50 AND 400;	SELECT id, activity, resource, cost FROM event_log WHERE cost BETWEEN 50 AND 400	medium	1
137_6	SELECT id, activity, resource, cost FROM event_log WHERE cost BETWEEN 50 AND 400;	SELECT id, activity, resource, cost FROM event_log WHERE cost BETWEEN 50 AND 400	medium	1
137_7	SELECT id, activity, resource, cost FROM event_log WHERE cost BETWEEN 50 AND 400;	SELECT id, activity, resource, cost FROM event_log WHERE cost BETWEEN 50 AND 400	medium	1
137_8	SELECT id, activity, resource, cost FROM event_log WHERE cost BETWEEN 50 AND 400 AND LOWER(activity) LIKE '%declaration processing%';	SELECT id, activity, resource, cost FROM event_log WHERE cost BETWEEN 50 AND 400	medium	0
138_0	SELECT DISTINCT resource FROM event_log WHERE activity = 'declaration saved by employee';	SELECT DISTINCT resource FROM event_log WHERE activity = 'Declaration saved by employee'	easy	1
138_1	SELECT resource FROM event_log WHERE activity = 'declaration saved by employee';	SELECT DISTINCT resource FROM event_log WHERE activity = 'Declaration saved by employee'	easy	0
138_2	SELECT DISTINCT resource FROM event_log WHERE activity = 'saved declaration';	SELECT DISTINCT resource FROM event_log WHERE activity = 'Declaration saved by employee'	easy	0
138_3		SELECT DISTINCT resource FROM event_log WHERE activity = 'Declaration saved by employee'	easy	0
139_0	SELECT activity FROM event_log WHERE timestamp = '2018-04-12';	SELECT DISTINCT activity FROM (SELECT idcase, activity, timestamp, LEAD(timestamp) OVER (PARTITION BY idcase ORDER BY timestamp) AS next_timestamp FROM event_log) WHERE next_timestamp BETWEEN '2018-04-12' AND '2018-04-13' 	no_hardness	0
139_1	SELECT DISTINCT activity FROM event_log WHERE timestamp >= '2018-04-12 00:00:00' AND timestamp < '2018-04-13 00:00:00';	SELECT DISTINCT activity FROM (SELECT idcase, activity, timestamp, LEAD(timestamp) OVER (PARTITION BY idcase ORDER BY timestamp) AS next_timestamp FROM event_log) WHERE next_timestamp BETWEEN '2018-04-12' AND '2018-04-13' 	no_hardness	0
139_2	SELECT DISTINCT activity FROM event_log WHERE timestamp = '2018-04-12';	SELECT DISTINCT activity FROM (SELECT idcase, activity, timestamp, LEAD(timestamp) OVER (PARTITION BY idcase ORDER BY timestamp) AS next_timestamp FROM event_log) WHERE next_timestamp BETWEEN '2018-04-12' AND '2018-04-13' 	no_hardness	0
139_3	SELECT DISTINCT activity FROM event_log WHERE timestamp = '2018-04-12';	SELECT DISTINCT activity FROM (SELECT idcase, activity, timestamp, LEAD(timestamp) OVER (PARTITION BY idcase ORDER BY timestamp) AS next_timestamp FROM event_log) WHERE next_timestamp BETWEEN '2018-04-12' AND '2018-04-13' 	no_hardness	0
139_4	SELECT DISTINCT activity FROM event_log WHERE timestamp = '2018-04-12';	SELECT DISTINCT activity FROM (SELECT idcase, activity, timestamp, LEAD(timestamp) OVER (PARTITION BY idcase ORDER BY timestamp) AS next_timestamp FROM event_log) WHERE next_timestamp BETWEEN '2018-04-12' AND '2018-04-13' 	no_hardness	0
139_5	SELECT activity FROM event_log WHERE timestamp = '2018-04-12';	SELECT DISTINCT activity FROM (SELECT idcase, activity, timestamp, LEAD(timestamp) OVER (PARTITION BY idcase ORDER BY timestamp) AS next_timestamp FROM event_log) WHERE next_timestamp BETWEEN '2018-04-12' AND '2018-04-13' 	no_hardness	0
139_6	SELECT DISTINCT activity FROM event_log WHERE DATE(timestamp) = '2018-04-12';	SELECT DISTINCT activity FROM (SELECT idcase, activity, timestamp, LEAD(timestamp) OVER (PARTITION BY idcase ORDER BY timestamp) AS next_timestamp FROM event_log) WHERE next_timestamp BETWEEN '2018-04-12' AND '2018-04-13' 	no_hardness	0
139_7	SELECT DISTINCT activity FROM event_log WHERE timestamp = '2018-04-12';	SELECT DISTINCT activity FROM (SELECT idcase, activity, timestamp, LEAD(timestamp) OVER (PARTITION BY idcase ORDER BY timestamp) AS next_timestamp FROM event_log) WHERE next_timestamp BETWEEN '2018-04-12' AND '2018-04-13' 	no_hardness	0
139_8	SELECT DISTINCT activity FROM event_log WHERE DATE(timestamp) = '2018-04-12';	SELECT DISTINCT activity FROM (SELECT idcase, activity, timestamp, LEAD(timestamp) OVER (PARTITION BY idcase ORDER BY timestamp) AS next_timestamp FROM event_log) WHERE next_timestamp BETWEEN '2018-04-12' AND '2018-04-13' 	no_hardness	0
140_0	SELECT id, activity, timestamp FROM event_log WHERE activity IN ('permit final approved by supervisor', 'declaration approved by supervisor') ORDER BY timestamp;	SELECT id, activity, timestamp FROM event_log WHERE activity = 'Permit final approved by supervisor' OR activity = 'Declaration approved by supervisor' ORDER BY timestamp	hard	1
140_1	SELECT id, activity, timestamp FROM event_log WHERE activity IN ('permit final approved by supervisor', 'declaration approved by supervisor') ORDER BY timestamp;	SELECT id, activity, timestamp FROM event_log WHERE activity = 'Permit final approved by supervisor' OR activity = 'Declaration approved by supervisor' ORDER BY timestamp	hard	1
140_2	SELECT id, activity, timestamp FROM event_log WHERE activity IN ('permit final approved by the supervisor', 'declaration approved by the supervisor') ORDER BY timestamp;	SELECT id, activity, timestamp FROM event_log WHERE activity = 'Permit final approved by supervisor' OR activity = 'Declaration approved by supervisor' ORDER BY timestamp	hard	0
140_3	SELECT id, activity, timestamp FROM event_log WHERE activity IN ('permit final approved by supervisor', 'declaration approved by supervisor') ORDER BY timestamp;	SELECT id, activity, timestamp FROM event_log WHERE activity = 'Permit final approved by supervisor' OR activity = 'Declaration approved by supervisor' ORDER BY timestamp	hard	1
140_4	SELECT id, activity, timestamp FROM event_log WHERE activity IN ('permit final approved by supervisor', 'declaration approved by supervisor') ORDER BY timestamp;	SELECT id, activity, timestamp FROM event_log WHERE activity = 'Permit final approved by supervisor' OR activity = 'Declaration approved by supervisor' ORDER BY timestamp	hard	1
140_5	SELECT id, activity, timestamp FROM event_log WHERE activity IN ('permit final approved by supervisor', 'declaration approved by supervisor') ORDER BY timestamp;	SELECT id, activity, timestamp FROM event_log WHERE activity = 'Permit final approved by supervisor' OR activity = 'Declaration approved by supervisor' ORDER BY timestamp	hard	1
140_6	SELECT id, activity, timestamp FROM event_log WHERE (activity LIKE '%Final Approval%' AND activity LIKE '%Permit%') OR (activity LIKE '%Supervisor%' AND activity LIKE '%Declaration%') ORDER BY timestamp;	SELECT id, activity, timestamp FROM event_log WHERE activity = 'Permit final approved by supervisor' OR activity = 'Declaration approved by supervisor' ORDER BY timestamp	hard	0
140_7		SELECT id, activity, timestamp FROM event_log WHERE activity = 'Permit final approved by supervisor' OR activity = 'Declaration approved by supervisor' ORDER BY timestamp	hard	0
141_0	SELECT * FROM event_log WHERE cost IS NOT NULL;	SELECT * FROM event_log WHERE cost IS NOT NULL	no_hardness	1
141_1	SELECT * FROM event_log WHERE cost IS NOT NULL;	SELECT * FROM event_log WHERE cost IS NOT NULL	no_hardness	1
141_2	SELECT * FROM event_log WHERE cost IS NOT NULL;	SELECT * FROM event_log WHERE cost IS NOT NULL	no_hardness	1
141_3	SELECT * FROM event_log WHERE cost IS NOT NULL;	SELECT * FROM event_log WHERE cost IS NOT NULL	no_hardness	1
141_4	SELECT * FROM event_log WHERE cost IS NOT NULL;	SELECT * FROM event_log WHERE cost IS NOT NULL	no_hardness	1
141_5	SELECT * FROM event_log WHERE cost IS NOT NULL;	SELECT * FROM event_log WHERE cost IS NOT NULL	no_hardness	1
141_6	SELECT * FROM event_log WHERE cost IS NOT NULL;	SELECT * FROM event_log WHERE cost IS NOT NULL	no_hardness	1
141_7	SELECT activity, idcase, cost FROM event_log WHERE cost IS NOT NULL ORDER BY idcase, timestamp;	SELECT * FROM event_log WHERE cost IS NOT NULL	no_hardness	0
142_0	SELECT COUNT(*) FROM event_log WHERE activity = 'permit final approved by director';	SELECT count(*) FROM event_log WHERE activity = 'Permit final approved by director'	easy	1
142_1	SELECT COUNT(*) FROM event_log WHERE activity = 'permit final approved by director';	SELECT count(*) FROM event_log WHERE activity = 'Permit final approved by director'	easy	1
142_2	SELECT COUNT(*) FROM event_log WHERE activity = 'permit final approved by director';	SELECT count(*) FROM event_log WHERE activity = 'Permit final approved by director'	easy	1
142_3	SELECT COUNT(*) FROM event_log WHERE activity = 'permit final approved by director';	SELECT count(*) FROM event_log WHERE activity = 'Permit final approved by director'	easy	1
142_4	SELECT COUNT(*) FROM event_log WHERE activity = 'permit final approved by director';	SELECT count(*) FROM event_log WHERE activity = 'Permit final approved by director'	easy	1
142_5	SELECT COUNT(*) FROM event_log WHERE activity = 'permit final approved by director';	SELECT count(*) FROM event_log WHERE activity = 'Permit final approved by director'	easy	1
142_6	SELECT COUNT(*) FROM event_log WHERE activity = 'permit final approved by director';	SELECT count(*) FROM event_log WHERE activity = 'Permit final approved by director'	easy	1
142_7	SELECT COUNT(*) FROM event_log WHERE activity = 'permit final approved by director';	SELECT count(*) FROM event_log WHERE activity = 'Permit final approved by director'	easy	1
142_8	SELECT COUNT(*) FROM event_log WHERE activity = 'permit final approved by director';	SELECT count(*) FROM event_log WHERE activity = 'Permit final approved by director'	easy	1
142_9	SELECT COUNT(*) FROM event_log WHERE activity = 'permit final approved by a director';	SELECT count(*) FROM event_log WHERE activity = 'Permit final approved by director'	easy	0
142_10	SELECT COUNT(*) FROM event_log WHERE activity LIKE '%final permit%' AND resource LIKE '%director%';	SELECT count(*) FROM event_log WHERE activity = 'Permit final approved by director'	easy	0
142_11	SELECT COUNT(*) FROM event_log WHERE activity LIKE '%approve_final_permit%' AND resource LIKE '%Director%';	SELECT count(*) FROM event_log WHERE activity = 'Permit final approved by director'	easy	0
143_0	SELECT timestamp FROM event_log WHERE activity = 'start trip' AND resource LIKE '%s';	SELECT timestamp FROM event_log WHERE resource LIKE '%s' AND activity = 'Start trip'	medium	1
143_1	SELECT timestamp FROM event_log WHERE activity = 'start trip' AND resource LIKE '%s';	SELECT timestamp FROM event_log WHERE resource LIKE '%s' AND activity = 'Start trip'	medium	1
143_2	SELECT timestamp FROM event_log WHERE activity = 'start trip' AND resource LIKE '%s';	SELECT timestamp FROM event_log WHERE resource LIKE '%s' AND activity = 'Start trip'	medium	1
143_3	SELECT id, timestamp, cost FROM event_log WHERE activity = 'start trip' AND resource LIKE '%s';	SELECT timestamp FROM event_log WHERE resource LIKE '%s' AND activity = 'Start trip'	medium	0
143_4	SELECT timestamp FROM event_log WHERE activity = 'start trip' AND resource LIKE '%s';	SELECT timestamp FROM event_log WHERE resource LIKE '%s' AND activity = 'Start trip'	medium	1
143_5	SELECT timestamp FROM event_log WHERE activity = 'start trip' AND resource LIKE '%s';	SELECT timestamp FROM event_log WHERE resource LIKE '%s' AND activity = 'Start trip'	medium	1
143_6	SELECT timestamp FROM event_log WHERE activity = 'start trip' AND resource LIKE '%s';	SELECT timestamp FROM event_log WHERE resource LIKE '%s' AND activity = 'Start trip'	medium	1
143_7	SELECT timestamp FROM event_log WHERE activity = 'start trip' AND resource LIKE '%s';	SELECT timestamp FROM event_log WHERE resource LIKE '%s' AND activity = 'Start trip'	medium	1
143_8		SELECT timestamp FROM event_log WHERE resource LIKE '%s' AND activity = 'Start trip'	medium	0
143_9	SELECT DISTINCT timestamp FROM event_log WHERE activity = 'trip start' AND RIGHT(resource, 1) = 's';	SELECT timestamp FROM event_log WHERE resource LIKE '%s' AND activity = 'Start trip'	medium	0
144_0	SELECT activity, resource, SUM(cost) AS total_cost FROM event_log GROUP BY activity, resource;	SELECT activity, resource, SUM(cost) from event_log group by activity, resource	medium	1
144_1	SELECT activity, resource, SUM(cost) AS total_cost FROM event_log GROUP BY activity, resource;	SELECT activity, resource, SUM(cost) from event_log group by activity, resource	medium	1
144_2	SELECT activity, resource, SUM(cost) AS total_cost FROM event_log GROUP BY activity, resource;	SELECT activity, resource, SUM(cost) from event_log group by activity, resource	medium	1
144_3	SELECT activity, resource, SUM(cost) AS total_cost FROM event_log GROUP BY activity, resource;	SELECT activity, resource, SUM(cost) from event_log group by activity, resource	medium	1
144_4	SELECT activity, resource, SUM(cost) AS total_cost FROM event_log GROUP BY activity, resource ORDER BY total_cost DESC;	SELECT activity, resource, SUM(cost) from event_log group by activity, resource	medium	1
144_5	SELECT activity, resource, SUM(cost) AS total_cost FROM event_log GROUP BY activity, resource;	SELECT activity, resource, SUM(cost) from event_log group by activity, resource	medium	1
144_6	SELECT activity, resource, SUM(cost) AS total_cost FROM event_log GROUP BY activity, resource;	SELECT activity, resource, SUM(cost) from event_log group by activity, resource	medium	1
144_7	SELECT activity, resource, SUM(cost) AS total_cost FROM event_log GROUP BY activity, resource ORDER BY total_cost DESC;	SELECT activity, resource, SUM(cost) from event_log group by activity, resource	medium	1
145_0	SELECT COUNT(*) FROM event_log WHERE activity IN ('start trip', 'end trip');	select count(*), activity from event_log where activity = 'Start trip' or activity = 'End trip' GROUP BY activity	hard	0
145_1	SELECT SUM(CASE WHEN activity = 'start trip' THEN 1 ELSE 0 END) AS start_trip_count, SUM(CASE WHEN activity = 'end trip' THEN 1 ELSE 0 END) AS end_trip_count FROM event_log;	select count(*), activity from event_log where activity = 'Start trip' or activity = 'End trip' GROUP BY activity	hard	0
145_2	SELECT COUNT(*) FROM event_log WHERE activity IN ('start trip', 'end trip');	select count(*), activity from event_log where activity = 'Start trip' or activity = 'End trip' GROUP BY activity	hard	0
145_3	SELECT COUNT(*) FROM event_log WHERE activity IN ('start trip', 'end trip');	select count(*), activity from event_log where activity = 'Start trip' or activity = 'End trip' GROUP BY activity	hard	0
145_4	SELECT COUNT(*) FROM event_log WHERE activity IN ('start trip', 'end trip');	select count(*), activity from event_log where activity = 'Start trip' or activity = 'End trip' GROUP BY activity	hard	0
145_5	SELECT COUNT(*) FROM event_log WHERE activity IN ('start trip', 'end trip');	select count(*), activity from event_log where activity = 'Start trip' or activity = 'End trip' GROUP BY activity	hard	0
145_6	SELECT activity, COUNT(*) AS occurrences FROM event_log WHERE activity IN ('start trip', 'end trip') GROUP BY activity;	select count(*), activity from event_log where activity = 'Start trip' or activity = 'End trip' GROUP BY activity	hard	0
145_7	SELECT SUM(CASE WHEN activity = 'start trip' THEN 1 ELSE 0 END) AS start_trip_count, SUM(CASE WHEN activity = 'end trip' THEN 1 ELSE 0 END) AS end_trip_count FROM event_log;	select count(*), activity from event_log where activity = 'Start trip' or activity = 'End trip' GROUP BY activity	hard	0
145_8	SELECT COUNT(*) FROM ( SELECT idcase FROM event_log WHERE activity IN ('beginning', 'end') GROUP BY idcase HAVING COUNT(DISTINCT activity) = 2 ) AS subquery;	select count(*), activity from event_log where activity = 'Start trip' or activity = 'End trip' GROUP BY activity	hard	0
145_9	SELECT COUNT(*) FROM event_log WHERE activity LIKE '%start%' OR activity LIKE '%end%';	select count(*), activity from event_log where activity = 'Start trip' or activity = 'End trip' GROUP BY activity	hard	0
146_0	SELECT activity, COUNT(*) AS occurrence_count FROM event_log GROUP BY activity HAVING COUNT(*) > 3 ORDER BY occurrence_count DESC;	SELECT activity FROM event_log GROUP BY activity HAVING COUNT(*) > 3	easy	0
146_1	SELECT activity, COUNT(*) as frequency FROM event_log GROUP BY activity HAVING COUNT(*) > 3 ORDER BY frequency DESC;	SELECT activity FROM event_log GROUP BY activity HAVING COUNT(*) > 3	easy	0
146_2	SELECT activity, COUNT(*) as frequency FROM event_log GROUP BY activity HAVING COUNT(*) > 3 ORDER BY frequency DESC;	SELECT activity FROM event_log GROUP BY activity HAVING COUNT(*) > 3	easy	0
146_3	SELECT activity FROM event_log GROUP BY activity HAVING COUNT(*) > 3;	SELECT activity FROM event_log GROUP BY activity HAVING COUNT(*) > 3	easy	1
146_4	SELECT activity, COUNT(*) AS occurrence_count FROM event_log GROUP BY activity HAVING COUNT(*) > 3 ORDER BY occurrence_count DESC;	SELECT activity FROM event_log GROUP BY activity HAVING COUNT(*) > 3	easy	0
146_5	SELECT activity FROM event_log GROUP BY activity HAVING COUNT(*) > 3;	SELECT activity FROM event_log GROUP BY activity HAVING COUNT(*) > 3	easy	1
146_6	SELECT activity FROM event_log GROUP BY activity HAVING COUNT(*) > 3;	SELECT activity FROM event_log GROUP BY activity HAVING COUNT(*) > 3	easy	1
146_7	SELECT activity FROM event_log GROUP BY activity HAVING COUNT(*) > 3;	SELECT activity FROM event_log GROUP BY activity HAVING COUNT(*) > 3	easy	1
146_8	SELECT activity, COUNT(*) as frequency FROM event_log GROUP BY activity HAVING COUNT(*) > 3 ORDER BY frequency DESC;	SELECT activity FROM event_log GROUP BY activity HAVING COUNT(*) > 3	easy	0
146_9	SELECT activity, COUNT(*) as record_count FROM event_log GROUP BY activity HAVING COUNT(*) > 3;	SELECT activity FROM event_log GROUP BY activity HAVING COUNT(*) > 3	easy	0
147_0	SELECT activity, resource FROM event_log ORDER BY timestamp DESC LIMIT 1;	SELECT resource, activity FROM event_log ORDER BY timestamp DESC LIMIT 1	medium	0
147_1	SELECT activity, resource FROM event_log ORDER BY timestamp DESC LIMIT 1;	SELECT resource, activity FROM event_log ORDER BY timestamp DESC LIMIT 1	medium	0
147_2	SELECT activity, resource FROM event_log ORDER BY timestamp DESC LIMIT 1;	SELECT resource, activity FROM event_log ORDER BY timestamp DESC LIMIT 1	medium	0
147_3	SELECT activity, resource FROM event_log ORDER BY timestamp DESC, id DESC LIMIT 1;	SELECT resource, activity FROM event_log ORDER BY timestamp DESC LIMIT 1	medium	0
147_4	SELECT activity, resource FROM event_log ORDER BY timestamp DESC LIMIT 1;	SELECT resource, activity FROM event_log ORDER BY timestamp DESC LIMIT 1	medium	0
147_5	SELECT activity, resource FROM event_log ORDER BY timestamp DESC LIMIT 1;	SELECT resource, activity FROM event_log ORDER BY timestamp DESC LIMIT 1	medium	0
147_6	SELECT activity, resource FROM event_log ORDER BY timestamp DESC LIMIT 1;	SELECT resource, activity FROM event_log ORDER BY timestamp DESC LIMIT 1	medium	0
147_7		SELECT resource, activity FROM event_log ORDER BY timestamp DESC LIMIT 1	medium	0
147_8	SELECT resource, activity FROM event_log ORDER BY timestamp DESC LIMIT 1;	SELECT resource, activity FROM event_log ORDER BY timestamp DESC LIMIT 1	medium	1
148_0		select e1.activity, e1.resource, e1.idcase from event_log AS e1 inner join event_log AS e2 on e1.idcase = e2.idcase WHERE e2.activity = 'End trip' and e1.timestamp > e2.timestamp	no_hardness	0
148_1		select e1.activity, e1.resource, e1.idcase from event_log AS e1 inner join event_log AS e2 on e1.idcase = e2.idcase WHERE e2.activity = 'End trip' and e1.timestamp > e2.timestamp	no_hardness	0
148_2	SELECT e2.id, e2.activity, e2.timestamp, e2.resource, e2.idcase FROM event_log e2 JOIN event_log e1 ON e2.idcase = e1.idcase AND e2.timestamp > e1.timestamp AND e1.activity = 'end trip';	select e1.activity, e1.resource, e1.idcase from event_log AS e1 inner join event_log AS e2 on e1.idcase = e2.idcase WHERE e2.activity = 'End trip' and e1.timestamp > e2.timestamp	no_hardness	0
148_3	SELECT e1.activity, e1.resource, e1.timestamp FROM event_log e1 INNER JOIN event_log e2 ON e1.idcase = e2.idcase AND e1.timestamp > e2.timestamp AND e2.activity = 'end trip' ORDER BY e1.timestamp;	select e1.activity, e1.resource, e1.idcase from event_log AS e1 inner join event_log AS e2 on e1.idcase = e2.idcase WHERE e2.activity = 'End trip' and e1.timestamp > e2.timestamp	no_hardness	0
148_4	WITH min_end_trip AS ( SELECT idcase, MIN(timestamp) as min_end_trip_time FROM event_log WHERE activity = 'end trip' GROUP BY idcase ) SELECT id, activity, timestamp, resource, cost, idcase FROM event_log WHERE timestamp > ( SELECT min_end_trip_time FROM min_end_trip WHERE min_end_trip.idcase = event_log.idcase ) ORDER BY idcase, timestamp;	select e1.activity, e1.resource, e1.idcase from event_log AS e1 inner join event_log AS e2 on e1.idcase = e2.idcase WHERE e2.activity = 'End trip' and e1.timestamp > e2.timestamp	no_hardness	0
148_5	SELECT el.id, el.activity, el.timestamp, el.resource, el.cost, el.idcase FROM event_log el WHERE EXISTS ( SELECT 1 FROM event_log et WHERE et.idcase = el.idcase AND et.activity = 'end trip' AND et.timestamp < el.timestamp );	select e1.activity, e1.resource, e1.idcase from event_log AS e1 inner join event_log AS e2 on e1.idcase = e2.idcase WHERE e2.activity = 'End trip' and e1.timestamp > e2.timestamp	no_hardness	0
148_6	SELECT e.idcase, e.resource FROM event_log e WHERE EXISTS ( SELECT 1 FROM event_log et WHERE et.activity = 'end trip' AND et.idcase = e.idcase AND et.timestamp < e.timestamp );	select e1.activity, e1.resource, e1.idcase from event_log AS e1 inner join event_log AS e2 on e1.idcase = e2.idcase WHERE e2.activity = 'End trip' and e1.timestamp > e2.timestamp	no_hardness	0
148_7		select e1.activity, e1.resource, e1.idcase from event_log AS e1 inner join event_log AS e2 on e1.idcase = e2.idcase WHERE e2.activity = 'End trip' and e1.timestamp > e2.timestamp	no_hardness	0
148_8		select e1.activity, e1.resource, e1.idcase from event_log AS e1 inner join event_log AS e2 on e1.idcase = e2.idcase WHERE e2.activity = 'End trip' and e1.timestamp > e2.timestamp	no_hardness	0
148_9	SELECT e.id, e.activity, e.timestamp, e.resource, e.cost, e.idcase FROM event_log e WHERE EXISTS ( SELECT 1 FROM event_log et WHERE et.idcase = e.idcase AND et.activity = 'end trip' AND et.timestamp < e.timestamp );	select e1.activity, e1.resource, e1.idcase from event_log AS e1 inner join event_log AS e2 on e1.idcase = e2.idcase WHERE e2.activity = 'End trip' and e1.timestamp > e2.timestamp	no_hardness	0
148_10		select e1.activity, e1.resource, e1.idcase from event_log AS e1 inner join event_log AS e2 on e1.idcase = e2.idcase WHERE e2.activity = 'End trip' and e1.timestamp > e2.timestamp	no_hardness	0
148_11		select e1.activity, e1.resource, e1.idcase from event_log AS e1 inner join event_log AS e2 on e1.idcase = e2.idcase WHERE e2.activity = 'End trip' and e1.timestamp > e2.timestamp	no_hardness	0
148_12	SELECT e.idcase, e.activity, e.timestamp, e.resource, e.cost FROM event_log e JOIN ( SELECT idcase, MAX(timestamp) AS end_trip_ts FROM event_log WHERE activity = 'end trip' GROUP BY idcase ) et ON e.idcase = et.idcase AND e.timestamp > et.end_trip_ts ORDER BY e.idcase, e.timestamp;	select e1.activity, e1.resource, e1.idcase from event_log AS e1 inner join event_log AS e2 on e1.idcase = e2.idcase WHERE e2.activity = 'End trip' and e1.timestamp > e2.timestamp	no_hardness	0
148_13	SELECT e2.id, e2.activity, e2.timestamp, e2.resource, e2.cost, e2.idcase FROM event_log e2 JOIN event_log e1 ON e1.idcase = e2.idcase AND e1.activity = 'end trip' AND e1.timestamp < e2.timestamp ORDER BY e2.idcase, e2.timestamp;	select e1.activity, e1.resource, e1.idcase from event_log AS e1 inner join event_log AS e2 on e1.idcase = e2.idcase WHERE e2.activity = 'End trip' and e1.timestamp > e2.timestamp	no_hardness	0
148_14	SELECT DISTINCT e.id, e.activity, e.timestamp, e.resource, e.cost, e.idcase FROM event_log e INNER JOIN event_log et ON e.idcase = et.idcase WHERE et.activity = 'end trip' AND e.timestamp > et.timestamp ORDER BY e.timestamp DESC;	select e1.activity, e1.resource, e1.idcase from event_log AS e1 inner join event_log AS e2 on e1.idcase = e2.idcase WHERE e2.activity = 'End trip' and e1.timestamp > e2.timestamp	no_hardness	0
148_15		select e1.activity, e1.resource, e1.idcase from event_log AS e1 inner join event_log AS e2 on e1.idcase = e2.idcase WHERE e2.activity = 'End trip' and e1.timestamp > e2.timestamp	no_hardness	0
148_16		select e1.activity, e1.resource, e1.idcase from event_log AS e1 inner join event_log AS e2 on e1.idcase = e2.idcase WHERE e2.activity = 'End trip' and e1.timestamp > e2.timestamp	no_hardness	0
149_0	SELECT resource, COUNT(*) as event_count FROM event_log WHERE activity != 'end trip' GROUP BY resource;	SELECT COUNT(*), resource FROM event_log WHERE activity != 'End trip' GROUP BY resource	medium	0
149_1	SELECT resource, COUNT(*) AS event_count FROM event_log WHERE activity != 'end trip' GROUP BY resource;	SELECT COUNT(*), resource FROM event_log WHERE activity != 'End trip' GROUP BY resource	medium	0
149_2	SELECT resource, COUNT(*) as event_count FROM event_log WHERE activity != 'end trip' GROUP BY resource;	SELECT COUNT(*), resource FROM event_log WHERE activity != 'End trip' GROUP BY resource	medium	0
149_3	SELECT resource, COUNT(*) as event_count FROM event_log WHERE activity != 'end trip' GROUP BY resource;	SELECT COUNT(*), resource FROM event_log WHERE activity != 'End trip' GROUP BY resource	medium	0
149_4	SELECT resource, COUNT(*) as event_count FROM event_log WHERE activity != 'end trip' GROUP BY resource;	SELECT COUNT(*), resource FROM event_log WHERE activity != 'End trip' GROUP BY resource	medium	0
149_5	SELECT resource, COUNT(*) as event_count FROM event_log WHERE activity != 'end trip' GROUP BY resource;	SELECT COUNT(*), resource FROM event_log WHERE activity != 'End trip' GROUP BY resource	medium	0
149_6	SELECT resource, COUNT(*) as event_count FROM event_log WHERE activity != 'end trip' GROUP BY resource;	SELECT COUNT(*), resource FROM event_log WHERE activity != 'End trip' GROUP BY resource	medium	0
149_7	SELECT resource, COUNT(*) as event_count FROM event_log WHERE activity != 'end trip' GROUP BY resource;	SELECT COUNT(*), resource FROM event_log WHERE activity != 'End trip' GROUP BY resource	medium	0
149_8	SELECT resource, COUNT(*) AS event_count FROM event_log WHERE activity != 'end trip' GROUP BY resource;	SELECT COUNT(*), resource FROM event_log WHERE activity != 'End trip' GROUP BY resource	medium	0
149_9	SELECT resource, COUNT(*) AS event_count FROM event_log WHERE activity != 'end trip' GROUP BY resource;	SELECT COUNT(*), resource FROM event_log WHERE activity != 'End trip' GROUP BY resource	medium	0
149_10	SELECT resource, COUNT(*) as event_count FROM event_log WHERE activity != 'end trip' GROUP BY resource;	SELECT COUNT(*), resource FROM event_log WHERE activity != 'End trip' GROUP BY resource	medium	0
149_11	SELECT resource, COUNT(*) as event_count FROM event_log WHERE activity != 'end trip' GROUP BY resource;	SELECT COUNT(*), resource FROM event_log WHERE activity != 'End trip' GROUP BY resource	medium	0
149_12	SELECT resource, COUNT(*) AS event_count FROM event_log WHERE activity != 'end trip' GROUP BY resource;	SELECT COUNT(*), resource FROM event_log WHERE activity != 'End trip' GROUP BY resource	medium	0
149_13	SELECT resource, COUNT(*) as non_end_trip_events FROM event_log WHERE activity != 'end trip' GROUP BY resource;	SELECT COUNT(*), resource FROM event_log WHERE activity != 'End trip' GROUP BY resource	medium	0
149_14	SELECT resource, SUM(cost) as total_amount FROM event_log WHERE activity != 'end trip' GROUP BY resource;	SELECT COUNT(*), resource FROM event_log WHERE activity != 'End trip' GROUP BY resource	medium	0
149_15	SELECT resource, SUM(cost) as total_amount FROM event_log WHERE activity != 'end trip' GROUP BY resource;	SELECT COUNT(*), resource FROM event_log WHERE activity != 'End trip' GROUP BY resource	medium	0
149_16	SELECT resource, SUM(cost) AS total_amount FROM event_log WHERE activity != 'end trip' GROUP BY resource;	SELECT COUNT(*), resource FROM event_log WHERE activity != 'End trip' GROUP BY resource	medium	0
149_17	SELECT resource, SUM(cost) as total_amount FROM event_log WHERE activity != 'end trip' GROUP BY resource;	SELECT COUNT(*), resource FROM event_log WHERE activity != 'End trip' GROUP BY resource	medium	0
149_18	SELECT resource, SUM(cost) AS total_amount FROM event_log WHERE activity != 'end trip' GROUP BY resource;	SELECT COUNT(*), resource FROM event_log WHERE activity != 'End trip' GROUP BY resource	medium	0
149_19	SELECT resource, SUM(cost) as total_amount FROM event_log WHERE activity != 'end trip' GROUP BY resource;	SELECT COUNT(*), resource FROM event_log WHERE activity != 'End trip' GROUP BY resource	medium	0
149_20	SELECT resource, SUM(cost) as total_amount FROM event_log WHERE activity != 'end trip' GROUP BY resource;	SELECT COUNT(*), resource FROM event_log WHERE activity != 'End trip' GROUP BY resource	medium	0
149_21	SELECT resource, SUM(cost) AS total_amount FROM event_log WHERE activity != 'end trip' GROUP BY resource;	SELECT COUNT(*), resource FROM event_log WHERE activity != 'End trip' GROUP BY resource	medium	0
149_22	SELECT resource, SUM(cost) AS total_amount FROM event_log WHERE activity != 'end trip' GROUP BY resource;	SELECT COUNT(*), resource FROM event_log WHERE activity != 'End trip' GROUP BY resource	medium	0
149_23	SELECT resource, SUM(cost) as total_amount FROM event_log WHERE activity != 'end trip' GROUP BY resource;	SELECT COUNT(*), resource FROM event_log WHERE activity != 'End trip' GROUP BY resource	medium	0
149_24	SELECT resource, SUM(cost) AS total_amount FROM event_log WHERE activity != 'end trip' GROUP BY resource;	SELECT COUNT(*), resource FROM event_log WHERE activity != 'End trip' GROUP BY resource	medium	0
149_25	SELECT resource, SUM(cost) AS total_amount FROM event_log WHERE activity != 'end trip' GROUP BY resource;	SELECT COUNT(*), resource FROM event_log WHERE activity != 'End trip' GROUP BY resource	medium	0
149_26	SELECT resource, SUM(cost) AS total_amount FROM event_log WHERE activity != 'end trip' GROUP BY resource;	SELECT COUNT(*), resource FROM event_log WHERE activity != 'End trip' GROUP BY resource	medium	0
149_27	SELECT resource, SUM(cost) AS total_amount FROM event_log WHERE activity != 'end trip' GROUP BY resource;	SELECT COUNT(*), resource FROM event_log WHERE activity != 'End trip' GROUP BY resource	medium	0
149_28		SELECT COUNT(*), resource FROM event_log WHERE activity != 'End trip' GROUP BY resource	medium	0
149_29	SELECT resource, COUNT(*) as action_count FROM event_log WHERE activity != 'End Trip' GROUP BY resource ORDER BY action_count DESC;	SELECT COUNT(*), resource FROM event_log WHERE activity != 'End trip' GROUP BY resource	medium	0
150_0	SELECT idcase FROM event_log GROUP BY idcase ORDER BY MIN(timestamp) DESC;	SELECT idcase FROM event_log GROUP BY idcase ORDER BY MIN(timestamp) DESC	medium	1
150_1	SELECT idcase FROM event_log GROUP BY idcase ORDER BY MIN(timestamp) DESC;	SELECT idcase FROM event_log GROUP BY idcase ORDER BY MIN(timestamp) DESC	medium	1
150_2	SELECT idcase FROM event_log GROUP BY idcase ORDER BY MIN(timestamp) DESC;	SELECT idcase FROM event_log GROUP BY idcase ORDER BY MIN(timestamp) DESC	medium	1
150_3	SELECT idcase FROM event_log GROUP BY idcase ORDER BY MIN(timestamp) DESC;	SELECT idcase FROM event_log GROUP BY idcase ORDER BY MIN(timestamp) DESC	medium	1
150_4	SELECT idcase FROM event_log GROUP BY idcase ORDER BY MIN(timestamp);	SELECT idcase FROM event_log GROUP BY idcase ORDER BY MIN(timestamp) DESC	medium	0
150_5	SELECT id FROM event_log ORDER BY timestamp ASC;	SELECT idcase FROM event_log GROUP BY idcase ORDER BY MIN(timestamp) DESC	medium	0
151_0	SELECT COUNT(DISTINCT idcase) FROM event_log WHERE activity = 'request payment';	SELECT COUNT(DISTINCT idcase) FROM event_log WHERE activity = 'Request payment'	easy	1
151_1	SELECT COUNT(DISTINCT idcase) FROM event_log WHERE activity = 'request payment';	SELECT COUNT(DISTINCT idcase) FROM event_log WHERE activity = 'Request payment'	easy	1
151_2	SELECT COUNT(DISTINCT idcase) FROM event_log WHERE activity = 'request payment';	SELECT COUNT(DISTINCT idcase) FROM event_log WHERE activity = 'Request payment'	easy	1
151_3	SELECT COUNT(DISTINCT idcase) FROM event_log WHERE activity = 'request payment';	SELECT COUNT(DISTINCT idcase) FROM event_log WHERE activity = 'Request payment'	easy	1
151_4	SELECT COUNT(DISTINCT idcase) FROM event_log WHERE activity = 'request payment';	SELECT COUNT(DISTINCT idcase) FROM event_log WHERE activity = 'Request payment'	easy	1
151_5	SELECT COUNT(DISTINCT idcase) FROM event_log WHERE activity = 'payment request';	SELECT COUNT(DISTINCT idcase) FROM event_log WHERE activity = 'Request payment'	easy	0
151_6	SELECT COUNT(DISTINCT e1.idcase) AS declarations_with_payment_request FROM event_log e1 JOIN event_log e2 ON e1.idcase = e2.idcase AND e1.timestamp < e2.timestamp WHERE e1.activity = 'declaration' AND e2.activity = 'payment request';	SELECT COUNT(DISTINCT idcase) FROM event_log WHERE activity = 'Request payment'	easy	0
152_0	SELECT idcase FROM event_log WHERE activity = 'declaration final approved by director' ORDER BY timestamp DESC LIMIT 1;	SELECT idcase FROM event_log WHERE activity = 'Declaration final approved by director' ORDER by timestamp DESC LIMIT 1	hard	1
152_1	SELECT idcase, timestamp FROM event_log WHERE activity = 'declaration final approved by director' ORDER BY timestamp DESC LIMIT 1;	SELECT idcase FROM event_log WHERE activity = 'Declaration final approved by director' ORDER by timestamp DESC LIMIT 1	hard	0
152_2	SELECT idcase FROM event_log WHERE activity = 'declaration final approved by director' ORDER BY timestamp DESC LIMIT 1;	SELECT idcase FROM event_log WHERE activity = 'Declaration final approved by director' ORDER by timestamp DESC LIMIT 1	hard	1
152_3	SELECT idcase FROM event_log WHERE activity = 'declaration final approved by director' ORDER BY timestamp DESC LIMIT 1;	SELECT idcase FROM event_log WHERE activity = 'Declaration final approved by director' ORDER by timestamp DESC LIMIT 1	hard	1
152_4	SELECT idcase FROM event_log WHERE activity = 'declaration final approved by director' ORDER BY timestamp DESC LIMIT 1;	SELECT idcase FROM event_log WHERE activity = 'Declaration final approved by director' ORDER by timestamp DESC LIMIT 1	hard	1
152_5	SELECT idcase FROM event_log WHERE activity = 'final approval' AND resource = 'director' ORDER BY timestamp DESC LIMIT 1;	SELECT idcase FROM event_log WHERE activity = 'Declaration final approved by director' ORDER by timestamp DESC LIMIT 1	hard	0
152_6	SELECT id, activity, timestamp, resource, cost, idcase FROM event_log WHERE activity LIKE '%final approval%' AND resource LIKE '%director%' ORDER BY timestamp DESC LIMIT 1;	SELECT idcase FROM event_log WHERE activity = 'Declaration final approved by director' ORDER by timestamp DESC LIMIT 1	hard	0
153_0	SELECT resource FROM event_log WHERE activity = 'declaration approved by administration' GROUP BY resource ORDER BY COUNT(*) DESC LIMIT 1;	SELECT resource FROM event_log WHERE activity = 'Declaration approved by administration' GROUP BY resource ORDER BY COUNT(*) DESC LIMIT 1	extra	1
153_1	SELECT resource FROM event_log WHERE activity = 'declaration approved by administration' GROUP BY resource ORDER BY COUNT(*) DESC LIMIT 1;	SELECT resource FROM event_log WHERE activity = 'Declaration approved by administration' GROUP BY resource ORDER BY COUNT(*) DESC LIMIT 1	extra	1
153_2	SELECT resource FROM event_log WHERE activity = 'declaration approved by administration' GROUP BY resource ORDER BY COUNT(*) DESC LIMIT 1;	SELECT resource FROM event_log WHERE activity = 'Declaration approved by administration' GROUP BY resource ORDER BY COUNT(*) DESC LIMIT 1	extra	1
153_3	SELECT resource, COUNT(*) AS event_count FROM event_log WHERE activity = 'declaration approved by administration' GROUP BY resource ORDER BY event_count DESC LIMIT 1;	SELECT resource FROM event_log WHERE activity = 'Declaration approved by administration' GROUP BY resource ORDER BY COUNT(*) DESC LIMIT 1	extra	0
153_4	SELECT resource, COUNT(*) as occurrence_count FROM event_log WHERE activity = 'declaration approved by administration' GROUP BY resource ORDER BY occurrence_count DESC LIMIT 1;	SELECT resource FROM event_log WHERE activity = 'Declaration approved by administration' GROUP BY resource ORDER BY COUNT(*) DESC LIMIT 1	extra	0
153_5		SELECT resource FROM event_log WHERE activity = 'Declaration approved by administration' GROUP BY resource ORDER BY COUNT(*) DESC LIMIT 1	extra	0
153_6	SELECT resource, COUNT(*) as approval_count FROM event_log WHERE activity LIKE '%approve%' GROUP BY resource ORDER BY approval_count DESC LIMIT 1;	SELECT resource FROM event_log WHERE activity = 'Declaration approved by administration' GROUP BY resource ORDER BY COUNT(*) DESC LIMIT 1	extra	0
154_0	SELECT resource, COUNT(*) AS first_activity_cases FROM ( SELECT idcase, resource, ROW_NUMBER() OVER (PARTITION BY idcase ORDER BY timestamp) AS rn FROM event_log ) AS first_events WHERE rn = 1 GROUP BY resource ORDER BY resource;	SELECT COUNT(*), resource FROM (SELECT resource, MIN(timestamp) from event_log GROUP BY idcase) GROUP BY resource	no_hardness	0
154_1	SELECT resource, COUNT(*) as case_count FROM ( SELECT idcase, resource, ROW_NUMBER() OVER (PARTITION BY idcase ORDER BY timestamp) as rn FROM event_log ) first_events WHERE rn = 1 GROUP BY resource ORDER BY case_count DESC;	SELECT COUNT(*), resource FROM (SELECT resource, MIN(timestamp) from event_log GROUP BY idcase) GROUP BY resource	no_hardness	0
154_2	SELECT resource, COUNT(*) as first_activity_count FROM ( SELECT resource, ROW_NUMBER() OVER (PARTITION BY idcase ORDER BY timestamp) as rn FROM event_log ) WHERE rn = 1 GROUP BY resource ORDER BY first_activity_count DESC;	SELECT COUNT(*), resource FROM (SELECT resource, MIN(timestamp) from event_log GROUP BY idcase) GROUP BY resource	no_hardness	0
154_3	SELECT resource, COUNT(*) as first_events_count FROM ( SELECT idcase, resource, ROW_NUMBER() OVER (PARTITION BY idcase ORDER BY timestamp) as rn FROM event_log ) t WHERE rn = 1 GROUP BY resource ORDER BY first_events_count DESC;	SELECT COUNT(*), resource FROM (SELECT resource, MIN(timestamp) from event_log GROUP BY idcase) GROUP BY resource	no_hardness	0
154_4	WITH first_actions AS ( SELECT idcase, resource, ROW_NUMBER() OVER (PARTITION BY idcase ORDER BY timestamp, id) AS rn FROM event_log ) SELECT resource, COUNT(*) AS first_action_count FROM first_actions WHERE rn = 1 GROUP BY resource ORDER BY first_action_count DESC;	SELECT COUNT(*), resource FROM (SELECT resource, MIN(timestamp) from event_log GROUP BY idcase) GROUP BY resource	no_hardness	0
154_5	SELECT resource, COUNT(*) as declaration_count FROM event_log WHERE (idcase, timestamp) IN ( SELECT idcase, MIN(timestamp) FROM event_log GROUP BY idcase ) GROUP BY resource ORDER BY declaration_count DESC;	SELECT COUNT(*), resource FROM (SELECT resource, MIN(timestamp) from event_log GROUP BY idcase) GROUP BY resource	no_hardness	0
154_6	SELECT resource, COUNT(DISTINCT idcase) AS declaration_processes FROM event_log GROUP BY resource;	SELECT COUNT(*), resource FROM (SELECT resource, MIN(timestamp) from event_log GROUP BY idcase) GROUP BY resource	no_hardness	0
155_0	SELECT COUNT(DISTINCT idcase) FROM event_log WHERE activity LIKE '%approved%';	SELECT COUNT(DISTINCT idcase) FROM event_log WHERE activity LIKE '%approved%'	medium	1
155_1	SELECT COUNT(DISTINCT idcase) FROM event_log WHERE LOWER(activity) LIKE '%approved%';	SELECT COUNT(DISTINCT idcase) FROM event_log WHERE activity LIKE '%approved%'	medium	1
155_2	SELECT COUNT(DISTINCT idcase) FROM event_log WHERE activity LIKE '%approved%';	SELECT COUNT(DISTINCT idcase) FROM event_log WHERE activity LIKE '%approved%'	medium	1
155_3	SELECT COUNT(DISTINCT idcase) FROM event_log WHERE activity LIKE '%approved%';	SELECT COUNT(DISTINCT idcase) FROM event_log WHERE activity LIKE '%approved%'	medium	1
155_4	SELECT COUNT(DISTINCT idcase) FROM event_log WHERE LOWER(activity) LIKE '%approved%';	SELECT COUNT(DISTINCT idcase) FROM event_log WHERE activity LIKE '%approved%'	medium	1
155_5	SELECT COUNT(DISTINCT idcase) FROM event_log WHERE LOWER(activity) LIKE '%approved%';	SELECT COUNT(DISTINCT idcase) FROM event_log WHERE activity LIKE '%approved%'	medium	1
155_6		SELECT COUNT(DISTINCT idcase) FROM event_log WHERE activity LIKE '%approved%'	medium	0
155_7	SELECT COUNT(DISTINCT idcase) FROM event_log WHERE activity = 'Approval actions';	SELECT COUNT(DISTINCT idcase) FROM event_log WHERE activity LIKE '%approved%'	medium	0
156_0	SELECT DATE(timestamp) AS day, COUNT(DISTINCT idcase) AS rejected_cases FROM event_log WHERE activity = 'rejected' GROUP BY DATE(timestamp) ORDER BY day;	SELECT strftime('%Y-%m-%d', timestamp), count(DISTINCT idcase) FROM event_log WHERE activity LIKE '%rejected%' GROUP BY strftime('%Y-%m-%d', timestamp)	no_hardness	0
156_1	SELECT DATE(timestamp) as day, COUNT(DISTINCT idcase) as cases_rejected FROM event_log WHERE activity = 'rejected' GROUP BY DATE(timestamp) ORDER BY day;	SELECT strftime('%Y-%m-%d', timestamp), count(DISTINCT idcase) FROM event_log WHERE activity LIKE '%rejected%' GROUP BY strftime('%Y-%m-%d', timestamp)	no_hardness	0
156_2	SELECT DATE(timestamp) AS day, COUNT(DISTINCT idcase) AS rejected_instances FROM event_log WHERE activity = 'rejected' GROUP BY DATE(timestamp) ORDER BY day;	SELECT strftime('%Y-%m-%d', timestamp), count(DISTINCT idcase) FROM event_log WHERE activity LIKE '%rejected%' GROUP BY strftime('%Y-%m-%d', timestamp)	no_hardness	0
156_3	SELECT DATE(timestamp) AS day, COUNT(DISTINCT idcase) AS cases FROM event_log WHERE activity = 'Rejected' GROUP BY DATE(timestamp) ORDER BY day;	SELECT strftime('%Y-%m-%d', timestamp), count(DISTINCT idcase) FROM event_log WHERE activity LIKE '%rejected%' GROUP BY strftime('%Y-%m-%d', timestamp)	no_hardness	0
156_4	SELECT DATE(timestamp) AS day, COUNT(DISTINCT idcase) AS rejected_cases FROM event_log WHERE activity = 'rejected' GROUP BY DATE(timestamp) ORDER BY day;	SELECT strftime('%Y-%m-%d', timestamp), count(DISTINCT idcase) FROM event_log WHERE activity LIKE '%rejected%' GROUP BY strftime('%Y-%m-%d', timestamp)	no_hardness	0
156_5	SELECT DATE(timestamp) AS day, COUNT(DISTINCT idcase) AS rejected_cases FROM event_log WHERE activity = 'rejected' GROUP BY DATE(timestamp) ORDER BY day;	SELECT strftime('%Y-%m-%d', timestamp), count(DISTINCT idcase) FROM event_log WHERE activity LIKE '%rejected%' GROUP BY strftime('%Y-%m-%d', timestamp)	no_hardness	0
156_6	SELECT DATE(timestamp) as rejection_date, COUNT(*) as rejected_count FROM event_log WHERE activity LIKE '%Reject%' GROUP BY DATE(timestamp) ORDER BY rejection_date;	SELECT strftime('%Y-%m-%d', timestamp), count(DISTINCT idcase) FROM event_log WHERE activity LIKE '%rejected%' GROUP BY strftime('%Y-%m-%d', timestamp)	no_hardness	0
156_7	SELECT DATE(timestamp) AS day, COUNT(*) AS rejection_count FROM event_log WHERE activity = 'Rejection' GROUP BY DATE(timestamp) ORDER BY day;	SELECT strftime('%Y-%m-%d', timestamp), count(DISTINCT idcase) FROM event_log WHERE activity LIKE '%rejected%' GROUP BY strftime('%Y-%m-%d', timestamp)	no_hardness	0
157_0	SELECT idcase, COUNT(*) as event_count, TIMESTAMPDIFF(HOUR, MIN(timestamp), MAX(timestamp)) as duration_hours FROM event_log GROUP BY idcase ORDER BY event_count DESC LIMIT 5;	select strftime('%s', MAX(timestamp)) - strftime('%s', MIN(timestamp)), idcase FROM event_log where idcase in (select idcase from event_log group by idcase having  count(*) IN (select count(*) from event_log group by idcase order by count(*) desc limit 5)) group by idcase 	no_hardness	0
157_1	SELECT idcase, COUNT(*) AS event_count, MAX(timestamp) - MIN(timestamp) AS duration FROM event_log GROUP BY idcase ORDER BY event_count DESC LIMIT 5;	select strftime('%s', MAX(timestamp)) - strftime('%s', MIN(timestamp)), idcase FROM event_log where idcase in (select idcase from event_log group by idcase having  count(*) IN (select count(*) from event_log group by idcase order by count(*) desc limit 5)) group by idcase 	no_hardness	0
157_2		select strftime('%s', MAX(timestamp)) - strftime('%s', MIN(timestamp)), idcase FROM event_log where idcase in (select idcase from event_log group by idcase having  count(*) IN (select count(*) from event_log group by idcase order by count(*) desc limit 5)) group by idcase 	no_hardness	0
157_3		select strftime('%s', MAX(timestamp)) - strftime('%s', MIN(timestamp)), idcase FROM event_log where idcase in (select idcase from event_log group by idcase having  count(*) IN (select count(*) from event_log group by idcase order by count(*) desc limit 5)) group by idcase 	no_hardness	0
157_4	SELECT idcase, COUNT(*) AS activity_performances, (MAX(timestamp) - MIN(timestamp)) AS duration FROM event_log GROUP BY idcase ORDER BY activity_performances DESC LIMIT 5;	select strftime('%s', MAX(timestamp)) - strftime('%s', MIN(timestamp)), idcase FROM event_log where idcase in (select idcase from event_log group by idcase having  count(*) IN (select count(*) from event_log group by idcase order by count(*) desc limit 5)) group by idcase 	no_hardness	0
157_5	SELECT idcase, COUNT(*) AS event_count, (MAX(timestamp) - MIN(timestamp)) AS duration FROM event_log GROUP BY idcase ORDER BY event_count DESC LIMIT 5;	select strftime('%s', MAX(timestamp)) - strftime('%s', MIN(timestamp)), idcase FROM event_log where idcase in (select idcase from event_log group by idcase having  count(*) IN (select count(*) from event_log group by idcase order by count(*) desc limit 5)) group by idcase 	no_hardness	0
157_6	SELECT idcase, COUNT(*) AS event_count, (MAX(timestamp) - MIN(timestamp)) AS duration FROM event_log GROUP BY idcase ORDER BY event_count DESC LIMIT 5;	select strftime('%s', MAX(timestamp)) - strftime('%s', MIN(timestamp)), idcase FROM event_log where idcase in (select idcase from event_log group by idcase having  count(*) IN (select count(*) from event_log group by idcase order by count(*) desc limit 5)) group by idcase 	no_hardness	0
157_7	SELECT idcase, COUNT(*) AS actions, (MAX(timestamp) - MIN(timestamp)) AS processing_time FROM event_log GROUP BY idcase ORDER BY actions DESC LIMIT 5;	select strftime('%s', MAX(timestamp)) - strftime('%s', MIN(timestamp)), idcase FROM event_log where idcase in (select idcase from event_log group by idcase having  count(*) IN (select count(*) from event_log group by idcase order by count(*) desc limit 5)) group by idcase 	no_hardness	0
157_8	SELECT idcase, COUNT(*) as activity_count, MAX(timestamp) - MIN(timestamp) as processing_time FROM event_log GROUP BY idcase ORDER BY activity_count DESC LIMIT 5;	select strftime('%s', MAX(timestamp)) - strftime('%s', MIN(timestamp)), idcase FROM event_log where idcase in (select idcase from event_log group by idcase having  count(*) IN (select count(*) from event_log group by idcase order by count(*) desc limit 5)) group by idcase 	no_hardness	0
158_0	SELECT idcase, COUNT(*) AS event_count, (MAX(timestamp) - MIN(timestamp)) AS duration FROM event_log GROUP BY idcase HAVING COUNT(*) >= 20 ORDER BY event_count DESC LIMIT 5;	select strftime('%s', MAX(timestamp)) - strftime('%s', MIN(timestamp)), idcase FROM event_log where idcase in (select idcase from event_log group by idcase having  count(*) IN (select count(*) from event_log group by idcase HAVING count(*) >= 20 order by count(*) desc limit 5)) group by idcase 	no_hardness	0
158_1	SELECT idcase, COUNT(*) AS event_count, MAX(timestamp) - MIN(timestamp) AS duration FROM event_log GROUP BY idcase HAVING COUNT(*) >= 20 ORDER BY event_count DESC LIMIT 5;	select strftime('%s', MAX(timestamp)) - strftime('%s', MIN(timestamp)), idcase FROM event_log where idcase in (select idcase from event_log group by idcase having  count(*) IN (select count(*) from event_log group by idcase HAVING count(*) >= 20 order by count(*) desc limit 5)) group by idcase 	no_hardness	0
158_2	SELECT idcase, COUNT(*) AS event_count, MAX(timestamp) - MIN(timestamp) AS duration FROM event_log GROUP BY idcase HAVING COUNT(*) >= 20 ORDER BY event_count DESC LIMIT 5;	select strftime('%s', MAX(timestamp)) - strftime('%s', MIN(timestamp)), idcase FROM event_log where idcase in (select idcase from event_log group by idcase having  count(*) IN (select count(*) from event_log group by idcase HAVING count(*) >= 20 order by count(*) desc limit 5)) group by idcase 	no_hardness	0
158_3	SELECT idcase, COUNT(*) AS event_count, MAX(timestamp) - MIN(timestamp) AS duration FROM event_log GROUP BY idcase HAVING COUNT(*) >= 20 ORDER BY event_count DESC LIMIT 5;	select strftime('%s', MAX(timestamp)) - strftime('%s', MIN(timestamp)), idcase FROM event_log where idcase in (select idcase from event_log group by idcase having  count(*) IN (select count(*) from event_log group by idcase HAVING count(*) >= 20 order by count(*) desc limit 5)) group by idcase 	no_hardness	0
158_4	SELECT idcase, COUNT(*) AS event_count, (MAX(timestamp) - MIN(timestamp)) AS duration FROM event_log GROUP BY idcase HAVING COUNT(*) >= 20 ORDER BY event_count DESC LIMIT 5;	select strftime('%s', MAX(timestamp)) - strftime('%s', MIN(timestamp)), idcase FROM event_log where idcase in (select idcase from event_log group by idcase having  count(*) IN (select count(*) from event_log group by idcase HAVING count(*) >= 20 order by count(*) desc limit 5)) group by idcase 	no_hardness	0
158_5	SELECT idcase, COUNT(*) AS event_count, (MAX(timestamp) - MIN(timestamp)) AS duration FROM event_log GROUP BY idcase HAVING COUNT(*) >= 20 ORDER BY event_count DESC LIMIT 5;	select strftime('%s', MAX(timestamp)) - strftime('%s', MIN(timestamp)), idcase FROM event_log where idcase in (select idcase from event_log group by idcase having  count(*) IN (select count(*) from event_log group by idcase HAVING count(*) >= 20 order by count(*) desc limit 5)) group by idcase 	no_hardness	0
158_6	SELECT idcase, COUNT(*) AS event_count, MAX(timestamp) - MIN(timestamp) AS duration FROM event_log GROUP BY idcase HAVING COUNT(*) >= 20 ORDER BY event_count DESC LIMIT 5;	select strftime('%s', MAX(timestamp)) - strftime('%s', MIN(timestamp)), idcase FROM event_log where idcase in (select idcase from event_log group by idcase having  count(*) IN (select count(*) from event_log group by idcase HAVING count(*) >= 20 order by count(*) desc limit 5)) group by idcase 	no_hardness	0
158_7	SELECT idcase, COUNT(*) AS actions, SUM(cost) AS total_cost, MAX(timestamp) - MIN(timestamp) AS processing_time FROM event_log GROUP BY idcase HAVING COUNT(*) >= 20 ORDER BY total_cost DESC LIMIT 5;	select strftime('%s', MAX(timestamp)) - strftime('%s', MIN(timestamp)), idcase FROM event_log where idcase in (select idcase from event_log group by idcase having  count(*) IN (select count(*) from event_log group by idcase HAVING count(*) >= 20 order by count(*) desc limit 5)) group by idcase 	no_hardness	0
159_0		SELECT DISTINCT e.idcase FROM event_log AS e join (SELECT idcase, MIN(timestamp) as start_date FROM event_log GROUP BY idcase) AS e1 ON e1.idcase = e.idcase WHERE e.activity = 'Request payment' ORDER BY e1.start_date DESC LIMIT 10 	no_hardness	0
159_1	WITH cases_with_request_payment AS ( SELECT DISTINCT idcase FROM event_log WHERE activity = 'request payment' ), latest_case_timestamp AS ( SELECT idcase, MAX(timestamp) as latest_timestamp FROM event_log GROUP BY idcase ) SELECT lc.idcase FROM latest_case_timestamp lc WHERE lc.idcase NOT IN (SELECT idcase FROM cases_with_request_payment) ORDER BY lc.latest_timestamp DESC LIMIT 10;	SELECT DISTINCT e.idcase FROM event_log AS e join (SELECT idcase, MIN(timestamp) as start_date FROM event_log GROUP BY idcase) AS e1 ON e1.idcase = e.idcase WHERE e.activity = 'Request payment' ORDER BY e1.start_date DESC LIMIT 10 	no_hardness	0
159_2	SELECT idcase, MAX(timestamp) AS last_timestamp FROM event_log WHERE NOT EXISTS ( SELECT 1 FROM event_log e2 WHERE e2.idcase = event_log.idcase AND e2.activity = 'request payment' ) GROUP BY idcase ORDER BY last_timestamp DESC LIMIT 10;	SELECT DISTINCT e.idcase FROM event_log AS e join (SELECT idcase, MIN(timestamp) as start_date FROM event_log GROUP BY idcase) AS e1 ON e1.idcase = e.idcase WHERE e.activity = 'Request payment' ORDER BY e1.start_date DESC LIMIT 10 	no_hardness	0
159_3	SELECT idcase, MAX(timestamp) as latest_timestamp FROM event_log WHERE idcase NOT IN ( SELECT DISTINCT idcase FROM event_log WHERE activity = 'request payment' ) GROUP BY idcase ORDER BY latest_timestamp DESC LIMIT 10;	SELECT DISTINCT e.idcase FROM event_log AS e join (SELECT idcase, MIN(timestamp) as start_date FROM event_log GROUP BY idcase) AS e1 ON e1.idcase = e.idcase WHERE e.activity = 'Request payment' ORDER BY e1.start_date DESC LIMIT 10 	no_hardness	0
159_4		SELECT DISTINCT e.idcase FROM event_log AS e join (SELECT idcase, MIN(timestamp) as start_date FROM event_log GROUP BY idcase) AS e1 ON e1.idcase = e.idcase WHERE e.activity = 'Request payment' ORDER BY e1.start_date DESC LIMIT 10 	no_hardness	0
159_5	SELECT idcase, MAX(timestamp) AS latest_timestamp FROM event_log WHERE idcase NOT IN ( SELECT DISTINCT idcase FROM event_log WHERE activity = 'request payment' ) GROUP BY idcase ORDER BY latest_timestamp DESC LIMIT 10;	SELECT DISTINCT e.idcase FROM event_log AS e join (SELECT idcase, MIN(timestamp) as start_date FROM event_log GROUP BY idcase) AS e1 ON e1.idcase = e.idcase WHERE e.activity = 'Request payment' ORDER BY e1.start_date DESC LIMIT 10 	no_hardness	0
159_6	SELECT idcase, MAX(timestamp) as last_activity_timestamp FROM event_log WHERE idcase NOT IN ( SELECT DISTINCT idcase FROM event_log WHERE activity = 'request payment' ) GROUP BY idcase ORDER BY last_activity_timestamp DESC LIMIT 10;	SELECT DISTINCT e.idcase FROM event_log AS e join (SELECT idcase, MIN(timestamp) as start_date FROM event_log GROUP BY idcase) AS e1 ON e1.idcase = e.idcase WHERE e.activity = 'Request payment' ORDER BY e1.start_date DESC LIMIT 10 	no_hardness	0
159_7	SELECT idcase FROM event_log WHERE idcase NOT IN ( SELECT DISTINCT idcase FROM event_log WHERE activity = 'request payment' ) ORDER BY timestamp DESC LIMIT 10;	SELECT DISTINCT e.idcase FROM event_log AS e join (SELECT idcase, MIN(timestamp) as start_date FROM event_log GROUP BY idcase) AS e1 ON e1.idcase = e.idcase WHERE e.activity = 'Request payment' ORDER BY e1.start_date DESC LIMIT 10 	no_hardness	0
159_8		SELECT DISTINCT e.idcase FROM event_log AS e join (SELECT idcase, MIN(timestamp) as start_date FROM event_log GROUP BY idcase) AS e1 ON e1.idcase = e.idcase WHERE e.activity = 'Request payment' ORDER BY e1.start_date DESC LIMIT 10 	no_hardness	0
159_9		SELECT DISTINCT e.idcase FROM event_log AS e join (SELECT idcase, MIN(timestamp) as start_date FROM event_log GROUP BY idcase) AS e1 ON e1.idcase = e.idcase WHERE e.activity = 'Request payment' ORDER BY e1.start_date DESC LIMIT 10 	no_hardness	0
159_10		SELECT DISTINCT e.idcase FROM event_log AS e join (SELECT idcase, MIN(timestamp) as start_date FROM event_log GROUP BY idcase) AS e1 ON e1.idcase = e.idcase WHERE e.activity = 'Request payment' ORDER BY e1.start_date DESC LIMIT 10 	no_hardness	0
159_11	SELECT el.* FROM event_log el WHERE el.activity LIKE '%process%' OR el.activity LIKE '%declaracion%' OR el.activity LIKE '%declare%' AND el.idcase NOT IN ( SELECT DISTINCT idcase FROM event_log WHERE activity LIKE '%payment%' OR activity LIKE '%request%' OR activity LIKE '%approve%' ) ORDER BY el.timestamp DESC LIMIT 10;	SELECT DISTINCT e.idcase FROM event_log AS e join (SELECT idcase, MIN(timestamp) as start_date FROM event_log GROUP BY idcase) AS e1 ON e1.idcase = e.idcase WHERE e.activity = 'Request payment' ORDER BY e1.start_date DESC LIMIT 10 	no_hardness	0
160_0	SELECT idcase, COUNT(*) AS event_count FROM event_log GROUP BY idcase HAVING COUNT(*) <= 10;	SELECT idcase FROM event_log group by idcase having count(*) <= 10	easy	0
160_1	SELECT idcase FROM event_log GROUP BY idcase HAVING COUNT(*) <= 10;	SELECT idcase FROM event_log group by idcase having count(*) <= 10	easy	1
160_2	SELECT idcase, COUNT(*) AS event_count FROM event_log GROUP BY idcase HAVING COUNT(*) <= 10;	SELECT idcase FROM event_log group by idcase having count(*) <= 10	easy	0
160_3	SELECT idcase FROM event_log GROUP BY idcase HAVING COUNT(*) <= 10;	SELECT idcase FROM event_log group by idcase having count(*) <= 10	easy	1
160_4	SELECT idcase, COUNT(*) AS event_count, SUM(cost) AS total_cost FROM event_log GROUP BY idcase HAVING COUNT(*) <= 10 ORDER BY event_count DESC;	SELECT idcase FROM event_log group by idcase having count(*) <= 10	easy	0
160_5	SELECT idcase FROM event_log GROUP BY idcase HAVING COUNT(*) <= 10;	SELECT idcase FROM event_log group by idcase having count(*) <= 10	easy	1
160_6	SELECT idcase FROM event_log GROUP BY idcase HAVING COUNT(*) <= 10;	SELECT idcase FROM event_log group by idcase having count(*) <= 10	easy	1
160_7	SELECT idcase, COUNT(*) AS event_count FROM event_log GROUP BY idcase HAVING COUNT(*) <= 10;	SELECT idcase FROM event_log group by idcase having count(*) <= 10	easy	0
160_8	SELECT idcase FROM event_log GROUP BY idcase HAVING COUNT(*) <= 10;	SELECT idcase FROM event_log group by idcase having count(*) <= 10	easy	1
160_9	SELECT idcase, COUNT(*) AS event_count FROM event_log GROUP BY idcase HAVING COUNT(*) <= 10;	SELECT idcase FROM event_log group by idcase having count(*) <= 10	easy	0
160_10	SELECT idcase, COUNT(*) AS action_count FROM event_log GROUP BY idcase HAVING COUNT(*) <= 10;	SELECT idcase FROM event_log group by idcase having count(*) <= 10	easy	0
160_11	SELECT idcase, COUNT(*) as event_count FROM event_log GROUP BY idcase HAVING COUNT(*) <= 10;	SELECT idcase FROM event_log group by idcase having count(*) <= 10	easy	0
161_0	SELECT AVG(cost) FROM event_log WHERE activity = 'payment handled' AND timestamp < '2018-01-01';	SELECT AVG(cost) FROM event_log WHERE timestamp < '2018-01-01' AND activity = 'Payment handled'	medium	1
161_1	SELECT AVG(cost) FROM event_log WHERE activity = 'payment handled' AND timestamp < '2018-01-01';	SELECT AVG(cost) FROM event_log WHERE timestamp < '2018-01-01' AND activity = 'Payment handled'	medium	1
161_2	SELECT AVG(cost) FROM event_log WHERE activity = 'payment handled' AND timestamp < '2018-01-01';	SELECT AVG(cost) FROM event_log WHERE timestamp < '2018-01-01' AND activity = 'Payment handled'	medium	1
161_3	SELECT AVG(cost) FROM event_log WHERE activity = 'payment handled' AND timestamp < '2018-01-01';	SELECT AVG(cost) FROM event_log WHERE timestamp < '2018-01-01' AND activity = 'Payment handled'	medium	1
161_4	SELECT AVG(cost) FROM event_log WHERE activity = 'payment handled' AND timestamp < '2018-01-01';	SELECT AVG(cost) FROM event_log WHERE timestamp < '2018-01-01' AND activity = 'Payment handled'	medium	1
161_5	SELECT AVG(cost) FROM event_log WHERE activity = 'payment handled' AND timestamp < '2018-01-01';	SELECT AVG(cost) FROM event_log WHERE timestamp < '2018-01-01' AND activity = 'Payment handled'	medium	1
161_6	SELECT AVG(cost) FROM event_log WHERE activity = 'payment handled' AND timestamp < '2018-01-01';	SELECT AVG(cost) FROM event_log WHERE timestamp < '2018-01-01' AND activity = 'Payment handled'	medium	1
161_7	SELECT AVG(cost) FROM event_log WHERE activity = 'payment handled' AND timestamp < '2018-01-01';	SELECT AVG(cost) FROM event_log WHERE timestamp < '2018-01-01' AND activity = 'Payment handled'	medium	1
161_8		SELECT AVG(cost) FROM event_log WHERE timestamp < '2018-01-01' AND activity = 'Payment handled'	medium	0
162_0	SELECT idcase, COUNT(*) as permit_count FROM event_log WHERE activity = 'permit' GROUP BY idcase;	SELECT idcase, COUNT(*) FROM event_log WHERE activity LIKE 'Permit%' GROUP by idcase	hard	0
162_1	SELECT idcase, COUNT(*) AS permit_count FROM event_log WHERE activity = 'permit' GROUP BY idcase;	SELECT idcase, COUNT(*) FROM event_log WHERE activity LIKE 'Permit%' GROUP by idcase	hard	0
162_2	SELECT idcase, COUNT(*) AS permit_count FROM event_log WHERE activity = 'permit' GROUP BY idcase;	SELECT idcase, COUNT(*) FROM event_log WHERE activity LIKE 'Permit%' GROUP by idcase	hard	0
162_3	SELECT idcase, COUNT(*) AS permit_count FROM event_log WHERE activity = 'permit' GROUP BY idcase;	SELECT idcase, COUNT(*) FROM event_log WHERE activity LIKE 'Permit%' GROUP by idcase	hard	0
162_4	SELECT idcase, COUNT(*) AS permit_count FROM event_log WHERE activity = 'permit' GROUP BY idcase;	SELECT idcase, COUNT(*) FROM event_log WHERE activity LIKE 'Permit%' GROUP by idcase	hard	0
162_5	SELECT idcase, COUNT(*) AS permit_count FROM event_log WHERE activity = 'permit' GROUP BY idcase ORDER BY idcase;	SELECT idcase, COUNT(*) FROM event_log WHERE activity LIKE 'Permit%' GROUP by idcase	hard	0
162_6	SELECT idcase, COUNT(*) as occurrence_count FROM event_log WHERE activity = 'permit' GROUP BY idcase;	SELECT idcase, COUNT(*) FROM event_log WHERE activity LIKE 'Permit%' GROUP by idcase	hard	0
162_7	SELECT idcase, COUNT(*) AS event_count FROM event_log WHERE activity = 'permit' GROUP BY idcase;	SELECT idcase, COUNT(*) FROM event_log WHERE activity LIKE 'Permit%' GROUP by idcase	hard	0
162_8		SELECT idcase, COUNT(*) FROM event_log WHERE activity LIKE 'Permit%' GROUP by idcase	hard	0
162_9	SELECT idcase, COUNT(*) as permit_count FROM event_log WHERE activity = 'permit' GROUP BY idcase;	SELECT idcase, COUNT(*) FROM event_log WHERE activity LIKE 'Permit%' GROUP by idcase	hard	0
163_0	SELECT resource, COUNT(DISTINCT idcase) as case_count FROM event_log WHERE activity = 'declaration rejected by supervisor' GROUP BY resource;	SELECT COUNT(DISTINCT idcase), resource FROM event_log WHERE activity = 'Declaration rejected by supervisor'  GROUP BY resource	medium	0
163_1	SELECT COUNT(DISTINCT idcase) AS case_count, GROUP_CONCAT(DISTINCT resource) AS resources FROM event_log WHERE activity = 'declaration rejected by supervisor';	SELECT COUNT(DISTINCT idcase), resource FROM event_log WHERE activity = 'Declaration rejected by supervisor'  GROUP BY resource	medium	0
163_2	SELECT resource, COUNT(*) as case_count FROM event_log WHERE activity = 'declaration rejected by supervisor' GROUP BY resource;	SELECT COUNT(DISTINCT idcase), resource FROM event_log WHERE activity = 'Declaration rejected by supervisor'  GROUP BY resource	medium	0
163_3	SELECT COUNT(DISTINCT idcase) as quantity, resource FROM event_log WHERE activity = 'declaration rejected by supervisor' GROUP BY resource;	SELECT COUNT(DISTINCT idcase), resource FROM event_log WHERE activity = 'Declaration rejected by supervisor'  GROUP BY resource	medium	1
163_4	SELECT resource, COUNT(idcase) AS case_count FROM event_log WHERE activity = 'declaration rejected by supervisor' GROUP BY resource;	SELECT COUNT(DISTINCT idcase), resource FROM event_log WHERE activity = 'Declaration rejected by supervisor'  GROUP BY resource	medium	0
163_5	SELECT resource, COUNT(DISTINCT idcase) AS case_count FROM event_log WHERE activity = 'declaration rejected by supervisor' GROUP BY resource;	SELECT COUNT(DISTINCT idcase), resource FROM event_log WHERE activity = 'Declaration rejected by supervisor'  GROUP BY resource	medium	0
163_6		SELECT COUNT(DISTINCT idcase), resource FROM event_log WHERE activity = 'Declaration rejected by supervisor'  GROUP BY resource	medium	0
163_7		SELECT COUNT(DISTINCT idcase), resource FROM event_log WHERE activity = 'Declaration rejected by supervisor'  GROUP BY resource	medium	0
164_0	SELECT activity, COUNT(DISTINCT idcase) AS case_count FROM event_log GROUP BY activity;	SELECT COUNT(DISTINCT idcase), activity FROM event_log GROUP BY activity	medium	0
164_1	SELECT activity, COUNT(DISTINCT idcase) AS case_count FROM event_log GROUP BY activity;	SELECT COUNT(DISTINCT idcase), activity FROM event_log GROUP BY activity	medium	0
164_2	SELECT activity, COUNT(DISTINCT idcase) AS case_count FROM event_log GROUP BY activity;	SELECT COUNT(DISTINCT idcase), activity FROM event_log GROUP BY activity	medium	0
164_3	SELECT activity, COUNT(DISTINCT idcase) AS case_count FROM event_log GROUP BY activity ORDER BY case_count DESC;	SELECT COUNT(DISTINCT idcase), activity FROM event_log GROUP BY activity	medium	0
164_4	SELECT activity, COUNT(DISTINCT idcase) AS num_cases FROM event_log GROUP BY activity;	SELECT COUNT(DISTINCT idcase), activity FROM event_log GROUP BY activity	medium	0
164_5	SELECT activity, COUNT(DISTINCT idcase) AS case_count FROM event_log GROUP BY activity;	SELECT COUNT(DISTINCT idcase), activity FROM event_log GROUP BY activity	medium	0
164_6	SELECT activity, COUNT(DISTINCT idcase) AS declaration_count FROM event_log GROUP BY activity ORDER BY declaration_count DESC;	SELECT COUNT(DISTINCT idcase), activity FROM event_log GROUP BY activity	medium	0
164_7	SELECT activity, COUNT(*) AS declaration_count FROM event_log GROUP BY activity;	SELECT COUNT(DISTINCT idcase), activity FROM event_log GROUP BY activity	medium	0
165_0	SELECT * FROM event_log WHERE activity LIKE 'R%' AND timestamp > ( SELECT MAX(timestamp) FROM event_log WHERE activity LIKE 'D%' );	SELECT e.* from event_log e INNER JOIN (select idcase, MAX(timestamp) as timestamp from event_log where activity like 'D%' group by idcase) e1 on e.idcase = e1.idcase and e.timestamp > e1.timestamp and e.activity like 'R%'	no_hardness	0
165_1	SELECT id, activity, timestamp, resource, cost, idcase FROM event_log WHERE resource = 'R' AND timestamp > (SELECT MAX(timestamp) FROM event_log WHERE resource = 'D');	SELECT e.* from event_log e INNER JOIN (select idcase, MAX(timestamp) as timestamp from event_log where activity like 'D%' group by idcase) e1 on e.idcase = e1.idcase and e.timestamp > e1.timestamp and e.activity like 'R%'	no_hardness	0
165_2	SELECT id, activity, timestamp, resource, cost, idcase FROM event_log WHERE resource = 'R' AND timestamp > (SELECT MAX(timestamp) FROM event_log WHERE resource = 'D');	SELECT e.* from event_log e INNER JOIN (select idcase, MAX(timestamp) as timestamp from event_log where activity like 'D%' group by idcase) e1 on e.idcase = e1.idcase and e.timestamp > e1.timestamp and e.activity like 'R%'	no_hardness	0
165_3	SELECT * FROM event_log WHERE activity LIKE 'R%' AND timestamp > (SELECT MAX(timestamp) FROM event_log WHERE activity LIKE 'D%');	SELECT e.* from event_log e INNER JOIN (select idcase, MAX(timestamp) as timestamp from event_log where activity like 'D%' group by idcase) e1 on e.idcase = e1.idcase and e.timestamp > e1.timestamp and e.activity like 'R%'	no_hardness	0
165_4	SELECT * FROM event_log WHERE activity LIKE 'R%' AND timestamp > ( SELECT MAX(timestamp) FROM event_log WHERE activity LIKE 'D%' );	SELECT e.* from event_log e INNER JOIN (select idcase, MAX(timestamp) as timestamp from event_log where activity like 'D%' group by idcase) e1 on e.idcase = e1.idcase and e.timestamp > e1.timestamp and e.activity like 'R%'	no_hardness	0
165_5	SELECT * FROM event_log WHERE timestamp > ( SELECT MAX(timestamp) FROM event_log WHERE activity LIKE 'D%' ) AND activity LIKE 'R%';	SELECT e.* from event_log e INNER JOIN (select idcase, MAX(timestamp) as timestamp from event_log where activity like 'D%' group by idcase) e1 on e.idcase = e1.idcase and e.timestamp > e1.timestamp and e.activity like 'R%'	no_hardness	0
165_6		SELECT e.* from event_log e INNER JOIN (select idcase, MAX(timestamp) as timestamp from event_log where activity like 'D%' group by idcase) e1 on e.idcase = e1.idcase and e.timestamp > e1.timestamp and e.activity like 'R%'	no_hardness	0
165_7		SELECT e.* from event_log e INNER JOIN (select idcase, MAX(timestamp) as timestamp from event_log where activity like 'D%' group by idcase) e1 on e.idcase = e1.idcase and e.timestamp > e1.timestamp and e.activity like 'R%'	no_hardness	0
166_0	SELECT activity, resource, COUNT(*) AS times_performed FROM event_log GROUP BY activity, resource ORDER BY activity, resource;	select count(*), activity, resource from event_log group by resource, activity	medium	0
166_1	SELECT activity, resource, COUNT(*) AS times_performed FROM event_log GROUP BY activity, resource;	select count(*), activity, resource from event_log group by resource, activity	medium	0
166_2	SELECT activity, resource, COUNT(*) AS occurrence_count FROM event_log GROUP BY activity, resource;	select count(*), activity, resource from event_log group by resource, activity	medium	0
166_3	SELECT resource, activity, COUNT(*) AS frequency FROM event_log GROUP BY resource, activity ORDER BY resource, activity;	select count(*), activity, resource from event_log group by resource, activity	medium	0
166_4	SELECT resource, activity, COUNT(*) AS times FROM event_log GROUP BY resource, activity;	select count(*), activity, resource from event_log group by resource, activity	medium	0
166_5	SELECT activity, resource, COUNT(*) as times_performed FROM event_log GROUP BY activity, resource;	select count(*), activity, resource from event_log group by resource, activity	medium	0
166_6	SELECT activity, resource, COUNT(*) AS times_performed FROM event_log GROUP BY activity, resource;	select count(*), activity, resource from event_log group by resource, activity	medium	0
167_0	SELECT DISTINCT activity FROM event_log WHERE timestamp >= '2018-01-01 00:00:00' AND timestamp <= '2018-06-30 23:59:59';	select DISTINCT activity from event_log where timestamp between '2018-01-01' and '2018-07-01'	easy	1
167_1	SELECT DISTINCT activity FROM event_log WHERE timestamp BETWEEN '2018-01-01' AND '2018-06-30';	select DISTINCT activity from event_log where timestamp between '2018-01-01' and '2018-07-01'	easy	1
167_2	SELECT DISTINCT activity FROM event_log WHERE timestamp BETWEEN '2018-01-01 00:00:00' AND '2018-06-30 23:59:59';	select DISTINCT activity from event_log where timestamp between '2018-01-01' and '2018-07-01'	easy	1
167_3	SELECT DISTINCT activity FROM event_log WHERE timestamp >= '2018-01-01' AND timestamp <= '2018-07-31';	select DISTINCT activity from event_log where timestamp between '2018-01-01' and '2018-07-01'	easy	1
167_4	SELECT DISTINCT activity FROM event_log WHERE timestamp >= '2018-01-01' AND timestamp <= '2018-06-30';	select DISTINCT activity from event_log where timestamp between '2018-01-01' and '2018-07-01'	easy	1
167_5	SELECT DISTINCT activity FROM event_log WHERE timestamp >= '2018-01-01' AND timestamp <= '2018-06-30';	select DISTINCT activity from event_log where timestamp between '2018-01-01' and '2018-07-01'	easy	1
167_6		select DISTINCT activity from event_log where timestamp between '2018-01-01' and '2018-07-01'	easy	0
168_0	SELECT DISTINCT idcase FROM event_log WHERE resource = 'Wayne' ORDER BY idcase;	SELECT DISTINCT idcase FROM event_log WHERE resource = 'Wayne' ORDER BY idcase	medium	1
168_1	SELECT DISTINCT idcase FROM event_log WHERE resource = 'Wayne' ORDER BY idcase;	SELECT DISTINCT idcase FROM event_log WHERE resource = 'Wayne' ORDER BY idcase	medium	1
168_2	SELECT idcase FROM event_log WHERE resource = 'Wayne' ORDER BY idcase;	SELECT DISTINCT idcase FROM event_log WHERE resource = 'Wayne' ORDER BY idcase	medium	0
168_3	SELECT DISTINCT idcase FROM event_log WHERE resource = 'Wayne' ORDER BY idcase;	SELECT DISTINCT idcase FROM event_log WHERE resource = 'Wayne' ORDER BY idcase	medium	1
168_4	SELECT DISTINCT idcase FROM event_log WHERE resource = 'Wayne' ORDER BY idcase;	SELECT DISTINCT idcase FROM event_log WHERE resource = 'Wayne' ORDER BY idcase	medium	1
168_5	SELECT DISTINCT idcase FROM event_log WHERE resource = 'Wayne' ORDER BY idcase;	SELECT DISTINCT idcase FROM event_log WHERE resource = 'Wayne' ORDER BY idcase	medium	1
168_6	SELECT idcase FROM event_log WHERE resource = 'Wayne' ORDER BY idcase;	SELECT DISTINCT idcase FROM event_log WHERE resource = 'Wayne' ORDER BY idcase	medium	0
168_7	SELECT * FROM event_log WHERE resource = 'Wayne' ORDER BY timestamp;	SELECT DISTINCT idcase FROM event_log WHERE resource = 'Wayne' ORDER BY idcase	medium	0
168_8	SELECT DISTINCT idcase FROM event_log WHERE resource = 'Wayne' ORDER BY idcase;	SELECT DISTINCT idcase FROM event_log WHERE resource = 'Wayne' ORDER BY idcase	medium	1
168_9		SELECT DISTINCT idcase FROM event_log WHERE resource = 'Wayne' ORDER BY idcase	medium	0
169_0	WITH case_end_dates AS ( SELECT idcase, MAX(timestamp) AS end_timestamp FROM event_log GROUP BY idcase ) SELECT el.activity, COUNT(DISTINCT ced.idcase) AS case_count FROM event_log el JOIN case_end_dates ced ON el.idcase = ced.idcase AND el.timestamp = ced.end_timestamp WHERE DATE(ced.end_timestamp) = '2018-03-12' GROUP BY el.activity;	select activity, count(DISTINCT idcase) FROM event_log where idcase in (SELECT idcase FROM event_log GROUP BY idcase  HAVING strftime('%Y-%m-%d', MAX(timestamp)) =  '2018-03-12') group by activity	no_hardness	0
169_1	SELECT activity, COUNT(DISTINCT idcase) AS instance_count FROM event_log WHERE idcase IN ( SELECT idcase FROM ( SELECT idcase, MAX(timestamp) AS last_ts FROM event_log GROUP BY idcase ) AS last WHERE DATE(last_ts) = '2018-03-12' ) GROUP BY activity ORDER BY activity;	select activity, count(DISTINCT idcase) FROM event_log where idcase in (SELECT idcase FROM event_log GROUP BY idcase  HAVING strftime('%Y-%m-%d', MAX(timestamp)) =  '2018-03-12') group by activity	no_hardness	1
169_2	SELECT activity, COUNT(DISTINCT idcase) AS case_count FROM event_log WHERE DATE(timestamp) = '2018-03-12' GROUP BY activity ORDER BY case_count DESC;	select activity, count(DISTINCT idcase) FROM event_log where idcase in (SELECT idcase FROM event_log GROUP BY idcase  HAVING strftime('%Y-%m-%d', MAX(timestamp)) =  '2018-03-12') group by activity	no_hardness	0
169_3	SELECT activity, COUNT(DISTINCT idcase) AS case_count FROM event_log WHERE DATE(timestamp) = '2018-03-12' GROUP BY activity;	select activity, count(DISTINCT idcase) FROM event_log where idcase in (SELECT idcase FROM event_log GROUP BY idcase  HAVING strftime('%Y-%m-%d', MAX(timestamp)) =  '2018-03-12') group by activity	no_hardness	0
169_4	SELECT activity, COUNT(DISTINCT idcase) as num_cases FROM event_log WHERE idcase IN ( SELECT idcase FROM event_log GROUP BY idcase HAVING MAX(timestamp) >= '2018-03-12 00:00:00' AND MAX(timestamp) < '2018-03-13 00:00:00' ) GROUP BY activity;	select activity, count(DISTINCT idcase) FROM event_log where idcase in (SELECT idcase FROM event_log GROUP BY idcase  HAVING strftime('%Y-%m-%d', MAX(timestamp)) =  '2018-03-12') group by activity	no_hardness	1
169_5	SELECT activity, COUNT(DISTINCT idcase) as num_cases FROM event_log WHERE DATE(timestamp) = '2018-03-12' GROUP BY activity ORDER BY num_cases DESC;	select activity, count(DISTINCT idcase) FROM event_log where idcase in (SELECT idcase FROM event_log GROUP BY idcase  HAVING strftime('%Y-%m-%d', MAX(timestamp)) =  '2018-03-12') group by activity	no_hardness	0
169_6	SELECT activity, COUNT(DISTINCT idcase) AS declarations_processed FROM event_log WHERE DATE(timestamp) = '2018-03-12' GROUP BY activity;	select activity, count(DISTINCT idcase) FROM event_log where idcase in (SELECT idcase FROM event_log GROUP BY idcase  HAVING strftime('%Y-%m-%d', MAX(timestamp)) =  '2018-03-12') group by activity	no_hardness	0
169_7	SELECT activity, COUNT(*) AS declaration_count FROM event_log WHERE DATE(timestamp) = '2018-03-12' GROUP BY activity;	select activity, count(DISTINCT idcase) FROM event_log where idcase in (SELECT idcase FROM event_log GROUP BY idcase  HAVING strftime('%Y-%m-%d', MAX(timestamp)) =  '2018-03-12') group by activity	no_hardness	0
170_0	SELECT COUNT(DISTINCT idcase) FROM ( SELECT idcase, activity, ROW_NUMBER() OVER (PARTITION BY idcase ORDER BY timestamp) as rn FROM event_log ) t WHERE rn = 1 AND activity LIKE 'permit%';	SELECT COUNT(idcase) FROM (SELECT idcase, activity, MIN(timestamp) FROM event_log  GROUP BY idcase) AS e1 WHERE e1.activity LIKE 'Permit%'	no_hardness	1
170_1	SELECT COUNT(*) FROM ( SELECT idcase, activity FROM ( SELECT idcase, activity, ROW_NUMBER() OVER (PARTITION BY idcase ORDER BY timestamp) as rn FROM event_log ) WHERE rn = 1 ) WHERE activity LIKE 'permit%';	SELECT COUNT(idcase) FROM (SELECT idcase, activity, MIN(timestamp) FROM event_log  GROUP BY idcase) AS e1 WHERE e1.activity LIKE 'Permit%'	no_hardness	1
170_2	SELECT COUNT(DISTINCT idcase) FROM event_log WHERE activity LIKE 'permit%';	SELECT COUNT(idcase) FROM (SELECT idcase, activity, MIN(timestamp) FROM event_log  GROUP BY idcase) AS e1 WHERE e1.activity LIKE 'Permit%'	no_hardness	0
170_3	SELECT COUNT(DISTINCT idcase) FROM ( SELECT idcase, activity, timestamp, ROW_NUMBER() OVER (PARTITION BY idcase ORDER BY timestamp) AS rn FROM event_log ) t WHERE rn = 1 AND activity LIKE 'permit%';	SELECT COUNT(idcase) FROM (SELECT idcase, activity, MIN(timestamp) FROM event_log  GROUP BY idcase) AS e1 WHERE e1.activity LIKE 'Permit%'	no_hardness	1
170_4	SELECT COUNT(DISTINCT e.idcase) FROM event_log e JOIN ( SELECT idcase, MIN(timestamp) AS first_ts FROM event_log GROUP BY idcase ) f ON e.idcase = f.idcase AND e.timestamp = f.first_ts WHERE e.activity LIKE 'permit%';	SELECT COUNT(idcase) FROM (SELECT idcase, activity, MIN(timestamp) FROM event_log  GROUP BY idcase) AS e1 WHERE e1.activity LIKE 'Permit%'	no_hardness	1
170_5	SELECT COUNT(DISTINCT idcase) FROM ( SELECT idcase, activity, ROW_NUMBER() OVER (PARTITION BY idcase ORDER BY timestamp) AS rn FROM event_log ) sub WHERE rn = 1 AND activity LIKE 'permit%';	SELECT COUNT(idcase) FROM (SELECT idcase, activity, MIN(timestamp) FROM event_log  GROUP BY idcase) AS e1 WHERE e1.activity LIKE 'Permit%'	no_hardness	1
170_6	SELECT COUNT(DISTINCT e.idcase) FROM event_log e INNER JOIN ( SELECT idcase, MIN(timestamp) AS min_timestamp FROM event_log GROUP BY idcase ) m ON e.idcase = m.idcase AND e.timestamp = m.min_timestamp WHERE e.activity LIKE 'permit%';	SELECT COUNT(idcase) FROM (SELECT idcase, activity, MIN(timestamp) FROM event_log  GROUP BY idcase) AS e1 WHERE e1.activity LIKE 'Permit%'	no_hardness	1
170_7		SELECT COUNT(idcase) FROM (SELECT idcase, activity, MIN(timestamp) FROM event_log  GROUP BY idcase) AS e1 WHERE e1.activity LIKE 'Permit%'	no_hardness	0
170_8	SELECT COUNT(DISTINCT idcase) FROM ( SELECT idcase, timestamp, ROW_NUMBER() OVER (PARTITION BY idcase ORDER BY timestamp) as rn FROM event_log WHERE activity LIKE '%permit%' ) t WHERE rn = 1;	SELECT COUNT(idcase) FROM (SELECT idcase, activity, MIN(timestamp) FROM event_log  GROUP BY idcase) AS e1 WHERE e1.activity LIKE 'Permit%'	no_hardness	0
171_0	SELECT DISTINCT idcase FROM event_log WHERE idcase NOT IN ( SELECT idcase FROM event_log WHERE activity IN ('request payment', 'payment handled') );	SELECT DISTINCT idcase FROM event_log WHERE idcase NOT IN (SELECT idcase FROM event_log WHERE activity = 'Request payment' OR activity = 'Payment handled')	hard	1
171_1	SELECT DISTINCT idcase FROM event_log e1 WHERE NOT EXISTS ( SELECT 1 FROM event_log e2 WHERE e2.idcase = e1.idcase AND e2.activity IN ('request payment', 'payment handled') );	SELECT DISTINCT idcase FROM event_log WHERE idcase NOT IN (SELECT idcase FROM event_log WHERE activity = 'Request payment' OR activity = 'Payment handled')	hard	0
171_2	SELECT DISTINCT idcase FROM event_log WHERE idcase NOT IN ( SELECT DISTINCT idcase FROM event_log WHERE activity IN ('request payment', 'payment handled') );	SELECT DISTINCT idcase FROM event_log WHERE idcase NOT IN (SELECT idcase FROM event_log WHERE activity = 'Request payment' OR activity = 'Payment handled')	hard	1
171_3	SELECT DISTINCT idcase FROM event_log WHERE NOT EXISTS ( SELECT 1 FROM event_log e2 WHERE e2.idcase = event_log.idcase AND e2.activity IN ('request payment', 'payment handled') );	SELECT DISTINCT idcase FROM event_log WHERE idcase NOT IN (SELECT idcase FROM event_log WHERE activity = 'Request payment' OR activity = 'Payment handled')	hard	0
171_4	SELECT DISTINCT idcase FROM event_log WHERE NOT EXISTS ( SELECT 1 FROM event_log e2 WHERE e2.idcase = event_log.idcase AND e2.activity IN ('request payment', 'payment handled') );	SELECT DISTINCT idcase FROM event_log WHERE idcase NOT IN (SELECT idcase FROM event_log WHERE activity = 'Request payment' OR activity = 'Payment handled')	hard	0
171_5	SELECT DISTINCT idcase FROM event_log WHERE NOT EXISTS ( SELECT 1 FROM event_log e2 WHERE e2.activity IN ('request payment', 'payment handled') AND e2.idcase = event_log.idcase );	SELECT DISTINCT idcase FROM event_log WHERE idcase NOT IN (SELECT idcase FROM event_log WHERE activity = 'Request payment' OR activity = 'Payment handled')	hard	0
171_6	SELECT DISTINCT idcase FROM event_log WHERE idcase NOT IN ( SELECT DISTINCT idcase FROM event_log WHERE activity IN ('request payment', 'payment handled') );	SELECT DISTINCT idcase FROM event_log WHERE idcase NOT IN (SELECT idcase FROM event_log WHERE activity = 'Request payment' OR activity = 'Payment handled')	hard	1
171_7		SELECT DISTINCT idcase FROM event_log WHERE idcase NOT IN (SELECT idcase FROM event_log WHERE activity = 'Request payment' OR activity = 'Payment handled')	hard	0
171_8	SELECT DISTINCT idcase FROM event_log WHERE activity NOT IN ('request payment', 'payment handled') ORDER BY idcase;	SELECT DISTINCT idcase FROM event_log WHERE idcase NOT IN (SELECT idcase FROM event_log WHERE activity = 'Request payment' OR activity = 'Payment handled')	hard	0
171_9	SELECT DISTINCT idcase FROM event_log WHERE NOT EXISTS ( SELECT 1 FROM event_log e2 WHERE e2.idcase = event_log.idcase AND (e2.activity = 'request payment' OR e2.activity = 'payment handled') );	SELECT DISTINCT idcase FROM event_log WHERE idcase NOT IN (SELECT idcase FROM event_log WHERE activity = 'Request payment' OR activity = 'Payment handled')	hard	0
171_10		SELECT DISTINCT idcase FROM event_log WHERE idcase NOT IN (SELECT idcase FROM event_log WHERE activity = 'Request payment' OR activity = 'Payment handled')	hard	0
171_11	SELECT el.idcase, el.activity, el.timestamp, el.resource FROM event_log el WHERE el.activity = 'declaration' AND el.idcase NOT IN ( SELECT idcase FROM event_log WHERE activity IN ('payment request', 'payment made') ) ORDER BY el.timestamp;	SELECT DISTINCT idcase FROM event_log WHERE idcase NOT IN (SELECT idcase FROM event_log WHERE activity = 'Request payment' OR activity = 'Payment handled')	hard	0
172_0	SELECT id, activity, timestamp, resource, cost, idcase FROM event_log WHERE activity IN ('start trip', 'declaration submitted by employee') ORDER BY timestamp, resource;	SELECT * FROM event_log WHERE activity = 'Start trip' OR activity = 'Declaration submitted by employee' ORDER BY timestamp, resource	hard	1
172_1	SELECT * FROM event_log WHERE activity IN ('start trip', 'declaration submitted by employee') ORDER BY timestamp ASC, resource ASC;	SELECT * FROM event_log WHERE activity = 'Start trip' OR activity = 'Declaration submitted by employee' ORDER BY timestamp, resource	hard	1
172_2	SELECT id, activity, timestamp, resource, cost, idcase FROM event_log WHERE activity IN ('start trip', 'declaration submitted by employee') ORDER BY timestamp ASC, resource ASC;	SELECT * FROM event_log WHERE activity = 'Start trip' OR activity = 'Declaration submitted by employee' ORDER BY timestamp, resource	hard	1
172_3	SELECT * FROM event_log WHERE activity IN ('start trip', 'declaration submitted by employee') ORDER BY timestamp, resource;	SELECT * FROM event_log WHERE activity = 'Start trip' OR activity = 'Declaration submitted by employee' ORDER BY timestamp, resource	hard	1
172_4	SELECT * FROM event_log WHERE activity IN ('start trip', 'declaration submitted by employee') ORDER BY timestamp ASC, resource;	SELECT * FROM event_log WHERE activity = 'Start trip' OR activity = 'Declaration submitted by employee' ORDER BY timestamp, resource	hard	1
172_5	SELECT id, activity, timestamp, resource, cost, idcase FROM event_log WHERE activity IN ('start trip', 'declaration submitted by employee') ORDER BY timestamp ASC, resource ASC;	SELECT * FROM event_log WHERE activity = 'Start trip' OR activity = 'Declaration submitted by employee' ORDER BY timestamp, resource	hard	1
172_6	SELECT * FROM event_log WHERE activity IN ('start trip', 'declaration submitted by employee') ORDER BY timestamp, resource;	SELECT * FROM event_log WHERE activity = 'Start trip' OR activity = 'Declaration submitted by employee' ORDER BY timestamp, resource	hard	1
172_7	SELECT * FROM event_log WHERE activity IN ('start trip', 'declaration submitted by employee') ORDER BY timestamp, resource;	SELECT * FROM event_log WHERE activity = 'Start trip' OR activity = 'Declaration submitted by employee' ORDER BY timestamp, resource	hard	1
172_8	SELECT id, activity, timestamp, resource, cost, idcase FROM event_log WHERE activity IN ('start trip', 'declaration submitted by employee') ORDER BY timestamp, resource;	SELECT * FROM event_log WHERE activity = 'Start trip' OR activity = 'Declaration submitted by employee' ORDER BY timestamp, resource	hard	1
172_9	SELECT id, activity, timestamp, resource, cost, idcase FROM event_log WHERE activity LIKE '%initiate travel%' OR activity LIKE '%request declaration%' OR activity LIKE '%travel initiation%' OR activity LIKE '%declaration request%' ORDER BY timestamp, resource;	SELECT * FROM event_log WHERE activity = 'Start trip' OR activity = 'Declaration submitted by employee' ORDER BY timestamp, resource	hard	0
172_10	SELECT id, activity, timestamp, resource, cost, idcase FROM event_log WHERE activity IN ('Trip start', 'Employee request', 'Start processing declaration', 'Declaration start') ORDER BY timestamp ASC, resource ASC;	SELECT * FROM event_log WHERE activity = 'Start trip' OR activity = 'Declaration submitted by employee' ORDER BY timestamp, resource	hard	0
173_0	SELECT resource, COUNT(*) AS occurrence_count FROM event_log WHERE activity = 'declaration saved by employee' GROUP BY resource ORDER BY resource;	SELECT count(*), resource From event_log where activity = 'Declaration saved by employee' group by resource order by resource	hard	0
173_1	SELECT resource, COUNT(*) AS record_count FROM event_log WHERE activity = 'declaration saved by employee' GROUP BY resource ORDER BY resource;	SELECT count(*), resource From event_log where activity = 'Declaration saved by employee' group by resource order by resource	hard	0
173_2	SELECT resource, COUNT(*) AS record_count FROM event_log WHERE activity = 'declaration saved by employee' GROUP BY resource ORDER BY resource;	SELECT count(*), resource From event_log where activity = 'Declaration saved by employee' group by resource order by resource	hard	0
173_3	SELECT resource, COUNT(*) AS occurrence_count FROM event_log WHERE activity = 'declaration saved by employee' GROUP BY resource ORDER BY resource;	SELECT count(*), resource From event_log where activity = 'Declaration saved by employee' group by resource order by resource	hard	0
173_4	SELECT resource, COUNT(*) AS occurrence_count FROM event_log WHERE activity = 'declaration saved by employee' GROUP BY resource ORDER BY resource;	SELECT count(*), resource From event_log where activity = 'Declaration saved by employee' group by resource order by resource	hard	0
173_5	SELECT resource, COUNT(*) as occurrence_count FROM event_log WHERE activity = 'declaration saved by employee' GROUP BY resource ORDER BY resource;	SELECT count(*), resource From event_log where activity = 'Declaration saved by employee' group by resource order by resource	hard	0
173_6	SELECT resource, COUNT(*) AS execution_count FROM event_log WHERE activity = 'declaration saved by employee' GROUP BY resource ORDER BY resource;	SELECT count(*), resource From event_log where activity = 'Declaration saved by employee' group by resource order by resource	hard	0
173_7	SELECT resource, COUNT(*) as association_count FROM event_log WHERE activity = 'declaration saved by employee' GROUP BY resource ORDER BY resource;	SELECT count(*), resource From event_log where activity = 'Declaration saved by employee' group by resource order by resource	hard	0
173_8	SELECT resource, COUNT(*) AS occurrence_count FROM event_log WHERE activity = 'declaration saved by employee' GROUP BY resource ORDER BY resource;	SELECT count(*), resource From event_log where activity = 'Declaration saved by employee' group by resource order by resource	hard	0
173_9	SELECT resource, COUNT(*) AS count FROM event_log WHERE activity = 'saving a travel declaration' GROUP BY resource ORDER BY resource;	SELECT count(*), resource From event_log where activity = 'Declaration saved by employee' group by resource order by resource	hard	0
173_10	SELECT resource, COUNT(*) as times_responsible FROM event_log WHERE activity = 'Save Declaration' GROUP BY resource ORDER BY resource;	SELECT count(*), resource From event_log where activity = 'Declaration saved by employee' group by resource order by resource	hard	0
174_0	SELECT activity, COUNT(DISTINCT idcase) AS num_cases FROM event_log GROUP BY activity;	SELECT count(DISTINCT idcase), activity FROM event_log GROUP BY activity	medium	0
174_1	SELECT activity, COUNT(DISTINCT idcase) AS case_count FROM event_log GROUP BY activity;	SELECT count(DISTINCT idcase), activity FROM event_log GROUP BY activity	medium	0
174_2	SELECT activity, COUNT(DISTINCT idcase) AS case_count FROM event_log GROUP BY activity;	SELECT count(DISTINCT idcase), activity FROM event_log GROUP BY activity	medium	0
174_3	SELECT activity, COUNT(DISTINCT idcase) AS process_instances FROM event_log GROUP BY activity;	SELECT count(DISTINCT idcase), activity FROM event_log GROUP BY activity	medium	0
174_4	SELECT activity, COUNT(DISTINCT idcase) AS num_instances FROM event_log GROUP BY activity;	SELECT count(DISTINCT idcase), activity FROM event_log GROUP BY activity	medium	0
174_5	SELECT activity, COUNT(DISTINCT idcase) AS case_count FROM event_log GROUP BY activity;	SELECT count(DISTINCT idcase), activity FROM event_log GROUP BY activity	medium	0
174_6	SELECT activity, COUNT(DISTINCT idcase) AS case_count FROM event_log GROUP BY activity;	SELECT count(DISTINCT idcase), activity FROM event_log GROUP BY activity	medium	0
174_7	SELECT activity, COUNT(DISTINCT idcase) AS declaration_count FROM event_log GROUP BY activity;	SELECT count(DISTINCT idcase), activity FROM event_log GROUP BY activity	medium	0
174_8	SELECT activity, COUNT(*) AS declaration_count FROM event_log GROUP BY activity ORDER BY declaration_count DESC;	SELECT count(DISTINCT idcase), activity FROM event_log GROUP BY activity	medium	0
175_0	SELECT resource, COUNT(DISTINCT activity) AS activity_count FROM event_log GROUP BY resource;	select count(DISTINCT activity), resource  FROM event_log GROUP by resource	medium	0
175_1	SELECT resource, COUNT(DISTINCT activity) AS different_activities FROM event_log GROUP BY resource;	select count(DISTINCT activity), resource  FROM event_log GROUP by resource	medium	0
175_2	SELECT resource, COUNT(DISTINCT activity) AS num_activities FROM event_log GROUP BY resource;	select count(DISTINCT activity), resource  FROM event_log GROUP by resource	medium	0
175_3	SELECT resource, COUNT(DISTINCT activity) as activity_count FROM event_log GROUP BY resource;	select count(DISTINCT activity), resource  FROM event_log GROUP by resource	medium	0
175_4	SELECT resource, COUNT(DISTINCT activity) AS activity_count FROM event_log GROUP BY resource;	select count(DISTINCT activity), resource  FROM event_log GROUP by resource	medium	0
175_5	SELECT resource, COUNT(DISTINCT activity) AS num_activities FROM event_log GROUP BY resource;	select count(DISTINCT activity), resource  FROM event_log GROUP by resource	medium	0
175_6	SELECT resource, COUNT(DISTINCT activity) AS num_activities FROM event_log GROUP BY resource;	select count(DISTINCT activity), resource  FROM event_log GROUP by resource	medium	0
175_7	SELECT resource, COUNT(DISTINCT activity) AS actions_count FROM event_log GROUP BY resource;	select count(DISTINCT activity), resource  FROM event_log GROUP by resource	medium	0
175_8	SELECT resource, COUNT(DISTINCT activity) AS different_actions FROM event_log GROUP BY resource ORDER BY different_actions DESC;	select count(DISTINCT activity), resource  FROM event_log GROUP by resource	medium	0
176_0	SELECT resource, COUNT(*) as occurrences FROM event_log WHERE activity IN ('end trip', 'payment handled') GROUP BY resource;	SELECT resource, COUNT (*) FROM event_log WHERE activity = 'End trip' OR activity = 'Payment handled' GROUP BY resource	hard	1
176_1	SELECT resource, COUNT(*) as final_activity_count FROM event_log WHERE activity IN ('end trip', 'payment handled') GROUP BY resource;	SELECT resource, COUNT (*) FROM event_log WHERE activity = 'End trip' OR activity = 'Payment handled' GROUP BY resource	hard	1
176_2	SELECT resource, COUNT(*) AS completion_count FROM event_log WHERE activity IN ('end trip', 'payment handled') GROUP BY resource;	SELECT resource, COUNT (*) FROM event_log WHERE activity = 'End trip' OR activity = 'Payment handled' GROUP BY resource	hard	1
176_3	SELECT resource, COUNT(*) AS occurrence_count FROM event_log WHERE activity IN ('end trip', 'payment handled') GROUP BY resource;	SELECT resource, COUNT (*) FROM event_log WHERE activity = 'End trip' OR activity = 'Payment handled' GROUP BY resource	hard	1
176_4	SELECT resource, COUNT(*) as completion_count FROM event_log WHERE activity IN ('end trip', 'payment handled') GROUP BY resource;	SELECT resource, COUNT (*) FROM event_log WHERE activity = 'End trip' OR activity = 'Payment handled' GROUP BY resource	hard	1
176_5	SELECT resource, COUNT(*) as completion_count FROM event_log WHERE activity IN ('end trip', 'payment handled') GROUP BY resource;	SELECT resource, COUNT (*) FROM event_log WHERE activity = 'End trip' OR activity = 'Payment handled' GROUP BY resource	hard	1
176_6	SELECT resource, COUNT(*) AS completed_actions FROM event_log WHERE activity IN ('end of trip', 'payment') GROUP BY resource ORDER BY completed_actions DESC;	SELECT resource, COUNT (*) FROM event_log WHERE activity = 'End trip' OR activity = 'Payment handled' GROUP BY resource	hard	0
176_7		SELECT resource, COUNT (*) FROM event_log WHERE activity = 'End trip' OR activity = 'Payment handled' GROUP BY resource	hard	0
177_0	SELECT resource, COUNT(*) as occurrence_count FROM ( SELECT resource, ROW_NUMBER() OVER (PARTITION BY idcase ORDER BY timestamp) as rn FROM event_log WHERE activity = 'declaration rejected by pre-approver' ) sub WHERE rn = 1 GROUP BY resource;	SELECT count(*), resource FROM (SELECT resource, MIN(timestamp) FROM event_log where activity = 'Declaration rejected by pre-approver' GROUP by resource, idcase) GROUP by resource	no_hardness	0
177_1	SELECT resource, COUNT(DISTINCT idcase) AS first_occurrence_count FROM ( SELECT resource, idcase, ROW_NUMBER() OVER (PARTITION BY idcase ORDER BY timestamp) AS rn FROM event_log WHERE activity = 'declaration rejected by pre-approver' ) sub WHERE rn = 1 GROUP BY resource ORDER BY resource;	SELECT count(*), resource FROM (SELECT resource, MIN(timestamp) FROM event_log where activity = 'Declaration rejected by pre-approver' GROUP by resource, idcase) GROUP by resource	no_hardness	0
177_2	SELECT resource, COUNT(DISTINCT idcase) AS first_occurrence_count FROM ( SELECT idcase, resource, ROW_NUMBER() OVER (PARTITION BY idcase ORDER BY timestamp) AS rn FROM event_log WHERE activity = 'declaration rejected by pre-approver' ) sub WHERE rn = 1 GROUP BY resource;	SELECT count(*), resource FROM (SELECT resource, MIN(timestamp) FROM event_log where activity = 'Declaration rejected by pre-approver' GROUP by resource, idcase) GROUP by resource	no_hardness	0
177_3	SELECT resource, COUNT(*) as first_occurrence_count FROM ( SELECT idcase, resource, ROW_NUMBER() OVER (PARTITION BY idcase ORDER BY timestamp) as rn FROM event_log WHERE activity = 'declaration rejected by pre-approver' ) WHERE rn = 1 GROUP BY resource;	SELECT count(*), resource FROM (SELECT resource, MIN(timestamp) FROM event_log where activity = 'Declaration rejected by pre-approver' GROUP by resource, idcase) GROUP by resource	no_hardness	0
177_4	SELECT resource, COUNT(*) as first_occurrence_count FROM ( SELECT idcase, resource, timestamp, ROW_NUMBER() OVER (PARTITION BY idcase ORDER BY timestamp) as rn FROM event_log WHERE activity = 'declaration rejected by pre-approver' ) t WHERE rn = 1 GROUP BY resource;	SELECT count(*), resource FROM (SELECT resource, MIN(timestamp) FROM event_log where activity = 'Declaration rejected by pre-approver' GROUP by resource, idcase) GROUP by resource	no_hardness	0
177_5		SELECT count(*), resource FROM (SELECT resource, MIN(timestamp) FROM event_log where activity = 'Declaration rejected by pre-approver' GROUP by resource, idcase) GROUP by resource	no_hardness	0
177_6		SELECT count(*), resource FROM (SELECT resource, MIN(timestamp) FROM event_log where activity = 'Declaration rejected by pre-approver' GROUP by resource, idcase) GROUP by resource	no_hardness	0
178_0	WITH end_trip_ids AS ( SELECT idcase, MIN(id) as end_trip_id FROM event_log WHERE activity = 'end trip' GROUP BY idcase ) SELECT e.idcase, COUNT(*) as occurrences_until_end_trip FROM event_log e JOIN end_trip_ids et ON e.idcase = et.idcase WHERE e.id <= et.end_trip_id GROUP BY e.idcase;	select count(*), e1.idcase from event_log AS e1 inner join event_log AS e2 on e1.idcase = e2.idcase WHERE e2.activity = 'End trip' and e1.timestamp < e2.timestamp group by e1.idcase	no_hardness	0
178_1	WITH end_trip AS ( SELECT idcase, MAX(timestamp) AS end_trip_ts FROM event_log WHERE activity = 'end trip' GROUP BY idcase ) SELECT et.idcase, COUNT(*) AS occurrences_until_end_trip FROM event_log e JOIN end_trip et ON e.idcase = et.idcase WHERE e.timestamp <= et.end_trip_ts GROUP BY et.idcase;	select count(*), e1.idcase from event_log AS e1 inner join event_log AS e2 on e1.idcase = e2.idcase WHERE e2.activity = 'End trip' and e1.timestamp < e2.timestamp group by e1.idcase	no_hardness	0
178_2	WITH end_trip_times AS ( SELECT idcase, MAX(timestamp) as end_trip_time FROM event_log WHERE activity = 'end trip' GROUP BY idcase ) SELECT e.idcase, COUNT(*) as activity_count FROM event_log e JOIN end_trip_times et ON e.idcase = et.idcase WHERE e.timestamp <= et.end_trip_time GROUP BY e.idcase ORDER BY activity_count DESC;	select count(*), e1.idcase from event_log AS e1 inner join event_log AS e2 on e1.idcase = e2.idcase WHERE e2.activity = 'End trip' and e1.timestamp < e2.timestamp group by e1.idcase	no_hardness	0
178_3	SELECT e.idcase, COUNT(*) as events_before_end_trip FROM event_log e WHERE e.timestamp < ( SELECT MIN(e2.timestamp) FROM event_log e2 WHERE e2.idcase = e.idcase AND e2.activity = 'end trip' ) GROUP BY e.idcase ORDER BY e.idcase;	select count(*), e1.idcase from event_log AS e1 inner join event_log AS e2 on e1.idcase = e2.idcase WHERE e2.activity = 'End trip' and e1.timestamp < e2.timestamp group by e1.idcase	no_hardness	0
178_4	WITH earliest_end_trip AS ( SELECT idcase, MIN(timestamp) AS end_trip_ts FROM event_log WHERE activity = 'end trip' GROUP BY idcase ) SELECT el.idcase, COUNT(*) AS occurrences_until_end_trip FROM event_log el JOIN earliest_end_trip eet ON el.idcase = eet.idcase AND el.timestamp <= eet.end_trip_ts GROUP BY el.idcase ORDER BY el.idcase;	select count(*), e1.idcase from event_log AS e1 inner join event_log AS e2 on e1.idcase = e2.idcase WHERE e2.activity = 'End trip' and e1.timestamp < e2.timestamp group by e1.idcase	no_hardness	0
178_5	SELECT idcase, COUNT(*) as occurrences_until_end_trip FROM event_log WHERE timestamp <= ( SELECT MIN(timestamp) FROM event_log WHERE idcase = event_log.idcase AND activity = 'end trip' ) GROUP BY idcase ORDER BY idcase;	select count(*), e1.idcase from event_log AS e1 inner join event_log AS e2 on e1.idcase = e2.idcase WHERE e2.activity = 'End trip' and e1.timestamp < e2.timestamp group by e1.idcase	no_hardness	0
178_6	WITH numbered_events AS ( SELECT idcase, activity, timestamp, ROW_NUMBER() OVER (PARTITION BY idcase ORDER BY timestamp) as rn FROM event_log ), end_trip_events AS ( SELECT idcase, rn as events_until_end_trip FROM numbered_events WHERE activity = 'end trip' ) SELECT idcase, events_until_end_trip FROM end_trip_events ORDER BY idcase;	select count(*), e1.idcase from event_log AS e1 inner join event_log AS e2 on e1.idcase = e2.idcase WHERE e2.activity = 'End trip' and e1.timestamp < e2.timestamp group by e1.idcase	no_hardness	0
178_7	SELECT etp.idcase, COUNT(*) as events_count FROM ( SELECT idcase, MAX(rn) as end_trip_position FROM ( SELECT idcase, activity, ROW_NUMBER() OVER (PARTITION BY idcase ORDER BY timestamp) as rn FROM event_log ) ranked_events WHERE activity = 'end trip' GROUP BY idcase ) etp JOIN ( SELECT idcase, ROW_NUMBER() OVER (PARTITION BY idcase ORDER BY timestamp) as rn FROM event_log ) re ON etp.idcase = re.idcase AND re.rn <= etp.end_trip_position GROUP BY etp.idcase ORDER BY etp.idcase;	select count(*), e1.idcase from event_log AS e1 inner join event_log AS e2 on e1.idcase = e2.idcase WHERE e2.activity = 'End trip' and e1.timestamp < e2.timestamp group by e1.idcase	no_hardness	0
178_8		select count(*), e1.idcase from event_log AS e1 inner join event_log AS e2 on e1.idcase = e2.idcase WHERE e2.activity = 'End trip' and e1.timestamp < e2.timestamp group by e1.idcase	no_hardness	0
178_9		select count(*), e1.idcase from event_log AS e1 inner join event_log AS e2 on e1.idcase = e2.idcase WHERE e2.activity = 'End trip' and e1.timestamp < e2.timestamp group by e1.idcase	no_hardness	0
178_10		select count(*), e1.idcase from event_log AS e1 inner join event_log AS e2 on e1.idcase = e2.idcase WHERE e2.activity = 'End trip' and e1.timestamp < e2.timestamp group by e1.idcase	no_hardness	0
179_0	SELECT DISTINCT activity FROM event_log WHERE resource = 'Thomas' AND timestamp BETWEEN '2018-01-01' AND '2018-06-30';	select DISTINCT activity from event_log where resource = 'Thomas' and  timestamp between '2018-01-01' and '2018-07-01'	medium	1
179_1	SELECT activity FROM event_log WHERE resource = 'Thomas' AND timestamp BETWEEN '2018-01-01' AND '2018-06-30';	select DISTINCT activity from event_log where resource = 'Thomas' and  timestamp between '2018-01-01' and '2018-07-01'	medium	0
179_2	SELECT DISTINCT activity FROM event_log WHERE resource = 'Thomas' AND timestamp BETWEEN '2018-01-01' AND '2018-06-30';	select DISTINCT activity from event_log where resource = 'Thomas' and  timestamp between '2018-01-01' and '2018-07-01'	medium	1
179_3	SELECT activity FROM event_log WHERE resource = 'Thomas' AND timestamp >= '2018-01-01 00:00:00' AND timestamp < '2018-07-01 00:00:00';	select DISTINCT activity from event_log where resource = 'Thomas' and  timestamp between '2018-01-01' and '2018-07-01'	medium	0
179_4	SELECT DISTINCT activity FROM event_log WHERE resource = 'Thomas' AND timestamp BETWEEN '2018-01-01' AND '2018-07-31';	select DISTINCT activity from event_log where resource = 'Thomas' and  timestamp between '2018-01-01' and '2018-07-01'	medium	1
179_5	SELECT activity FROM event_log WHERE resource = 'Thomas' AND timestamp BETWEEN '2018-01-01' AND '2018-07-31';	select DISTINCT activity from event_log where resource = 'Thomas' and  timestamp between '2018-01-01' and '2018-07-01'	medium	0
179_6	SELECT DISTINCT activity FROM event_log WHERE resource = 'Thomas' AND timestamp >= '2018-01-01 00:00:00' AND timestamp < '2018-07-01 00:00:00';	select DISTINCT activity from event_log where resource = 'Thomas' and  timestamp between '2018-01-01' and '2018-07-01'	medium	1
179_7	SELECT DISTINCT activity FROM event_log WHERE resource = 'Thomas' AND timestamp >= '2018-01-01' AND timestamp < '2018-07-01';	select DISTINCT activity from event_log where resource = 'Thomas' and  timestamp between '2018-01-01' and '2018-07-01'	medium	1
179_8	SELECT DISTINCT activity FROM event_log WHERE resource = 'Thomas' AND timestamp >= '2018-01-01 00:00:00' AND timestamp <= '2018-06-30 23:59:59';	select DISTINCT activity from event_log where resource = 'Thomas' and  timestamp between '2018-01-01' and '2018-07-01'	medium	1
180_0		SELECT DISTINCT e1.idcase FROM event_log e1 inner join  (SELECT idcase, MIN(timestamp) as timestamp  FROM event_log  GROUP BY idcase order by timestamp) AS e2  on e1.idcase=e2.idcase WHERE e1.activity =  'Declaration rejected by supervisor' ORDER by e2.timestamp	no_hardness	0
180_1		SELECT DISTINCT e1.idcase FROM event_log e1 inner join  (SELECT idcase, MIN(timestamp) as timestamp  FROM event_log  GROUP BY idcase order by timestamp) AS e2  on e1.idcase=e2.idcase WHERE e1.activity =  'Declaration rejected by supervisor' ORDER by e2.timestamp	no_hardness	0
180_2	WITH case_start AS ( SELECT idcase, MIN(timestamp) AS case_start FROM event_log GROUP BY idcase ) SELECT el.idcase FROM event_log el JOIN case_start cs ON el.idcase = cs.idcase WHERE el.activity = 'declaration rejected by supervisor' ORDER BY (el.timestamp - cs.case_start);	SELECT DISTINCT e1.idcase FROM event_log e1 inner join  (SELECT idcase, MIN(timestamp) as timestamp  FROM event_log  GROUP BY idcase order by timestamp) AS e2  on e1.idcase=e2.idcase WHERE e1.activity =  'Declaration rejected by supervisor' ORDER by e2.timestamp	no_hardness	0
180_3	SELECT idcase FROM event_log WHERE activity = 'declaration rejected by supervisor' ORDER BY timestamp ASC;	SELECT DISTINCT e1.idcase FROM event_log e1 inner join  (SELECT idcase, MIN(timestamp) as timestamp  FROM event_log  GROUP BY idcase order by timestamp) AS e2  on e1.idcase=e2.idcase WHERE e1.activity =  'Declaration rejected by supervisor' ORDER by e2.timestamp	no_hardness	0
180_4		SELECT DISTINCT e1.idcase FROM event_log e1 inner join  (SELECT idcase, MIN(timestamp) as timestamp  FROM event_log  GROUP BY idcase order by timestamp) AS e2  on e1.idcase=e2.idcase WHERE e1.activity =  'Declaration rejected by supervisor' ORDER by e2.timestamp	no_hardness	0
180_5	WITH case_start AS ( SELECT idcase, MIN(timestamp) AS start_ts FROM event_log GROUP BY idcase ) SELECT el.idcase FROM event_log el JOIN case_start cs ON el.idcase = cs.idcase WHERE el.activity = 'declaration rejected by supervisor' ORDER BY cs.start_ts;	SELECT DISTINCT e1.idcase FROM event_log e1 inner join  (SELECT idcase, MIN(timestamp) as timestamp  FROM event_log  GROUP BY idcase order by timestamp) AS e2  on e1.idcase=e2.idcase WHERE e1.activity =  'Declaration rejected by supervisor' ORDER by e2.timestamp	no_hardness	0
180_6	SELECT DISTINCT idcase FROM event_log WHERE activity = 'declaration rejected by supervisor' ORDER BY timestamp ASC;	SELECT DISTINCT e1.idcase FROM event_log e1 inner join  (SELECT idcase, MIN(timestamp) as timestamp  FROM event_log  GROUP BY idcase order by timestamp) AS e2  on e1.idcase=e2.idcase WHERE e1.activity =  'Declaration rejected by supervisor' ORDER by e2.timestamp	no_hardness	0
180_7	SELECT DISTINCT idcase FROM event_log WHERE activity = 'declaration rejected by supervisor' ORDER BY timestamp ASC;	SELECT DISTINCT e1.idcase FROM event_log e1 inner join  (SELECT idcase, MIN(timestamp) as timestamp  FROM event_log  GROUP BY idcase order by timestamp) AS e2  on e1.idcase=e2.idcase WHERE e1.activity =  'Declaration rejected by supervisor' ORDER by e2.timestamp	no_hardness	0
180_8		SELECT DISTINCT e1.idcase FROM event_log e1 inner join  (SELECT idcase, MIN(timestamp) as timestamp  FROM event_log  GROUP BY idcase order by timestamp) AS e2  on e1.idcase=e2.idcase WHERE e1.activity =  'Declaration rejected by supervisor' ORDER by e2.timestamp	no_hardness	0
180_9		SELECT DISTINCT e1.idcase FROM event_log e1 inner join  (SELECT idcase, MIN(timestamp) as timestamp  FROM event_log  GROUP BY idcase order by timestamp) AS e2  on e1.idcase=e2.idcase WHERE e1.activity =  'Declaration rejected by supervisor' ORDER by e2.timestamp	no_hardness	0
181_0	SELECT DISTINCT idcase FROM event_log WHERE activity = 'start trip' AND idcase NOT IN ( SELECT DISTINCT idcase FROM event_log WHERE activity = 'end trip' AND timestamp <= '2018-03-31' );	SELECT idcase FROM event_log where activity = 'Start trip' INTERSECT SELECT idcase FROM event_log GROUP BY idcase  HAVING MAX(timestamp) >  '2018-03-31'	hard	0
181_1		SELECT idcase FROM event_log where activity = 'Start trip' INTERSECT SELECT idcase FROM event_log GROUP BY idcase  HAVING MAX(timestamp) >  '2018-03-31'	hard	0
181_2		SELECT idcase FROM event_log where activity = 'Start trip' INTERSECT SELECT idcase FROM event_log GROUP BY idcase  HAVING MAX(timestamp) >  '2018-03-31'	hard	0
181_3		SELECT idcase FROM event_log where activity = 'Start trip' INTERSECT SELECT idcase FROM event_log GROUP BY idcase  HAVING MAX(timestamp) >  '2018-03-31'	hard	0
181_4		SELECT idcase FROM event_log where activity = 'Start trip' INTERSECT SELECT idcase FROM event_log GROUP BY idcase  HAVING MAX(timestamp) >  '2018-03-31'	hard	0
181_5		SELECT idcase FROM event_log where activity = 'Start trip' INTERSECT SELECT idcase FROM event_log GROUP BY idcase  HAVING MAX(timestamp) >  '2018-03-31'	hard	0
181_6		SELECT idcase FROM event_log where activity = 'Start trip' INTERSECT SELECT idcase FROM event_log GROUP BY idcase  HAVING MAX(timestamp) >  '2018-03-31'	hard	0
181_7		SELECT idcase FROM event_log where activity = 'Start trip' INTERSECT SELECT idcase FROM event_log GROUP BY idcase  HAVING MAX(timestamp) >  '2018-03-31'	hard	0
181_8		SELECT idcase FROM event_log where activity = 'Start trip' INTERSECT SELECT idcase FROM event_log GROUP BY idcase  HAVING MAX(timestamp) >  '2018-03-31'	hard	0
181_9		SELECT idcase FROM event_log where activity = 'Start trip' INTERSECT SELECT idcase FROM event_log GROUP BY idcase  HAVING MAX(timestamp) >  '2018-03-31'	hard	0
181_10		SELECT idcase FROM event_log where activity = 'Start trip' INTERSECT SELECT idcase FROM event_log GROUP BY idcase  HAVING MAX(timestamp) >  '2018-03-31'	hard	0
182_0		SELECT DISTINCT idcase FROM event_log where activity = 'End trip' INTERSECT SELECT DISTINCT idcase FROM event_log GROUP BY idcase HAVING count(DISTINCT resource) > 1 EXCEPT SELECT DISTINCT idcase FROM event_log where activity = 'Request Payment' OR activity = 'Payment handled'	hard	0
182_1		SELECT DISTINCT idcase FROM event_log where activity = 'End trip' INTERSECT SELECT DISTINCT idcase FROM event_log GROUP BY idcase HAVING count(DISTINCT resource) > 1 EXCEPT SELECT DISTINCT idcase FROM event_log where activity = 'Request Payment' OR activity = 'Payment handled'	hard	0
182_2		SELECT DISTINCT idcase FROM event_log where activity = 'End trip' INTERSECT SELECT DISTINCT idcase FROM event_log GROUP BY idcase HAVING count(DISTINCT resource) > 1 EXCEPT SELECT DISTINCT idcase FROM event_log where activity = 'Request Payment' OR activity = 'Payment handled'	hard	0
182_3	SELECT idcase FROM event_log GROUP BY idcase HAVING COUNT(DISTINCT resource) > 1 AND SUM(CASE WHEN activity = 'end trip' THEN 1 ELSE 0 END) > 0 AND SUM(CASE WHEN activity = 'request payment' THEN 1 ELSE 0 END) = 0 AND SUM(CASE WHEN activity = 'payment handled' THEN 1 ELSE 0 END) = 0;	SELECT DISTINCT idcase FROM event_log where activity = 'End trip' INTERSECT SELECT DISTINCT idcase FROM event_log GROUP BY idcase HAVING count(DISTINCT resource) > 1 EXCEPT SELECT DISTINCT idcase FROM event_log where activity = 'Request Payment' OR activity = 'Payment handled'	hard	1
182_4	WITH multi_resource AS ( SELECT idcase FROM event_log GROUP BY idcase HAVING COUNT(DISTINCT resource) > 1 ), has_end_trip AS ( SELECT idcase FROM event_log WHERE activity = 'end trip' GROUP BY idcase ), no_payment AS ( SELECT idcase FROM event_log WHERE activity IN ('request payment', 'payment handled') GROUP BY idcase ) SELECT DISTINCT m.idcase FROM multi_resource m JOIN has_end_trip h ON m.idcase = h.idcase LEFT JOIN no_payment n ON m.idcase = n.idcase WHERE n.idcase IS NULL;	SELECT DISTINCT idcase FROM event_log where activity = 'End trip' INTERSECT SELECT DISTINCT idcase FROM event_log GROUP BY idcase HAVING count(DISTINCT resource) > 1 EXCEPT SELECT DISTINCT idcase FROM event_log where activity = 'Request Payment' OR activity = 'Payment handled'	hard	1
182_5		SELECT DISTINCT idcase FROM event_log where activity = 'End trip' INTERSECT SELECT DISTINCT idcase FROM event_log GROUP BY idcase HAVING count(DISTINCT resource) > 1 EXCEPT SELECT DISTINCT idcase FROM event_log where activity = 'Request Payment' OR activity = 'Payment handled'	hard	0
182_6		SELECT DISTINCT idcase FROM event_log where activity = 'End trip' INTERSECT SELECT DISTINCT idcase FROM event_log GROUP BY idcase HAVING count(DISTINCT resource) > 1 EXCEPT SELECT DISTINCT idcase FROM event_log where activity = 'Request Payment' OR activity = 'Payment handled'	hard	0
182_7	SELECT DISTINCT idcase FROM event_log WHERE activity = 'finalized' AND NOT EXISTS ( SELECT 1 FROM event_log e2 WHERE e2.idcase = event_log.idcase AND ( e2.activity LIKE '%payment%' OR e2.activity LIKE '%paid%' OR e2.activity LIKE '%record%' ) );	SELECT DISTINCT idcase FROM event_log where activity = 'End trip' INTERSECT SELECT DISTINCT idcase FROM event_log GROUP BY idcase HAVING count(DISTINCT resource) > 1 EXCEPT SELECT DISTINCT idcase FROM event_log where activity = 'Request Payment' OR activity = 'Payment handled'	hard	0
182_8		SELECT DISTINCT idcase FROM event_log where activity = 'End trip' INTERSECT SELECT DISTINCT idcase FROM event_log GROUP BY idcase HAVING count(DISTINCT resource) > 1 EXCEPT SELECT DISTINCT idcase FROM event_log where activity = 'Request Payment' OR activity = 'Payment handled'	hard	0
183_0	SELECT idcase, COUNT(DISTINCT resource) AS num_resources, SUM(cost) AS total_cost FROM event_log GROUP BY idcase;	SELECT COUNT(DISTINCT resource), SUM(cost), idcase FROM event_log GROUP BY idcase	medium	0
183_1	SELECT idcase, COUNT(DISTINCT resource) AS num_resources, SUM(cost) AS total_cost FROM event_log GROUP BY idcase;	SELECT COUNT(DISTINCT resource), SUM(cost), idcase FROM event_log GROUP BY idcase	medium	0
183_2	SELECT idcase, COUNT(DISTINCT resource) AS num_resources, SUM(cost) AS total_cost FROM event_log GROUP BY idcase;	SELECT COUNT(DISTINCT resource), SUM(cost), idcase FROM event_log GROUP BY idcase	medium	0
183_3	SELECT idcase, COUNT(DISTINCT resource) AS unique_resources, SUM(cost) AS total_cost FROM event_log GROUP BY idcase;	SELECT COUNT(DISTINCT resource), SUM(cost), idcase FROM event_log GROUP BY idcase	medium	0
183_4	SELECT idcase, COUNT(DISTINCT resource) AS resources_involved, SUM(cost) AS final_cost FROM event_log GROUP BY idcase;	SELECT COUNT(DISTINCT resource), SUM(cost), idcase FROM event_log GROUP BY idcase	medium	0
183_5	SELECT idcase, SUM(cost) AS total_cost, COUNT(DISTINCT resource) AS resources_involved FROM event_log GROUP BY idcase;	SELECT COUNT(DISTINCT resource), SUM(cost), idcase FROM event_log GROUP BY idcase	medium	0
183_6	SELECT idcase, SUM(cost) AS total_cost, COUNT(DISTINCT resource) AS resources_worked FROM event_log GROUP BY idcase ORDER BY idcase;	SELECT COUNT(DISTINCT resource), SUM(cost), idcase FROM event_log GROUP BY idcase	medium	0
183_7	SELECT idcase, SUM(cost) AS total_cost, COUNT(DISTINCT resource) AS resources_involved FROM event_log GROUP BY idcase;	SELECT COUNT(DISTINCT resource), SUM(cost), idcase FROM event_log GROUP BY idcase	medium	0
183_8	SELECT idcase, SUM(cost) AS total_cost, COUNT(DISTINCT resource) AS resources_involved FROM event_log GROUP BY idcase ORDER BY total_cost DESC;	SELECT COUNT(DISTINCT resource), SUM(cost), idcase FROM event_log GROUP BY idcase	medium	0
183_9	SELECT idcase, COUNT(DISTINCT resource) AS distinct_people, SUM(cost) AS total_cost FROM event_log GROUP BY idcase;	SELECT COUNT(DISTINCT resource), SUM(cost), idcase FROM event_log GROUP BY idcase	medium	0
184_0	SELECT idcase FROM event_log WHERE activity LIKE 'permit%' GROUP BY idcase HAVING COUNT(*) > 1;	select idcase from event_log where activity like 'Permit%' GROUP BY idcase HAVING count(*) > 1	hard	1
184_1	SELECT idcase FROM event_log WHERE activity LIKE 'permit%' GROUP BY idcase HAVING COUNT(*) > 1;	select idcase from event_log where activity like 'Permit%' GROUP BY idcase HAVING count(*) > 1	hard	1
184_2	SELECT idcase FROM event_log WHERE LOWER(activity) LIKE 'permit%' GROUP BY idcase HAVING COUNT(*) >= 2;	select idcase from event_log where activity like 'Permit%' GROUP BY idcase HAVING count(*) > 1	hard	1
184_3	SELECT idcase FROM event_log WHERE activity LIKE 'permit%' GROUP BY idcase HAVING COUNT(*) > 1;	select idcase from event_log where activity like 'Permit%' GROUP BY idcase HAVING count(*) > 1	hard	1
184_4	SELECT idcase FROM event_log WHERE activity LIKE 'permit%' GROUP BY idcase HAVING COUNT(*) > 1;	select idcase from event_log where activity like 'Permit%' GROUP BY idcase HAVING count(*) > 1	hard	1
184_5	SELECT idcase FROM event_log WHERE activity LIKE 'permit%' GROUP BY idcase HAVING COUNT(*) > 1;	select idcase from event_log where activity like 'Permit%' GROUP BY idcase HAVING count(*) > 1	hard	1
184_6	SELECT idcase FROM event_log WHERE activity LIKE 'permit%' GROUP BY idcase HAVING COUNT(*) > 1;	select idcase from event_log where activity like 'Permit%' GROUP BY idcase HAVING count(*) > 1	hard	1
184_7	SELECT idcase FROM event_log WHERE activity LIKE 'permit%' GROUP BY idcase HAVING COUNT(*) > 1;	select idcase from event_log where activity like 'Permit%' GROUP BY idcase HAVING count(*) > 1	hard	1
184_8	SELECT DISTINCT idcase FROM event_log WHERE LOWER(activity) LIKE '%permit%';	select idcase from event_log where activity like 'Permit%' GROUP BY idcase HAVING count(*) > 1	hard	1
184_9		select idcase from event_log where activity like 'Permit%' GROUP BY idcase HAVING count(*) > 1	hard	0
185_0		SELECT id FROM (select id, MAX(timestamp) as timestamp  FROM event_log GROUP by idcase) ORDER by timestamp 	no_hardness	0
185_1	SELECT id, idcase, timestamp FROM ( SELECT id, idcase, timestamp, ROW_NUMBER() OVER (PARTITION BY idcase ORDER BY timestamp DESC) AS rn FROM event_log ) t WHERE rn = 1 ORDER BY timestamp;	SELECT id FROM (select id, MAX(timestamp) as timestamp  FROM event_log GROUP by idcase) ORDER by timestamp 	no_hardness	0
185_2		SELECT id FROM (select id, MAX(timestamp) as timestamp  FROM event_log GROUP by idcase) ORDER by timestamp 	no_hardness	0
185_3		SELECT id FROM (select id, MAX(timestamp) as timestamp  FROM event_log GROUP by idcase) ORDER by timestamp 	no_hardness	0
185_4	SELECT id FROM ( SELECT id, idcase, timestamp, ROW_NUMBER() OVER (PARTITION BY idcase ORDER BY timestamp DESC) AS rn FROM event_log ) t WHERE rn = 1 ORDER BY timestamp DESC;	SELECT id FROM (select id, MAX(timestamp) as timestamp  FROM event_log GROUP by idcase) ORDER by timestamp 	no_hardness	0
185_5	SELECT id, idcase, timestamp FROM ( SELECT id, idcase, timestamp, ROW_NUMBER() OVER (PARTITION BY idcase ORDER BY timestamp DESC) AS rn FROM event_log ) t WHERE rn = 1 ORDER BY timestamp;	SELECT id FROM (select id, MAX(timestamp) as timestamp  FROM event_log GROUP by idcase) ORDER by timestamp 	no_hardness	0
185_6	SELECT el.id FROM event_log el JOIN ( SELECT idcase, MAX(timestamp) AS max_ts FROM event_log GROUP BY idcase ) last ON el.idcase = last.idcase AND el.timestamp = last.max_ts ORDER BY el.timestamp ASC;	SELECT id FROM (select id, MAX(timestamp) as timestamp  FROM event_log GROUP by idcase) ORDER by timestamp 	no_hardness	0
185_7	SELECT id, activity, timestamp, resource, cost, idcase FROM ( SELECT *, ROW_NUMBER() OVER (PARTITION BY idcase ORDER BY timestamp DESC) as rn FROM event_log ) t WHERE rn = 1 ORDER BY timestamp ASC;	SELECT id FROM (select id, MAX(timestamp) as timestamp  FROM event_log GROUP by idcase) ORDER by timestamp 	no_hardness	0
185_8	SELECT idcase, id FROM ( SELECT id, idcase, timestamp, ROW_NUMBER() OVER (PARTITION BY idcase ORDER BY timestamp DESC) AS rn FROM event_log ) t WHERE rn = 1;	SELECT id FROM (select id, MAX(timestamp) as timestamp  FROM event_log GROUP by idcase) ORDER by timestamp 	no_hardness	0
186_0	SELECT activity, COUNT(*) AS occurrence_count FROM event_log GROUP BY activity HAVING COUNT(*) >= 100;	SELECT activity FROM event_log GROUP BY activity HAVING COUNT (*) >= 100	easy	0
186_1	SELECT activity FROM event_log GROUP BY activity HAVING COUNT(*) >= 100;	SELECT activity FROM event_log GROUP BY activity HAVING COUNT (*) >= 100	easy	1
186_2	SELECT activity, COUNT(*) AS occurrence_count FROM event_log GROUP BY activity HAVING COUNT(*) >= 100;	SELECT activity FROM event_log GROUP BY activity HAVING COUNT (*) >= 100	easy	0
186_3	SELECT activity FROM event_log GROUP BY activity HAVING COUNT(*) >= 100;	SELECT activity FROM event_log GROUP BY activity HAVING COUNT (*) >= 100	easy	1
186_4	SELECT activity, COUNT(*) AS occurrences FROM event_log GROUP BY activity HAVING COUNT(*) >= 100 ORDER BY occurrences DESC;	SELECT activity FROM event_log GROUP BY activity HAVING COUNT (*) >= 100	easy	0
186_5	SELECT activity, COUNT(*) AS occurrences FROM event_log GROUP BY activity HAVING COUNT(*) >= 100;	SELECT activity FROM event_log GROUP BY activity HAVING COUNT (*) >= 100	easy	0
186_6	SELECT activity FROM event_log GROUP BY activity HAVING COUNT(*) >= 100;	SELECT activity FROM event_log GROUP BY activity HAVING COUNT (*) >= 100	easy	1
186_7	SELECT activity, COUNT(*) AS occurrences FROM event_log GROUP BY activity HAVING COUNT(*) >= 100 ORDER BY occurrences DESC;	SELECT activity FROM event_log GROUP BY activity HAVING COUNT (*) >= 100	easy	0
187_0		select count(DISTINCT idcase), 'employee' as grupo from event_log WHERE activity like '%employee%'  UNION select count(DISTINCT idcase), 'supervisor' as grupo from event_log WHERE activity like '%supervisor%'  UNION select count(DISTINCT idcase), 'administration' as grupo from event_log WHERE activity like '%administration%'  UNION select count(DISTINCT idcase), 'pre-approver' as grupo from event_log WHERE activity like '%pre-approver%'  UNION select count(DISTINCT idcase), 'budget owner' as grupo from event_log WHERE activity like '%budget owner%'  UNION select count(DISTINCT idcase), 'director' as grupo from event_log WHERE activity like '%director%' 	no_hardness	0
187_1		select count(DISTINCT idcase), 'employee' as grupo from event_log WHERE activity like '%employee%'  UNION select count(DISTINCT idcase), 'supervisor' as grupo from event_log WHERE activity like '%supervisor%'  UNION select count(DISTINCT idcase), 'administration' as grupo from event_log WHERE activity like '%administration%'  UNION select count(DISTINCT idcase), 'pre-approver' as grupo from event_log WHERE activity like '%pre-approver%'  UNION select count(DISTINCT idcase), 'budget owner' as grupo from event_log WHERE activity like '%budget owner%'  UNION select count(DISTINCT idcase), 'director' as grupo from event_log WHERE activity like '%director%' 	no_hardness	0
187_2		select count(DISTINCT idcase), 'employee' as grupo from event_log WHERE activity like '%employee%'  UNION select count(DISTINCT idcase), 'supervisor' as grupo from event_log WHERE activity like '%supervisor%'  UNION select count(DISTINCT idcase), 'administration' as grupo from event_log WHERE activity like '%administration%'  UNION select count(DISTINCT idcase), 'pre-approver' as grupo from event_log WHERE activity like '%pre-approver%'  UNION select count(DISTINCT idcase), 'budget owner' as grupo from event_log WHERE activity like '%budget owner%'  UNION select count(DISTINCT idcase), 'director' as grupo from event_log WHERE activity like '%director%' 	no_hardness	0
187_3		select count(DISTINCT idcase), 'employee' as grupo from event_log WHERE activity like '%employee%'  UNION select count(DISTINCT idcase), 'supervisor' as grupo from event_log WHERE activity like '%supervisor%'  UNION select count(DISTINCT idcase), 'administration' as grupo from event_log WHERE activity like '%administration%'  UNION select count(DISTINCT idcase), 'pre-approver' as grupo from event_log WHERE activity like '%pre-approver%'  UNION select count(DISTINCT idcase), 'budget owner' as grupo from event_log WHERE activity like '%budget owner%'  UNION select count(DISTINCT idcase), 'director' as grupo from event_log WHERE activity like '%director%' 	no_hardness	0
187_4	WITH activity_to_group AS ( SELECT 'submit_expense' AS activity, 'employee';	select count(DISTINCT idcase), 'employee' as grupo from event_log WHERE activity like '%employee%'  UNION select count(DISTINCT idcase), 'supervisor' as grupo from event_log WHERE activity like '%supervisor%'  UNION select count(DISTINCT idcase), 'administration' as grupo from event_log WHERE activity like '%administration%'  UNION select count(DISTINCT idcase), 'pre-approver' as grupo from event_log WHERE activity like '%pre-approver%'  UNION select count(DISTINCT idcase), 'budget owner' as grupo from event_log WHERE activity like '%budget owner%'  UNION select count(DISTINCT idcase), 'director' as grupo from event_log WHERE activity like '%director%' 	no_hardness	0
188_0	SELECT activity, resource, COUNT(*) AS occurrence_count;	select count(*), 'employee' as grupo from event_log WHERE activity like '%employee%'  UNION select count(*), 'supervisor' as grupo from event_log WHERE activity like '%supervisor%'  UNION select count(*), 'administration' as grupo from event_log WHERE activity like '%administration%'  UNION select count(*), 'pre-approver' as grupo from event_log WHERE activity like '%pre-approver%'  UNION select count(*), 'budget owner' as grupo from event_log WHERE activity like '%budget owner%'  UNION select count(*), 'director' as grupo from event_log WHERE activity like '%director%'  order by count(*)  	no_hardness	0
188_1		select count(*), 'employee' as grupo from event_log WHERE activity like '%employee%'  UNION select count(*), 'supervisor' as grupo from event_log WHERE activity like '%supervisor%'  UNION select count(*), 'administration' as grupo from event_log WHERE activity like '%administration%'  UNION select count(*), 'pre-approver' as grupo from event_log WHERE activity like '%pre-approver%'  UNION select count(*), 'budget owner' as grupo from event_log WHERE activity like '%budget owner%'  UNION select count(*), 'director' as grupo from event_log WHERE activity like '%director%'  order by count(*)  	no_hardness	0
188_2		select count(*), 'employee' as grupo from event_log WHERE activity like '%employee%'  UNION select count(*), 'supervisor' as grupo from event_log WHERE activity like '%supervisor%'  UNION select count(*), 'administration' as grupo from event_log WHERE activity like '%administration%'  UNION select count(*), 'pre-approver' as grupo from event_log WHERE activity like '%pre-approver%'  UNION select count(*), 'budget owner' as grupo from event_log WHERE activity like '%budget owner%'  UNION select count(*), 'director' as grupo from event_log WHERE activity like '%director%'  order by count(*)  	no_hardness	0
189_0		select e1.idcase from event_log AS e1 inner join event_log AS e2 on e1.idcase = e2.idcase  WHERE e2.activity = 'End trip' and e1.timestamp > e2.timestamp group by e1.idcase	no_hardness	0
189_1	SELECT DISTINCT idcase FROM event_log WHERE timestamp > ( SELECT MAX(timestamp) FROM event_log WHERE idcase = event_log.idcase AND activity = 'End Trip' );	select e1.idcase from event_log AS e1 inner join event_log AS e2 on e1.idcase = e2.idcase  WHERE e2.activity = 'End trip' and e1.timestamp > e2.timestamp group by e1.idcase	no_hardness	0
189_2	SELECT DISTINCT el.idcase FROM event_log el JOIN ( SELECT idcase, MAX(timestamp) AS completion_time FROM event_log WHERE activity = 'Trip Completed' GROUP BY idcase ) c ON el.idcase = c.idcase WHERE el.timestamp > c.completion_time;	select e1.idcase from event_log AS e1 inner join event_log AS e2 on e1.idcase = e2.idcase  WHERE e2.activity = 'End trip' and e1.timestamp > e2.timestamp group by e1.idcase	no_hardness	0
189_3		select e1.idcase from event_log AS e1 inner join event_log AS e2 on e1.idcase = e2.idcase  WHERE e2.activity = 'End trip' and e1.timestamp > e2.timestamp group by e1.idcase	no_hardness	0
189_4		select e1.idcase from event_log AS e1 inner join event_log AS e2 on e1.idcase = e2.idcase  WHERE e2.activity = 'End trip' and e1.timestamp > e2.timestamp group by e1.idcase	no_hardness	0
189_5		select e1.idcase from event_log AS e1 inner join event_log AS e2 on e1.idcase = e2.idcase  WHERE e2.activity = 'End trip' and e1.timestamp > e2.timestamp group by e1.idcase	no_hardness	0
190_0	SELECT COUNT(DISTINCT idcase) FROM ( SELECT idcase, activity, timestamp, ROW_NUMBER() OVER (PARTITION BY idcase ORDER BY timestamp DESC) as rn FROM event_log ) WHERE rn = 1 AND activity = 'send reminder';	SELECT COUNT(*) FROM (SELECT idcase, activity, max(timestamp) from event_log group by idcase)  WHERE activity='Send reminder'  	no_hardness	1
190_1	SELECT COUNT(DISTINCT idcase) FROM event_log e1 WHERE e1.activity = 'send reminder' AND e1.timestamp = ( SELECT MAX(e2.timestamp) FROM event_log e2 WHERE e2.idcase = e1.idcase );	SELECT COUNT(*) FROM (SELECT idcase, activity, max(timestamp) from event_log group by idcase)  WHERE activity='Send reminder'  	no_hardness	0
190_2	SELECT COUNT(DISTINCT idcase) FROM ( SELECT idcase, activity, timestamp, ROW_NUMBER() OVER (PARTITION BY idcase ORDER BY timestamp DESC) as rn FROM event_log ) WHERE rn = 1 AND activity = 'send reminder';	SELECT COUNT(*) FROM (SELECT idcase, activity, max(timestamp) from event_log group by idcase)  WHERE activity='Send reminder'  	no_hardness	1
190_3	SELECT COUNT(DISTINCT idcase) FROM ( SELECT idcase, activity, timestamp, ROW_NUMBER() OVER (PARTITION BY idcase ORDER BY timestamp DESC) as rn FROM event_log ) WHERE rn = 1 AND activity = 'send reminder';	SELECT COUNT(*) FROM (SELECT idcase, activity, max(timestamp) from event_log group by idcase)  WHERE activity='Send reminder'  	no_hardness	1
190_4	WITH latest_events AS ( SELECT idcase, activity, ROW_NUMBER() OVER (PARTITION BY idcase ORDER BY timestamp DESC) AS rn FROM event_log ) SELECT COUNT(DISTINCT idcase) FROM latest_events WHERE rn = 1 AND activity = 'send reminder';	SELECT COUNT(*) FROM (SELECT idcase, activity, max(timestamp) from event_log group by idcase)  WHERE activity='Send reminder'  	no_hardness	1
190_5	SELECT COUNT(DISTINCT idcase) FROM event_log WHERE activity = 'send reminder';	SELECT COUNT(*) FROM (SELECT idcase, activity, max(timestamp) from event_log group by idcase)  WHERE activity='Send reminder'  	no_hardness	0
191_0		SELECT distinct resource FROM event_log EXCEPT SELECT distinct resource FROM event_log where strftime('%Y-%m-%d', timestamp) =  '2018-03-31'	no_hardness	0
191_1	SELECT resource FROM event_log GROUP BY resource HAVING COUNT(CASE WHEN DATE(timestamp) = '2018-03-31' THEN 1 END) = 0;	SELECT distinct resource FROM event_log EXCEPT SELECT distinct resource FROM event_log where strftime('%Y-%m-%d', timestamp) =  '2018-03-31'	no_hardness	1
191_2	SELECT DISTINCT resource FROM event_log e1 WHERE NOT EXISTS ( SELECT 1 FROM event_log e2 WHERE e2.resource = e1.resource AND DATE(e2.timestamp) = '2018-03-31' );	SELECT distinct resource FROM event_log EXCEPT SELECT distinct resource FROM event_log where strftime('%Y-%m-%d', timestamp) =  '2018-03-31'	no_hardness	0
191_3		SELECT distinct resource FROM event_log EXCEPT SELECT distinct resource FROM event_log where strftime('%Y-%m-%d', timestamp) =  '2018-03-31'	no_hardness	0
191_4	SELECT resource FROM ( SELECT DISTINCT resource FROM event_log ) AS all_resources LEFT JOIN ( SELECT DISTINCT resource FROM event_log WHERE DATE(timestamp) = '2018-03-31' ) AS active_resources ON all_resources.resource = active_resources.resource WHERE active_resources.resource IS NULL;	SELECT distinct resource FROM event_log EXCEPT SELECT distinct resource FROM event_log where strftime('%Y-%m-%d', timestamp) =  '2018-03-31'	no_hardness	0
191_5		SELECT distinct resource FROM event_log EXCEPT SELECT distinct resource FROM event_log where strftime('%Y-%m-%d', timestamp) =  '2018-03-31'	no_hardness	0
192_0	SELECT activity, COUNT(*) AS event_count FROM event_log WHERE timestamp BETWEEN '2018-12-01' AND '2018-12-05' GROUP BY activity;	SELECT activity, COUNT(*) FROM event_log WHERE idcase IN (select idcase FROM event_log GROUP BY idcase HAVING MAX(strftime('%Y-%m-%d', timestamp)) BETWEEN '2018-12-01'  AND '2018-12-05') GROUP BY activity	no_hardness	0
192_1	WITH completed_cases AS ( SELECT idcase FROM event_log GROUP BY idcase HAVING MAX(timestamp) BETWEEN '2018-12-01' AND '2018-12-05' ) SELECT activity, COUNT(*) AS frequency FROM event_log WHERE idcase IN (SELECT idcase FROM completed_cases) GROUP BY activity ORDER BY frequency DESC;	SELECT activity, COUNT(*) FROM event_log WHERE idcase IN (select idcase FROM event_log GROUP BY idcase HAVING MAX(strftime('%Y-%m-%d', timestamp)) BETWEEN '2018-12-01'  AND '2018-12-05') GROUP BY activity	no_hardness	0
192_2		SELECT activity, COUNT(*) FROM event_log WHERE idcase IN (select idcase FROM event_log GROUP BY idcase HAVING MAX(strftime('%Y-%m-%d', timestamp)) BETWEEN '2018-12-01'  AND '2018-12-05') GROUP BY activity	no_hardness	0
192_3		SELECT activity, COUNT(*) FROM event_log WHERE idcase IN (select idcase FROM event_log GROUP BY idcase HAVING MAX(strftime('%Y-%m-%d', timestamp)) BETWEEN '2018-12-01'  AND '2018-12-05') GROUP BY activity	no_hardness	0
192_4	SELECT activity, COUNT(*) as count FROM event_log WHERE timestamp BETWEEN '2018-12-01' AND '2018-12-05' GROUP BY activity ORDER BY count DESC;	SELECT activity, COUNT(*) FROM event_log WHERE idcase IN (select idcase FROM event_log GROUP BY idcase HAVING MAX(strftime('%Y-%m-%d', timestamp)) BETWEEN '2018-12-01'  AND '2018-12-05') GROUP BY activity	no_hardness	0
192_5	SELECT activity, COUNT(*) AS frequency FROM event_log WHERE timestamp BETWEEN '2018-12-01' AND '2018-12-05' GROUP BY activity ORDER BY frequency DESC;	SELECT activity, COUNT(*) FROM event_log WHERE idcase IN (select idcase FROM event_log GROUP BY idcase HAVING MAX(strftime('%Y-%m-%d', timestamp)) BETWEEN '2018-12-01'  AND '2018-12-05') GROUP BY activity	no_hardness	0
193_0	SELECT COUNT(DISTINCT idcase) FROM event_log WHERE idcase NOT IN ( SELECT DISTINCT idcase FROM event_log WHERE activity = 'payment handled' );	SELECT COUNT(DISTINCT idcase) FROM event_log WHERE idcase NOT IN (SELECT DISTINCT idcase FROM event_log where activity = 'Payment handled') 	extra	1
193_1	SELECT COUNT(DISTINCT idcase) FROM event_log WHERE activity != 'payment handled';	SELECT COUNT(DISTINCT idcase) FROM event_log WHERE idcase NOT IN (SELECT DISTINCT idcase FROM event_log where activity = 'Payment handled') 	extra	0
193_2	SELECT COUNT(DISTINCT idcase) FROM event_log WHERE activity != 'payment handled';	SELECT COUNT(DISTINCT idcase) FROM event_log WHERE idcase NOT IN (SELECT DISTINCT idcase FROM event_log where activity = 'Payment handled') 	extra	0
193_3	SELECT COUNT(DISTINCT idcase) FROM event_log WHERE idcase NOT IN ( SELECT DISTINCT idcase FROM event_log WHERE activity = 'payment handled' );	SELECT COUNT(DISTINCT idcase) FROM event_log WHERE idcase NOT IN (SELECT DISTINCT idcase FROM event_log where activity = 'Payment handled') 	extra	1
193_4	SELECT COUNT(DISTINCT idcase) - COUNT(DISTINCT CASE WHEN activity = 'payment handled' THEN idcase END) FROM event_log;	SELECT COUNT(DISTINCT idcase) FROM event_log WHERE idcase NOT IN (SELECT DISTINCT idcase FROM event_log where activity = 'Payment handled') 	extra	1
193_5		SELECT COUNT(DISTINCT idcase) FROM event_log WHERE idcase NOT IN (SELECT DISTINCT idcase FROM event_log where activity = 'Payment handled') 	extra	0
193_6	SELECT COUNT(DISTINCT idcase) FROM event_log WHERE NOT EXISTS ( SELECT 1 FROM event_log WHERE idcase = event_log.idcase AND activity = 'Payment' );	SELECT COUNT(DISTINCT idcase) FROM event_log WHERE idcase NOT IN (SELECT DISTINCT idcase FROM event_log where activity = 'Payment handled') 	extra	0
193_7	SELECT idcase FROM ( SELECT idcase, activity, ROW_NUMBER() OVER (PARTITION BY idcase ORDER BY timestamp DESC) AS rn FROM event_log ) sub WHERE rn = 1 AND activity != 'payment';	SELECT COUNT(DISTINCT idcase) FROM event_log WHERE idcase NOT IN (SELECT DISTINCT idcase FROM event_log where activity = 'Payment handled') 	extra	0
194_0	SELECT activity, COUNT(DISTINCT resource) AS resource_count FROM event_log GROUP BY activity ORDER BY activity;	SELECT activity, COUNT(DISTINCT resource) FROM event_log GROUP BY activity	medium	1
194_1	SELECT activity, COUNT(DISTINCT resource) AS distinct_resources FROM event_log GROUP BY activity;	SELECT activity, COUNT(DISTINCT resource) FROM event_log GROUP BY activity	medium	1
194_2	SELECT activity, COUNT(DISTINCT resource) AS resource_count FROM event_log GROUP BY activity;	SELECT activity, COUNT(DISTINCT resource) FROM event_log GROUP BY activity	medium	1
194_3	SELECT activity, COUNT(DISTINCT resource) AS unique_resources FROM event_log GROUP BY activity;	SELECT activity, COUNT(DISTINCT resource) FROM event_log GROUP BY activity	medium	1
194_4	SELECT activity, COUNT(DISTINCT resource) AS distinct_resources FROM event_log GROUP BY activity;	SELECT activity, COUNT(DISTINCT resource) FROM event_log GROUP BY activity	medium	1
194_5	SELECT activity, COUNT(DISTINCT resource) AS employees_per_action FROM event_log GROUP BY activity;	SELECT activity, COUNT(DISTINCT resource) FROM event_log GROUP BY activity	medium	1
195_0	SELECT LAG(activity) OVER (PARTITION BY idcase ORDER BY timestamp) AS preceding_activity FROM event_log WHERE activity = 'send reminder';	select distinct(e1.activity) from event_log AS e1 inner join event_log AS e2 on e1.idcase = e2.idcase WHERE e2.activity = 'Send reminder' and e1.timestamp < e2.timestamp group by e1.idcase, e1.activity 	no_hardness	0
195_1	WITH reminder_events AS ( SELECT idcase, timestamp FROM event_log WHERE activity = 'send reminder' ) SELECT e.activity, COUNT(*) as count FROM event_log e JOIN reminder_events r ON e.idcase = r.idcase WHERE e.timestamp < r.timestamp GROUP BY e.activity ORDER BY count DESC;	select distinct(e1.activity) from event_log AS e1 inner join event_log AS e2 on e1.idcase = e2.idcase WHERE e2.activity = 'Send reminder' and e1.timestamp < e2.timestamp group by e1.idcase, e1.activity 	no_hardness	0
195_2	SELECT DISTINCT activity FROM ( SELECT e1.activity FROM event_log e1 JOIN event_log e2 ON e1.timestamp < e2.timestamp WHERE e2.activity LIKE '%reminder%' ) t ORDER BY activity;	select distinct(e1.activity) from event_log AS e1 inner join event_log AS e2 on e1.idcase = e2.idcase WHERE e2.activity = 'Send reminder' and e1.timestamp < e2.timestamp group by e1.idcase, e1.activity 	no_hardness	0
196_0	SELECT event_count, COUNT(*) AS case_count FROM ( SELECT idcase, COUNT(*) AS event_count FROM event_log GROUP BY idcase ) AS sub GROUP BY event_count ORDER BY event_count;	SELECT events_count, COUNT(*) FROM (SELECT COUNT(*) as events_count, idcase FROM event_log GROUP BY idcase ) GROUP BY events_count	no_hardness	1
196_1	SELECT event_count, COUNT(*) AS num_cases FROM ( SELECT idcase, COUNT(*) AS event_count FROM event_log GROUP BY idcase ) AS sub GROUP BY event_count ORDER BY event_count;	SELECT events_count, COUNT(*) FROM (SELECT COUNT(*) as events_count, idcase FROM event_log GROUP BY idcase ) GROUP BY events_count	no_hardness	1
196_2	SELECT event_count, COUNT(*) AS case_count FROM ( SELECT idcase, COUNT(*) AS event_count FROM event_log GROUP BY idcase ) AS sub GROUP BY event_count ORDER BY event_count;	SELECT events_count, COUNT(*) FROM (SELECT COUNT(*) as events_count, idcase FROM event_log GROUP BY idcase ) GROUP BY events_count	no_hardness	1
196_3	SELECT COUNT(*) AS case_count, COUNT(*) AS event_count FROM ( SELECT idcase, COUNT(*) AS event_count FROM event_log GROUP BY idcase ) AS per_case GROUP BY event_count;	SELECT events_count, COUNT(*) FROM (SELECT COUNT(*) as events_count, idcase FROM event_log GROUP BY idcase ) GROUP BY events_count	no_hardness	0
196_4	SELECT event_count, COUNT(*) as num_declarations FROM ( SELECT idcase, COUNT(*) as event_count FROM event_log GROUP BY idcase ) sub GROUP BY event_count ORDER BY event_count;	SELECT events_count, COUNT(*) FROM (SELECT COUNT(*) as events_count, idcase FROM event_log GROUP BY idcase ) GROUP BY events_count	no_hardness	1
197_0	SELECT AVG(total_cost) FROM ( SELECT idcase, SUM(cost) AS total_cost FROM event_log GROUP BY idcase ) AS case_totals;	SELECT AVG(total_cost) FROM (select SUM(cost) as total_cost, idcase from event_log group by idcase)	no_hardness	1
197_1	SELECT AVG(total_cost) FROM (SELECT idcase, SUM(cost) AS total_cost FROM event_log GROUP BY idcase) AS sub;	SELECT AVG(total_cost) FROM (select SUM(cost) as total_cost, idcase from event_log group by idcase)	no_hardness	1
197_2	SELECT AVG(total_cost) AS mean_total_cost FROM ( SELECT idcase, SUM(cost) AS total_cost FROM event_log GROUP BY idcase ) AS case_totals;	SELECT AVG(total_cost) FROM (select SUM(cost) as total_cost, idcase from event_log group by idcase)	no_hardness	1
197_3	SELECT AVG(total_cost) FROM (SELECT idcase, SUM(cost) AS total_cost FROM event_log GROUP BY idcase) AS case_totals;	SELECT AVG(total_cost) FROM (select SUM(cost) as total_cost, idcase from event_log group by idcase)	no_hardness	1
197_4	SELECT AVG(total_cost) FROM (SELECT idcase, SUM(cost) AS total_cost FROM event_log GROUP BY idcase) AS sub;	SELECT AVG(total_cost) FROM (select SUM(cost) as total_cost, idcase from event_log group by idcase)	no_hardness	1
197_5	SELECT AVG(cost) FROM event_log;	SELECT AVG(total_cost) FROM (select SUM(cost) as total_cost, idcase from event_log group by idcase)	no_hardness	0
198_0	SELECT resource, AVG(cost) AS mean_cost FROM event_log GROUP BY resource;	SELECT avg(cost), resource FROM event_log GROUP BY resource	medium	0
198_1	SELECT resource, AVG(cost) AS mean_cost FROM event_log GROUP BY resource;	SELECT avg(cost), resource FROM event_log GROUP BY resource	medium	0
198_2	SELECT resource, AVG(cost) AS mean_cost FROM event_log GROUP BY resource;	SELECT avg(cost), resource FROM event_log GROUP BY resource	medium	0
198_3	SELECT resource, AVG(cost) AS mean_cost FROM event_log GROUP BY resource;	SELECT avg(cost), resource FROM event_log GROUP BY resource	medium	0
198_4	SELECT resource, AVG(cost) AS mean_cost FROM event_log GROUP BY resource;	SELECT avg(cost), resource FROM event_log GROUP BY resource	medium	0
198_5	SELECT resource, AVG(cost) AS mean_cost FROM event_log GROUP BY resource;	SELECT avg(cost), resource FROM event_log GROUP BY resource	medium	0
199_0	SELECT resource, COUNT(*) AS frequency FROM event_log GROUP BY resource ORDER BY frequency DESC LIMIT 10;	SELECT resource FROM event_log GROUP BY resource HAVING COUNT(*) IN (SELECT COUNT(*) FROM event_log GROUP BY resource ORDER BY COUNT(*) DESC LIMIT 10)	hard	0
199_1	SELECT resource, COUNT(*) AS frequency FROM event_log GROUP BY resource ORDER BY frequency DESC LIMIT 10;	SELECT resource FROM event_log GROUP BY resource HAVING COUNT(*) IN (SELECT COUNT(*) FROM event_log GROUP BY resource ORDER BY COUNT(*) DESC LIMIT 10)	hard	0
199_2	SELECT resource, COUNT(*) AS frequency FROM event_log GROUP BY resource ORDER BY frequency DESC LIMIT 10;	SELECT resource FROM event_log GROUP BY resource HAVING COUNT(*) IN (SELECT COUNT(*) FROM event_log GROUP BY resource ORDER BY COUNT(*) DESC LIMIT 10)	hard	0
199_3	SELECT resource, COUNT(*) AS freq FROM event_log GROUP BY resource ORDER BY freq DESC LIMIT 10;	SELECT resource FROM event_log GROUP BY resource HAVING COUNT(*) IN (SELECT COUNT(*) FROM event_log GROUP BY resource ORDER BY COUNT(*) DESC LIMIT 10)	hard	0
199_4	SELECT resource, COUNT(*) AS event_count FROM event_log GROUP BY resource ORDER BY event_count DESC LIMIT 10;	SELECT resource FROM event_log GROUP BY resource HAVING COUNT(*) IN (SELECT COUNT(*) FROM event_log GROUP BY resource ORDER BY COUNT(*) DESC LIMIT 10)	hard	0
199_5	SELECT resource, COUNT(*) AS request_count FROM event_log GROUP BY resource ORDER BY request_count DESC LIMIT 10;	SELECT resource FROM event_log GROUP BY resource HAVING COUNT(*) IN (SELECT COUNT(*) FROM event_log GROUP BY resource ORDER BY COUNT(*) DESC LIMIT 10)	hard	0
200_0	SELECT DATE(timestamp) AS day, COUNT(*) AS events FROM event_log GROUP BY DATE(timestamp) ORDER BY day;	SELECT strftime('%Y-%m-%d', timestamp) AS event_day, COUNT(*) FROM event_log GROUP BY event_day	no_hardness	1
200_1	SELECT DATE(timestamp) as event_date, activity, COUNT(*) as occurrence_count FROM event_log GROUP BY DATE(timestamp), activity ORDER BY event_date, activity;	SELECT strftime('%Y-%m-%d', timestamp) AS event_day, COUNT(*) FROM event_log GROUP BY event_day	no_hardness	0
200_2	SELECT DATE(timestamp) as day, COUNT(*) as actions_performed FROM event_log GROUP BY DATE(timestamp) ORDER BY day;	SELECT strftime('%Y-%m-%d', timestamp) AS event_day, COUNT(*) FROM event_log GROUP BY event_day	no_hardness	1
201_0	SELECT DISTINCT e1.idcase FROM event_log e1 JOIN event_log e2 ON e1.idcase = e2.idcase AND e1.activity = e2.activity AND e1.resource <> e2.resource AND e1.timestamp < e2.timestamp;	SELECT DISTINCT(idcase) FROM (SELECT idcase, activity, resource, LEAD(activity) OVER (PARTITION BY idcase ORDER BY timestamp) AS next_activity, LEAD(resource) OVER (PARTITION BY idcase ORDER BY timestamp) AS next_resource FROM event_log)  where activity = next_activity and resource != next_resource 	no_hardness	0
201_1	SELECT DISTINCT idcase FROM ( SELECT idcase, activity, resource, LAG(activity) OVER (PARTITION BY idcase ORDER BY timestamp) as prev_activity, LAG(resource) OVER (PARTITION BY idcase ORDER BY timestamp) as prev_resource FROM event_log ) t WHERE activity = prev_activity AND resource != prev_resource;	SELECT DISTINCT(idcase) FROM (SELECT idcase, activity, resource, LEAD(activity) OVER (PARTITION BY idcase ORDER BY timestamp) AS next_activity, LEAD(resource) OVER (PARTITION BY idcase ORDER BY timestamp) AS next_resource FROM event_log)  where activity = next_activity and resource != next_resource 	no_hardness	1
201_2	SELECT DISTINCT e1.idcase FROM event_log e1 JOIN event_log e2 ON e1.idcase = e2.idcase AND e1.activity = e2.activity AND e1.resource <> e2.resource AND e1.timestamp < e2.timestamp AND NOT EXISTS ( SELECT 1 FROM event_log e3 WHERE e3.idcase = e1.idcase AND e3.timestamp > e1.timestamp AND e3.timestamp < e2.timestamp ) ORDER BY e1.idcase;	SELECT DISTINCT(idcase) FROM (SELECT idcase, activity, resource, LEAD(activity) OVER (PARTITION BY idcase ORDER BY timestamp) AS next_activity, LEAD(resource) OVER (PARTITION BY idcase ORDER BY timestamp) AS next_resource FROM event_log)  where activity = next_activity and resource != next_resource 	no_hardness	0
202_0	SELECT el.idcase, COUNT(*) as events_before FROM event_log el JOIN ( SELECT idcase, MIN(timestamp) as first_approval_timestamp FROM event_log WHERE activity = 'declaration final approved by director' GROUP BY idcase ) te ON el.idcase = te.idcase WHERE el.timestamp < te.first_approval_timestamp GROUP BY el.idcase;	SELECT e.idcase, COUNT(*) FROM event_log e INNER JOIN (SELECT idcase, MIN(timestamp) as timestamp FROM event_log where activity='Declaration final approved by director' GROUP BY idcase order by idcase) e1 on e.idcase = e1.idcase and e.timestamp < e1.timestamp GROUP BY e.idcase  	no_hardness	1
202_1		SELECT e.idcase, COUNT(*) FROM event_log e INNER JOIN (SELECT idcase, MIN(timestamp) as timestamp FROM event_log where activity='Declaration final approved by director' GROUP BY idcase order by idcase) e1 on e.idcase = e1.idcase and e.timestamp < e1.timestamp GROUP BY e.idcase  	no_hardness	0
202_2		SELECT e.idcase, COUNT(*) FROM event_log e INNER JOIN (SELECT idcase, MIN(timestamp) as timestamp FROM event_log where activity='Declaration final approved by director' GROUP BY idcase order by idcase) e1 on e.idcase = e1.idcase and e.timestamp < e1.timestamp GROUP BY e.idcase  	no_hardness	0
203_0		select  e.idcase, (strftime('%s',e1.timestamp) - strftime('%s', e. timestamp)) from event_log e inner join event_log e1 on e1.idcase = e.idcase and e1.timestamp > e.timestamp where e.activity = 'Permit submitted by employee' and e1.activity = 'Permit approved by administration' 	no_hardness	0
203_1	SELECT e1.idcase, TIMESTAMPDIFF(SECOND, e1.timestamp, e2.timestamp) AS time_interval_seconds FROM ( SELECT idcase, timestamp, ROW_NUMBER() OVER (PARTITION BY idcase ORDER BY timestamp) as rn FROM event_log WHERE activity = 'permit submitted by employee' ) e1 JOIN ( SELECT idcase, timestamp, ROW_NUMBER() OVER (PARTITION BY idcase ORDER BY timestamp) as rn FROM event_log WHERE activity = 'permit approved by administration' ) e2 ON e1.idcase = e2.idcase AND e1.rn = e2.rn ORDER BY e1.idcase;	select  e.idcase, (strftime('%s',e1.timestamp) - strftime('%s', e. timestamp)) from event_log e inner join event_log e1 on e1.idcase = e.idcase and e1.timestamp > e.timestamp where e.activity = 'Permit submitted by employee' and e1.activity = 'Permit approved by administration' 	no_hardness	0
203_2		select  e.idcase, (strftime('%s',e1.timestamp) - strftime('%s', e. timestamp)) from event_log e inner join event_log e1 on e1.idcase = e.idcase and e1.timestamp > e.timestamp where e.activity = 'Permit submitted by employee' and e1.activity = 'Permit approved by administration' 	no_hardness	0
204_0	SELECT idcase FROM event_log GROUP BY idcase, activity HAVING COUNT(*) > 1;	SELECT DISTINCT idcase FROM event_log GROUP BY idcase, activity HAVING COUNT(*) > 1	medium	0
204_1	SELECT DISTINCT idcase FROM event_log GROUP BY idcase, activity HAVING COUNT(*) > 1;	SELECT DISTINCT idcase FROM event_log GROUP BY idcase, activity HAVING COUNT(*) > 1	medium	1
204_2	SELECT DISTINCT idcase FROM event_log GROUP BY idcase, activity HAVING COUNT(*) > 1;	SELECT DISTINCT idcase FROM event_log GROUP BY idcase, activity HAVING COUNT(*) > 1	medium	1
204_3	SELECT idcase FROM event_log GROUP BY idcase HAVING COUNT(*) > 1;	SELECT DISTINCT idcase FROM event_log GROUP BY idcase, activity HAVING COUNT(*) > 1	medium	0
204_4		SELECT DISTINCT idcase FROM event_log GROUP BY idcase, activity HAVING COUNT(*) > 1	medium	0
204_5	SELECT idcase, activity, COUNT(*) AS cnt FROM event_log GROUP BY idcase, activity HAVING COUNT(*) > 1 ORDER BY idcase, activity;	SELECT DISTINCT idcase FROM event_log GROUP BY idcase, activity HAVING COUNT(*) > 1	medium	0
205_0		SELECT DISTINCT(idcase) FROM (SELECT idcase, activity, LEAD(activity) OVER (PARTITION BY idcase ORDER BY timestamp) AS next_activity FROM event_log)  where activity = next_activity 	no_hardness	0
205_1	SELECT idcase, activity, timestamp, resource, cost FROM ( SELECT id, activity, timestamp, resource, cost, idcase, LAG(activity) OVER (PARTITION BY idcase ORDER BY timestamp) as prev_activity FROM event_log ) sub WHERE activity = prev_activity AND prev_activity IS NOT NULL;	SELECT DISTINCT(idcase) FROM (SELECT idcase, activity, LEAD(activity) OVER (PARTITION BY idcase ORDER BY timestamp) AS next_activity FROM event_log)  where activity = next_activity 	no_hardness	0
205_2	SELECT idcase, activity, timestamp FROM event_log WHERE (idcase, activity) IN ( SELECT idcase, activity FROM event_log GROUP BY idcase, activity HAVING COUNT(*) > 1 ) ORDER BY idcase, timestamp;	SELECT DISTINCT(idcase) FROM (SELECT idcase, activity, LEAD(activity) OVER (PARTITION BY idcase ORDER BY timestamp) AS next_activity FROM event_log)  where activity = next_activity 	no_hardness	0
205_3	SELECT idcase FROM ( SELECT idcase, activity, LAG(activity) OVER (PARTITION BY idcase ORDER BY timestamp) AS prev_activity FROM event_log ) t WHERE activity = prev_activity GROUP BY idcase;	SELECT DISTINCT(idcase) FROM (SELECT idcase, activity, LEAD(activity) OVER (PARTITION BY idcase ORDER BY timestamp) AS next_activity FROM event_log)  where activity = next_activity 	no_hardness	1
205_4		SELECT DISTINCT(idcase) FROM (SELECT idcase, activity, LEAD(activity) OVER (PARTITION BY idcase ORDER BY timestamp) AS next_activity FROM event_log)  where activity = next_activity 	no_hardness	0
205_5		SELECT DISTINCT(idcase) FROM (SELECT idcase, activity, LEAD(activity) OVER (PARTITION BY idcase ORDER BY timestamp) AS next_activity FROM event_log)  where activity = next_activity 	no_hardness	0
206_0		select DISTINCT(resource) from event_log where activity like '%supervisor%'	medium	0
206_1		select DISTINCT(resource) from event_log where activity like '%supervisor%'	medium	0
207_0		select DISTINCT(resource) from event_log where activity like '%budget owner%'	medium	0
207_1	SELECT DISTINCT resource FROM event_log WHERE LOWER(activity) = 'budget owner';	select DISTINCT(resource) from event_log where activity like '%budget owner%'	medium	0
